provider,screener_name,scan_id,provider_id,status,stocks_count,error_message
ETnow,Cash Cows Companies for which ‘Cash’ is never a problem,73,73,SUCCESS,7,
ETnow,Must Have Bluechips Largecap quality stocks with decent growth and valuations,75,75,SUCCESS,15,
ETnow,Stable Compounders Companies that never looked back once they start growing,76,76,SUCCESS,17,
ETnow,Dividend ChampionsHigh Dividend yield stocks paying dividend on a consistent basis,77,77,SUCCESS,1,
ETnow,Zero Debt Quality stocks with virtually zero debt,79,79,SUCCESS,50,
ETnow,Leaders of TomorrowCompanies that have the potential to be industry leaders in large sectors and markets,81,81,SUCCESS,62,
ETnow,International Vacation BasketFulfill your travel goals with these cash flow generating stocks with a positive dividend history,82,82,SUCCESS,0,
ETnow,Economic MoatCompanies having strong pricing power and a competitive edge over their peers,83,83,SUCCESS,4,
ETnow,Magic FormulaStocks fulfilling the principles of value investing laid down by Joel Greenblatt.,85,85,SUCCESS,10,
ETnow,Debt Trap Stocks with increasing high debt and slow business operations,86,86,SUCCESS,1,
ETnow,Altman Z score - Solvent Stocks which are highly solvent as per famous Z-Score made by Edward Altman,88,88,SUCCESS,250,
ETnow,The Naked Trader Low-debt companies showing healthy growth. Criteria set by top trader Robbie Burns,89,89,SUCCESS,24,
ETnow,International Education Basket List of stocks having the potential to generate long wealth to ensure your child's studies at one of the top universities in the world,90,90,SUCCESS,6,
ETnow,Buy on DipsQuality stocks one should accumulate on significant price falls,91,91,SUCCESS,10,
ETnow,Capital CompoundersThis screener has the potential to provide you high compounded returns in the long run,92,92,SUCCESS,174,
ETnow,"Coffecan basket The ""Buy & Forget"" approach of investing. Suitable for long term",93,93,SUCCESS,33,
ETnow,Nifty Probables List of companies which have potential to enter into Nifty50 Index in the next 5-10 years,94,94,SUCCESS,24,
ETnow,Top Value PicksSet of top value picks available at decent valuation and an effecient management,99,99,SUCCESS,1,
ETnow,Cant Miss DealsCollection of few undervalued companies that are fundamentally very strong,100,100,SUCCESS,19,
ETnow,Attractive Small CapsSmall cap stocks available at attractive valuations with strong market hold,101,101,SUCCESS,74,
ETnow,High Margin of SafetyQuality stocks with high margin of safety,102,102,SUCCESS,11,
ETnow,Value BargainCompanies whose stocks are available at throwaway prices,103,103,SUCCESS,29,
ETnow,Long Term - ValueLong Term Value Investing Oriented Multicap Portfolio Recommendations,104,104,SUCCESS,147,
ETnow,Pay Less - Get MoreHarness the power of AI to buy good companies that are temporarily undervalued,105,105,SUCCESS,44,
ETnow,Growth Pioneers Multicap portfolio comprising of mid and small caps that are likely to graduate into largecaps,106,106,SUCCESS,19,
ETnow,Safe Growth CompaniesStability of largecaps combined with growth potential of midcaps,107,107,SUCCESS,39,
ETnow,SmallCap StarsBest small cap stocks with promising growth,108,108,SUCCESS,42,
ETnow,Mid Cap Growth Stocks Quality midcap stocks with impressive growth trajectory,109,109,SUCCESS,37,
ETnow,Nanocap ChampsNanocap companies with market value under 500 crores having potential to grow their earnings and market share,111,111,SUCCESS,102,
ETnow,Emerging Opportunities List of stocks which have the potential to deliver big returns in the long run,112,112,SUCCESS,51,
ETnow,Rapid Business CycleCompanies with low inventory days and high asset turnover,113,113,SUCCESS,77,
ETnow,Profit Spinners Companies that disproportionately generate profit with rising sales,114,114,SUCCESS,250,
ETnow,Turnaround Champs Stocks which have shown promising results after prolonged time of losses,115,115,SUCCESS,66,
ETnow,Stellar Earnings Growth List of stocks which have grown immensly on a QoQ basis,117,117,SUCCESS,140,
ETnow,Straight Flush Quality stocks showing consistent earnings growth,118,118,SUCCESS,75,
ETnow,Negative Turnaround Companies that took a solid U-turn after strong phase of earnings,119,119,SUCCESS,55,
ETnow,Margin Kings Companies with high margins and impressive bottom line,144,144,SUCCESS,125,
ETnow,"Warren Buffet ScreenerStock based on ace investor ""Warren buffet's"" investing principals",173,173,SUCCESS,7,
ETnow,"Pitroski F-scoreFundamentally sound stocks based on criteria provided by ""Josef Pitroski""",177,177,SUCCESS,12,
ETnow,"Ben Graham Stocks Undervalued stocks meeting the criteria laid down by Father of Investing - ""Benjamin Graham""",178,178,SUCCESS,208,
ETnow,Altman Z-score - Insolvent Stocks facing solvency problems as per famous Z-Score made by Edward Altman,180,180,SUCCESS,73,
ETnow,The Trillionare Club List of curated stocks having reached the INR 1 trillion mark and still going,183,183,SUCCESS,10,
ETnow,Timeless Classics Established companies that have stood the test of time,184,184,SUCCESS,31,
ETnow,Too Big to Fail Collapse of these stocks will lead to a turmoil in the banking system and economy of India.,185,185,SUCCESS,11,
ETnow,Safe Haven Low beta undervalued stocks to help protect against market volatility,186,186,SUCCESS,15,
ETnow,Double Whammy Falling sales with declining margins,187,187,SUCCESS,13,
ETnow,Growth Bubble Disguised as attractive but actually overvalued stocks,188,188,SUCCESS,17,
ETnow,Value TrapBeware of these sub-standard undervalued stocks,189,189,SUCCESS,23,
ETnow,Overvalued & Ready to FallStocks with high valuation multiples and weak earnings growth,190,190,SUCCESS,2,
ETnow,Auto Pack - Full ThrottleCompanies to efficiently track and invest in the auto sector,191,191,SUCCESS,3,
ETnow,FMCG TrackerCompanies to efficiently track and invest in the FMCG sector,192,192,SUCCESS,3,
ETnow,Banking TrackerCompanies to efficiently track and invest in the banking sector,193,193,SUCCESS,10,
ETnow,Double BonanzaRising sales with increasing margins,194,194,SUCCESS,11,
ETnow,Potential Multibaggers List of stocks which have all the necessary ingredients to become the next Multibaggers,195,195,SUCCESS,2,
ETnow,"To The Moon List of stocks where the growth is such, that reaching to the moon might be a reality",196,196,SUCCESS,39,
ETnow,Undervalued Bluechips Bluest of bluechips available at discounted prices,198,198,SUCCESS,19,
ETnow,Quality Stocks at DiscountStocks with strong fundamentals & lower valuations,199,199,SUCCESS,1,
ETnow,Growth at Reasonable PriceThis strategy aims to invest in a basket of growth stocks across market cap at reasonable prices,200,200,SUCCESS,37,
ETnow,10X Aimers Micro and smallcap stocks having the potential to provide multifold returns,201,201,SUCCESS,0,
ETnow,IT Tracker Companies to efficiently track and invest in the IT sector,204,204,SUCCESS,16,
ETnow,Pharma TrackerCompanies to efficiently track and invest in the pharma sector,205,205,SUCCESS,46,
ETnow,Bullish Cross - SMA 3 and 5 List of stocks where 3 day moving average has crossed the 5 day moving average from below. This crossover indicates a bullish trend,206,206,SUCCESS,250,
ETnow,Bullish Cross - SMA 3 and 7This crossover indicates a bullish signal where 3 day moving average has crossed above 7 day moving average from below,208,208,SUCCESS,250,
ETnow,Bullish Cross - SMA 5 and 10This crossover indicates a bullish signal where 5 day moving average of price has crossed above 10 day moving average from below,209,209,SUCCESS,135,
ETnow,Bullish Cross - SMA 5 and 20This crossover indicates a bullish signal where 5 day moving average of price has crossed above 20 day moving average from below,210,210,SUCCESS,78,
ETnow,Bullish Cross - SMA 7 and 26This crossover indicates a bullish signal where 7 day moving average of price has crossed above 26 day moving average from below,211,211,SUCCESS,51,
ETnow,Bullish Cross - SMA 7 and 14This crossover indicates a bullish signal where 7 day moving average of price has crossed above 14 day moving average from below,212,212,SUCCESS,95,
ETnow,"Golden Cross - SMA 50 and 200 Here, the 50 day moving average of price has crossed above the 200 day moving average from below. This crossover indicates a bullish signal and is called Golden Cross",214,214,SUCCESS,12,
ETnow,"Bullish Cross -SMA 3,5 and 7 Here, two short term moving averages of price i.e. 3day MA and 5day MA both have crossed above the 7day moving average. This is a strong Bullish crossover",215,215,SUCCESS,36,
ETnow,"Bearish Cross -SMA 3,5 and 7Here, two short term moving averages of price i.e. 3day MA and 5day MA both have crossed below the 7day moving average. This is a strong Bearish crossover",216,216,SUCCESS,52,
ETnow,"Death Cross - SMA 50 and 200 Here, the 50 day moving average of price has crossed below the 200 day moving average from above. This crossover indicates a bearish signal and is called Death Cross",217,217,SUCCESS,4,
ETnow,Bearish Cross - SMA 7 and 14This crossover indicates a bearish signal where 7 day moving average of price has crossed below 14 day moving average from above,218,218,SUCCESS,146,
ETnow,Bearish Cross - SMA 7 and 26This crossover indicates a bearish signal where 7 day moving average of price has crossed below 26 day moving average from above,219,219,SUCCESS,97,
ETnow,Bearish Cross - SMA 3 and 7This crossover indicates a bearish signal where 3 day moving average has crossed below 7 day moving average from above,220,220,SUCCESS,156,
ETnow,Bearish Cross - SMA 5 and 10This crossover indicates a bearish signal where 5 day moving average of price has crossed below the 10 day moving average from above,221,221,SUCCESS,218,
ETnow,Bearish Cross - SMA 5 and 20This crossover indicates a bearish signal where 5 day moving average of price has crossed below the 20 day moving average from above,222,222,SUCCESS,131,
ETnow,"Bearish Cross - SMA 3 and 5Stocks where 3day moving average has crossed below 5 day moving average from above, indicating a bullish signal",223,223,SUCCESS,192,
ETnow,Electrifying India Top stocks to invest in the Indian Power sector,226,226,SUCCESS,7,
ETnow,Sin Goods List of best stocks from the Tobacco & Alcoholic Beverages sector,227,227,SUCCESS,5,
ETnow,"Quality Low Beta stocks High quality, low on volatility with high passive returns",228,228,SUCCESS,37,
ETnow,"Turtle StocksSafe, low volatility stocks available at attractive prices",229,229,SUCCESS,24,
ETnow,Distressed Operations Track stocks with consistent decline in key business ratios,230,230,SUCCESS,47,
ETnow,Ready to Take Off List of stocks poised to break all barriers,231,231,SUCCESS,26,
ETnow,Overbought - RSI above 75Stocks having RSI above 75 and considered overbought. Indication of a bearish signal,309,309,SUCCESS,72,
ETnow,Oversold - RSI below 30 Stocks having RSI below 30 and considered oversold. Indication of a bullish signal,362,362,SUCCESS,52,
ETnow,Upward Momentum - Price & Volume Sudden increase in trading activity with high weekly returns,367,367,SUCCESS,99,
ETnow,Downward Momentum - Price & VolumeSudden increase in trading activity with negative weekly returns,371,371,SUCCESS,84,
ETnow,Previous Day Breakout - Up List of stocks which have closed above their previous day's high price,411,411,SUCCESS,2,
ETnow,Previous Day Breakout - Down Stocks which have closed below their previous day's low price,412,412,SUCCESS,26,
ETnow,Previous Month Breakout - UpList of stocks which have closed above their previous month's high price,413,413,SUCCESS,56,
ETnow,Previous Month Breakout - Down Stocks which have closed below their previous month's low price,417,417,SUCCESS,58,
ETnow,52W High Breakout - Up Stocks where price has crossed above its 52 week high price which is considered as a bullish signal,422,422,SUCCESS,2,
ETnow,52W Low Breakout - Down Stocks where current price has gone below its 52 week low price which indicates a bearish signal,423,423,SUCCESS,2,
ETnow,Price Near 52W High ZoneStocks where price has reached very close to its 52 week high price which indicates a possible price breakout,428,428,SUCCESS,250,
ETnow,Price Near 52W Low Zone Stocks where price has reached very near to its 52 week low price and indicates a possible breakdown,430,430,SUCCESS,250,
ETnow,Top Consumer Favorites Top brands loved by consumers at large,511,511,SUCCESS,11,
ETnow,Green Energy List of companies which tends to benefit from development of the renewable energy sector,513,513,SUCCESS,6,
ETnow,Handpicked PSU GemsList of top PSU stocks from all sectors,514,514,SUCCESS,10,
ETnow,Monopoly Business Stocks which have virtually no competition and holds a monopoly,515,515,SUCCESS,7,
ETnow,Beneficiaries - Increasing Gold PricesList of stocks which tends to benefit from increase in gold prices,517,517,SUCCESS,2,
ETnow,"The Tata Empire Companies part of TATA group, a global enterprise with stellar reputation & legacy of 150+ years",518,518,SUCCESS,22,
ETnow,The Ambani Group Invest in these companies to become a part of the legendary Ambani group,519,519,SUCCESS,7,
ETnow,The Adani Universe Invest in these companies and become a part of the Adani Group’s growth journey,520,520,SUCCESS,7,
ETnow,"House of BajajCompanies part of the Bajaj group, with footprint across a range of sectors",521,521,SUCCESS,10,
ETnow,"Hinduja GroupCompanies part of Hinduja group, with footprint across a range of sectors",522,522,SUCCESS,5,
ETnow,Conglomerate of Aditya Birla GroupInvest in these companies to become a part of the legendary Birla group,523,523,SUCCESS,7,
ETnow,The Mahindra Group List of companies part of the Mahindra Group,524,524,SUCCESS,8,
ETnow,Powerhouse of OP JindalList of companies part of the OP Jindal group,525,525,SUCCESS,11,
ETnow,The Vedanta GroupList of companies constituting the well known Vedanta group,526,526,SUCCESS,3,
ETnow,TVS GroupRide along the growth journey of the reputed TVS group of companies,527,527,SUCCESS,11,
ETnow,Summer KingsCompanies from the consumer durables sector with seasonal business cycles,528,528,SUCCESS,5,
ETnow,Insuring IndiaTop players from the Insurance sector,529,529,SUCCESS,5,
ETnow,Crude ConnectionList of companies directly impacted with the fluctuation in crude prices,530,530,SUCCESS,6,
ETnow,Protecting our CropsTop players from the Agro industry protecting our crops from decay,531,531,SUCCESS,6,
ETnow,Crushed By Crude Companies which have to take a hit with increasing crude prices,532,532,SUCCESS,4,
ETnow,Top Gainers List of stocks which have gained more than 2% in a single day,606,606,SUCCESS,250,
ETnow,Today's LosersList of stocks which have decreased more than 2% in a single day,612,612,SUCCESS,250,
ETnow,Weekly GainersList of stocks which have gained more than 10% in a week's time,614,614,SUCCESS,166,
ETnow,Weekly Losers List of stocks which have fallen more than 10% in last 7 days,643,643,SUCCESS,87,
ETnow,Monthly GainersList of stocks which have gained more than 15% in a month's time,644,644,SUCCESS,250,
ETnow,Monthly LosersList of stocks which lost more than 15% of their market value in a months time,645,645,SUCCESS,115,
ETnow,Stocks Near 52W HighList of stocks which have reached very close to their 52 week High prices,646,646,SUCCESS,250,
ETnow,Stocks Near 52W LowList of stocks which have reached very close to their 52 week Low prices,647,647,SUCCESS,250,
ETnow,Quarterly GainersList of stocks which have gained more than 30% in last 3 months,648,648,SUCCESS,250,
ETnow,Quarterly LosersList of stocks which lost more than 20% of their market value in last 3 months,649,649,SUCCESS,204,
ETnow,Annual GainersList of stocks which have gained more than 60% in last 12 months,651,651,SUCCESS,250,
ETnow,Annual LosersList of stocks which lost more than 30% of their Market Value in last 12 months,652,652,SUCCESS,250,
ETnow,"Low Beta Stocks Low beta stocks are stocks with a low volatility, meaning they are less likely to fluctuate in value. This makes them a less risky investment option",653,653,SUCCESS,250,
ETnow,"High Beta StocksHigh beta stocks are stocks with a high volatility, meaning they are more likely to fluctuate in value. This makes them a more risky but potentially more profitable investment option",654,654,SUCCESS,100,
ETnow,Low Volatility StocksStocks with low fluctuation on a daily basis and often considered to be a more stable and reliable investment option.,655,655,SUCCESS,58,
ETnow,High Volatility StocksStocks with high fluctuation on a daily basis and often considered to be risky but potentially more profitable investment option,656,656,SUCCESS,178,
ETnow,Stocks with Low PEThis screener helps you identify undervalued stocks on the basis of price-to-earnings ratio,657,657,SUCCESS,250,
ETnow,Stocks with High PEThis screener helps you identify stocks having PE ratio greater than,658,658,SUCCESS,250,
ETnow,High Price to Book This screener helps you identify stocks having P/B ratio greater than,659,659,SUCCESS,250,
ETnow,Morning Doji StarThe Morning Doji Star is a bullish reversal pattern that appears in a downtrend. It suggests that bears are losing control and bulls may take over.,709,709,SUCCESS,0,
ETnow,"Bearish Doji StarBearish Doji Star is a 3-candle pattern in an uptrend, signalling bearish reversal. It has a long white candle, followed by a Doji, and a long black candle.",710,710,SUCCESS,0,
ETnow,"Bearish EngulfingBearish Engulfing is a bearish reversal pattern in an uptrend, with a small white candle followed by a large black candle that fully ""engulfs"" it, suggesting bears are gaining control.",711,711,SUCCESS,0,
ETnow,"Evening Doji StarThe Evening Doji Star is a bearish reversal pattern in an uptrend, with a long white candle followed by a Doji, then a long black candle, suggesting bulls may be losing control.",712,712,SUCCESS,0,
ETnow,"Bullish Abandoned BabyIt is a bullish reversal pattern in a downtrend, with a Doji gap down below the previous candle, then a white candle that gaps up, suggesting bulls may be taking control.",713,713,SUCCESS,0,
ETnow,"White Spinning TopA White Spinning Top is a candle with a small body and long upper and lower shadows, indicating indecision in the market. It may suggest a potential reversal in an uptrend.",714,714,SUCCESS,65,
ETnow,"Evening StarThe Evening Star is a bearish reversal pattern in an uptrend, with a long white candle followed by a small-bodied candle and a long black candle, indicating bulls may be losing control.",715,715,SUCCESS,0,
ETnow,"Morning StarThe Morning Star is a bullish reversal pattern in a downtrend, with a long black candle followed by a small-bodied candle and a long white candle, indicating bears may be losing control.",716,716,SUCCESS,0,
ETnow,"One Candle Shooting StarThe One Candle Shooting Star is a bearish reversal pattern that appears on a chart in the context of an uptrend. It is a tall candle with a small body and a long upper shadow, suggesting that bulls may be losing control and bears may take over.",717,717,SUCCESS,0,
ETnow,"Bearish Harami CrossThe Bearish Harami Cross is a bearish reversal pattern in an uptrend, with a large white candle followed by a small black candle contained within it, indicating bulls may be losing control",718,718,SUCCESS,1,
ETnow,"Hanging ManThe Hanging Man is a bearish reversal pattern that appears on a chart in the context of an uptrend. It is a candle with a small body, long lower shadow, and little or no upper shadow, suggesting that bulls may be losing control and bears may take over",719,719,SUCCESS,0,
ETnow,"White Marubozu The White Marubozu is a bullish candle with a long white body and no shadows, indicating strong buying pressure and a potential uptrend",720,720,SUCCESS,11,
ETnow,"HammerThe Hammer is a bullish reversal pattern that appears on a chart in the context of a downtrend. It is a candle with a small body and a long lower shadow, suggesting that bears are losing control and bulls may take over",721,721,SUCCESS,0,
ETnow,"Dark Cover CloudThe Dark Cloud Cover is a bearish reversal pattern in an uptrend, with a long white candle followed by a black candle that opens above it and closes within it, indicating bears may be gaining control",722,722,SUCCESS,0,
ETnow,"Long White Candle A Long White Candle is a bullish candle with a long white body, indicating strong buying pressure and a potential uptrend",723,723,SUCCESS,20,
ETnow,"Bearish Belt HoldThe Bearish Belt Hold is a bearish reversal pattern in an uptrend, with a small body and a long upper shadow, indicating bulls may be losing control",724,724,SUCCESS,0,
ETnow,"Bullish Harami The Bullish Harami is a bullish reversal pattern in a downtrend, with a large black candle followed by a small white candle contained within it, indicating bears may be losing control",725,725,SUCCESS,0,
ETnow,"Black MarubozuThe Black Marubozu is a bearish candle with a long black body and no shadows, indicating strong selling pressure and a potential downtrend",726,726,SUCCESS,0,
ETnow,"Bearish Strong LineThe Bearish Strong Line is a bearish reversal pattern in an uptrend, with a long black candle and a small or no shadow, indicating bears may be taking control",728,728,SUCCESS,0,
ETnow,"Black Spinning Top The Black Spinning Top is a candle with a small body and long upper and lower shadows, indicating indecision in the market. It may suggest a potential reversal in a downtrend",729,729,SUCCESS,29,
ETnow,"DojiThe Doji is a candle with an open and close at the same price, indicating indecision in the market and potentially a reversal",730,730,SUCCESS,0,
ETnow,"Bearish HaramiThe Bearish Harami is a bearish reversal pattern in an uptrend, with a large white candle followed by a small black candle contained within it, indicating bulls may be losing control",732,732,SUCCESS,2,
ETnow,"Long Black CandleA Long Black Candle is a bearish candle with a long black body, indicating strong selling pressure and a potential downtrend",733,733,SUCCESS,0,
ETnow,"Bearish Abandoned BabyIt is a bearish reversal pattern in an uptrend, with a Doji gap up above the previous candle, then a black candle that gaps down, indicating bears may be taking control",734,734,SUCCESS,0,
ETnow,"Inverted HammerThe Inverted Hammer is a bullish reversal pattern in a downtrend, with a small body and a long upper shadow, indicating bears may be losing control",735,735,SUCCESS,0,
ETnow,"Bullish Doji StarThe Bullish Doji Star is a three-candle bullish reversal pattern in a downtrend, with a long black candle followed by a Doji and a long white candle, indicating bears may be losing control",736,736,SUCCESS,0,
ETnow,"Bullish Belt HoldThe Bullish Belt Hold is a bullish reversal pattern in a downtrend, with a small body and a long lower shadow, indicating bears may be losing control",737,737,SUCCESS,0,
ETnow,Bullish Harami CrossA Bullish Harami Cross is a bullish candlestick pattern indicating a potential reversal to an upward trend,738,738,SUCCESS,0,
ETnow,"Four Price DojiA Four Price Doji is a rare candlestick pattern where the open, high, low, and close prices are all the same. It indicates indecision in the market and can be a sign of a potential trend reversal",739,739,SUCCESS,1,
ETnow,Low Price to Book This screener helps you identify stocks having P/B ratio less than,740,740,SUCCESS,250,
ETnow,Low Price to SalesStocks with price-to-sales ratio of less than,741,741,SUCCESS,250,
ETnow,High Price to SalesStocks with price-to-sales ratio of more than,742,742,SUCCESS,250,
ETnow,Bullish MACD CrossoverList of stocks where the MACD line crosses from below to above the signal line. This crossover is considered bullish,787,787,SUCCESS,105,
ETnow,Bearish MACD CrossoverList of stocks where the MACD line crosses from above to above the signal line. This crossover is considered bearish,788,788,SUCCESS,133,
ETnow,RSI Crossover - Overbought ZoneStocks where the Relative Strength Index (RSI) has just crossed above 75 and entered into the overbought zone,789,789,SUCCESS,28,
ETnow,RSI Crossover - Oversold Zone Stocks where the Relative Strength Index (RSI) has just crossed below 25 and entered into the oversold zone,790,790,SUCCESS,13,
ETnow,Infrastructure Boost List of stocks which tends to benefit on major infrastructure spending in the upcoming union budget,1100,1100,SUCCESS,10,
ETnow,India DefenceCompanies in the defence sector which are beneficiaries of governments capex on India's defence,1101,1101,SUCCESS,10,
ETnow,Irrigation Stocks Companies manufacturing irrigation pumps & micro irrigation systems which will eventually benefit from governments initiative towards agriculture push,1104,1104,SUCCESS,11,
ETnow,Transporting IndiaLogistics companies which are potential beneficiaries of government's commitment towards creating a better supply chain in India,1105,1105,SUCCESS,25,
ETnow,Hospital & Allied servicesPotential beneficiaries of government's spending on healthcare initiatives,1106,1106,SUCCESS,28,
ETnow,Pesticides & Agro ChemicalsCompanies that help in improving agricultural productivity and potential beneficiaries of capex by the government in Agro sector,1107,1107,SUCCESS,20,
ETnow,Fertiliser stocksCompanies manufacturing fertilizers which will eventually benefit from governments initiative towards agriculture push,1108,1108,SUCCESS,25,
ETnow,Cement StocksCement manufacturing companies that tend to benefit from major infra related capex by government,1109,1109,SUCCESS,28,
ETnow,Agriculture and Allied ServicesStocks in agriculture and livestock space which tend to benefit from government spending on agriculture sector,1110,1110,SUCCESS,17,
ETnow,Building MaterialsList of stocks which benefit from initiatives like affordable housing & infrastructure boost by the government,1111,1111,SUCCESS,42,
ETnow,Renewable EnergyList of stocks working towards renewable energy generation which are potential beneficiaries of governments commitment towards a green & carbon free India,1112,1112,SUCCESS,9,
ETnow,52 wk high large cap stocks52 wk high large cap stocks,1987,1987,SUCCESS,134,
ETnow,High Dividend Stocks High Dividend Stocks,3548,3548,SUCCESS,19,
ETnow,Textile Penny Stocks Textile Penny Stocks,3565,3565,SUCCESS,14,
ETnow,Banks Stocks Banks Stocks,3566,3566,SUCCESS,40,
ETnow,Agriculture/Horticulture/Livestock Stocks Agriculture/Horticulture/Livestock Stocks,3567,3567,SUCCESS,21,
ETnow,Agro Processing Stocks Agro Processing Stocks,3568,3568,SUCCESS,43,
ETnow,Airlines Stocks Airlines Stocks,3569,3569,SUCCESS,4,
ETnow,Apparels StocksApparels Stocks,3570,3570,SUCCESS,48,
ETnow,Aquaculture StocksAquaculture Stocks,3572,3572,SUCCESS,4,
ETnow,Auto StocksAuto Stocks,3573,3573,SUCCESS,19,
ETnow,Auto Ancillaries StocksAuto Ancillaries Stocks,3574,3574,SUCCESS,113,
ETnow,Beverages - Alcoholic StocksBeverages - Alcoholic Stocks,3575,3575,SUCCESS,16,
ETnow,Building Materials StocksBuilding Materials Stocks,3576,3576,SUCCESS,45,
ETnow,Cables StocksCables Stocks,3577,3577,SUCCESS,16,
ETnow,Cement StocksCement Stocks,3578,3578,SUCCESS,31,
ETnow,Chemicals StocksChemicals Stocks,3579,3579,SUCCESS,142,
ETnow,Construction StocksConstruction Stocks,3580,3580,SUCCESS,60,
ETnow,Consumer Durables StocksConsumer Durables Stocks,3581,3581,SUCCESS,55,
ETnow,Defence Stocks Defence Stocks,3582,3582,SUCCESS,10,
ETnow,Diversified Stocks Diversified Stocks,3583,3583,SUCCESS,32,
ETnow,Electric/Electronics Stocks Electric/Electronics Stocks,3584,3584,SUCCESS,58,
ETnow,Engineering Stocks Engineering Stocks,3585,3585,SUCCESS,118,
ETnow,Fertilisers StocksFertilisers Stocks,3586,3586,SUCCESS,25,
ETnow,Financial Services StocksFinancial Services Stocks,3587,3587,SUCCESS,237,
ETnow,FMCG StocksFMCG Stocks,3590,3590,SUCCESS,54,
ETnow,Gas & Petroleum StocksGas & Petroleum Stocks,3591,3591,SUCCESS,27,
ETnow,Gems and Jewellery StocksGems and Jewellery Stocks,3592,3592,SUCCESS,33,
ETnow,Glass StocksGlass Stocks,3593,3593,SUCCESS,9,
ETnow,Holding Company StocksHolding Company Stocks,3594,3594,SUCCESS,39,
ETnow,Infrastructure StocksInfrastructure Stocks,3595,3595,SUCCESS,28,
ETnow,Hospitals & Allied Services StocksHospitals & Allied Services Stocks,3596,3596,SUCCESS,39,
ETnow,InvIT Stocks InvIT Stocks,3597,3597,SUCCESS,1,
ETnow,Industrial Consumables Stocks Industrial Consumables Stocks,3598,3598,SUCCESS,39,
ETnow,Industrial Equipment Stocks Industrial Equipment Stocks,3599,3599,SUCCESS,0,
ETnow,IT - Hardware Stocks IT - Hardware Stocks,3600,3600,SUCCESS,16,
ETnow,IT Enabled Services StocksIT Enabled Services Stocks,3601,3601,SUCCESS,13,
ETnow,Irrigation & Allied Services StocksIrrigation & Allied Services Stocks,3602,3602,SUCCESS,11,
ETnow,Learning & Education StocksLearning & Education Stocks,3603,3603,SUCCESS,11,
ETnow,Leather StocksLeather Stocks,3604,3604,SUCCESS,16,
ETnow,Logistics StocksLogistics Stocks,3605,3605,SUCCESS,36,
ETnow,Media & Entertainment StocksMedia & Entertainment Stocks,3606,3606,SUCCESS,47,
ETnow,Metals - Ferrous StocksMetals - Ferrous Stocks,3607,3607,SUCCESS,92,
ETnow,Metals - Non Ferrous StocksMetals - Non Ferrous Stocks,3608,3608,SUCCESS,37,
ETnow,Mining StocksMining Stocks,3609,3609,SUCCESS,23,
ETnow,Miscellaneous Stocks Miscellaneous Stocks,3610,3610,SUCCESS,152,
ETnow,NBFC Stocks NBFC Stocks,3611,3611,SUCCESS,67,
ETnow,Packaging Stocks Packaging Stocks,3612,3612,SUCCESS,37,
ETnow,Paper Stocks Paper Stocks,3613,3613,SUCCESS,43,
ETnow,Pesticides/Agro Chemicals Stocks Pesticides/Agro Chemicals Stocks,3614,3614,SUCCESS,25,
ETnow,Petrochemicals Stocks Petrochemicals Stocks,3615,3615,SUCCESS,22,
ETnow,Pharmaceuticals StocksPharmaceuticals Stocks,3616,3616,SUCCESS,155,
ETnow,Plastics StocksPlastics Stocks,3617,3617,SUCCESS,55,
ETnow,Power StocksPower Stocks,3618,3618,SUCCESS,41,
ETnow,Rubber Stocks Rubber Stocks,3619,3619,SUCCESS,11,
ETnow,Real Estate StocksReal Estate Stocks,3620,3620,SUCCESS,79,
ETnow,Retail StocksRetail Stocks,3621,3621,SUCCESS,21,
ETnow,Services StocksServices Stocks,3622,3622,SUCCESS,56,
ETnow,Shipping StocksShipping Stocks,3623,3623,SUCCESS,16,
ETnow,Sugar StocksSugar Stocks,3624,3624,SUCCESS,32,
ETnow,Tea / Coffee StocksTea / Coffee Stocks,3625,3625,SUCCESS,15,
ETnow,Telecommunications StocksTelecommunications Stocks,3626,3626,SUCCESS,26,
ETnow,Tourism & Hospitality Stocks Tourism & Hospitality Stocks,3630,3630,SUCCESS,60,
ETnow,IT Software Stocks IT Software Stocks,3633,3633,SUCCESS,128,
ETnow,High Dividend Yield Stocks High Dividend Yield Stocks,7913,7913,SUCCESS,47,
ETnow,Low P/E Ratio Stocks Low P/E Ratio Stocks,7914,7914,SUCCESS,250,
ETnow,Growth StocksGrowth Stocks,7915,7915,SUCCESS,250,
ETnow,"High Dividend Yield StocksIdentifies stocks with significant dividend payouts relative to their stock price, indicating potential income generation for investors. Screens for stocks where Dividend Yield is greater than 4%.",8473,8473,SUCCESS,47,
ETnow,"Low P/E Ratio Stocks Spotlights stocks with lower Price-to-Earnings ratios, suggesting potentially undervalued companies or those with steady earnings. Filters stocks where Trailing Twelve Months (TTM) Price-to-Earnings ratio is less than 15.",8474,8474,SUCCESS,250,
ETnow,"Growth StocksPinpoints stocks with robust Earnings Per Share (EPS) growth, highlighting companies potentially experiencing rapid expansion and future profitability. Selects stocks where EPS growth is greater than 4%.",8475,8475,SUCCESS,250,
ETnow,"Undervalued Stocks Identifies stocks that may be trading below their intrinsic value, potentially presenting investment opportunities for value-conscious investors. Filters stocks where Trailing Twelve Months (TTM) Price-to-Book ratio is less than 1.",8476,8476,SUCCESS,250,
ETnow,"Large-Cap Stocks Focuses on stocks of well-established, financially stable companies with a large market capitalization, often considered more stable investments. Screens stocks where Market Capitalization is greater than INR 50,000 Croroes",8477,8477,SUCCESS,199,
ETnow,"Small-Cap Value StocksIdentifies lesser-known, undervalued companies with small market capitalizations, potentially offering opportunities for growth at reasonable prices. Filters stocks with Market Cap under INR 7,500 Crores and Trailing Twelve Months (TTM) Price-to-Earnings ratio under 20.",8478,8478,SUCCESS,250,
ETnow,"Momentum Stocks Highlights stocks with recent strong price performance, indicating upward price trends that may attract short-term traders and momentum-based investors. Screens for stocks with 1-month returns exceeding 10%.",8479,8479,SUCCESS,250,
ETnow,"Bargain StocksFlags stocks with attractive valuations and healthy financials, suitable for investors seeking both undervaluation and solid growth potential. Selects stocks where Price/Earnings to Growth (PEG) ratio is under 1 and Debt-to-Equity ratio is less than 0.5.",8480,8480,SUCCESS,250,
ETnow,"High Beta StocksTargets stocks with higher volatility compared to the market, offering potential for amplified returns but also heightened risk. Filters stocks with 3-month Beta greater than 1.5.",8481,8481,SUCCESS,250,
ETnow,"Stable Dividend StocksIdentifies stocks from stable companies that offer consistent dividend income, appealing to investors seeking regular cash flow. Screens stocks where Dividend Yield is above 3%.",8482,8482,SUCCESS,95,
ETnow,"Low Volatility StocksIdentifies stocks with relatively stable price movements, appealing to risk-averse investors looking for steadier investment options. Screens stocks where Average True Range (ATR) is below 2.",8483,8483,SUCCESS,250,
ETnow,"High ROE (Return on Equity) StocksTargets stocks with strong profitability relative to shareholder equity, indicating well-managed companies capable of generating higher returns. Selects stocks where Return on Equity exceeds 20%.",8484,8484,SUCCESS,250,
ETnow,"Value-Growth Blend StocksFocuses on stocks that offer both attractive valuations and substantial growth potential, catering to investors seeking a balanced approach. Filters stocks where Trailing Twelve Months (TTM) Price-to-Earnings ratio is under 20 and EPS growth is over 10%.",8485,8485,SUCCESS,250,
ETnow,"18. Low Debt Stocks: Query: Identifies stocks from financially stable companies with minimal debt levels, suitable for investors concerned about the risks associated with high debt. Screens stocks where Debt-to-Equity ratio is less than 0.3.",8486,8486,SUCCESS,250,
ETnow,"20. Low Price-to-Sales (P/S) Ratio Stocks: Query: Highlights stocks with lower valuation based on sales, suggesting potential bargains or undervalued opportunities. Selects stocks where Trailing Twelve Months (TTM) Price-to-Sales ratio is under 1.",8487,8487,SUCCESS,250,
ETnow,"Cash-Rich StocksTargets stocks of companies with strong liquidity positions, appealing to investors seeking companies with the ability to cover short-term obligations. Filters stocks where Current Ratio is greater than 2 and Quick Ratio is over 1.",8488,8488,SUCCESS,250,
ETnow,"Low Price-to-Earnings-to-Growth (PEG) StocksIdentifies stocks that offer attractive valuations relative to their earnings growth potential, suitable for investors seeking both value and growth. Screens stocks where Trailing Twelve Months (TTM) Price-to-Earnings ratio is under 20 and PEG Ratio is less than 1.",8490,8490,SUCCESS,250,
ETnow,"High Relative Strength StocksHighlights stocks showing strong recent price performance, potentially indicating short-term overbought conditions. Selects stocks where Relative Strength Index (RSI) is currently above 70.",8491,8491,SUCCESS,179,
ETnow,"Value Stocks with Low DebtTargets undervalued stocks from financially healthy companies with manageable debt levels, appealing to investors seeking a balance between value and stability. Screens stocks where Trailing Twelve Months (TTM) Price-to-Earnings ratio is under 15 and Debt-to-Equity ratio is less than 0.5.",8493,8493,SUCCESS,250,
ETnow,"Defensive StocksFocuses on stocks that tend to be less sensitive to market fluctuations, suitable for investors aiming to preserve capital with steady dividends. Selects stocks where 3-month Beta is below 0.5 and Dividend Yield is above 3.",8494,8494,SUCCESS,25,
ETnow,"High-Quality StocksHighlights stocks of companies with strong financial health and profitability metrics, suggesting lower risk and potential for solid returns. Filters stocks where Return on Assets is greater than 10 and Return on Equity exceeds 15.",8495,8495,SUCCESS,250,
ETnow,"High Growth with Low Debt Targets high-growth stocks with strong financial health, appealing to investors seeking growth potential without excessive debt risk. Screens stocks where EPS growth is over 10% and Debt-to-Equity ratio is below 0.3.",8496,8496,SUCCESS,250,
ETnow,"Low Volatility Dividend StocksHighlights dividend-paying stocks with stable price movements, suitable for income-oriented investors who value reduced risk. Selects stocks where Dividend Yield is above 2.5% and 3-month Beta is under 0.8.",8497,8497,SUCCESS,60,
ETnow,"Contrarian StocksSpotlights stocks with negative one-year returns, appealing to contrarian investors looking for potential rebound opportunities. Screens stocks where 1-year returns are below -20%.",8499,8499,SUCCESS,250,
ETnow,"Defensive Dividend StocksFocuses on dividend-paying stocks with low market sensitivity, appealing to investors aiming for stable income and reduced risk. Selects stocks where Dividend Yield is over 3% and 3-month Beta is under 0.7.",8500,8500,SUCCESS,36,
ETnow,"Small-Cap Growth StocksTargets smaller companies with high growth potential, appealing to investors seeking opportunities for significant appreciation. Filters stocks with Market Cap under INR 7,500 Crores and EPS growth exceeding 15%.",8501,8501,SUCCESS,250,
ETnow,"High-Quality Value StocksHighlights value stocks with strong profitability, suitable for investors seeking both undervaluation and solid financials. Screens stocks where Return on Equity is above 20% and Trailing Twelve Months (TTM) Price-to-Earnings ratio is under 15.",8502,8502,SUCCESS,133,
ETnow,High Net Margin StocksIdentifies stocks from companies with strong profitability as indicated by high net profit margins. Selects stocks where Net Profit Margin is above 15%.,8503,8503,SUCCESS,250,
ETnow,"Low Beta Dividend StocksTargets dividend stocks with low market volatility, appealing to income-oriented investors who seek steadier performance. Filters stocks where Dividend Yield is over 3% and 3-month Beta is under 0.6.",8504,8504,SUCCESS,32,
ETnow,"High Piotroski F-Score StocksFocuses on stocks with strong financial health and performance, as indicated by a high Piotroski F-Score. Screens stocks where Piotroski Score exceeds 8.",8505,8505,SUCCESS,0,
ETnow,"International Growth StocksIdentifies stocks from international companies with strong growth potential, appealing to investors looking beyond domestic markets. Selects stocks where EPS growth is above 15%.",8506,8506,SUCCESS,250,
ETnow,"Low Price-to-Book (P/B) Growth StocksIdentifies growth-oriented stocks with attractive valuations relative to their book value, appealing to investors seeking growth potential at reasonable prices. Screens stocks where Trailing Twelve Months (TTM) Price-to-Book ratio is below 2 and EPS growth exceeds 15%.",8507,8507,SUCCESS,250,
ETnow,"Low Volatility Momentum Stocks Highlights stocks with upward momentum and reduced market sensitivity, potentially providing growth opportunities with lower risk. Selects stocks where 3-month Beta is under 1 and 6-month returns are above 15%.",8508,8508,SUCCESS,250,
ETnow,"High-Quality Small-Cap StocksTargets well-performing, small-cap companies with strong financials, offering potential growth opportunities with a focus on quality. Filters stocks with Market Cap under $7,500 million and Return on Equity exceeding 15%.",8509,8509,SUCCESS,250,
ETnow,"Cash-Rich Dividend StocksIdentifies dividend-paying stocks with robust liquidity, appealing to income-focused investors seeking companies capable of sustaining dividends. Screens stocks where Dividend Yield is over 3% and Current Ratio is above 2.",8510,8510,SUCCESS,47,
ETnow,"Global Value StocksHighlights attractively priced stocks with global exposure, appealing to investors seeking undervalued opportunities in various markets. Selects stocks where Trailing Twelve Months (TTM) Price-to-Earnings ratio is below 12.",8511,8511,SUCCESS,250,
ETnow,"Market Leaders with Strong Fundamentals Focuses on well-established stocks with robust financial performance, targeting companies with large market capitalizations. Filters stocks with Market Cap exceeding INR 50,000 Crores, Return on Equity over 15%, and EPS growth above 3.",8512,8512,SUCCESS,69,
ETnow,"Low Volatility Growth Stocks Targets growth-oriented stocks with reduced market volatility, catering to investors who seek growth potential with less risk. Screens stocks where 3-month Beta is under 1 and EPS growth exceeds 3.",8513,8513,SUCCESS,250,
ETnow,"High-Quality Dividend StocksIdentifies dividend-paying stocks with strong financials and high profitability, appealing to investors seeking both income and stability. Selects stocks where Dividend Yield is over 3% and Return on Equity is above 20.",8514,8514,SUCCESS,27,
ETnow,"Dividend StocksFocuses on dividend-paying stocks from markets, catering to investors seeking income from diverse sources. Screens stocks where Dividend Yield is above 2.5%.",8515,8515,SUCCESS,139,
ETnow,"Low Price-to-Earnings (P/E) Turnaround StocksTargets stocks with potential for turnaround and growth, emphasizing low valuations and positive earnings trends. Filters stocks where Trailing Twelve Months (TTM) Price-to-Earnings ratio is below 10 and EPS growth exceeds 5.",8516,8516,SUCCESS,250,
ETnow,"Dividend Stocks with Low DebtIdentifies dividend-paying stocks from financially sound companies, offering income potential without excessive debt risk. Screens stocks with Dividend Yield above 3% and Debt-to-Equity ratio below 0.4.",8518,8518,SUCCESS,77,
ETnow,"Blue Chip Favorites Focuses on well-established, large-cap stocks with reliable dividends, appealing to investors seeking stable returns. Filters stocks with Market Cap exceeding $50,000 million and Dividend Yield above 2%.",8519,8519,SUCCESS,41,
ETnow,"Emerging Market Growth StarsHighlights stocks from emerging markets with strong earnings growth potential, catering to investors seeking higher returns. Selects stocks where EPS growth is above 7%.",8520,8520,SUCCESS,250,
ETnow,"High-Quality Small-Cap Growth StocksFocuses on high-potential small-cap firms, boasting robust finances, attracting investors desiring growth and quality. Filters stocks below INR 7,500 Cr market cap, 5%+ EPS growth, and 15%+ RoE.",8521,8521,SUCCESS,224,
ETnow,"Low Debt, High Growth Stocks Focuses on stocks that combine growth potential with prudent debt management, appealing to investors seeking balanced opportunities. Filters stocks with Debt-to-Equity ratio under 0.5 and EPS growth exceeding 5%.",8522,8522,SUCCESS,250,
ETnow,"Income and Growth BlendIdentifies stocks that offer both dividends and growth potential, catering to investors seeking a mix of income and capital appreciation. Screens stocks with Dividend Yield above 2.5% and EPS growth over 4%.",8523,8523,SUCCESS,66,
ETnow,"High Momentum Value Stocks Targets value stocks with strong recent performance, appealing to investors seeking potentially undervalued opportunities with upward momentum. Selects stocks with Trailing Twelve Months (TTM) Price-to-Earnings ratio under 15 and 6-month returns above 15%.",8524,8524,SUCCESS,219,
ETnow,"Long-Term Growth and Stability Targets stocks with sustainable growth potential and solid financial health, appealing to investors seeking steady long-term returns. Screens stocks with EPS growth exceeding 5% and Debt-to-Equity ratio under 0.5.",8525,8525,SUCCESS,250,
ETnow,"Turnaround Opportunities Identifies stocks that may be poised for a rebound, combining strong earnings growth with recent price weakness. Selects stocks with EPS growth over 20% and negative 1-year returns.",8526,8526,SUCCESS,250,
ETnow,"Strong Earnings QualityFocuses on stocks with robust financial health and performance, targeting companies with reduced bankruptcy risk. Filters stocks with Z-score above 3 and Pitroski Score surpassing 6.",8527,8527,SUCCESS,187,
ETnow,"Low Price-to-Earnings-to-Growth (PEG) Dividend StocksHighlights dividend stocks with favorable valuations relative to growth potential, catering to income-focused investors. Screens stocks with Trailing Twelve Months (TTM) Price-to-Earnings ratio under 20, PEG Ratio below 1.2, and Dividend Yield above 2.",8528,8528,SUCCESS,116,
ETnow,"Growth Stocks with Strong Financial Health Targets growth-oriented stocks with solid financials, appealing to investors seeking both growth and stability. Selects stocks with EPS growth over 5% and Current Ratio exceeding 2.",8529,8529,SUCCESS,250,
ETnow,"Value Stocks with High-Quality Metrics Highlights undervalued stocks that also exhibit strong profitability, appealing to investors seeking both value and financial strength. Screens stocks with Trailing Twelve Months (TTM) Price-to-Earnings ratio below 15 and Return on Equity exceeding 20%.",8530,8530,SUCCESS,133,
ETnow,"International Dividend Opportunities Focuses on dividend-paying stocks from international markets, catering to investors seeking income from diverse sources. Selects stocks where Dividend Yield is over 3%.",8531,8531,SUCCESS,95,
ETnow,"Low Beta, High-Quality Stocks Targets stocks with both stability (low Beta) and strong financial performance, appealing to investors looking for quality and reduced risk. Screens stocks where 3-month Beta is under 0.7 and Return on Equity exceeds 15%.",8532,8532,SUCCESS,250,
ETnow,"Growth Stocks with Low Debt Highlights growth-oriented stocks with prudent financial management, suitable for investors seeking growth with reduced debt risk. Selects stocks where EPS growth is over 3% and Debt-to-Equity ratio is below 0.3.",8533,8533,SUCCESS,250,
ETnow,"Low Volatility Defensive Stocks Targets stocks with both reduced market volatility and dividend income, appealing to risk-averse investors. Screens stocks where 3-month Beta is under 0.6 and Dividend Yield is over 2.",8535,8535,SUCCESS,59,
ETnow,"Small-Cap Value Stocks with Growth Potential Focuses on small-cap value stocks with potential for growth, catering to investors seeking both value and appreciation. Selects stocks with Market Cap under INR 7,500 Crores, Trailing Twelve Months (TTM) Price-to-Earnings ratio below 12, and EPS growth exceeding 4%.",8536,8536,SUCCESS,250,
ETnow,"Balanced Growth and Income Highlights stocks offering a mix of growth potential and dividend income, suitable for investors seeking both capital appreciation and regular cash flow. Filters stocks with EPS growth over 3% and Dividend Yield above 2.5%.",8537,8537,SUCCESS,67,
ETnow,"High-Quality Earnings Growth StocksTargets stocks with strong financial performance and growth potential, appealing to investors seeking quality and expansion. Screens stocks where Return on Equity is above 15% and EPS growth exceeds 4%.",8538,8538,SUCCESS,250,
ETnow,"Value Stocks with High Dividend Growth Identifies value stocks with strong dividend growth potential, appealing to investors seeking both value and increasing income. Selects stocks with Trailing Twelve Months (TTM) Price-to-Earnings ratio under 15 and (Dividend paid - Dividend paid 4 years ago) / Dividend paid 4 years ago exceeding 8.",8539,8539,SUCCESS,250,
ETnow,"Defensive Dividend Champions This strategy targets stable income for investors, emphasizing low-volatility dividend stocks with a Dividend Yield above 2.5% and a 3-month Beta below 0.6",8540,8540,SUCCESS,47,
ETnow,"Growth Stocks with Low Debt and High ROE Highlights growth-oriented stocks with strong financials and profitability, appealing to investors seeking growth with quality. Filters stocks with EPS growth over 15%, Debt-to-Equity ratio below 0.3, and Return on Equity above 20%.",8541,8541,SUCCESS,123,
ETnow,"Low Price-to-Earnings (P/E) Dividend Gems Targets dividend stocks with attractive valuations, appealing to investors seeking income opportunities at reasonable prices. Selects stocks with Trailing Twelve Months (TTM) Price-to-Earnings ratio below 12 and Dividend Yield exceeding 3%.",8542,8542,SUCCESS,42,
ETnow,"Quality Growth Stocks with Low Volatility Identifies growth-oriented stocks with strong financials and reduced market volatility, appealing to both growth and stability seekers. Screens stocks with EPS growth over 5% and 3-month Beta below 0.7.",8543,8543,SUCCESS,250,
ETnow,"International Growth Dividend StocksFocuses on dividend-paying stocks from international markets with growth potential, catering to investors seeking income and expansion. Filters stocks with Dividend Yield above 2.5%.",8544,8544,SUCCESS,139,
ETnow,"High-Quality Mid-Cap Growth StocksTargets mid-cap stocks with both growth potential and strong financials, appealing to investors looking for quality growth. Selects stocks with Market Cap between $7,500 million and $50,000 million, and EPS growth exceeding 5%.",8545,8545,SUCCESS,246,
ETnow,"Value Stocks with Strong Earnings MomentumHighlights value stocks with strong earnings trends, suitable for investors seeking undervalued opportunities with positive earnings momentum. Screens stocks with Trailing Twelve Months (TTM) Price-to-Earnings ratio below 15 and TTM EPS below 15.",8546,8546,SUCCESS,250,
ETnow,"Small-Cap Dividend StarsHighlights dividend-paying stocks with small market capitalizations, appealing to investors seeking both income and growth potential. Targets stocks with Market Cap under INR 7,500 Crores and Dividend Yield exceeding 3%.",8547,8547,SUCCESS,57,
ETnow,"Dividend Stocks with Strong ProfitabilityIdentifies dividend-paying stocks from highly profitable companies, catering to income-focused investors seeking stability and income. Selects stocks with Dividend Yield above 3% and Net Profit Margin surpassing 20%.",8548,8548,SUCCESS,28,
ETnow,"Low Price-to-Book (P/B) Dividend StocksFocuses on dividend stocks with attractive valuations relative to their book value, catering to income-oriented value investors. Screens stocks with Trailing Twelve Months (TTM) Price-to-Book ratio below 1.5 and Dividend Yield above 2.",8549,8549,SUCCESS,90,
ETnow,"Quality Growth Stocks with Low DebtTargets growth-oriented stocks with strong financials and manageable debt, appealing to investors seeking growth with stability. Filters stocks with EPS growth exceeding 4% and Debt-to-Equity ratio below 0.4.",8550,8550,SUCCESS,250,
ETnow,"Dividend Stocks with High Piotroski F-ScoreHighlights dividend-paying stocks with strong financial health, appealing to income-focused investors seeking stability and quality. Selects stocks with Dividend Yield above 2.5% and Pitroski Score surpassing 7.",8551,8551,SUCCESS,0,
ETnow,"Growth Stocks with Positive Earnings MomentumIdentifies growth-oriented stocks with strong earnings momentum, appealing to investors seeking companies showing substantial earnings growth. Screens stocks with EPS growth exceeding 20%.",8552,8552,SUCCESS,250,
ETnow,"Emerging Market Dividend OpportunitiesFocuses on dividend-paying stocks from emerging markets, catering to investors seeking income opportunities in rapidly growing economies. Selects stocks with Dividend Yield above 3%.",8553,8553,SUCCESS,95,
ETnow,"Low Beta Stocks with Strong Financials Highlights low volatility stocks with robust financial health, catering to investors seeking both stability and quality. Targets stocks with 3-month Beta under 0.6 and Current Ratio exceeding 2.",8554,8554,SUCCESS,250,
ETnow,"High Dividend Yield, Low Volatility StocksIdentifies dividend-paying stocks with attractive yields and reduced market sensitivity, appealing to income-oriented investors seeking stability. Screens stocks with Dividend Yield above 4% and 3-month Beta under 0.8.",8555,8555,SUCCESS,23,
ETnow,"Growth Stocks with Positive Cash FlowFocuses on growth-oriented stocks with healthy cash flow and earnings momentum, appealing to investors seeking growth potential. Selects stocks with positive Cash from Operations and EPS growth exceeding 5%.",8556,8556,SUCCESS,250,
ETnow,"Dividend Stocks with Strong Price PerformanceHighlights dividend-paying stocks with recent strong price performance, catering to investors seeking income along with capital appreciation. Filters stocks with Dividend Yield above 3% and 1-year Returns exceeding 10%.",8557,8557,SUCCESS,12,
ETnow,"Dividend Stocks with Strong Profit Margin Identifies dividend-paying stocks from companies with strong profit margins, appealing to income-oriented investors seeking financial strength. Screens stocks with Dividend Yield above 3% and Net Profit Margin surpassing 15%.",8558,8558,SUCCESS,39,
ETnow,"Dividend Stocks with Strong Growth Momentum Targets dividend-paying stocks with high growth potential and strong financial performance, appealing to both growth and income investors. Selects stocks with Dividend Yield above 2.5% and EPS growth exceeding 15%.",8559,8559,SUCCESS,50,
ETnow,"Small-Cap Dividend Stocks with Low Debt Focuses on small-cap dividend stocks with both income and financial stability, catering to investors seeking growth and income potential. Screens stocks with Market Cap under $7,500 million, Dividend Yield above 3%, and Debt-to-Equity ratio below 0.4.",8560,8560,SUCCESS,50,
ETnow,"Quality Growth Stocks with Low VolatilityHighlights growth-oriented stocks with strong financials and reduced market volatility, appealing to both growth and stability seekers. Targets stocks with EPS growth exceeding 4% and 3-month Beta under 0.8.",8561,8561,SUCCESS,250,
ETnow,"Low Price-to-Book (P/B) Stocks with High Earnings GrowthIdentifies value-oriented stocks with attractive valuations and high earnings growth potential, appealing to investors seeking undervalued growth. Screens stocks with Trailing Twelve Months (TTM) Price-to-Book ratio below 1.5 and EPS growth exceeding 12%.",8562,8562,SUCCESS,250,
ETnow,"Growth Stocks with Strong ProfitabilityIdentifies growth-oriented stocks with robust earnings growth and high profitability, appealing to investors seeking growth and financial strength. Screens stocks with EPS growth exceeding 4% and Net Profit Margin surpassing 20%.",8563,8563,SUCCESS,250,
ETnow,"Dividend Stocks with Strong Price Performance Highlights dividend-paying stocks with strong recent price performance, catering to investors seeking income along with capital appreciation. Targets stocks with Dividend Yield above 3% and 1-year Returns exceeding 15%.",8564,8564,SUCCESS,7,
ETnow,"Dividend Stocks with Strong Earnings MomentumFocuses on dividend-paying stocks with high earnings growth momentum, appealing to investors seeking both income and growth potential. Identifies stocks with Dividend Yield above 2.5% and EPS growth surpassing 18%.",8565,8565,SUCCESS,45,
ETnow,"Dividend Stocks with Strong Profit MarginTargets dividend-paying stocks from companies with robust profit margins, appealing to income-oriented investors seeking quality and stability. Selects stocks with Dividend Yield above 3% and Net Profit Margin exceeding 20%.",8566,8566,SUCCESS,28,
ETnow,"Dividend Stocks with Positive Earnings MomentumHighlights dividend-paying stocks with strong earnings growth momentum, catering to investors seeking income and companies with growth potential. Screens stocks with Dividend Yield above 3% and EPS growth exceeding 20%.",8567,8567,SUCCESS,29,
ETnow,"High-Quality Dividend Stocks with Low DebtIdentifies dividend-paying stocks with strong financials, appealing to income-oriented investors seeking stability and quality. Filters stocks with Dividend Yield above 3%, Return on Equity over 18%, and Debt-to-Equity ratio below 0.4.",8568,8568,SUCCESS,28,
ETnow,"Dividend Stocks with Low Price-to-Book (P/B) RatioFocuses on dividend-paying stocks with attractive valuations relative to book value, catering to value and income-oriented investors. Screens stocks with Dividend Yield above 3% and Trailing Twelve Months (TTM) Price-to-Book ratio below 1.5.",8570,8570,SUCCESS,43,
ETnow,"High-Quality Dividend Stocks with Positive Earnings MomentumIdentifies dividend-paying stocks with strong earnings growth momentum and financial health, appealing to income and growth investors. Targets stocks with Dividend Yield above 3% and EPS growth exceeding 15%.",8571,8571,SUCCESS,34,
ETnow,"Defensive Dividend Stocks with Low VolatilityHighlights dividend-paying stocks with both income and low market volatility, appealing to risk-averse income-oriented investors. Screens stocks with Dividend Yield above 3% and 3-month Beta under 0.7.",8572,8572,SUCCESS,36,
ETnow,"Dividend Stocks with Strong Price PerformanceFocuses on dividend-paying stocks with strong recent price performance, catering to investors seeking income along with capital appreciation. Targets stocks with Dividend Yield above 3% and 1-year Returns exceeding 15%.",8573,8573,SUCCESS,7,
ETnow,"High-Quality Dividend Stocks with Positive Cash FlowIdentifies dividend-paying stocks with strong financials and positive cash flow, appealing to income-oriented investors seeking stability. Filters stocks with Dividend Yield above 3% and positive Cash from Operations.",8574,8574,SUCCESS,83,
ETnow,"Value Stocks with Strong Dividend GrowthTargets value-oriented stocks with attractive valuations and strong dividend growth potential, appealing to income and value investors. Screens stocks with Trailing Twelve Months (TTM) Price-to-Earnings ratio below 15 and (Dividend paid - Dividend paid 4 years ago) / Dividend paid 4 years ago exceeding 8.",8575,8575,SUCCESS,250,
ETnow,"Growth Stocks with Strong ProfitabilityIdentifies growth-oriented stocks with robust earnings growth and high profitability, appealing to investors seeking growth and financial strength. Screens stocks with EPS growth exceeding 4% and Net Profit Margin surpassing 20%.",8576,8576,SUCCESS,250,
ETnow,"Dividend Stocks with Strong Profit MarginHighlights dividend-paying stocks from companies with strong profit margins, catering to income-oriented investors seeking quality and stability. Targets stocks with Dividend Yield above 3% and Net Profit Margin exceeding 20%.",8577,8577,SUCCESS,28,
ETnow,"Dividend Stocks with Strong Earnings GrowthFocuses on dividend-paying stocks with strong earnings growth, appealing to investors seeking both income and growth potential. Identifies stocks with Dividend Yield above 3% and EPS growth surpassing 4%.",8578,8578,SUCCESS,47,
ETnow,"High-Quality Dividend Stocks with Stable Price PerformanceHighlights dividend-paying stocks with stable recent price performance, catering to investors seeking income and stability. Filters stocks with Dividend Yield above 3% and 1-year Returns under 5%.",8581,8581,SUCCESS,82,
ETnow,"Dividend Stocks with Strong ProfitabilityTargets dividend-paying stocks from companies with strong profitability, appealing to income-oriented investors seeking quality and stability. Selects stocks with Dividend Yield above 3% and Net Profit Margin exceeding 20%.",8582,8582,SUCCESS,28,
ETnow,"Growth Stocks with Low Debt and Strong ROEIdentifies growth-oriented stocks with strong financial health and return on equity, appealing to investors seeking growth with quality. Screens stocks with EPS growth exceeding 4%, Debt-to-Equity ratio below 0.4, and Return on Equity surpassing 15%.",8583,8583,SUCCESS,250,
ETnow,"Dividend Stocks with Positive Earnings MomentumFocuses on dividend-paying stocks with strong earnings growth momentum, appealing to investors seeking income and companies with growth potential. Identifies stocks with Dividend Yield above 3% and EPS growth surpassing 18%.",8584,8584,SUCCESS,30,
ETnow,"Dividend Stocks with Strong Price PerformanceHighlights dividend-paying stocks with strong recent price performance, catering to investors seeking income along with capital appreciation. Targets stocks with Dividend Yield above 3% and 1-year Returns exceeding 10%.",8585,8585,SUCCESS,12,
ETnow,"Growth Stocks with Positive Earnings Momentum and Low P/ETargets growth-oriented stocks with strong earnings growth momentum and attractive valuations, appealing to growth and value seekers. Screens stocks with EPS growth exceeding 15% and Trailing Twelve Months (TTM) Price-to-Earnings ratio below 15.",8586,8586,SUCCESS,250,
ETnow,"High-Quality Dividend Stocks with Positive Cash Flow Identifies dividend-paying stocks with strong financials and positive cash flow, appealing to income-oriented investors seeking stability. Filters stocks with Dividend Yield above 3% and positive Cash from Operations.",8587,8587,SUCCESS,83,
ETnow,"High-Quality Dividend Stocks with Positive Earnings Growth and Low Debt Targets dividend-paying stocks with strong earnings growth, financial health, and low debt, appealing to income and quality seekers. Selects stocks with Dividend Yield above 3%, EPS growth exceeding 3%, and Debt-to-Equity ratio below 0.5.",8588,8588,SUCCESS,40,
ETnow,"High-Quality Dividend Stocks with Strong Profitability and Low P/E Identifies dividend-paying stocks with strong profitability, appealing to income-oriented investors seeking quality and value. Screens stocks with Dividend Yield above 3%, Net Profit Margin exceeding 20%, and Trailing Twelve Months (TTM) Price-to-Earnings ratio below 15.",8589,8589,SUCCESS,16,
ETnow,"Dividend Stocks with Positive Earnings Momentum and Low Beta Identifies dividend-paying stocks with strong earnings momentum and lower market volatility, appealing to income and risk-conscious investors. Screens stocks with Dividend Yield above 3%, EPS growth exceeding 15%, and 3-month Beta below 0.7.",8590,8590,SUCCESS,13,
ETnow,"High-Quality Dividend Stocks with Strong Price Performance and Low DebtTargets dividend-paying stocks with strong price performance and low debt, catering to income-oriented investors seeking quality and stability. Highlights stocks with Dividend Yield above 3%, 1-year Returns surpassing 10%, and Debt-to-Equity ratio below 0.4.",8591,8591,SUCCESS,8,
ETnow,"Growth Stocks with Strong Cash Flow and Low Price-to-Book (P/B) RatioFocuses on growth-oriented stocks with strong cash flow and attractive valuations, catering to investors seeking growth at reasonable prices. Identifies stocks with EPS growth exceeding 3%, positive Cash from Operations, and TTM Price-to-Book ratio below 1.5.",8592,8592,SUCCESS,250,
ETnow,"Growth Stocks with Strong Price Performance and Positive Earnings GrowthHighlights growth-oriented stocks with strong recent price performance and positive earnings growth, appealing to investors seeking growth potential. Targets stocks with 1-year Returns above 10% and EPS growth surpassing 5%.",8593,8593,SUCCESS,250,
ETnow,"Dividend Stocks with Strong Price Performance and Positive Cash FlowFocuses on dividend-paying stocks with strong recent price performance and positive cash flow, catering to income and stability seekers. Screens stocks with Dividend Yield above 3%, 1-year Returns exceeding 10%, and positive Cash from Operations.",8594,8594,SUCCESS,10,
ETnow,"Growth Stocks with Strong Profitability and Positive Cash FlowIdentifies growth-oriented stocks with strong earnings growth and positive cash flow, appealing to investors seeking growth with financial stability. Filters stocks with EPS growth exceeding 4%, Net Profit Margin surpassing 20%, and positive Cash from Operations.",8595,8595,SUCCESS,165,
ETnow,"Dividend Stocks with Strong Profit Margin and Positive Earnings MomentumTargets dividend-paying stocks with strong profit margins and earnings momentum, appealing to income-oriented investors seeking stability and growth. Selects stocks with Dividend Yield above 3%, Net Profit Margin surpassing 18%, and EPS growth exceeding 15%.",8596,8596,SUCCESS,16,
ETnow,"High-Quality Dividend Stocks with Positive Earnings Momentum and Low DebtIdentifies dividend-paying stocks with strong earnings momentum, financial health, and low debt, appealing to income and quality seekers. Screens stocks with Dividend Yield above 3%, EPS growth surpassing 15%, and Debt-to-Equity ratio below 0.4.",8597,8597,SUCCESS,29,
ETnow,"Growth Stocks with Strong Price Performance and Low DebtFocuses on growth-oriented stocks with strong recent price performance and lower debt levels, appealing to investors seeking growth and stability. Targets stocks with 1-year Returns above 10% and Debt-to-Equity ratio below 0.4.",8598,8598,SUCCESS,250,
ETnow,"High-Quality Dividend Stocks with Strong ROE and Positive Cash FlowHighlights dividend-paying stocks with strong return on equity, positive cash flow, and financial health, appealing to income and quality seekers. Identifies stocks with Dividend Yield above 3%, Return on Equity exceeding 18%, and positive Cash from Operations.",8599,8599,SUCCESS,30,
ETnow,"Growth Stocks with Strong Profit Margin and Positive Cash FlowIdentifies growth-oriented stocks with strong profit margins and positive cash flow, appealing to investors seeking growth and financial stability. Screens stocks with EPS growth exceeding 3%, Net Profit Margin surpassing 20%, and positive Cash from Operations.",8600,8600,SUCCESS,170,
ETnow,"Growth Stocks with Positive Cash Flow and Strong Price PerformanceFocuses on growth-oriented stocks with strong recent price performance and positive cash flow, appealing to investors seeking growth potential. Targets stocks with EPS growth exceeding 4%, positive Cash from Operations, and 1-year Returns above 10%.",8601,8601,SUCCESS,250,
ETnow,"Growth Stocks with Strong Return on Equity (ROE) and Positive Cash FlowIdentifies growth-oriented stocks with strong return on equity and positive cash flow, appealing to investors seeking growth with financial health. Highlights stocks with EPS growth exceeding 5%, Return on Equity surpassing 18%, and positive Cash from Operations.",8602,8602,SUCCESS,231,
ETnow,"High-Quality Dividend Stocks with Strong Profit Margin and Positive Earnings MomentumTargets dividend-paying stocks with strong profit margins and earnings momentum, appealing to income-oriented investors seeking stability and growth. Screens stocks with Dividend Yield above 3%, Net Profit Margin surpassing 20%, and EPS growth exceeding 15%.",8603,8603,SUCCESS,15,
ETnow,"Growth Stocks with Strong Profit Margin and Positive Price PerformanceFocuses on growth-oriented stocks with strong profit margins and recent price performance, catering to investors seeking growth potential. Identifies stocks with EPS growth exceeding 3%, Net Profit Margin surpassing 20%, and 1-year Returns above 5%.",8604,8604,SUCCESS,86,
ETnow,"High-Quality Dividend Stocks with Strong Profit Margin and Positive Earnings GrowthHighlights dividend-paying stocks with strong profit margins and earnings growth, appealing to income-oriented investors seeking stability and growth. Targets stocks with Dividend Yield above 3%, Net Profit Margin surpassing 20%, and EPS growth surpassing 4%.",8605,8605,SUCCESS,20,
ETnow,"High-Quality Dividend Stocks with Positive Profit Margin and Low Price-to-Earnings (P/E) RatioIdentifies dividend-paying stocks with strong profit margins and low P/E ratio, appealing to income-oriented investors seeking quality at a reasonable price. Screens stocks with Dividend Yield above 3%, Net Profit Margin surpassing 20%, and Trailing Twelve Months (TTM) P/E ratio below 15%.",8606,8606,SUCCESS,16,
ETnow,"Growth Stocks with Strong Profitability and Positive Price PerformanceHighlights growth-oriented stocks with strong earnings growth and recent price performance, appealing to investors seeking growth with stability.",8607,8607,SUCCESS,85,
ETnow,"Growth Stocks with Strong Return on Equity (ROE) and Positive Cash FlowIdentifies growth-oriented stocks with strong return on equity and positive cash flow, appealing to investors seeking growth with financial health. Highlights stocks with EPS growth exceeding 4%, Return on Equity surpassing 18%, and positive Cash from Operations.",8608,8608,SUCCESS,235,
ETnow,"High-Quality Dividend Stocks with Strong Profit Margin and Positive Earnings GrowthTargets dividend-paying stocks with strong profit margins and earnings growth, catering to income-oriented investors seeking stability and growth. Screens stocks with Dividend Yield above 3%, Net Profit Margin surpassing 20%, and EPS growth surpassing 4%.",8609,8609,SUCCESS,20,
ETnow,"Growth Stocks with Strong Profit Margin and Positive Cash FlowFocuses on growth-oriented stocks with strong profit margins and positive cash flow, appealing to investors seeking growth and financial stability. Identifies stocks with EPS growth exceeding 4%, Net Profit Margin surpassing 20%, and positive Cash from Operations.",8610,8610,SUCCESS,165,
ETnow,"Growth Stocks with Strong Return on Equity (ROE) and Positive Earnings GrowthHighlights growth-oriented stocks with strong return on equity and positive earnings growth, appealing to investors seeking growth with financial strength. Targets stocks with Return on Equity exceeding 18% and EPS growth surpassing 4%.",8611,8611,SUCCESS,250,
ETnow,"Growth Stocks with Strong Profit Margin and Positive Price PerformanceIdentifies growth-oriented stocks with strong profit margins and recent price performance, catering to investors seeking growth potential. Screens stocks with EPS growth exceeding 14%, Net Profit Margin surpassing 20%, and 1-year Returns above 5%.",8612,8612,SUCCESS,73,
ETnow,"High-Quality Dividend Stocks with Strong Profit Margin and Positive Price PerformanceFocuses on dividend-paying stocks with strong profit margins and positive price performance, catering to income and stability seekers. Targets stocks with Dividend Yield above 3%, Net Profit Margin surpassing 20%, and 1-year Returns above 5%.",8613,8613,SUCCESS,4,
ETnow,"Growth Stocks with Strong Return on Equity (ROE) and Positive Cash FlowIdentifies growth-oriented stocks with strong return on equity and positive cash flow, appealing to investors seeking growth with financial strength. Highlights stocks with EPS growth exceeding 3%, Return on Equity surpassing 18%, and positive Cash from Operations.",8614,8614,SUCCESS,240,
ETnow,"High-Quality Dividend Stocks with Strong Profit Margin and Positive Earnings GrowthTargets dividend-paying stocks with strong profit margins and earnings growth, catering to income-oriented investors seeking stability and growth. Screens stocks with Dividend Yield above 3%, Net Profit Margin surpassing 20%, and EPS growth surpassing 4%.",8615,8615,SUCCESS,20,
ETnow,"Growth Stocks with Strong Profitability and Positive Price PerformanceFocuses on growth-oriented stocks with strong earnings growth and recent price performance, appealing to investors seeking growth with stability. Identifies stocks with EPS growth exceeding 4%, Net Profit Margin surpassing 20%, and 1-year Returns above 5%.",8616,8616,SUCCESS,85,
ETnow,"High-Quality Dividend Stocks with Positive Profit Margin and Positive Earnings GrowthHighlights dividend-paying stocks with strong profit margins and positive earnings growth, appealing to income-oriented investors seeking stability and growth. Targets stocks with Dividend Yield above 3%, Net Profit Margin surpassing 20%, and EPS growth surpassing 4%.",8617,8617,SUCCESS,20,
ETnow,"Growth Stocks with Strong Return on Equity (ROE) and Positive Cash FlowFinds growth-focused stocks with robust ROE and cash flow, attractive to investors pursuing growth and financial stability, emphasizing EPS, ROE, and cash flow.",8618,8618,SUCCESS,240,
ETnow,"Growth Stocks with Strong Return on Equity (ROE) and Positive Earnings GrowthFocuses on growth-oriented stocks with strong return on equity and positive earnings growth, catering to investors seeking growth potential. Targets stocks with EPS growth surpassing 3% and Return on Equity exceeding 18%.",8619,8619,SUCCESS,250,
ETnow,"Close Within 52 Week Low Zone Close Within 52 Week Low Zone refers to stocks that have recently closed their trading session at a price level that is within the range of their lowest price observed in the past 52 weeks. It suggests that the stock is currently trading near its lowest point in the past year. Utilize this data page to identify stocks that are trading within their 52-week low zone. This information can be useful for investors looking for potential buying opportunities or stocks that may be oversold. However, it is important to conduct further analysis and consider other factors before making investment decisions. Embark on a journey where the whispers of opportunity converge with the depths of the market. Witness the resilience of stocks as they navigate the realm of their 52-week lows, teetering on the precipice of possibility. Explore the hidden potential that lies within these undervalued gems, waiting to be unearthed.",8620,8620,SUCCESS,250,
ETnow,"Close Below Last Month LowDiscover Indian stocks, including Sensex and Nifty, breaking previous month's lows, aiding traders to spot trends and investment opportunities.",8621,8621,SUCCESS,13,
ETnow,"Close Above Last Month HighIdentify Indian stocks, like Sensex and Nifty, closing above the prior month's highest price, aiding traders and investors in spotting bullish trends",8622,8622,SUCCESS,11,
ETnow,"Close Crossing Last Month Close from AboveLast month's closing price above crossing in Indian stock market signals potential market sentiment shift, aiding traders and investors.",8623,8623,SUCCESS,0,
ETnow,"Close Crossing Last Month Close From BelowDiscover Indian stock market winners as stocks surpass their prior month's closing price, signaling potential opportunities for traders and investors",8624,8624,SUCCESS,0,
ETnow,"Price below Book Value Discover undervalued Indian stocks, including Sensex and Nifty components, trading below their book value, offering potential value opportunities for investors",8625,8625,SUCCESS,250,
ETnow,"Price above Book ValueDiscover Indian stocks on Sensex and Nifty trading above book value, showcasing investor trust and market recognition for potential growth.",8626,8626,SUCCESS,250,
ETnow,"Increasing Cash From OperationsDiscover Indian market stocks, Sensex and Nifty, displaying continuous growth in operational cash flow, suggesting strong financial performance and efficiency",8627,8627,SUCCESS,250,
ETnow,"Consistently Decreasing LeverageDiscover Indian stocks on Sensex and Nifty with a track record of decreasing debt, signaling financial prudence and long-term stability.",8628,8628,SUCCESS,250,
ETnow,"Consistently Increasing LeverageConsistent Leverage Growth indicates a company's ongoing increase in debt relative to equity, aiding investors in assessing financial risk",8629,8629,SUCCESS,90,
ETnow,"High Leverage""High Leverage signifies a company's substantial debt compared to its equity or assets, showing reliance on borrowed funds for operations. Investors use this data for assessing a company's debt levels and financial stability, but thorough analysis and other factors are vital for investment decisions",8633,8633,SUCCESS,5,
ETnow,"Moderate LeverageDiscover companies with moderate leverage, maintaining a balanced debt-to-equity ratio. Valuable for prudent investors seeking balanced risk-reward profiles",8634,8634,SUCCESS,38,
ETnow,"Low LeverageLow leverage signifies a company's reliance on minimal debt in comparison to equity or assets, suggesting lower financial risk. Investors benefit from identifying such companies for stability, especially during economic downturns. Prioritize financial prudence and resilience when considering investments.",8635,8635,SUCCESS,241,
ETnow,"No Leverage""No Leverage"" signifies a company with minimal or no debt relative to its equity/assets, operating without reliance on borrowed funds. Useful for investors valuing low-risk financial structures, no leverage firms may offer stronger financial positions, reduced interest costs, and flexibility. However, consider additional financial indicators before investing. Enter a world where financial freedom reigns, companies prosper sans debt, and explore the beauty of financial autonomy.",8636,8636,SUCCESS,250,
ETnow,"Increasing Quarterly SalesIdentify Indian stock market gems: stocks, particularly Sensex and Nifty, with consistent quarterly sales growth, signaling expansion and demand. Ideal for long-term investors.",8637,8637,SUCCESS,0,
ETnow,"Quarterly Net Profit Growth YoYExplore Indian stocks on Sensex and Nifty with consistent YoY quarterly net profit growth, indicating strong financial performance and potential investments.",8640,8640,SUCCESS,250,
ETnow,"High Pledge""High Pledge signifies a company using a significant share or asset portion as loan collateral, suggesting financial challenges or capital needs. Investors, assess risk by identifying high pledge ratios, but consider other indicators. Companies pledge assets to realize ambitions amidst financial commitments",8641,8641,SUCCESS,105,
ETnow,"Moderate PledgeThe Moderate Pledge signifies a company using a reasonable portion of assets or shares as loan collateral, suggesting financial commitment. Assess wisely.",8642,8642,SUCCESS,99,
ETnow,"Decreasing PledgeDecreasing Pledge signifies a company's gradual reduction in collateral for loans, showing financial improvement. Use this data to spot responsible financial management in companies. However, exercise caution and analyze more indicators before investing. Witness the journey of companies shedding financial obligations for stability",8643,8643,SUCCESS,115,
ETnow,"Increasing PledgeRising Pledge signifies a company gradually increasing assets pledged for loans, suggesting financial pressure or capital needs. Analyze pledge trends for risk, but evaluate other factors for investment decisions",8644,8644,SUCCESS,150,
ETnow,"High MF ShareholdingHigh mutual fund shareholding indicates substantial investment by professional fund managers, reflecting confidence in a company's growth potential. Identify such companies here for informed investment decisions",8645,8645,SUCCESS,250,
ETnow,Decrease in MF ShareholdingDiscover the MF Shareholding Decline: Mutual funds reducing holdings in companies due to varied factors. Analyze and adapt to market changes,8646,8646,SUCCESS,250,
ETnow,"Increase in MF ShareholdingDiscover companies with growing MF shareholding, indicating mutual funds' confidence in their potential. Use this data for investment insights",8647,8647,SUCCESS,250,
ETnow,"Consistently High Dividend Payout RatioConsistently High Dividend Payout Ratio refers to companies that consistently distribute a significant portion of their earnings as dividends to shareholders. A high dividend payout ratio indicates that a substantial proportion of the company's profits is being returned to investors in the form of dividends, potentially making it an attractive choice for income-seeking investors. Utilize this data page to identify companies that have a consistent track record of maintaining a high dividend payout ratio. This information can be valuable for investors seeking stable and reliable income from their investments. However, it is important to consider other factors such as the company's financial stability, growth prospects, and dividend sustainability before making investment decisions. Enter the realm of consistent returns, where companies shower their investors with a generous share of profits. Behold the captivating world of consistently high dividend payout ratios, where companies demonstrate their commitment to rewarding shareholders and creating long-term value.",8648,8648,SUCCESS,94,
ETnow,"Nifty50 Daily UnderperformersNifty50 Daily Underperformers are stocks within the Nifty50 index displaying weaker daily performance compared to the overall benchmark, aiding investors in spotting potential opportunities amidst market fluctuations.",8649,8649,SUCCESS,250,
ETnow,"Nifty50 Daily OutperformersDiscover Nifty50 Daily Outperformers, showcasing stocks that consistently outshine the Nifty50 index with higher daily price movements, aiding investment analysis",8650,8650,SUCCESS,250,
ETnow,"Decreasing Quarterly LossesIdentify firms with improving financial performance through decreasing quarterly losses. Valuable for investors, consider other factors before investment decisions",8651,8651,SUCCESS,73,
ETnow,"Increasing Trading Activity with Negative Weekly returns - Micro CapAmidst weekly losses, micro-cap stocks exhibit increased trading, reflecting investor interest. Use this data for monitoring, but conduct thorough research before investing.",8653,8653,SUCCESS,153,
ETnow,"Increasing Trading Activity with Negative Weekly returns - Mid CapDiscover mid-cap stocks experiencing increased trading activity despite weekly losses, offering insight for engaged traders and investors seeking opportunities.",8654,8654,SUCCESS,45,
ETnow,Increasing Trading Activity with Negative Weekly returns - Large CapDiscovering Momentum in Large-Cap Stocks Amidst Weekly Losses: Identifying High Trading Activity Despite Negative Returns - Valuable Insights for Investors.,8655,8655,SUCCESS,28,
ETnow,"Increasing Trading Activity with Positive Weekly returns - Micro CapExplore Micro-Cap Momentum: Rising Trade Volume, Weekly Gains. Valuable for Investors. Due diligence, market analysis essential before investment.",8656,8656,SUCCESS,87,
ETnow,"Increasing Trading Activity with Positive Weekly returns - Large CapDiscover the synergy of rising trading activity and weekly gains in Large Cap stocks, offering opportunities for informed investors. Explore now!",8657,8657,SUCCESS,23,
ETnow,Increasing Trading Activity with Positive Weekly returns - Mid CapDiscover Mid-Cap Stocks: Rising Trading Activity & Weekly Profits. Identify investment potential but research thoroughly before diving into this exciting world.,8658,8658,SUCCESS,26,
ETnow,"Increasing Quarterly Interest Costs Explore the Quarterly Interest Cost Surge data page, spotlighting companies grappling with escalating interest expenses, a crucial indicator of financial health",8660,8660,SUCCESS,48,
ETnow,"Low Current Ratio A low Current Ratio data page focuses on stocks with a ratio below the industry average, indicating possible liquidity challenges. Investors use it to assess risk and find investment opportunities.",8661,8661,SUCCESS,227,
ETnow,"Moderate Current RatioExplore a data page highlighting stocks or firms with a moderate current ratio, signaling a balanced liquidity position compared to peers",8662,8662,SUCCESS,250,
ETnow,"High Current RatioExplore a financial world of strength: High Current Ratio identifies firms with robust liquidity, excelling in short-term obligation handling",8663,8663,SUCCESS,250,
ETnow,"Increase in Promoter ShareholdingPromoter Shareholding Boost: A data page highlighting companies where major stakeholders raise ownership stakes, signaling confidence in long-term growth",8664,8664,SUCCESS,250,
ETnow,"Decrease in FII ShareholdingFII Shareholding Decline: Discover shifts in foreign investors' sentiment as they reduce stakes in certain stocks, offering valuable investment insights",8665,8665,SUCCESS,250,
ETnow,"Increase in FII ShareholdingFII Shareholding Surge: Track stocks where foreign institutional investors (FIIs) boost ownership, signaling confidence. Investors use this data to spot potential growth opportunities",8666,8666,SUCCESS,250,
ETnow,"Increase in DII ShareholdingDII Shareholding Surge: Discover stocks with increased domestic institutional investor ownership, a sign of confidence and potential market opportunities",8668,8668,SUCCESS,250,
ETnow,"Very High Promoter ShareholdingExplore a data page featuring stocks with significant promoter ownership, indicating strong control, stability, and alignment of interests for investors",8669,8669,SUCCESS,100,
ETnow,"High Promoter ShareholdingHigh Promoter Shareholding data highlights companies with significant ownership by key stakeholders, indicating control, stability, and alignment of interests",8670,8670,SUCCESS,250,
ETnow,"High DII ShareholdingHigh DII Shareholding signifies significant ownership by Domestic Institutional Investors (DIIs) in stocks, influencing market dynamics, indicating confidence, and revealing investment opportunities",8671,8671,SUCCESS,235,
ETnow,"High FII ShareholdingExplore a data page on High FII Shareholding, spotlighting stocks favored by foreign institutional investors, impacting liquidity, and market sentiment",8672,8672,SUCCESS,140,
ETnow,"Low PEG RatioExplore a data page highlighting stocks with a favorable Price/Earnings to Growth (PEG) ratio, indicating potential undervaluation and attractive investment opportunities",8673,8673,SUCCESS,250,
ETnow,"High PEG RatioA high PEG Ratio data page focuses on stocks with elevated Price/Earnings to Growth ratios, suggesting potential overvaluation and risks.",8674,8674,SUCCESS,250,
ETnow,"Moderate PEExplore data on stocks with moderate Price-to-Earnings (PE) ratios, signifying balanced valuations, where price aligns reasonably with earnings, enticing investors",8675,8675,SUCCESS,250,
ETnow,"High PEHigh PE pages spotlight stocks with elevated Price-to-Earnings ratios, signifying market optimism about future growth but requiring careful evaluation",8676,8676,SUCCESS,250,
ETnow,"Very High PEVery High PE focuses on stocks with exceptionally high Price-to-Earnings ratios, indicating possible overvaluation. Explore this world of ambitious valuations",8677,8677,SUCCESS,250,
ETnow,"Consistently High ROEDiscover Indian stocks, particularly Sensex and Nifty ones, with enduring high ROE, signifying robust profit generation, attracting savvy investors",8678,8678,SUCCESS,250,
ETnow,"Consistently High ROCEDiscover Indian stocks on Sensex and Nifty with a strong, consistent ROCE, signifying efficient capital use and appealing to investors",8679,8679,SUCCESS,250,
ETnow,Negative Breakout First Support,7560-negative-breakout-first-support,7560-negative-breakout-first-support,SUCCESS,250,
ETnow,Negative Breakout Second Support,7561-negative-breakout-second-support,7561-negative-breakout-second-support,SUCCESS,250,
ETnow,Negative Breakout Third Support,7562-negative-breakout-third-support,7562-negative-breakout-third-support,SUCCESS,250,
ETnow,Current Ratio Annual,7860-current-ratio-annual,7860-current-ratio-annual,SUCCESS,250,
ETnow,Net Profit QoQ Growth %,7862-net-profit-qoq-growth,7862-net-profit-qoq-growth,SUCCESS,250,
ETnow,Net Profit Qtr Growth YoY %,7863-net-profit-qtr-growth-yoy,7863-net-profit-qtr-growth-yoy,SUCCESS,250,
ETnow,EBIT Margin,7865-ebit-margin,7865-ebit-margin,SUCCESS,250,
ETnow,Net Sales QoQ chng,7866-net-sales-qoq-chng,7866-net-sales-qoq-chng,SUCCESS,250,
ETnow,Qtr Net Sales YoY chng,7867-qtr-net-sales-yoy-chng,7867-qtr-net-sales-yoy-chng,SUCCESS,250,
ETnow,RoA Annual %,7869-roa-annual,7869-roa-annual,SUCCESS,250,
ETnow,ROCE Annual %,7872-roce-annual,7872-roce-annual,SUCCESS,250,
ETnow,ROE Annual %,7875-roe-annual,7875-roe-annual,SUCCESS,250,
ETnow,Relative Outperformers to Sector,8130-relative-outperformers-to-sector,8130-relative-outperformers-to-sector,SUCCESS,250,
ETnow,Relative Underperformers to Sector,8166-relative-underperformers-to-sector,8166-relative-underperformers-to-sector,SUCCESS,250,
ETnow,Relative Outperformers to Industry,8139-relative-outperformers-to-industry,8139-relative-outperformers-to-industry,SUCCESS,250,
ETnow,Relative Underperformers to Industry,8175-relative-underperformers-to-industry,8175-relative-underperformers-to-industry,SUCCESS,250,
ETnow,Relative Outperformers to Nifty50,8148-relative-outperformers-to-nifty50,8148-relative-outperformers-to-nifty50,SUCCESS,250,
ETnow,Relative Underperformers to Nifty50,8184-relative-underperformers-to-nifty50,8184-relative-underperformers-to-nifty50,SUCCESS,250,
ETnow,Relative Outperformers to Sensex,8157-relative-outperformers-to-sensex,8157-relative-outperformers-to-sensex,SUCCESS,250,
ETnow,Relative Underperformers to Sensex,8193-relative-underperformers-to-sensex,8193-relative-underperformers-to-sensex,SUCCESS,250,
ETnow,Promoter Shareholding-Bought by Promoter,8780-promoter-shareholding-bought-by-promoter,8780-promoter-shareholding-bought-by-promoter,SUCCESS,250,
ETnow,Promoter Shareholding-Sold by Promoter,8781-promoter-shareholding-sold-by-promoter,8781-promoter-shareholding-sold-by-promoter,SUCCESS,250,
ETnow,Promoter Shareholding-Highest Promoter Pledges,8784-promoter-shareholding-highest-promoter-pledges,8784-promoter-shareholding-highest-promoter-pledges,SUCCESS,250,
ETnow,Promoter Shareholding-Increase in Pledges,8786-promoter-shareholding-increase-in-pledges,8786-promoter-shareholding-increase-in-pledges,SUCCESS,158,
ETnow,Promoter Shareholding-Decrease in Pledges,8787-promoter-shareholding-decrease-in-pledges,8787-promoter-shareholding-decrease-in-pledges,SUCCESS,122,
ETnow,FII Shareholding- Bought By FII,8792-fii-shareholding-bought-by-fii,8792-fii-shareholding-bought-by-fii,SUCCESS,250,
ETnow,FII Shareholding- Sold By FII,8793-fii-shareholding-sold-by-fii,8793-fii-shareholding-sold-by-fii,SUCCESS,250,
ETnow,FII Shareholding- Highest FII Holdings,8790-fii-shareholding-highest-fii-holdings,8790-fii-shareholding-highest-fii-holdings,SUCCESS,250,
ETnow,MF Shareholding- Bought by MF,8798-mf-shareholding-bought-by-mf,8798-mf-shareholding-bought-by-mf,SUCCESS,250,
ETnow,MF Shareholding- Sold by MF,8799-mf-shareholding-sold-by-mf,8799-mf-shareholding-sold-by-mf,SUCCESS,250,
ETnow,MF Shareholding- Highest MF Holdings,8796-mf-shareholding-highest-mf-holdings,8796-mf-shareholding-highest-mf-holdings,SUCCESS,250,
ETnow,Top Gainers,6925-top-gainers,6925-top-gainers,SUCCESS,0,
ETnow,Top Losers,6926-top-losers,6926-top-losers,SUCCESS,0,
ETnow,Hourly Gainers,6941-hourly-gainers,6941-hourly-gainers,SUCCESS,0,
ETnow,Hourly Losers,6942-hourly-losers,6942-hourly-losers,SUCCESS,0,
ETnow,Most Active - Volume,6927-most-active-volume,6927-most-active-volume,SUCCESS,0,
ETnow,Most Active - Value,6928-most-active-value,6928-most-active-value,SUCCESS,0,
ETnow,Only Buyers,6929-only-buyers,6929-only-buyers,SUCCESS,0,
ETnow,Only Sellers,6930-only-sellers,6930-only-sellers,SUCCESS,0,
ETnow,New 52 Week High,6931-new-52-week-high,6931-new-52-week-high,SUCCESS,0,
ETnow,New 52 Week Low,6932-new-52-week-low,6932-new-52-week-low,SUCCESS,0,
ETnow,Near 52 Week High,6933-near-52-week-high,6933-near-52-week-high,SUCCESS,0,
ETnow,Near 52 Week Low,6934-near-52-week-low,6934-near-52-week-low,SUCCESS,0,
ETnow,Fall From Intraday High,6935-fall-from-intraday-high,6935-fall-from-intraday-high,SUCCESS,0,
ETnow,Recovery from Intraday Low,6936-recovery-from-intraday-low,6936-recovery-from-intraday-low,SUCCESS,0,
ETnow,Volume Shockers,6937-volume-shockers,6937-volume-shockers,SUCCESS,0,
ETnow,Golden Cross,7213-golden-cross,7213-golden-cross,SUCCESS,250,
ETnow,Death Cross,7221-death-cross,7221-death-cross,SUCCESS,250,
ETnow,SMA-SMA Crossovers,7021-sma-sma-crossovers,7021-sma-sma-crossovers,SUCCESS,250,
ETnow,EMA-EMA Crossovers,7308-ema-ema-crossovers,7308-ema-ema-crossovers,SUCCESS,250,
ETnow,Above SMA-20,6986-above-sma-20,6986-above-sma-20,SUCCESS,250,
ETnow,Above SMA-50,6988-above-sma-50,6988-above-sma-50,SUCCESS,250,
ETnow,Below SMA-20,6994-below-sma-20,6994-below-sma-20,SUCCESS,250,
ETnow,Below SMA-50,6996-below-sma-50,6996-below-sma-50,SUCCESS,250,
ETnow,Crossed Above SMA-20,7002-crossed-above-sma-20,7002-crossed-above-sma-20,SUCCESS,69,
ETnow,Crossed Above SMA-50,7004-crossed-above-sma-50,7004-crossed-above-sma-50,SUCCESS,51,
ETnow,Crossed Below SMA-20,7010-crossed-below-sma-20,7010-crossed-below-sma-20,SUCCESS,250,
ETnow,Crossed Below SMA-50,7012-crossed-below-sma-50,7012-crossed-below-sma-50,SUCCESS,250,
ETnow,Above EMA-20,7273-above-ema-20,7273-above-ema-20,SUCCESS,250,
ETnow,Above EMA-50,7275-above-ema-50,7275-above-ema-50,SUCCESS,250,
ETnow,Below EMA-20,7281-below-ema-20,7281-below-ema-20,SUCCESS,250,
ETnow,Below EMA-50,7283-below-ema-50,7283-below-ema-50,SUCCESS,250,
ETnow,Crossed Above EMA-20,7289-crossed-above-ema-20,7289-crossed-above-ema-20,SUCCESS,80,
ETnow,Crossed Above EMA-50,7291-crossed-above-ema-50,7291-crossed-above-ema-50,SUCCESS,46,
ETnow,Crossed Below EMA-20,7297-crossed-below-ema-20,7297-crossed-below-ema-20,SUCCESS,250,
ETnow,Crossed Below EMA-50,7299-crossed-below-ema-50,7299-crossed-below-ema-50,SUCCESS,250,
ETnow,Below 20,7847-below-20,7847-below-20,SUCCESS,13,
ETnow,Above 80,7846-above-80,7846-above-80,SUCCESS,51,
ETnow,Crossed Below 20,7849-crossed-below-20,7849-crossed-below-20,SUCCESS,2,
ETnow,Crossed Above 20,7848-crossed-above-20,7848-crossed-above-20,SUCCESS,6,
ETnow,Crossed Below 30,7849-crossed-below-30,7849-crossed-below-30,SUCCESS,30,
ETnow,Crossed Above 30,7848-crossed-above-30,7848-crossed-above-30,SUCCESS,19,
ETnow,Crossed Below 70,7849-crossed-below-70,7849-crossed-below-70,SUCCESS,85,
ETnow,Crossed Above 70,7848-crossed-above-70,7848-crossed-above-70,SUCCESS,35,
ETnow,Crossed Below 80,7849-crossed-below-80,7849-crossed-below-80,SUCCESS,7,
ETnow,Crossed Above 80,7848-crossed-above-80,7848-crossed-above-80,SUCCESS,8,
ETnow,MACD Crossed above Signal,7850-macd-crossed-above-signal,7850-macd-crossed-above-signal,SUCCESS,160,
ETnow,MACD Crossed below Signal,7851-macd-crossed-below-signal,7851-macd-crossed-below-signal,SUCCESS,177,
ETnow,Above Upper BB,7852-above-upper-bb,7852-above-upper-bb,SUCCESS,250,
ETnow,Crossed Above Upper BB,7856-crossed-above-upper-bb,7856-crossed-above-upper-bb,SUCCESS,50,
ETnow,Crossed Above Lower BB,7857-crossed-above-lower-bb,7857-crossed-above-lower-bb,SUCCESS,3,
ETnow,Below Lower BB,7855-below-lower-bb,7855-below-lower-bb,SUCCESS,215,
ETnow,Crossed Below Upper BB,7858-crossed-below-upper-bb,7858-crossed-below-upper-bb,SUCCESS,250,
ETnow,Crossed Below Lower BB,7859-crossed-below-lower-bb,7859-crossed-below-lower-bb,SUCCESS,181,
ETnow,Fast Stochastic Above 80,8809-fast-stochastic-above-80,8809-fast-stochastic-above-80,SUCCESS,250,
ETnow,Fast Stochastic Below 20,8811-fast-stochastic-below-20,8811-fast-stochastic-below-20,SUCCESS,250,
ETnow,Fast Stochastic Crossed Above Slow Stochastic,8812-fast-stochastic-crossed-above-slow-stochastic,8812-fast-stochastic-crossed-above-slow-stochastic,SUCCESS,116,
ETnow,Fast Stochastic Crossed Below Slow Stochastic,8814-fast-stochastic-crossed-below-slow-stochastic,8814-fast-stochastic-crossed-below-slow-stochastic,SUCCESS,225,
ETnow,Positive Breakout First Resistance,7557-positive-breakout-first-resistance,7557-positive-breakout-first-resistance,SUCCESS,250,
ETnow,Positive Breakout Second Resistance,7558-positive-breakout-second-resistance,7558-positive-breakout-second-resistance,SUCCESS,250,
ETnow,Positive Breakout Third Resistance,7559-positive-breakout-third-resistance,7559-positive-breakout-third-resistance,SUCCESS,139,
MoneyControl,Bargain Buys,146,146,SUCCESS,12,
MoneyControl,Re-Rating Candidates,181,181,SUCCESS,3,
MoneyControl,"BV Decreasing, Valuation High",178,178,SUCCESS,46,
MoneyControl,"Sales Decreasing, Price Increasing",182,182,SUCCESS,10,
MoneyControl,DII Buying FII Buying,176,176,SUCCESS,295,
MoneyControl,Turnaround Stories,184,184,SUCCESS,38,
MoneyControl,Institutional Selling,177,177,SUCCESS,260,
MoneyControl,Promoter Holding High but Pledged,165,165,SUCCESS,19,
MoneyControl,"Rising Profits, Falling Margins",174,174,SUCCESS,321,
MoneyControl,"BV Increasing, Valuation Low",179,179,SUCCESS,434,
MoneyControl,Increasing Debt to Equity,168,168,SUCCESS,733,
MoneyControl,FII Favourites,364,364,SUCCESS,21,
MoneyControl,Rocket Profit,366,366,SUCCESS,41,
MoneyControl,Shareholders Delight,369,369,SUCCESS,33,
MoneyControl,Jet Growth,367,367,SUCCESS,14,
MoneyControl,Growth Goose,370,370,SUCCESS,64,
MoneyControl,10X Sales Growth Explosion,374,374,SUCCESS,31,
MoneyControl,Profit Pearls,371,371,SUCCESS,187,
MoneyControl,Debt Load,378,378,SUCCESS,24,
MoneyControl,Book Value Bargains,376,376,SUCCESS,37,
MoneyControl,High Promoter Holding,365,365,SUCCESS,443,
MoneyControl,Profit Margin Leaders,379,379,SUCCESS,82,
MoneyControl,Institutions Favourites,382,382,SUCCESS,100,
MoneyControl,10X Profit Growth Explosion,375,375,SUCCESS,213,
MoneyControl,Sales Pioneers,381,381,SUCCESS,213,
MoneyControl,Low Public Holding,383,383,SUCCESS,239,
MoneyControl,Shrinking Book Value,388,388,SUCCESS,98,
MoneyControl,Sales More than Market Cap,390,390,SUCCESS,125,
MoneyControl,Cash Kings,362,362,SUCCESS,1037,
MoneyControl,PE Century,391,391,SUCCESS,145,
MoneyControl,5X Premium to Book Value,377,377,SUCCESS,553,
MoneyControl,Optimal Capital Allocation,397,397,SUCCESS,105,
MoneyControl,FII Long Term Favourites,405,405,SUCCESS,5,
MoneyControl,Consistently Rising Profit Margins,403,403,SUCCESS,60,
MoneyControl,Consistently Rising Sales,399,399,SUCCESS,247,
MoneyControl,Highest Dividend Yields,412,412,SUCCESS,12,
MoneyControl,Consistently Rising Profits,400,400,SUCCESS,122,
MoneyControl,DIIs Favourites,408,408,SUCCESS,133,
MoneyControl,Dividend Champions,411,411,SUCCESS,148,
MoneyControl,Potential Superstars,419,419,SUCCESS,4,
MoneyControl,EPS Champions,416,416,SUCCESS,34,
MoneyControl,"DII Selling, FII Buying",410,410,SUCCESS,356,
MoneyControl,High Valuations,422,422,SUCCESS,25,
MoneyControl,Operations Unsuccessful,430,430,SUCCESS,95,
MoneyControl,Rising Book Value,389,389,SUCCESS,1008,
MoneyControl,"FII Selling, DII Buying",409,409,SUCCESS,517,
MoneyControl,Multiyear Discounts,425,425,SUCCESS,71,
MoneyControl,Operations Successful,429,429,SUCCESS,217,
MoneyControl,"Rising Revenue, Falling Debt",424,424,SUCCESS,412,
MoneyControl,Triple Trouble,432,432,SUCCESS,58,
MoneyControl,Money Spinners,431,431,SUCCESS,176,
MoneyControl,Double Trouble,423,423,SUCCESS,569,
MoneyControl,Profit Pioneers,435,435,SUCCESS,383,
MoneyControl,Triple Dhamaka,434,434,SUCCESS,875,
MoneyControl,Decreasing ROCE,172,172,SUCCESS,291,
MoneyControl,Improving ROE,169,169,SUCCESS,666,
MoneyControl,Improving ROCE,171,171,SUCCESS,728,
MoneyControl,Decreasing Debt to Equity,167,167,SUCCESS,916,
MoneyControl,Decreasing ROE,170,170,SUCCESS,984,
MoneyControl,Low PE Stocks,392,392,SUCCESS,22,
MoneyControl,Least Efficient Use of Capital,398,398,SUCCESS,10,
MoneyControl,Price to Book Value Below Industry,393,393,SUCCESS,420,
MoneyControl,Discount to Peers,395,395,SUCCESS,510,
MoneyControl,Consistently Decreasing EPS,417,417,SUCCESS,21,
MoneyControl,Companies with Low Leverage,413,413,SUCCESS,327,
MoneyControl,Premium to Peers,396,396,SUCCESS,1065,
MoneyControl,Price to Book Value Above Industry,394,394,SUCCESS,1276,
MoneyControl,Bullish Breakaway (Daily),OHLC_D_P_BPBULL,OHLC_D_P_BPBULL,SUCCESS,5,
MoneyControl,Smart Breakout,OHLC_D_I_DSMARTBULLC,OHLC_D_I_DSMARTBULLC,SUCCESS,19,
MoneyControl,Bearish Breakaway (Daily),OHLC_D_P_BPBEAR,OHLC_D_P_BPBEAR,SUCCESS,1,
MoneyControl,Smart Breakdown,OHLC_D_I_DSMARTBEARC,OHLC_D_I_DSMARTBEARC,SUCCESS,3,
MoneyControl,RSI Power Breakout,OHLC_D_I_RSIPOWBO,OHLC_D_I_RSIPOWBO,SUCCESS,95,
MoneyControl,Breakout after consolidation,OHLC_D_I_RSI70607DNBU,OHLC_D_I_RSI70607DNBU,SUCCESS,163,
MoneyControl,Perfect Buy,OHLC_D_I_ADBBPBUY,OHLC_D_I_ADBBPBUY,SUCCESS,51,
MoneyControl,Momentum Breakout,OHLC_D_I_MOMRAVBU,OHLC_D_I_MOMRAVBU,SUCCESS,13,
MoneyControl,Trend Rider (Bullish),OHLC_D_I_ST5133BULL,OHLC_D_I_ST5133BULL,SUCCESS,13,
MoneyControl,Squeeze Breakout,OHLC_D_I_SQZBULLBO,OHLC_D_I_SQZBULLBO,SUCCESS,37,
MoneyControl,Swing Breakout,OHLC_D_I_10DSTOCHBULL,OHLC_D_I_10DSTOCHBULL,SUCCESS,271,
MoneyControl,Bullish Turtle Trading,OHLC_20D_P_CLABVPWH,OHLC_20D_P_CLABVPWH,SUCCESS,273,
MoneyControl,Rare Multibagger Breakouts,OHLC_W_I_RSIMULTIBAG,OHLC_W_I_RSIMULTIBAG,SUCCESS,25,
MoneyControl,Bold Bulls,OHLC_D_I_BOLDBULL,OHLC_D_I_BOLDBULL,SUCCESS,133,
MoneyControl,BTST,OHLC_D_I_BTSTOND,OHLC_D_I_BTSTOND,SUCCESS,11,
MoneyControl,Strong Stocks,OHLC_D_I_CLSERIESBULL,OHLC_D_I_CLSERIESBULL,SUCCESS,31,
MoneyControl,Triangle Breakout,OHLC_D_I_TRNGLCANDBULL,OHLC_D_I_TRNGLCANDBULL,FAILED,17,HTTP status 400
MoneyControl,Rising Three Candle Pattern (Daily),OHLC_D_I_RISE3BULL,OHLC_D_I_RISE3BULL,SUCCESS,5,
MoneyControl,RSI Power Breakdown,OHLC_D_I_RSIPOWBD,OHLC_D_I_RSIPOWBD,SUCCESS,66,
MoneyControl,Breakdown after consolidation,OHLC_D_I_RSI70607DNBE,OHLC_D_I_RSI70607DNBE,SUCCESS,7,
MoneyControl,Perfect Sell,OHLC_D_I_ADBBPSELL,OHLC_D_I_ADBBPSELL,SUCCESS,4,
MoneyControl,Momentum Breakdown,OHLC_D_I_MOMRAVBE,OHLC_D_I_MOMRAVBE,SUCCESS,1,
MoneyControl,Trend Rider (Bearish),OHLC_D_I_ST5133BEAR,OHLC_D_I_ST5133BEAR,SUCCESS,3,
MoneyControl,Squeeze Breakdown,OHLC_D_I_SQZBEARBO,OHLC_D_I_SQZBEARBO,SUCCESS,20,
MoneyControl,Swing Breakdown,OHLC_D_I_10DSTOCHBEAR,OHLC_D_I_10DSTOCHBEAR,SUCCESS,107,
MoneyControl,Bearish Turtle Trading,OHLC_20D_P_CLBLWPWL,OHLC_20D_P_CLBLWPWL,SUCCESS,96,
MoneyControl,Bold Bears,OHLC_D_I_BOLDBEAR,OHLC_D_I_BOLDBEAR,SUCCESS,31,
MoneyControl,STBT,OHLC_D_I_STBTOND,OHLC_D_I_STBTOND,SUCCESS,9,
MoneyControl,Weak Stocks,OHLC_D_I_CLSERIESBEAR,OHLC_D_I_CLSERIESBEAR,SUCCESS,22,
MoneyControl,Triangle Breakdown,OHLC_D_I_TRNGLCANDBEAR,OHLC_D_I_TRNGLCANDBEAR,SUCCESS,8,
MoneyControl,Rising Three Breakdown,OHLC_D_I_RISE3BEAR,OHLC_D_I_RISE3BEAR,SUCCESS,1,
MoneyControl,52 Week High,OHLC_W_P_52HIGH,OHLC_W_P_52HIGH,SUCCESS,138,
MoneyControl,2 year Breakout,OHLC_D_P_2YRHIGH,OHLC_D_P_2YRHIGH,SUCCESS,57,
MoneyControl,3 Year Breakout,OHLC_D_P_3YRHIGH,OHLC_D_P_3YRHIGH,SUCCESS,38,
MoneyControl,5 Year Breakout,OHLC_D_P_5YRHIGH,OHLC_D_P_5YRHIGH,SUCCESS,26,
MoneyControl,All Time High,OHLC_D_P_ALLTIMEH,OHLC_D_P_ALLTIMEH,SUCCESS,46,
MoneyControl,Open = Low,OHLC_D_P_OPENLOW,OHLC_D_P_OPENLOW,SUCCESS,292,
MoneyControl,52 Week Low,OHLC_W_P_52LOW,OHLC_W_P_52LOW,SUCCESS,21,
MoneyControl,2 Year Breakdown,OHLC_D_P_2YRLOW,OHLC_D_P_2YRLOW,SUCCESS,5,
MoneyControl,3 Year Breakdown,OHLC_D_P_3YRLOW,OHLC_D_P_3YRLOW,SUCCESS,4,
MoneyControl,5 Year Breakdown,OHLC_D_P_5YRLOW,OHLC_D_P_5YRLOW,SUCCESS,2,
MoneyControl,All Time Low,OHLC_D_P_ALLTIMEL,OHLC_D_P_ALLTIMEL,SUCCESS,9,
Trendlyne,MFs and FII/DIIs increasing their shareholding QoQ,mfs-and-fii/diis-increasing-their-shareholding-qoq,19814,SUCCESS,31,
Trendlyne,Buys by Superstar Investors,buys-by-superstar-investors,153269,SUCCESS,0,
Trendlyne,High DVM Mid and Small Caps (subscription),high-dvm-mid-and-small-caps-(subscription),19746,SUCCESS,100,
Trendlyne,High Momentum - Stocks with Highest Trendlyne Momentum Score,high-momentum---stocks-with-highest-trendlyne-momentum-score,3057,SUCCESS,20,
Trendlyne,High Momentum - Stocks with Highest Trendlyne Momentum Scores and High Volumes,high-momentum---stocks-with-highest-trendlyne-momentum-scores-and-high-volumes,280337,SUCCESS,20,
Trendlyne,High Piotroski Score - Companies with strong financials,high-piotroski-score---companies-with-strong-financials,6211,SUCCESS,100,
Trendlyne,All Stars: High Scorers Across Metrics,all-stars:-high-scorers-across-metrics,190803,SUCCESS,67,
Trendlyne,High Trendlyne Checklist Score Stocks,high-trendlyne-checklist-score-stocks,387668,SUCCESS,100,
Trendlyne,"Stocks in PE Buy Zone with Reasonable Durability Score, and Rising Momentum Score","stocks-in-pe-buy-zone-with-reasonable-durability-score,-and-rising-momentum-score",66655,SUCCESS,100,
Trendlyne,"Low PE stocks with PE TTM lower than 3 year, 5 year and 10 year average PE","low-pe-stocks-with-pe-ttm-lower-than-3-year,-5-year-and-10-year-average-pe",548705,SUCCESS,100,
Trendlyne,"Growth Factor Screener: Rising returns on equity (ROE), Momentum, and Earnings Yield","growth-factor-screener:-rising-returns-on-equity-(roe),-momentum,-and-earnings-yield",16996,SUCCESS,100,
Trendlyne,Upcoming Bonus/Split,upcoming-bonus/split,45884,SUCCESS,5,
Trendlyne,Consistently Performing Growth Stocks,consistently-performing-growth-stocks,501877,SUCCESS,100,
Trendlyne,Darvas Scan,darvas-scan,691112,SUCCESS,100,
Trendlyne,"Stocks with improving cash flow, with good durability","stocks-with-improving-cash-flow,-with-good-durability",7154,SUCCESS,100,
Trendlyne,Forecaster Special - Strong sequential growth,forecaster-special---strong-sequential-growth,211854,SUCCESS,25,
Trendlyne,Stocks with high upside potential by Forecaster with high revenue and EPS growth outlook,stocks-with-high-upside-potential-by-forecaster-with-high-revenue-and-eps-growth-outlook,208805,SUCCESS,59,
Trendlyne,Golden Cross 50 day over 200 day,golden-cross-50-day-over-200-day,24645,SUCCESS,100,
Trendlyne,High Momentum - Stocks with Highest Trendlyne Momentum Score (Full list),high-momentum---stocks-with-highest-trendlyne-momentum-score-(full-list),523595,SUCCESS,100,
Trendlyne,Magic Formula: Joel Greenblatt,magic-formula:-joel-greenblatt,691113,SUCCESS,100,
Trendlyne,"Companies with 10% increase in share price over three months, with rising net profit growth","companies-with-10%-increase-in-share-price-over-three-months,-with-rising-net-profit-growth",11502,SUCCESS,100,
Trendlyne,Companies Benefiting From Government PLI Schemes,companies-benefiting-from-government-pli-schemes,174452,SUCCESS,0,
Trendlyne,"Forecaster Consensus Recommendation is Strong Buy, and Higher than Consensus View on Industry","forecaster-consensus-recommendation-is-strong-buy,-and-higher-than-consensus-view-on-industry",205167,SUCCESS,100,
Trendlyne,Consistent high performing stocks over Five Years,consistent-high-performing-stocks-over-five-years,32574,SUCCESS,100,
Trendlyne,Relative Outperformance versus Sector over the Quarter (3 Months),relative-outperformance-versus-sector-over-the-quarter-(3-months),371832,SUCCESS,100,
Trendlyne,PE less than sector PE,pe-less-than-sector-pe,222864,SUCCESS,100,
Trendlyne,Momentum Score (Technical Score) Daily Gainers,momentum-score-(technical-score)-daily-gainers,6159,SUCCESS,100,
Trendlyne,Stocks in the PE Sell Zone,stocks-in-the-pe-sell-zone,93730,SUCCESS,100,
Trendlyne,Sells by Superstar Investors,sells-by-superstar-investors,154274,SUCCESS,0,
Trendlyne,Wealth Destroyers In The Past six Months,wealth-destroyers-in-the-past-six-months,463821,SUCCESS,100,
Trendlyne,Companies with High Debt,companies-with-high-debt,36308,SUCCESS,100,
Trendlyne,Stocks in downtrend most likely to cross below SMA-200 soon,stocks-in-downtrend-most-likely-to-cross-below-sma-200-soon,4897,SUCCESS,100,
Trendlyne,Bearish Stocks - Stocks with Medium to Low Trendlyne Momentum Score,bearish-stocks---stocks-with-medium-to-low-trendlyne-momentum-score,3059,SUCCESS,100,
Trendlyne,Low DVM Stocks - Stocks to Exercise Caution On,low-dvm-stocks---stocks-to-exercise-caution-on,7205,SUCCESS,42,
Trendlyne,Forecaster special - Sell side,forecaster-special---sell-side,208109,SUCCESS,24,
Trendlyne,Companies with improving valuation scores after share price falls,companies-with-improving-valuation-scores-after-share-price-falls,15045,SUCCESS,29,
Trendlyne,Jim Slater's Zulu Principle (Discover Growth Stocks),jim-slater's-zulu-principle-(discover-growth-stocks),14567,SUCCESS,100,
Trendlyne,Richard Dreihaus Screen: Momentum Driven Strategy,richard-dreihaus-screen:-momentum-driven-strategy,123150,SUCCESS,100,
Trendlyne,Strong Performers - High DVM Stocks,strong-performers---high-dvm-stocks,9818,SUCCESS,87,
Trendlyne,"Strong Performer, Getting Expensive (DVM)","strong-performer,-getting-expensive-(dvm)",9823,SUCCESS,100,
Trendlyne,Expensive Stars (DVM),expensive-stars-(dvm),9824,SUCCESS,62,
Trendlyne,"Strong Performer, Under Radar Stocks (DVM)","strong-performer,-under-radar-stocks-(dvm)",9819,SUCCESS,100,
Trendlyne,Expensive Rockets (DVM),expensive-rockets-(dvm),9835,SUCCESS,62,
Trendlyne,Expensive Performers (DVM),expensive-performers-(dvm),9836,SUCCESS,100,
Trendlyne,Momentum Trap (DVM),momentum-trap-(dvm),9840,SUCCESS,100,
Trendlyne,Expensive Underperformers (DVM),expensive-underperformers-(dvm),9837,SUCCESS,13,
Trendlyne,Falling Comet (DVM),falling-comet-(dvm),9831,SUCCESS,45,
Trendlyne,Await Turnaround (DVM),await-turnaround-(dvm),9896,SUCCESS,73,
Trendlyne,Slowing Down Stocks (DVM),slowing-down-stocks-(dvm),9834,SUCCESS,59,
Trendlyne,Risky Value (DVM),risky-value-(dvm),9838,SUCCESS,100,
Trendlyne,Weak Stocks (DVM),weak-stocks-(dvm),9843,SUCCESS,9,
Trendlyne,Value Trap (DVM),value-trap-(dvm),9895,SUCCESS,1,
Trendlyne,Turnaround Potential (DVM),turnaround-potential-(dvm),9832,SUCCESS,60,
Trendlyne,"Value Stocks, Under Radar (DVM)","value-stocks,-under-radar-(dvm)",9821,SUCCESS,100,
Trendlyne,Mid-range Performer (DVM),mid-range-performer-(dvm),9826,SUCCESS,100,
Trendlyne,NSE Stocks at Upper Circuit,nse-stocks-at-upper-circuit,788358,SUCCESS,79,
Trendlyne,NSE Stocks at Lower Circuit,nse-stocks-at-lower-circuit,788354,SUCCESS,41,
Trendlyne,NSE Stocks that Hit Upper Circuit Today,nse-stocks-that-hit-upper-circuit-today,786325,SUCCESS,100,
Trendlyne,NSE Stocks that hit Lower Circuit Today,nse-stocks-that-hit-lower-circuit-today,786299,SUCCESS,75,
Trendlyne,Top Gainers of the Day,top-gainers-of-the-day,24700,SUCCESS,100,
Trendlyne,Top Losers of the Day,top-losers-of-the-day,24702,SUCCESS,100,
Trendlyne,Top losers of the week,top-losers-of-the-week,358896,SUCCESS,100,
Trendlyne,Top losers of the month,top-losers-of-the-month,358898,SUCCESS,100,
Trendlyne,Significant (over 30%) distance from 52 week high,significant-(over-30%)-distance-from-52-week-high,286949,SUCCESS,100,
Trendlyne,Top gainers of the week,top-gainers-of-the-week,358885,SUCCESS,100,
Trendlyne,New 1 week low today,new-1-week-low-today,224614,SUCCESS,100,
Trendlyne,Near 52 Week High,near-52-week-high,24713,SUCCESS,100,
Trendlyne,Top gainers of the month,top-gainers-of-the-month,358886,SUCCESS,100,
Trendlyne,New 1 month low today,new-1-month-low-today,224616,SUCCESS,100,
Trendlyne,Gap down opening in price screener,gap-down-opening-in-price-screener,470230,SUCCESS,77,
Trendlyne,Gap up opening in price screener,gap-up-opening-in-price-screener,470223,SUCCESS,100,
Trendlyne,Near 52 Week Low,near-52-week-low,24714,SUCCESS,100,
Trendlyne,New quarterly low today,new-quarterly-low-today,224617,SUCCESS,100,
Trendlyne,New 1 week high today,new-1-week-high-today,224581,SUCCESS,100,
Trendlyne,New 6-month low today,new-6-month-low-today,224618,SUCCESS,100,
Trendlyne,New 1 month high today,new-1-month-high-today,224584,SUCCESS,100,
Trendlyne,Volume Shockers,volume-shockers,24715,SUCCESS,100,
Trendlyne,New 52 week low today,new-52-week-low-today,25865,SUCCESS,100,
Trendlyne,New quarterly high today,new-quarterly-high-today,224587,SUCCESS,100,
Trendlyne,New 3-year low today,new-3-year-low-today,224628,SUCCESS,88,
Trendlyne,New 6-month high today,new-6-month-high-today,224590,SUCCESS,100,
Trendlyne,"High volume, High Gain","high-volume,-high-gain",24716,SUCCESS,100,
Trendlyne,New 52 week high today,new-52-week-high-today,25866,SUCCESS,100,
Trendlyne,New 5-year low today,new-5-year-low-today,224632,SUCCESS,68,
Trendlyne,"High volume, Top Losers","high-volume,-top-losers",24717,SUCCESS,100,
Trendlyne,New 10-year low today,new-10-year-low-today,224634,SUCCESS,56,
Trendlyne,New 3-year high today,new-3-year-high-today,224601,SUCCESS,100,
Trendlyne,New 5-year high today,new-5-year-high-today,224612,SUCCESS,100,
Trendlyne,Top gainers of the quarter,top-gainers-of-the-quarter,442237,SUCCESS,100,
Trendlyne,Top losers of the past 10 years,top-losers-of-the-past-10-years,358905,SUCCESS,100,
Trendlyne,Top losers of the past 5 years,top-losers-of-the-past-5-years,358904,SUCCESS,100,
Trendlyne,Top losers of the past 3 years,top-losers-of-the-past-3-years,358903,SUCCESS,100,
Trendlyne,Top losers of the past 1 year,top-losers-of-the-past-1-year,358902,SUCCESS,100,
Trendlyne,Top losers of the past 6-months,top-losers-of-the-past-6-months,442244,SUCCESS,100,
Trendlyne,Top losers of the quarter,top-losers-of-the-quarter,358900,SUCCESS,100,
Trendlyne,Top gainers of the past 10 years,top-gainers-of-the-past-10-years,358892,SUCCESS,100,
Trendlyne,Top gainers of the past 5 years,top-gainers-of-the-past-5-years,358891,SUCCESS,100,
Trendlyne,Top gainers of the past 3 years,top-gainers-of-the-past-3-years,358890,SUCCESS,100,
Trendlyne,Top gainers of the past 1 year,top-gainers-of-the-past-1-year,358889,SUCCESS,100,
Trendlyne,Top gainers of the past 6-months,top-gainers-of-the-past-6-months,358888,SUCCESS,100,
Trendlyne,Stocks trading within 5% of their week high,stocks-trading-within-5%-of-their-week-high,224641,SUCCESS,100,
Trendlyne,Rising Delivery Percentage Compared to Prev Day,rising-delivery-percentage-compared-to-prev-day,9844,SUCCESS,100,
Trendlyne,High Delivery Percentage,high-delivery-percentage,9588,SUCCESS,100,
Trendlyne,"Rising Delivery Percentage Compared to Previous Day and Month, Strong Volumes","rising-delivery-percentage-compared-to-previous-day-and-month,-strong-volumes",9589,SUCCESS,100,
Trendlyne,"Rising Delivery Percentage compared to Previous Day and Month, and Rising Momentum Score (Subscription)","rising-delivery-percentage-compared-to-previous-day-and-month,-and-rising-momentum-score-(subscription)",10663,SUCCESS,29,
Trendlyne,Delivery Screener: 20% Higher Delivery over the Week compared to Month,delivery-screener:-20%-higher-delivery-over-the-week-compared-to-month,10118,SUCCESS,100,
Trendlyne,30 min MACD Crossover Above Signal Line,30-min-macd-crossover-above-signal-line,756398,SUCCESS,100,
Trendlyne,1H MACD Crossover Above Signal Line,1h-macd-crossover-above-signal-line,756399,SUCCESS,100,
Trendlyne,2H MACD Crossover Above Signal Line,2h-macd-crossover-above-signal-line,756400,SUCCESS,100,
Trendlyne,15 min MACD Crossover Above Signal Line,15-min-macd-crossover-above-signal-line,756397,SUCCESS,100,
Trendlyne,MACD Crossover Above Signal Line,macd-crossover-above-signal-line,22717,SUCCESS,100,
Trendlyne,Positive Breakout First Resistance ( LTP > R1),positive-breakout-first-resistance-(-ltp->-r1),24728,SUCCESS,0,
Trendlyne,Positive Breakout Second Resistance  ( LTP > R2),positive-breakout-second-resistance-(-ltp->-r2),24729,SUCCESS,0,
Trendlyne,Positive Breakout Third Resistance ( LTP > R3),positive-breakout-third-resistance-(-ltp->-r3),24730,SUCCESS,0,
Trendlyne,Relative Strength Index (RSI) Bullish,relative-strength-index-(rsi)-bullish,5388,SUCCESS,72,
Trendlyne,15 min Relative Strength Index (RSI) bullish,15-min-relative-strength-index-(rsi)-bullish,756409,SUCCESS,50,
Trendlyne,30 min Relative Strength Index (RSI) bullish,30-min-relative-strength-index-(rsi)-bullish,756410,SUCCESS,0,
Trendlyne,1H Relative Strength Index (RSI) bullish,1h-relative-strength-index-(rsi)-bullish,756411,SUCCESS,0,
Trendlyne,2H Relative Strength Index (RSI) bullish,2h-relative-strength-index-(rsi)-bullish,756412,SUCCESS,0,
Trendlyne,Price above Pivot,price-above-pivot,258543,SUCCESS,100,
Trendlyne,2H ROC Trending Up,2h-roc-trending-up,756528,SUCCESS,0,
Trendlyne,1H Williams %R Bullish,1h-williams-%r-bullish,756495,SUCCESS,0,
Trendlyne,2H Williams %R Bullish,2h-williams-%r-bullish,756496,SUCCESS,0,
Trendlyne,15 min ADX Bullish Divergence,15-min-adx-bullish-divergence,756501,SUCCESS,100,
Trendlyne,30 min ADX Bullish Divergence,30-min-adx-bullish-divergence,756502,SUCCESS,100,
Trendlyne,1H ADX Bullish Divergence,1h-adx-bullish-divergence,756503,SUCCESS,100,
Trendlyne,2H ADX Bullish Divergence,2h-adx-bullish-divergence,756504,SUCCESS,100,
Trendlyne,15 min ROC Trending Up,15-min-roc-trending-up,756525,SUCCESS,100,
Trendlyne,30 min ROC Trending Up,30-min-roc-trending-up,756526,SUCCESS,0,
Trendlyne,1H ROC Trending Up,1h-roc-trending-up,756527,SUCCESS,0,
Trendlyne,30 min Williams %R Bullish,30-min-williams-%r-bullish,756494,SUCCESS,0,
Trendlyne,15 min CCI Trending Up,15-min-cci-trending-up,756541,SUCCESS,100,
Trendlyne,30 min CCI Trending Up,30-min-cci-trending-up,756542,SUCCESS,0,
Trendlyne,1H CCI Trending Up,1h-cci-trending-up,756543,SUCCESS,0,
Trendlyne,2H CCI Trending Up,2h-cci-trending-up,756544,SUCCESS,0,
Trendlyne,15 min CCI Bullish,15-min-cci-bullish,756549,SUCCESS,100,
Trendlyne,30 min CCI Bullish,30-min-cci-bullish,756550,SUCCESS,0,
Trendlyne,1H CCI Bullish,1h-cci-bullish,756551,SUCCESS,0,
Trendlyne,2H CCI Bullish,2h-cci-bullish,756552,SUCCESS,0,
Trendlyne,Overbought by 2H Money Flow Index (MFI),overbought-by-2h-money-flow-index-(mfi),756424,SUCCESS,100,
Trendlyne,30 min Bollinger Band Breakout,30-min-bollinger-band-breakout,756446,SUCCESS,83,
Trendlyne,Price crossed above 2H Bollinger Band Central Line,price-crossed-above-2h-bollinger-band-central-line,756440,SUCCESS,100,
Trendlyne,Price crossed above 1H Bollinger Band Central Line,price-crossed-above-1h-bollinger-band-central-line,756439,SUCCESS,100,
Trendlyne,Price crossed above 30 min Bollinger Band Central Line,price-crossed-above-30-min-bollinger-band-central-line,756438,SUCCESS,100,
Trendlyne,Price crossed above 15 min Bollinger Band Central Line,price-crossed-above-15-min-bollinger-band-central-line,756437,SUCCESS,100,
Trendlyne,Price crossed above 2H Bollinger Band,price-crossed-above-2h-bollinger-band,756432,SUCCESS,100,
Trendlyne,Price crossed above 1H Bollinger Band,price-crossed-above-1h-bollinger-band,756431,SUCCESS,100,
Trendlyne,Overbought by 30 min Money Flow Index (MFI),overbought-by-30-min-money-flow-index-(mfi),756422,SUCCESS,100,
Trendlyne,Overbought by 1H Money Flow Index (MFI),overbought-by-1h-money-flow-index-(mfi),756423,SUCCESS,100,
Trendlyne,15 min Bollinger Band Breakout,15-min-bollinger-band-breakout,756445,SUCCESS,100,
Trendlyne,Price crossed above 30 min Bollinger Band,price-crossed-above-30-min-bollinger-band,756430,SUCCESS,100,
Trendlyne,Price crossed above 15 min Bollinger Band,price-crossed-above-15-min-bollinger-band,756429,SUCCESS,100,
Trendlyne,Overbought by 15 min Money Flow Index (MFI),overbought-by-15-min-money-flow-index-(mfi),756421,SUCCESS,100,
Trendlyne,15 min Williams %R crossed -20 from below,15-min-williams-%r-crossed--20-from-below,756489,SUCCESS,68,
Trendlyne,30 min Williams %R crossed -20 from below,30-min-williams-%r-crossed--20-from-below,756490,SUCCESS,0,
Trendlyne,1H Williams %R crossed -20 from below,1h-williams-%r-crossed--20-from-below,756491,SUCCESS,0,
Trendlyne,30 min MACD Crossover below Signal Line,30-min-macd-crossover-below-signal-line,756402,SUCCESS,100,
Trendlyne,15 min MACD Crossover below Signal Line,15-min-macd-crossover-below-signal-line,756401,SUCCESS,100,
Trendlyne,1H MACD Crossover below Signal Line,1h-macd-crossover-below-signal-line,756403,SUCCESS,100,
Trendlyne,2H MACD Crossover below Signal Line,2h-macd-crossover-below-signal-line,756404,SUCCESS,100,
Trendlyne,MACD Crossover Below Signal Line,macd-crossover-below-signal-line,22719,SUCCESS,100,
Trendlyne,Relative Strength Index (RSI) Bearish,relative-strength-index-(rsi)-bearish,5389,SUCCESS,42,
Trendlyne,15 min Relative Strength Index (RSI) Bearish,15-min-relative-strength-index-(rsi)-bearish,756405,SUCCESS,23,
Trendlyne,30 min Relative Strength Index (RSI) Bearish,30-min-relative-strength-index-(rsi)-bearish,756406,SUCCESS,0,
Trendlyne,1H Relative Strength Index (RSI) Bearish,1h-relative-strength-index-(rsi)-bearish,756407,SUCCESS,0,
Trendlyne,2H Relative Strength Index (RSI) Bearish,2h-relative-strength-index-(rsi)-bearish,756408,SUCCESS,0,
Trendlyne,Negative Breakdown First Support (LTP < S1),negative-breakdown-first-support-(ltp-<-s1),24733,SUCCESS,0,
Trendlyne,Negative Breakdown Second Support (LTP < S2),negative-breakdown-second-support-(ltp-<-s2),24732,SUCCESS,0,
Trendlyne,Negative Breakdown Third Support (LTP < S3),negative-breakdown-third-support-(ltp-<-s3),24731,SUCCESS,1,
Trendlyne,Price Below Pivot,price-below-pivot,258545,SUCCESS,100,
Trendlyne,2H ROC Trending Down,2h-roc-trending-down,756532,SUCCESS,0,
Trendlyne,1H Williams Trending Down,1h-williams-trending-down,756483,SUCCESS,0,
Trendlyne,2H Williams Trending Down,2h-williams-trending-down,756484,SUCCESS,0,
Trendlyne,15 min ADX Bearish Divergence,15-min-adx-bearish-divergence,756497,SUCCESS,100,
Trendlyne,30 min ADX Bearish Divergence,30-min-adx-bearish-divergence,756498,SUCCESS,100,
Trendlyne,1H ADX Bearish Divergence,1h-adx-bearish-divergence,756499,SUCCESS,100,
Trendlyne,2H ADX Bearish Divergence,2h-adx-bearish-divergence,756500,SUCCESS,100,
Trendlyne,15 min ROC Trending Down,15-min-roc-trending-down,756529,SUCCESS,100,
Trendlyne,30 min ROC Trending Down,30-min-roc-trending-down,756530,SUCCESS,0,
Trendlyne,1H ROC Trending Down,1h-roc-trending-down,756531,SUCCESS,0,
Trendlyne,30 min Williams Trending Down,30-min-williams-trending-down,756482,SUCCESS,0,
Trendlyne,15 min CCI Trending Down,15-min-cci-trending-down,756545,SUCCESS,100,
Trendlyne,30 min CCI Trending Down,30-min-cci-trending-down,756546,SUCCESS,0,
Trendlyne,1H CCI Trending Down,1h-cci-trending-down,756547,SUCCESS,0,
Trendlyne,2H CCI Trending Down,2h-cci-trending-down,756548,SUCCESS,0,
Trendlyne,15 min CCI Bearish,15-min-cci-bearish,756553,SUCCESS,43,
Trendlyne,30 min CCI Bearish,30-min-cci-bearish,756554,SUCCESS,0,
Trendlyne,1H CCI Bearish,1h-cci-bearish,756555,SUCCESS,0,
Trendlyne,2H CCI Bearish,2h-cci-bearish,756556,SUCCESS,0,
Trendlyne,Oversold by 2H Money Flow Index (MFI),oversold-by-2h-money-flow-index-(mfi),756420,SUCCESS,100,
Trendlyne,30 min Bollinger Band Breakdown,30-min-bollinger-band-breakdown,756450,SUCCESS,41,
Trendlyne,1H Bollinger Band Breakdown,1h-bollinger-band-breakdown,756451,SUCCESS,24,
Trendlyne,2H Bollinger Band Breakdown,2h-bollinger-band-breakdown,756452,SUCCESS,29,
Trendlyne,15 min Supertrend Signal changed to Sell,15-min-supertrend-signal-changed-to-sell,756457,SUCCESS,90,
Trendlyne,Price crossed below 2H Bollinger Band Central Line,price-crossed-below-2h-bollinger-band-central-line,756444,SUCCESS,100,
Trendlyne,Price crossed below 1H Bollinger Band Central Line,price-crossed-below-1h-bollinger-band-central-line,756443,SUCCESS,100,
Trendlyne,Price crossed below 30 min Bollinger Band Central Line,price-crossed-below-30-min-bollinger-band-central-line,756442,SUCCESS,100,
Trendlyne,Oversold by 30 min Money Flow Index (MFI),oversold-by-30-min-money-flow-index-(mfi),756418,SUCCESS,100,
Trendlyne,Oversold by 1H Money Flow Index (MFI),oversold-by-1h-money-flow-index-(mfi),756419,SUCCESS,100,
Trendlyne,15 min Bollinger Band Breakdown,15-min-bollinger-band-breakdown,756449,SUCCESS,100,
Trendlyne,Price crossed below 15 min Bollinger Band Central Line,price-crossed-below-15-min-bollinger-band-central-line,756441,SUCCESS,100,
Trendlyne,Price crossed below 2H Bollinger Band,price-crossed-below-2h-bollinger-band,756436,SUCCESS,90,
Trendlyne,Price crossed below 1H Bollinger Band,price-crossed-below-1h-bollinger-band,756435,SUCCESS,92,
Trendlyne,Price crossed below 30 min Bollinger Band,price-crossed-below-30-min-bollinger-band,756434,SUCCESS,100,
Trendlyne,Price crossed below 15 min Bollinger Band,price-crossed-below-15-min-bollinger-band,756433,SUCCESS,100,
Trendlyne,Oversold by 15 min Money Flow Index (MFI),oversold-by-15-min-money-flow-index-(mfi),756417,SUCCESS,100,
Trendlyne,Dragonfly Doji (Bullish Reversal),dragonfly-doji-(bullish-reversal),5906,SUCCESS,100,
Trendlyne,Bullish Engulfing Pattern (Bullish Reversal),bullish-engulfing-pattern-(bullish-reversal),5892,SUCCESS,82,
Trendlyne,White Marubozu Candlestick (Bullish),white-marubozu-candlestick-(bullish),5899,SUCCESS,100,
Trendlyne,Bullish Kicking (Bullish Reversal),bullish-kicking-(bullish-reversal),5891,SUCCESS,0,
Trendlyne,Upside Tasuki Gap (Bullish Continuation),upside-tasuki-gap-(bullish-continuation),5888,SUCCESS,1,
Trendlyne,Morning Star (Bullish Reversal),morning-star-(bullish-reversal),5898,SUCCESS,14,
Trendlyne,Piercing Line (Bullish Reversal),piercing-line-(bullish-reversal),5897,SUCCESS,15,
Trendlyne,Bullish Harami  (Bullish Reversal),bullish-harami-(bullish-reversal),5905,SUCCESS,100,
Trendlyne,Inverted Hammer (Bullish Reversal),inverted-hammer-(bullish-reversal),5885,SUCCESS,84,
Trendlyne,Hammer (Bullish Reversal),hammer-(bullish-reversal),5889,SUCCESS,74,
Trendlyne,Three White Soldiers (Bullish Reversal),three-white-soldiers-(bullish-reversal),5902,SUCCESS,3,
Trendlyne,Abandoned Baby Bottom or Bullish Abandoned Baby (Bullish Reversal),abandoned-baby-bottom-or-bullish-abandoned-baby-(bullish-reversal),5890,SUCCESS,0,
Trendlyne,Bullish Harami Cross (Bullish Reversal),bullish-harami-cross-(bullish-reversal),5887,SUCCESS,57,
Trendlyne,Bearish Engulfing (Bearish Reversal),bearish-engulfing-(bearish-reversal),5893,SUCCESS,100,
Trendlyne,Black Marubozu (Bearish),black-marubozu-(bearish),5896,SUCCESS,100,
Trendlyne,Abandoned Baby Top or Bearish Abandoned Baby (Bearish Reversal),abandoned-baby-top-or-bearish-abandoned-baby-(bearish-reversal),5903,SUCCESS,0,
Trendlyne,Downside Tasuki Gap (Bearish Continuation),downside-tasuki-gap-(bearish-continuation),5900,SUCCESS,0,
Trendlyne,Identical Three Crows (Bearish Reversal),identical-three-crows-(bearish-reversal),5884,SUCCESS,4,
Trendlyne,Darkcloud cover (Bearish Reversal),darkcloud-cover-(bearish-reversal),5895,SUCCESS,28,
Trendlyne,Bearish Harami (Bearish Reversal),bearish-harami-(bearish-reversal),5894,SUCCESS,100,
Trendlyne,Bearish Harami Cross (Bearish Reversal),bearish-harami-cross-(bearish-reversal),5886,SUCCESS,47,
Trendlyne,Shooting Star (Bearish Reversal),shooting-star-(bearish-reversal),5904,SUCCESS,100,
Trendlyne,Hanging Man (Bearish Reversal),hanging-man-(bearish-reversal),5901,SUCCESS,100,
Trendlyne,Relative Outperformance versus Nifty50 over 1 Week,relative-outperformance-versus-nifty50-over-1-week,79711,SUCCESS,100,
Trendlyne,Relative Outperformance versus Nifty50 over 1 Month,relative-outperformance-versus-nifty50-over-1-month,79710,SUCCESS,100,
Trendlyne,Relative Outperformance versus Nifty500 over 1 Week,relative-outperformance-versus-nifty500-over-1-week,231024,SUCCESS,100,
Trendlyne,Relative Outperformance versus Nifty500 over 1 Month,relative-outperformance-versus-nifty500-over-1-month,231325,SUCCESS,100,
Trendlyne,Relative Outperformance versus Sensex over 1 Week,relative-outperformance-versus-sensex-over-1-week,230994,SUCCESS,100,
Trendlyne,Relative Outperformance versus Sensex over 1 Month,relative-outperformance-versus-sensex-over-1-month,231302,SUCCESS,100,
Trendlyne,Relative Outperformance versus Sector over 1 Week,relative-outperformance-versus-sector-over-1-week,186840,SUCCESS,100,
Trendlyne,Relative Outperformance versus Sector over 1 Month,relative-outperformance-versus-sector-over-1-month,385663,SUCCESS,100,
Trendlyne,Relative Outperformance versus Industry over 1 Week,relative-outperformance-versus-industry-over-1-week,385658,SUCCESS,100,
Trendlyne,Relative Outperformance versus Industry over 1 Month,relative-outperformance-versus-industry-over-1-month,385659,SUCCESS,100,
Trendlyne,Relative Underperformance versus Nifty50 over 1 Week,relative-underperformance-versus-nifty50-over-1-week,79728,SUCCESS,100,
Trendlyne,Relative Underperformance versus Nifty50 over 1 Month,relative-underperformance-versus-nifty50-over-1-month,79724,SUCCESS,100,
Trendlyne,Relative Underperformance versus Nifty500 over 1 Week,relative-underperformance-versus-nifty500-over-1-week,231110,SUCCESS,100,
Trendlyne,Relative Underperformance versus Nifty500 over 1 Month,relative-underperformance-versus-nifty500-over-1-month,385690,SUCCESS,100,
Trendlyne,Relative Underperformance versus Sensex over 1 Week,relative-underperformance-versus-sensex-over-1-week,385668,SUCCESS,100,
Trendlyne,Relative Underperformance versus Sensex over 1 Month,relative-underperformance-versus-sensex-over-1-month,385670,SUCCESS,100,
Trendlyne,Relative Underperformance versus Sector over 1 Week,relative-underperformance-versus-sector-over-1-week,198018,SUCCESS,100,
Trendlyne,Relative Underperformance versus Sector over 1 Month,relative-underperformance-versus-sector-over-1-month,385676,SUCCESS,100,
Trendlyne,Relative Underperformance versus Industry over 1 Week,relative-underperformance-versus-industry-over-1-week,353470,SUCCESS,100,
Trendlyne,Relative Underperformance versus Industry over 1 Month,relative-underperformance-versus-industry-over-1-month,385673,SUCCESS,100,
Trendlyne,Upcoming results with Rising Delivery Volumes,upcoming-results-with-rising-delivery-volumes,48091,SUCCESS,36,
Trendlyne,Current Price above 5Day EMA,current-price-above-5day-ema,35316,SUCCESS,100,
Trendlyne,Current Price above 10Day EMA,current-price-above-10day-ema,35319,SUCCESS,100,
Trendlyne,Current Price above 12Day EMA,current-price-above-12day-ema,35321,SUCCESS,100,
Trendlyne,Current Price above 50Day EMA,current-price-above-50day-ema,35325,SUCCESS,100,
Trendlyne,Current Price above 100Day EMA,current-price-above-100day-ema,35326,SUCCESS,100,
Trendlyne,Golden Cross Made Today,golden-cross-made-today,434325,SUCCESS,11,
Trendlyne,Positive Breakout - Short Trend,positive-breakout---short-trend,24866,SUCCESS,100,
Trendlyne,Positive Breakout - Medium Trend,positive-breakout---medium-trend,24867,SUCCESS,100,
Trendlyne,"Price crossing above SMA20 today, and greater than SMA5","price-crossing-above-sma20-today,-and-greater-than-sma5",10554,SUCCESS,100,
Trendlyne,"30 Day SMA crossing over 200 Day SMA, and current price greater than open","30-day-sma-crossing-over-200-day-sma,-and-current-price-greater-than-open",7589,SUCCESS,100,
Trendlyne,Rising Momentum: Momentum Score Weekly Gainers,rising-momentum:-momentum-score-weekly-gainers,6160,SUCCESS,100,
Trendlyne,Significant Jump in Momentum Score,significant-jump-in-momentum-score,334854,SUCCESS,100,
Trendlyne,"Strong Momentum: Price above short, medium and long term moving averages","strong-momentum:-price-above-short,-medium-and-long-term-moving-averages",36288,SUCCESS,100,
Trendlyne,Securities seeing short covering,securities-seeing-short-covering,208625,SUCCESS,60,
Trendlyne,Securities seeing a long buildup,securities-seeing-a-long-buildup,208626,SUCCESS,100,
Trendlyne,"Stocks with high FnO put to call ratio or PCR, indicating a bearish sentiment","stocks-with-high-fno-put-to-call-ratio-or-pcr,-indicating-a-bearish-sentiment",208614,SUCCESS,2,
Trendlyne,"High performing, Short-term screener with Piotroski Score, SMA and RSI","high-performing,-short-term-screener-with-piotroski-score,-sma-and-rsi",5779,SUCCESS,7,
Trendlyne,Results in the last two days with YoY and QoQ Net Profit Growth,results-in-the-last-two-days-with-yoy-and-qoq-net-profit-growth,18792,SUCCESS,8,
Trendlyne,Results Screener: Stocks with upcoming results which are seeing positive shifts in share price,results-screener:-stocks-with-upcoming-results-which-are-seeing-positive-shifts-in-share-price,15697,SUCCESS,100,
Trendlyne,Current Price below 5Day EMA,current-price-below-5day-ema,35336,SUCCESS,100,
Trendlyne,Current Price below 10Day EMA,current-price-below-10day-ema,35337,SUCCESS,100,
Trendlyne,Current Price below 12Day EMA,current-price-below-12day-ema,35338,SUCCESS,100,
Trendlyne,Current Price below 26Day EMA,current-price-below-26day-ema,35341,SUCCESS,100,
Trendlyne,Current Price below 100Day EMA,current-price-below-100day-ema,35343,SUCCESS,100,
Trendlyne,Negative Breakouts - Short Trend,negative-breakouts---short-trend,24871,SUCCESS,100,
Trendlyne,Negative Breakout - Medium Trend,negative-breakout---medium-trend,24872,SUCCESS,100,
Trendlyne,Death Cross,death-cross,24870,SUCCESS,100,
Trendlyne,Securities seeing a short build-up,securities-seeing-a-short-build-up,208631,SUCCESS,29,
Trendlyne,"Stocks with low FnO put to call ratio or PCR, indicating a bullish sentiment","stocks-with-low-fno-put-to-call-ratio-or-pcr,-indicating-a-bullish-sentiment",208613,SUCCESS,27,
Trendlyne,PE higher than Industry PE,pe-higher-than-industry-pe,178571,SUCCESS,100,
Trendlyne,PE less than Industry PE,pe-less-than-industry-pe,178573,SUCCESS,100,
Trendlyne,PE higher than sector PE,pe-higher-than-sector-pe,222865,SUCCESS,100,
Trendlyne,PE less than Industry PE and High Forecaster Upside,pe-less-than-industry-pe-and-high-forecaster-upside,182100,SUCCESS,62,
Trendlyne,Price to Book Value (P/BV) higher than Industry Price to Book Value (P/BV),price-to-book-value-(p/bv)-higher-than-industry-price-to-book-value-(p/bv),218262,SUCCESS,100,
Trendlyne,Price to Book Value (P/BV) less than Sector Price to Book Value (P/BV),price-to-book-value-(p/bv)-less-than-sector-price-to-book-value-(p/bv),218265,SUCCESS,100,
Trendlyne,ROCE (Return on Capital Employed) higher than Industry ROCE,roce-(return-on-capital-employed)-higher-than-industry-roce,218473,SUCCESS,100,
Trendlyne,ROCE (Return on Capital Employed) less than Industry ROCE,roce-(return-on-capital-employed)-less-than-industry-roce,218470,SUCCESS,100,
Trendlyne,ROCE (Return on Capital Employed) higher than Sector ROCE,roce-(return-on-capital-employed)-higher-than-sector-roce,218266,SUCCESS,100,
Trendlyne,ROE (Return on Equity) is higher than Industry ROE,roe-(return-on-equity)-is-higher-than-industry-roe,218481,SUCCESS,100,
Trendlyne,ROE (Return on Equity) is lower than Industry ROE,roe-(return-on-equity)-is-lower-than-industry-roe,218482,SUCCESS,100,
Trendlyne,ROE (Return on Equity) is higher than Sector ROE,roe-(return-on-equity)-is-higher-than-sector-roe,218476,SUCCESS,100,
Trendlyne,ROA (Return on Assets) higher than Industry ROA,roa-(return-on-assets)-higher-than-industry-roa,218489,SUCCESS,100,
Trendlyne,ROE (Return on Equity) is lower than Sector ROE,roe-(return-on-equity)-is-lower-than-sector-roe,218479,SUCCESS,100,
Trendlyne,ROA (Return on Assets) less than Industry ROA,roa-(return-on-assets)-less-than-industry-roa,218492,SUCCESS,100,
Trendlyne,ROA (Return on Assets) higher than Sector ROA,roa-(return-on-assets)-higher-than-sector-roa,218484,SUCCESS,100,
Trendlyne,ROA (Return on Assets) less than Sector ROA,roa-(return-on-assets)-less-than-sector-roa,218488,SUCCESS,100,
Trendlyne,Stocks with PEG higher than Industry PEG,stocks-with-peg-higher-than-industry-peg,178572,SUCCESS,100,
Trendlyne,PEG greater than Industry PEG,peg-greater-than-industry-peg,258192,SUCCESS,100,
Trendlyne,PEG lower than Industry PEG,peg-lower-than-industry-peg,258198,SUCCESS,100,
Trendlyne,PEG higher than Sector PEG,peg-higher-than-sector-peg,258206,SUCCESS,100,
Trendlyne,PEG lower than Sector PEG,peg-lower-than-sector-peg,258205,SUCCESS,100,
Trendlyne,Dividend yield greater than industry dividend yield,dividend-yield-greater-than-industry-dividend-yield,258174,SUCCESS,100,
Trendlyne,Dividend yield less than industry dividend yield,dividend-yield-less-than-industry-dividend-yield,258175,SUCCESS,100,
Trendlyne,Dividend yield greater than sector dividend yield,dividend-yield-greater-than-sector-dividend-yield,258180,SUCCESS,100,
Trendlyne,Dividend yield less than sector dividend yield,dividend-yield-less-than-sector-dividend-yield,258176,SUCCESS,100,
Trendlyne,Quarterly Profit Growth YoY higher than Industry Profit Growth YoY,quarterly-profit-growth-yoy-higher-than-industry-profit-growth-yoy,222872,SUCCESS,100,
Trendlyne,Quarterly Profit Growth YoY higher than Sector Profit Growth YoY,quarterly-profit-growth-yoy-higher-than-sector-profit-growth-yoy,222869,SUCCESS,100,
Trendlyne,Annual Profit Growth higher than Industry Profit Growth,annual-profit-growth-higher-than-industry-profit-growth,218511,SUCCESS,100,
Trendlyne,Annual Profit Growth higher than Sector Profit Growth,annual-profit-growth-higher-than-sector-profit-growth,218498,SUCCESS,100,
Trendlyne,Quarterly Profit Growth YoY less than Industry Profit Growth YoY,quarterly-profit-growth-yoy-less-than-industry-profit-growth-yoy,222874,SUCCESS,100,
Trendlyne,Quarterly Profit Growth YoY less than Sector Profit Growth YoY,quarterly-profit-growth-yoy-less-than-sector-profit-growth-yoy,222870,SUCCESS,100,
Trendlyne,Annual Profit Growth less than Industry Profit Growth,annual-profit-growth-less-than-industry-profit-growth,218513,SUCCESS,100,
Trendlyne,Annual Profit Growth less than Sector Profit Growth,annual-profit-growth-less-than-sector-profit-growth,218510,SUCCESS,100,
Trendlyne,Quarter Revenue Growth YoY higher than Industry Revenue Growth,quarter-revenue-growth-yoy-higher-than-industry-revenue-growth,222877,SUCCESS,100,
Trendlyne,Quarter Revenue Growth YoY higher than Sector Revenue Growth,quarter-revenue-growth-yoy-higher-than-sector-revenue-growth,222875,SUCCESS,100,
Trendlyne,Annual Revenue Growth higher than Industry Revenue Growth,annual-revenue-growth-higher-than-industry-revenue-growth,222859,SUCCESS,100,
Trendlyne,Annual Revenue Growth higher than Sector Revenue Growth,annual-revenue-growth-higher-than-sector-revenue-growth,218517,SUCCESS,100,
Trendlyne,Quarter Revenue Growth YoY less than Industry Revenue Growth,quarter-revenue-growth-yoy-less-than-industry-revenue-growth,222879,SUCCESS,100,
Trendlyne,Quarter Revenue Growth YoY less than Sector Revenue Growth,quarter-revenue-growth-yoy-less-than-sector-revenue-growth,222876,SUCCESS,100,
Trendlyne,Annual Revenue Growth less than Industry Revenue Growth,annual-revenue-growth-less-than-industry-revenue-growth,222861,SUCCESS,100,
Trendlyne,Annual Revenue Growth lower than Sector Revenue Growth,annual-revenue-growth-lower-than-sector-revenue-growth,218535,SUCCESS,100,
Trendlyne,Relative Outperformance versus Sector over Day,relative-outperformance-versus-sector-over-day,371821,SUCCESS,100,
Trendlyne,Relative Outperformance versus Sector over Half Year (6 Months),relative-outperformance-versus-sector-over-half-year-(6-months),371835,SUCCESS,100,
Trendlyne,Relative Outperformance versus sector over 1 Year,relative-outperformance-versus-sector-over-1-year,252766,SUCCESS,100,
Trendlyne,Relative Outperformance versus Sector over 2 Years,relative-outperformance-versus-sector-over-2-years,252940,SUCCESS,100,
Trendlyne,Relative Outperformance versus Sector over 3 Years,relative-outperformance-versus-sector-over-3-years,252942,SUCCESS,100,
Trendlyne,Relative Outperformance versus Sector over 5 Years,relative-outperformance-versus-sector-over-5-years,252969,SUCCESS,100,
Trendlyne,Relative Outperformance versus Sector over 10 Years,relative-outperformance-versus-sector-over-10-years,252997,SUCCESS,100,
Trendlyne,Relative Underperformance versus Sector over Day,relative-underperformance-versus-sector-over-day,371842,SUCCESS,100,
Trendlyne,Relative Underperformance versus Sector over Quarter (3 Months),relative-underperformance-versus-sector-over-quarter-(3-months),372099,SUCCESS,100,
Trendlyne,Relative Underperformance versus Sector over Half Year (6 Months),relative-underperformance-versus-sector-over-half-year-(6-months),372101,SUCCESS,100,
Trendlyne,Relative Underperformance versus Sector over 1 Year,relative-underperformance-versus-sector-over-1-year,253069,SUCCESS,100,
Trendlyne,Relative Underperformance versus Sector over 2 Years,relative-underperformance-versus-sector-over-2-years,253053,SUCCESS,100,
Trendlyne,Relative Underperformance versus Sector over 3 Years,relative-underperformance-versus-sector-over-3-years,253026,SUCCESS,100,
Trendlyne,Relative Underperformance versus Sector over 5 Years,relative-underperformance-versus-sector-over-5-years,253025,SUCCESS,100,
Trendlyne,Relative Underperformance versus Sector over 10 Years,relative-underperformance-versus-sector-over-10-years,253024,SUCCESS,100,
Trendlyne,Relative Outperformance versus Industry over Day,relative-outperformance-versus-industry-over-day,372130,SUCCESS,100,
Trendlyne,Relative Outperformance versus Industry over the Quarter (3 Months),relative-outperformance-versus-industry-over-the-quarter-(3-months),179144,SUCCESS,100,
Trendlyne,Relative Outperformance versus Industry over 1 Year,relative-outperformance-versus-industry-over-1-year,178574,SUCCESS,100,
Trendlyne,Relative Outperformance versus Industry over Half Year (6 Months),relative-outperformance-versus-industry-over-half-year-(6-months),372137,SUCCESS,100,
Trendlyne,Relative Outperformance versus Industry over 2 Years,relative-outperformance-versus-industry-over-2-years,252158,SUCCESS,100,
Trendlyne,Relative Outperformance versus Industry over 3 Years,relative-outperformance-versus-industry-over-3-years,252169,SUCCESS,100,
Trendlyne,Relative Outperformance versus Industry over 5 Years,relative-outperformance-versus-industry-over-5-years,252170,SUCCESS,100,
Trendlyne,Relative Outperformance versus Industry over 10 Years,relative-outperformance-versus-industry-over-10-years,178588,SUCCESS,100,
Trendlyne,Relative Underperformance versus Industry over Day,relative-underperformance-versus-industry-over-day,372170,SUCCESS,100,
Trendlyne,Relative Underperformance versus Industry over Quarter (3 Months),relative-underperformance-versus-industry-over-quarter-(3-months),372174,SUCCESS,100,
Trendlyne,Relative Underperformance versus Industry over Half Year (6 Months),relative-underperformance-versus-industry-over-half-year-(6-months),372175,SUCCESS,100,
Trendlyne,Relative Underperformance versus Industry over 1 Year,relative-underperformance-versus-industry-over-1-year,252751,SUCCESS,100,
Trendlyne,Relative Underperformance versus Industry over 2 Years,relative-underperformance-versus-industry-over-2-years,252750,SUCCESS,100,
Trendlyne,Relative Underperformance versus Industry over 3 Years,relative-underperformance-versus-industry-over-3-years,252749,SUCCESS,100,
Trendlyne,Relative Underperformance versus Industry over 5 Years,relative-underperformance-versus-industry-over-5-years,252748,SUCCESS,100,
Trendlyne,Relative Underperformance versus Industry over 10 Years,relative-underperformance-versus-industry-over-10-years,252747,SUCCESS,100,
Trendlyne,Relative Outperformance versus Nifty50 over Day,relative-outperformance-versus-nifty50-over-day,79712,SUCCESS,100,
Trendlyne,Relative Outperformance versus Nifty50 over the Quarter (3 Months),relative-outperformance-versus-nifty50-over-the-quarter-(3-months),79709,SUCCESS,100,
Trendlyne,Relative Outperformance versus Nifty50 over Half Year (6 Months),relative-outperformance-versus-nifty50-over-half-year-(6-months),79708,SUCCESS,100,
Trendlyne,Relative Outperformance versus Nifty50 over 1 Year,relative-outperformance-versus-nifty50-over-1-year,79707,SUCCESS,100,
Trendlyne,Relative Outperformance versus Nifty50 over 2 Years,relative-outperformance-versus-nifty50-over-2-years,79706,SUCCESS,100,
Trendlyne,Relative Outperformance versus Nifty50 over 3 Years,relative-outperformance-versus-nifty50-over-3-years,79704,SUCCESS,100,
Trendlyne,Relative Outperformance versus Nifty50 over 5 Years,relative-outperformance-versus-nifty50-over-5-years,79690,SUCCESS,100,
Trendlyne,Relative Outperformance versus Nifty50 over 10 Years,relative-outperformance-versus-nifty50-over-10-years,79703,SUCCESS,100,
Trendlyne,Relative Underperformance versus Nifty50 over Day,relative-underperformance-versus-nifty50-over-day,79729,SUCCESS,100,
Trendlyne,Relative Underperformance versus Nifty50 over Quarter (3 Months),relative-underperformance-versus-nifty50-over-quarter-(3-months),79723,SUCCESS,100,
Trendlyne,Relative Underperformance versus Nifty50 over Half Year (6 Months),relative-underperformance-versus-nifty50-over-half-year-(6-months),79722,SUCCESS,100,
Trendlyne,Relative Underperformance versus Nifty50 over 1 Year,relative-underperformance-versus-nifty50-over-1-year,79718,SUCCESS,100,
Trendlyne,Relative Underperformance versus Nifty50 over 2 Years,relative-underperformance-versus-nifty50-over-2-years,79717,SUCCESS,100,
Trendlyne,Relative Underperformance versus Nifty50 over 3 Years,relative-underperformance-versus-nifty50-over-3-years,79716,SUCCESS,100,
Trendlyne,Relative Underperformance versus Nifty50 over 5 Years,relative-underperformance-versus-nifty50-over-5-years,79715,SUCCESS,100,
Trendlyne,Relative Underperformance versus Nifty50 over 10 Years,relative-underperformance-versus-nifty50-over-10-years,79713,SUCCESS,100,
Trendlyne,Relative Outperformance versus Sensex over Day,relative-outperformance-versus-sensex-over-day,260220,SUCCESS,100,
Trendlyne,Relative Outperformance versus Sensex over the Quarter (3 Months),relative-outperformance-versus-sensex-over-the-quarter-(3-months),260322,SUCCESS,100,
Trendlyne,Relative Outperformance versus Sensex over Half Year (6 Months),relative-outperformance-versus-sensex-over-half-year-(6-months),260327,SUCCESS,100,
Trendlyne,Relative Outperformance versus Sensex over 1 Year,relative-outperformance-versus-sensex-over-1-year,260380,SUCCESS,100,
Trendlyne,Relative Outperformance versus Sensex over 2 Years,relative-outperformance-versus-sensex-over-2-years,260382,SUCCESS,100,
Trendlyne,Relative Outperformance versus Sensex over 3 Years,relative-outperformance-versus-sensex-over-3-years,260397,SUCCESS,100,
Trendlyne,Relative Outperformance versus Sensex over 5 Years,relative-outperformance-versus-sensex-over-5-years,260430,SUCCESS,100,
Trendlyne,Relative Outperformance versus Sensex over 10 Years,relative-outperformance-versus-sensex-over-10-years,260460,SUCCESS,100,
Trendlyne,Relative Underperformance versus Sensex over Day,relative-underperformance-versus-sensex-over-day,260219,SUCCESS,100,
Trendlyne,Relative Underperformance versus Sensex over Quarter (3 Months),relative-underperformance-versus-sensex-over-quarter-(3-months),260320,SUCCESS,100,
Trendlyne,Relative Underperformance versus Sensex over Half Year (6 Months),relative-underperformance-versus-sensex-over-half-year-(6-months),260325,SUCCESS,100,
Trendlyne,Relative Underperformance versus Sensex over 1 Year,relative-underperformance-versus-sensex-over-1-year,260364,SUCCESS,100,
Trendlyne,Relative Underperformance versus Sensex over 2 Years,relative-underperformance-versus-sensex-over-2-years,260381,SUCCESS,100,
Trendlyne,Relative Underperformance versus Sensex over 3 Years,relative-underperformance-versus-sensex-over-3-years,260383,SUCCESS,100,
Trendlyne,Relative Underperformance versus Sensex over 5 Years,relative-underperformance-versus-sensex-over-5-years,260401,SUCCESS,100,
Trendlyne,Relative Underperformance versus Sensex over 10 Years,relative-underperformance-versus-sensex-over-10-years,260452,SUCCESS,100,
Trendlyne,Relative Outperformance versus Nifty500 over Day,relative-outperformance-versus-nifty500-over-day,79796,SUCCESS,100,
Trendlyne,Relative Outperformance versus Nifty500 over Quarter (3 Months),relative-outperformance-versus-nifty500-over-quarter-(3-months),79793,SUCCESS,100,
Trendlyne,Relative Outperformance versus Nifty500 over Half Year (6 Months),relative-outperformance-versus-nifty500-over-half-year-(6-months),79792,SUCCESS,100,
Trendlyne,Relative Outperformance versus Nifty500 over 1 Year,relative-outperformance-versus-nifty500-over-1-year,79791,SUCCESS,100,
Trendlyne,Relative Outperformance versus Nifty500 over 2 Years,relative-outperformance-versus-nifty500-over-2-years,79790,SUCCESS,100,
Trendlyne,Relative Outperformance versus Nifty500 over 3 Years,relative-outperformance-versus-nifty500-over-3-years,79739,SUCCESS,100,
Trendlyne,Relative Outperformance versus Nifty500 over 5 Years,relative-outperformance-versus-nifty500-over-5-years,79738,SUCCESS,100,
Trendlyne,Relative Outperformance versus Nifty500 over 10 Years,relative-outperformance-versus-nifty500-over-10-years,79737,SUCCESS,100,
Trendlyne,Relative Underperformance versus Nifty500 over Day,relative-underperformance-versus-nifty500-over-day,79811,SUCCESS,100,
Trendlyne,Relative Underperformance versus Nifty500 over Quarter (3 Months),relative-underperformance-versus-nifty500-over-quarter-(3-months),79806,SUCCESS,100,
Trendlyne,Relative Underperformance versus Nifty500 over Half Year (6 Months),relative-underperformance-versus-nifty500-over-half-year-(6-months),79803,SUCCESS,100,
Trendlyne,Relative Underperformance versus Nifty500 over 1 Year,relative-underperformance-versus-nifty500-over-1-year,79802,SUCCESS,100,
Trendlyne,Relative Underperformance versus Nifty500 over 2 Years,relative-underperformance-versus-nifty500-over-2-years,79801,SUCCESS,100,
Trendlyne,Relative Underperformance versus Nifty500 over 3 Years,relative-underperformance-versus-nifty500-over-3-years,79800,SUCCESS,100,
Trendlyne,Relative Underperformance versus Nifty500 over 5 Years,relative-underperformance-versus-nifty500-over-5-years,79799,SUCCESS,100,
Trendlyne,Relative Underperformance versus Nifty500 over 10 Years,relative-underperformance-versus-nifty500-over-10-years,79797,SUCCESS,100,
Trendlyne,Profit making Companies with High ROCE and Low PE,profit-making-companies-with-high-roce-and-low-pe,764,SUCCESS,100,
Trendlyne,Rising Net Cash Flow and Cash from Operating activity,rising-net-cash-flow-and-cash-from-operating-activity,11559,SUCCESS,100,
Trendlyne,"Best Bargains Screener: Above line growth, Below line valuations","best-bargains-screener:-above-line-growth,-below-line-valuations",30,SUCCESS,100,
Trendlyne,Companies with rising net profit margins - quarterly as well as TTM basis,companies-with-rising-net-profit-margins---quarterly-as-well-as-ttm-basis,32034,SUCCESS,38,
Trendlyne,Increase in Provisions in Recent Results,increase-in-provisions-in-recent-results,36384,SUCCESS,95,
Trendlyne,Increase in NPA in Recent Results,increase-in-npa-in-recent-results,36381,SUCCESS,2,
Trendlyne,Increasing Trend in Non-Core Income,increasing-trend-in-non-core-income,36378,SUCCESS,100,
Trendlyne,"Degrowth in Revenue, Profits and Operating Profit Margin in recent results (QoQ)","degrowth-in-revenue,-profits-and-operating-profit-margin-in-recent-results-(qoq)",36376,SUCCESS,100,
Trendlyne,Companies Increasing Debt as per Annual Report,companies-increasing-debt-as-per-annual-report,36375,SUCCESS,100,
Trendlyne,Profit to Loss Companies,profit-to-loss-companies,36373,SUCCESS,100,
Trendlyne,Declining profitability: Falling ROCE,declining-profitability:-falling-roce,25994,SUCCESS,100,
Trendlyne,Net Profit Growth over 200% both YoY and QoQ,net-profit-growth-over-200%-both-yoy-and-qoq,24575,SUCCESS,100,
Trendlyne,"Announced results in last two weeks, with rising operating profit margin and YoY profit growth","announced-results-in-last-two-weeks,-with-rising-operating-profit-margin-and-yoy-profit-growth",17131,SUCCESS,3,
Trendlyne,Companies with Upcoming Results,companies-with-upcoming-results,18121,SUCCESS,100,
Trendlyne,Results declared today,results-declared-today,287918,SUCCESS,0,
Trendlyne,"Results declared today, with net profit and revenue growth YoY and QoQ","results-declared-today,-with-net-profit-and-revenue-growth-yoy-and-qoq",22709,SUCCESS,0,
Trendlyne,Best results last week in YoY net profit and revenue growth,best-results-last-week-in-yoy-net-profit-and-revenue-growth,8256,SUCCESS,5,
Trendlyne,Quarter Revenue and Net profit Growth YoY higher than Industry Revenue and Net Profit Growth,quarter-revenue-and-net-profit-growth-yoy-higher-than-industry-revenue-and-net-profit-growth,633902,SUCCESS,100,
Trendlyne,Upcoming results for rising companies with previous quarter net profit growth greater than 10% YoY,upcoming-results-for-rising-companies-with-previous-quarter-net-profit-growth-greater-than-10%-yoy,630954,SUCCESS,100,
Trendlyne,Upcoming results for Nifty500 companies with previous quarter net profit growth greater than 10% YoY and QoQ,upcoming-results-for-nifty500-companies-with-previous-quarter-net-profit-growth-greater-than-10%-yoy-and-qoq,15628,SUCCESS,100,
Trendlyne,"Stocks outperforming the index over the week, post results","stocks-outperforming-the-index-over-the-week,-post-results",150420,SUCCESS,0,
Trendlyne,"Live Results Screener: Companies with rising operating profit margin growth, which declared results in past one week (subscription)","live-results-screener:-companies-with-rising-operating-profit-margin-growth,-which-declared-results-in-past-one-week-(subscription)",9193,SUCCESS,3,
Trendlyne,"Companies that Declared Results in Past One Week, Showing Declining Net Profit YoY OR QoQ (subscription)","companies-that-declared-results-in-past-one-week,-showing-declining-net-profit-yoy-or-qoq-(subscription)",15543,SUCCESS,15,
Trendlyne,"Companies that saw improvement in net profits, operating profit margin and revenues in the most recent quarter","companies-that-saw-improvement-in-net-profits,-operating-profit-margin-and-revenues-in-the-most-recent-quarter",10029,SUCCESS,49,
Trendlyne,IT stocks that saw rising net profit and revenue in the most recent quarter,it-stocks-that-saw-rising-net-profit-and-revenue-in-the-most-recent-quarter,636494,SUCCESS,100,
Trendlyne,Strong QoQ EPS Growth in recent results,strong-qoq-eps-growth-in-recent-results,11814,SUCCESS,100,
Trendlyne,Turnaround Companies: Loss to Profit QoQ,turnaround-companies:-loss-to-profit-qoq,9287,SUCCESS,1,
Trendlyne,Banking & finance stocks that saw rising net profit and revenue in the most recent quarter,banking-&-finance-stocks-that-saw-rising-net-profit-and-revenue-in-the-most-recent-quarter,560405,SUCCESS,100,
Trendlyne,Good quarterly growth in the recent results,good-quarterly-growth-in-the-recent-results,16,SUCCESS,4,
Trendlyne,"Results declared today, with declining net profits (YoY OR QoQ)","results-declared-today,-with-declining-net-profits-(yoy-or-qoq)",25797,SUCCESS,0,
Trendlyne,Upcoming Results for Nifty500 with Declining Share Price Over the Week,upcoming-results-for-nifty500-with-declining-share-price-over-the-week,82586,SUCCESS,100,
Trendlyne,Recent Broker Downgrades in Reco or Target Price,recent-broker-downgrades-in-reco-or-target-price,12094,SUCCESS,33,
Trendlyne,Broker price or reco upgrades in last month,broker-price-or-reco-upgrades-in-last-month,20014,SUCCESS,61,
Trendlyne,Broker downgrades in price or recommendation in the past one month,broker-downgrades-in-price-or-recommendation-in-the-past-one-month,15075,SUCCESS,29,
Trendlyne,Street Favorite: High Analyst Rating with at least 20% upside,street-favorite:-high-analyst-rating-with-at-least-20%-upside,24,SUCCESS,100,
Trendlyne,Broker Reco and Target Upgrades in the Past Six Months,broker-reco-and-target-upgrades-in-the-past-six-months,219052,SUCCESS,38,
Trendlyne,Good dividend stocks with positive dividend yield in last 1 year,good-dividend-stocks-with-positive-dividend-yield-in-last-1-year,24747,SUCCESS,100,
Trendlyne,Stocks with strong dividend yields in FY25 and healthy growth over 5 years,stocks-with-strong-dividend-yields-in-fy25-and-healthy-growth-over-5-years,25818,SUCCESS,0,
Trendlyne,Upcoming Dividends,upcoming-dividends,45882,SUCCESS,100,
Trendlyne,Overbought on both 15 min MFI and 15 min RSI,overbought-on-both-15-min-mfi-and-15-min-rsi,756413,SUCCESS,9,
Trendlyne,Oversold on both 15 min RSI and 15 min MFI,oversold-on-both-15-min-rsi-and-15-min-mfi,756425,SUCCESS,4,
Trendlyne,15 min Supertrend Sells,15-min-supertrend-sells,756465,SUCCESS,100,
Trendlyne,15 min Supertrend Buys,15-min-supertrend-buys,756461,SUCCESS,100,
Trendlyne,15 min Supertrend Signal changed to Buy,15-min-supertrend-signal-changed-to-buy,756453,SUCCESS,100,
Trendlyne,15 min Willaims %R in Oversold zone,15-min-willaims-%r-in-oversold-zone,756469,SUCCESS,100,
Trendlyne,15 min Williams %R in Overbought zone,15-min-williams-%r-in-overbought-zone,756473,SUCCESS,100,
Trendlyne,15 min ADX Strong Trending Stocks,15-min-adx-strong-trending-stocks,756505,SUCCESS,100,
Trendlyne,15 min ADX Trending Stocks,15-min-adx-trending-stocks,756509,SUCCESS,100,
Trendlyne,15 min ADX Mild Trending Stocks,15-min-adx-mild-trending-stocks,756513,SUCCESS,100,
Trendlyne,15 min Williams %R Bullish,15-min-williams-%r-bullish,756493,SUCCESS,100,
Trendlyne,15 min Williams %R Bearish,15-min-williams-%r-bearish,756485,SUCCESS,83,
Trendlyne,15 min Williams %R crossed -80 from above,15-min-williams-%r-crossed--80-from-above,756477,SUCCESS,100,
Trendlyne,15 min Williams Trending Down,15-min-williams-trending-down,756481,SUCCESS,100,
Trendlyne,15 min CCI Overbought,15-min-cci-overbought,756517,SUCCESS,100,
Trendlyne,15 min CCI Oversold,15-min-cci-oversold,756521,SUCCESS,100,
Trendlyne,15 min CCI crossed above 100,15-min-cci-crossed-above-100,756533,SUCCESS,56,
Trendlyne,15 min CCI crossed below -100,15-min-cci-crossed-below--100,756537,SUCCESS,100,
Trendlyne,Overbought on both 30 min MFI and 30 min RSI,overbought-on-both-30-min-mfi-and-30-min-rsi,756414,SUCCESS,0,
Trendlyne,Oversold on both 30 min RSI and 30 min MFI,oversold-on-both-30-min-rsi-and-30-min-mfi,756426,SUCCESS,0,
Trendlyne,30 min Supertrend Sells,30-min-supertrend-sells,756466,SUCCESS,100,
Trendlyne,30 min Supertrend Buys,30-min-supertrend-buys,756462,SUCCESS,100,
Trendlyne,30 min Supertrend Signal changed to Buy,30-min-supertrend-signal-changed-to-buy,756454,SUCCESS,100,
Trendlyne,30 min Supertrend Signal changed to Sell,30-min-supertrend-signal-changed-to-sell,756458,SUCCESS,79,
Trendlyne,30 min Willaims %R in Oversold zone,30-min-willaims-%r-in-oversold-zone,756470,SUCCESS,0,
Trendlyne,30 min Williams %R in Overbought zone,30-min-williams-%r-in-overbought-zone,756474,SUCCESS,0,
Trendlyne,30 min ADX Strong Trending Stocks,30-min-adx-strong-trending-stocks,756506,SUCCESS,97,
Trendlyne,30 min ADX Trending Stocks,30-min-adx-trending-stocks,756510,SUCCESS,100,
Trendlyne,30 min ADX Mild Trending Stocks,30-min-adx-mild-trending-stocks,756514,SUCCESS,100,
Trendlyne,30 min Williams %R Bearish,30-min-williams-%r-bearish,756486,SUCCESS,0,
Trendlyne,30 min Williams %R crossed -80 from above,30-min-williams-%r-crossed--80-from-above,756478,SUCCESS,0,
Trendlyne,30 min CCI Overbought,30-min-cci-overbought,756518,SUCCESS,0,
Trendlyne,30 min CCI Oversold,30-min-cci-oversold,756522,SUCCESS,0,
Trendlyne,30 min CCI crossed above 100,30-min-cci-crossed-above-100,756534,SUCCESS,0,
Trendlyne,30 min CCI crossed below -100,30-min-cci-crossed-below--100,756538,SUCCESS,0,
Trendlyne,Overbought on both 1H MFI and 1H RSI,overbought-on-both-1h-mfi-and-1h-rsi,756415,SUCCESS,0,
Trendlyne,Oversold on both 1H RSI and 1H MFI,oversold-on-both-1h-rsi-and-1h-mfi,756427,SUCCESS,0,
Trendlyne,1H Supertrend Buys,1h-supertrend-buys,756463,SUCCESS,100,
Trendlyne,1H Bollinger Band Breakout,1h-bollinger-band-breakout,756447,SUCCESS,60,
Trendlyne,1H Supertrend Signal changed to Buy,1h-supertrend-signal-changed-to-buy,756455,SUCCESS,99,
Trendlyne,1H Supertrend Signal changed to Sell,1h-supertrend-signal-changed-to-sell,756459,SUCCESS,47,
Trendlyne,1H Supertrend Sells,1h-supertrend-sells,756467,SUCCESS,100,
Trendlyne,1H Willaims %R in Oversold zone,1h-willaims-%r-in-oversold-zone,756471,SUCCESS,0,
Trendlyne,1H Williams %R in Overbought zone,1h-williams-%r-in-overbought-zone,756475,SUCCESS,0,
Trendlyne,1H ADX Strong Trending Stocks,1h-adx-strong-trending-stocks,756507,SUCCESS,62,
Trendlyne,1H ADX Trending Stocks,1h-adx-trending-stocks,756511,SUCCESS,100,
Trendlyne,1H ADX Mild Trending Stocks,1h-adx-mild-trending-stocks,756515,SUCCESS,100,
Trendlyne,1H Williams %R Bearish,1h-williams-%r-bearish,756487,SUCCESS,0,
Trendlyne,1H Williams %R crossed -80 from above,1h-williams-%r-crossed--80-from-above,756479,SUCCESS,0,
Trendlyne,1H CCI Overbought,1h-cci-overbought,756519,SUCCESS,0,
Trendlyne,1H CCI Oversold,1h-cci-oversold,756523,SUCCESS,0,
Trendlyne,1H CCI crossed above 100,1h-cci-crossed-above-100,756535,SUCCESS,0,
Trendlyne,1H CCI crossed below -100,1h-cci-crossed-below--100,756539,SUCCESS,0,
Trendlyne,Overbought on both 2H MFI and 2H RSI,overbought-on-both-2h-mfi-and-2h-rsi,756416,SUCCESS,0,
Trendlyne,Oversold on both 2H RSI and 2H MFI,oversold-on-both-2h-rsi-and-2h-mfi,756428,SUCCESS,0,
Trendlyne,2H Supertrend Buys,2h-supertrend-buys,756464,SUCCESS,100,
Trendlyne,2H Bollinger Band Breakout,2h-bollinger-band-breakout,756448,SUCCESS,100,
Trendlyne,2H Supertrend Signal changed to Buy,2h-supertrend-signal-changed-to-buy,756456,SUCCESS,76,
Trendlyne,2H Supertrend Signal changed to Sell,2h-supertrend-signal-changed-to-sell,756460,SUCCESS,39,
Trendlyne,2H Supertrend Sells,2h-supertrend-sells,756468,SUCCESS,100,
Trendlyne,2H Willaims %R in Oversold zone,2h-willaims-%r-in-oversold-zone,756472,SUCCESS,0,
Trendlyne,2H Williams %R in Overbought zone,2h-williams-%r-in-overbought-zone,756476,SUCCESS,0,
Trendlyne,2H ADX Strong Trending Stocks,2h-adx-strong-trending-stocks,756508,SUCCESS,50,
Trendlyne,2H ADX Trending Stocks,2h-adx-trending-stocks,756512,SUCCESS,100,
Trendlyne,2H ADX Mild Trending Stocks,2h-adx-mild-trending-stocks,756516,SUCCESS,100,
Trendlyne,2H Williams %R crossed -20 from below,2h-williams-%r-crossed--20-from-below,756492,SUCCESS,0,
Trendlyne,2H Williams %R Bearish,2h-williams-%r-bearish,756488,SUCCESS,0,
Trendlyne,2H Williams %R crossed -80 from above,2h-williams-%r-crossed--80-from-above,756480,SUCCESS,0,
Trendlyne,2H CCI Overbought,2h-cci-overbought,756520,SUCCESS,0,
Trendlyne,2H CCI Oversold,2h-cci-oversold,756524,SUCCESS,0,
Trendlyne,2H CCI crossed above 100,2h-cci-crossed-above-100,756536,SUCCESS,0,
Trendlyne,2H CCI crossed below -100,2h-cci-crossed-below--100,756540,SUCCESS,0,
Trendlyne,Bullish PRB (Previous Range Breakout),bullish-prb-(previous-range-breakout),399177,SUCCESS,100,
Trendlyne,Bearish PRB (Previous Range Breakout),bearish-prb-(previous-range-breakout),399179,SUCCESS,100,
Trendlyne,Oversold by Rate of Change (ROC),oversold-by-rate-of-change-(roc),24573,SUCCESS,1,
Trendlyne,Overbought on both MFI and RSI,overbought-on-both-mfi-and-rsi,27,SUCCESS,100,
Trendlyne,Oversold by Money Flow Index (MFI),oversold-by-money-flow-index-(mfi),5394,SUCCESS,100,
Trendlyne,Overbought by Money Flow Index (MFI),overbought-by-money-flow-index-(mfi),5393,SUCCESS,100,
Trendlyne,Oversold on both RSI and MFI,oversold-on-both-rsi-and-mfi,28,SUCCESS,14,
Trendlyne,Lowest Momentum Scores (Technical Scores),lowest-momentum-scores-(technical-scores),6157,SUCCESS,100,
Trendlyne,Supertrend Signal changed to Buy,supertrend-signal-changed-to-buy,482896,SUCCESS,54,
Trendlyne,Price crossed above Bollinger Band,price-crossed-above-bollinger-band,481430,SUCCESS,100,
Trendlyne,Price crossed below Bollinger Band,price-crossed-below-bollinger-band,481431,SUCCESS,100,
Trendlyne,Price crossed above Bollinger Band Central Line,price-crossed-above-bollinger-band-central-line,481432,SUCCESS,100,
Trendlyne,Price crossed below Bollinger Band Central Line,price-crossed-below-bollinger-band-central-line,481434,SUCCESS,100,
Trendlyne,Bollinger Band Breakout,bollinger-band-breakout,481435,SUCCESS,100,
Trendlyne,Bollinger Band Breakdown,bollinger-band-breakdown,481436,SUCCESS,75,
Trendlyne,Price nearing Supertrend resistance,price-nearing-supertrend-resistance,482900,SUCCESS,9,
Trendlyne,Price nearing Supertrend support,price-nearing-supertrend-support,482899,SUCCESS,10,
Trendlyne,Supertrend Signal changed to Sell,supertrend-signal-changed-to-sell,482898,SUCCESS,44,
Trendlyne,Day Supertrend Sells,day-supertrend-sells,482895,SUCCESS,100,
Trendlyne,Supertrend Buys,supertrend-buys,482894,SUCCESS,100,
Trendlyne,Willaims %R in Oversold zone,willaims-%r-in-oversold-zone,482913,SUCCESS,100,
Trendlyne,Williams %R in Overbought zone,williams-%r-in-overbought-zone,482912,SUCCESS,100,
Trendlyne,Williams %R crossed -80 from above,williams-%r-crossed--80-from-above,482911,SUCCESS,100,
Trendlyne,Williams Trending Down,williams-trending-down,482910,SUCCESS,100,
Trendlyne,Williams %R Bearish,williams-%r-bearish,482909,SUCCESS,100,
Trendlyne,Williams %R crossed -20 from below,williams-%r-crossed--20-from-below,482908,SUCCESS,100,
Trendlyne,Williams %R Bullish,williams-%r-bullish,482906,SUCCESS,100,
Trendlyne,ADX Bearish Divergence,adx-bearish-divergence,482905,SUCCESS,100,
Trendlyne,ADX Bullish Divergence,adx-bullish-divergence,482904,SUCCESS,100,
Trendlyne,ADX Strong Trending Stocks,adx-strong-trending-stocks,482903,SUCCESS,60,
Trendlyne,ADX Trending Stocks,adx-trending-stocks,482902,SUCCESS,100,
Trendlyne,ADX Mild Trending Stocks,adx-mild-trending-stocks,482901,SUCCESS,100,
Trendlyne,CCI Oversold,cci-oversold,482924,SUCCESS,100,
Trendlyne,CCI Overbought,cci-overbought,482923,SUCCESS,100,
Trendlyne,CCI crossed below -100,cci-crossed-below--100,482922,SUCCESS,100,
Trendlyne,CCI Trending Down,cci-trending-down,482921,SUCCESS,100,
Trendlyne,CCI Bearish,cci-bearish,482920,SUCCESS,100,
Trendlyne,CCI crossed above 100,cci-crossed-above-100,482919,SUCCESS,100,
Trendlyne,CCI Trending Up,cci-trending-up,482918,SUCCESS,100,
Trendlyne,CCI Bullish,cci-bullish,482917,SUCCESS,100,
Trendlyne,ROC Trending Down,roc-trending-down,482916,SUCCESS,100,
Trendlyne,ROC Trending Up,roc-trending-up,482914,SUCCESS,100,
Trendlyne,Stochastic oscillator bearish crossover,stochastic-oscillator-bearish-crossover,701756,SUCCESS,100,
Trendlyne,Stochastic oscillator bearish momentum,stochastic-oscillator-bearish-momentum,701758,SUCCESS,100,
Trendlyne,Stochastic oscillator bullish momentum,stochastic-oscillator-bullish-momentum,701757,SUCCESS,100,
Trendlyne,Stochastic oscillator overbought,stochastic-oscillator-overbought,701755,SUCCESS,100,
Trendlyne,Stochastic oscillator bullish crossover,stochastic-oscillator-bullish-crossover,701754,SUCCESS,100,
Trendlyne,Stochastic oscillator oversold,stochastic-oscillator-oversold,701753,SUCCESS,100,
Trendlyne,Overbought by Week Money Flow Index (MFI),overbought-by-week-money-flow-index-(mfi),593017,SUCCESS,100,
Trendlyne,Week Relative Strength Index (RSI) Bullish,week-relative-strength-index-(rsi)-bullish,593007,SUCCESS,100,
Trendlyne,Week MACD Crossover Above Signal Line,week-macd-crossover-above-signal-line,593000,SUCCESS,100,
Trendlyne,Oversold by Week Money Flow Index (MFI),oversold-by-week-money-flow-index-(mfi),593015,SUCCESS,100,
Trendlyne,Week MACD Crossover Below Signal Line,week-macd-crossover-below-signal-line,593002,SUCCESS,100,
Trendlyne,Overbought on both Week MFI and Week RSI,overbought-on-both-week-mfi-and-week-rsi,593009,SUCCESS,100,
Trendlyne,Oversold on both Week RSI and Week MFI,oversold-on-both-week-rsi-and-week-mfi,593018,SUCCESS,13,
Trendlyne,Week Bollinger Band Breakout,week-bollinger-band-breakout,593027,SUCCESS,100,
Trendlyne,Price crossed above Week Bollinger Band Central Line,price-crossed-above-week-bollinger-band-central-line,593024,SUCCESS,100,
Trendlyne,Price crossed above Week Bollinger Band,price-crossed-above-week-bollinger-band,593022,SUCCESS,100,
Trendlyne,Week Supertrend Buys,week-supertrend-buys,593036,SUCCESS,100,
Trendlyne,Week Supertrend Signal changed to Buy,week-supertrend-signal-changed-to-buy,593021,SUCCESS,58,
Trendlyne,Week Bollinger Band Breakdown,week-bollinger-band-breakdown,593031,SUCCESS,48,
Trendlyne,Price crossed below Week Bollinger Band Central Line,price-crossed-below-week-bollinger-band-central-line,593026,SUCCESS,100,
Trendlyne,Price crossed below Week Bollinger Band,price-crossed-below-week-bollinger-band,593023,SUCCESS,100,
Trendlyne,Week Supertrend Sells,week-supertrend-sells,593034,SUCCESS,100,
Trendlyne,Week Supertrend Signal changed to Sell,week-supertrend-signal-changed-to-sell,593033,SUCCESS,49,
Trendlyne,Week ADX Strong Trending Stocks,week-adx-strong-trending-stocks,593485,SUCCESS,61,
Trendlyne,Week ADX Trending Stocks,week-adx-trending-stocks,593486,SUCCESS,100,
Trendlyne,Week ADX Mild Trending Stocks,week-adx-mild-trending-stocks,593487,SUCCESS,100,
Trendlyne,Week Williams %R in Overbought zone,week-williams-%r-in-overbought-zone,593038,SUCCESS,100,
Trendlyne,Week Willaims %R in Oversold zone,week-willaims-%r-in-oversold-zone,593037,SUCCESS,100,
Trendlyne,Week Williams %R Bullish,week-williams-%r-bullish,593044,SUCCESS,100,
Trendlyne,Week Williams %R Bearish,week-williams-%r-bearish,593042,SUCCESS,100,
Trendlyne,Week Williams Trending Down,week-williams-trending-down,593041,SUCCESS,100,
Trendlyne,Week Williams %R crossed -80 from above,week-williams-%r-crossed--80-from-above,593040,SUCCESS,100,
Trendlyne,Week ADX Bullish Divergence,week-adx-bullish-divergence,593484,SUCCESS,100,
Trendlyne,Week ADX Bearish Divergence,week-adx-bearish-divergence,593045,SUCCESS,100,
Trendlyne,Week CCI Overbought,week-cci-overbought,593489,SUCCESS,100,
Trendlyne,Week ROC Trending Up,week-roc-trending-up,593504,SUCCESS,100,
Trendlyne,Week CCI Oversold,week-cci-oversold,593488,SUCCESS,100,
Trendlyne,Week ROC Trending Down,week-roc-trending-down,593503,SUCCESS,100,
Trendlyne,Week CCI Bullish,week-cci-bullish,593502,SUCCESS,100,
Trendlyne,Week CCI Trending Up,week-cci-trending-up,593501,SUCCESS,100,
Trendlyne,Week CCI crossed above 100,week-cci-crossed-above-100,593499,SUCCESS,100,
Trendlyne,Week CCI Bearish,week-cci-bearish,593497,SUCCESS,100,
Trendlyne,Week CCI Trending Down,week-cci-trending-down,593494,SUCCESS,100,
Trendlyne,Week CCI crossed below -100,week-cci-crossed-below--100,593493,SUCCESS,100,
Trendlyne,Week Stochastic oscillator bearish crossover,week-stochastic-oscillator-bearish-crossover,701764,SUCCESS,100,
Trendlyne,Week Stochastic oscillator bearish momentum,week-stochastic-oscillator-bearish-momentum,701770,SUCCESS,100,
Trendlyne,Week Stochastic oscillator bullish momentum,week-stochastic-oscillator-bullish-momentum,701768,SUCCESS,100,
Trendlyne,Week Stochastic oscillator overbought,week-stochastic-oscillator-overbought,701763,SUCCESS,100,
Trendlyne,Week Stochastic oscillator bullish crossover,week-stochastic-oscillator-bullish-crossover,701762,SUCCESS,100,
Trendlyne,Week Stochastic oscillator oversold,week-stochastic-oscillator-oversold,701760,SUCCESS,100,
Trendlyne,Overbought by Month Money Flow Index (MFI),overbought-by-month-money-flow-index-(mfi),594821,SUCCESS,100,
Trendlyne,Oversold by Month Money Flow Index (MFI),oversold-by-month-money-flow-index-(mfi),594819,SUCCESS,100,
Trendlyne,Month Relative Strength Index (RSI) Bearish,month-relative-strength-index-(rsi)-bearish,594811,SUCCESS,22,
Trendlyne,Overbought on both Month MFI and Month RSI,overbought-on-both-month-mfi-and-month-rsi,594816,SUCCESS,100,
Trendlyne,Oversold on both Month RSI and Month MFI,oversold-on-both-month-rsi-and-month-mfi,594824,SUCCESS,7,
Trendlyne,Month Relative Strength Index (RSI) Bullish,month-relative-strength-index-(rsi)-bullish,594815,SUCCESS,98,
Trendlyne,Month MACD Crossover Above Signal Line,month-macd-crossover-above-signal-line,594807,SUCCESS,100,
Trendlyne,Month MACD Crossover Below Signal Line,month-macd-crossover-below-signal-line,594809,SUCCESS,100,
Trendlyne,Price crossed above Month Bollinger Band,price-crossed-above-month-bollinger-band,594835,SUCCESS,100,
Trendlyne,Price crossed below Month Bollinger Band,price-crossed-below-month-bollinger-band,594842,SUCCESS,62,
Trendlyne,Month Supertrend Buys,month-supertrend-buys,595302,SUCCESS,100,
Trendlyne,Month Supertrend Signal changed to Buy,month-supertrend-signal-changed-to-buy,594829,SUCCESS,44,
Trendlyne,Month Supertrend Sells,month-supertrend-sells,594855,SUCCESS,100,
Trendlyne,Month Supertrend Signal changed to Sell,month-supertrend-signal-changed-to-sell,594849,SUCCESS,39,
Trendlyne,Price crossed above Month Bollinger Band Central Line,price-crossed-above-month-bollinger-band-central-line,594844,SUCCESS,100,
Trendlyne,Price crossed below Month Bollinger Band Central Line,price-crossed-below-month-bollinger-band-central-line,594845,SUCCESS,100,
Trendlyne,Month Bollinger Band Breakout,month-bollinger-band-breakout,594847,SUCCESS,100,
Trendlyne,Month Bollinger Band Breakdown,month-bollinger-band-breakdown,594848,SUCCESS,14,
Trendlyne,Month ADX Strong Trending Stocks,month-adx-strong-trending-stocks,595615,SUCCESS,31,
Trendlyne,Month ADX Trending Stocks,month-adx-trending-stocks,595617,SUCCESS,100,
Trendlyne,Month ADX Mild Trending Stocks,month-adx-mild-trending-stocks,595618,SUCCESS,100,
Trendlyne,Month Williams %R in Overbought zone,month-williams-%r-in-overbought-zone,595304,SUCCESS,100,
Trendlyne,Month Willaims %R in Oversold zone,month-willaims-%r-in-oversold-zone,595303,SUCCESS,100,
Trendlyne,Month Williams %R Bullish,month-williams-%r-bullish,595310,SUCCESS,100,
Trendlyne,Month Williams %R crossed -20 from below,month-williams-%r-crossed--20-from-below,595309,SUCCESS,100,
Trendlyne,Month Williams %R Bearish,month-williams-%r-bearish,595308,SUCCESS,100,
Trendlyne,Month Williams Trending Down,month-williams-trending-down,595306,SUCCESS,100,
Trendlyne,Month Williams %R crossed -80 from above,month-williams-%r-crossed--80-from-above,595305,SUCCESS,100,
Trendlyne,Month ADX Bullish Divergence,month-adx-bullish-divergence,595614,SUCCESS,100,
Trendlyne,Month ADX Bearish Divergence,month-adx-bearish-divergence,595613,SUCCESS,100,
Trendlyne,Month CCI Overbought,month-cci-overbought,595662,SUCCESS,100,
Trendlyne,Month CCI Oversold,month-cci-oversold,595661,SUCCESS,100,
Trendlyne,Month ROC Trending Up,month-roc-trending-up,595672,SUCCESS,100,
Trendlyne,Month CCI Bullish,month-cci-bullish,595670,SUCCESS,100,
Trendlyne,Month CCI crossed above 100,month-cci-crossed-above-100,595667,SUCCESS,100,
Trendlyne,Month ROC Trending Down,month-roc-trending-down,595671,SUCCESS,100,
Trendlyne,Month CCI Bearish,month-cci-bearish,595666,SUCCESS,100,
Trendlyne,Month CCI Trending Down,month-cci-trending-down,595664,SUCCESS,100,
Trendlyne,Month CCI crossed below -100,month-cci-crossed-below--100,595663,SUCCESS,100,
Trendlyne,Month Stochastic oscillator bearish crossover,month-stochastic-oscillator-bearish-crossover,701782,SUCCESS,83,
Trendlyne,Month Stochastic oscillator bearish momentum,month-stochastic-oscillator-bearish-momentum,701785,SUCCESS,100,
Trendlyne,Month Stochastic oscillator bullish momentum,month-stochastic-oscillator-bullish-momentum,701783,SUCCESS,100,
Trendlyne,Month Stochastic oscillator overbought,month-stochastic-oscillator-overbought,701780,SUCCESS,100,
Trendlyne,Month Stochastic oscillator bullish crossover,month-stochastic-oscillator-bullish-crossover,701773,SUCCESS,100,
Trendlyne,Month Stochastic oscillator oversold,month-stochastic-oscillator-oversold,701772,SUCCESS,100,
Trendlyne,Golden Cross 20 day over 200 day,golden-cross-20-day-over-200-day,494720,SUCCESS,100,
Trendlyne,Golden Cross 20 day over 150 day,golden-cross-20-day-over-150-day,504450,SUCCESS,100,
Trendlyne,Golden Cross 30 day over 150 day,golden-cross-30-day-over-150-day,494750,SUCCESS,100,
Trendlyne,Golden Cross 10 day over 150 day,golden-cross-10-day-over-150-day,494749,SUCCESS,100,
Trendlyne,Golden Cross 5 day over 150 day,golden-cross-5-day-over-150-day,494748,SUCCESS,100,
Trendlyne,Golden Cross 20 day over 100 day,golden-cross-20-day-over-100-day,494747,SUCCESS,100,
Trendlyne,Golden Cross 5 day over 100 day,golden-cross-5-day-over-100-day,494740,SUCCESS,100,
Trendlyne,Golden Cross 10 day over 200 day,golden-cross-10-day-over-200-day,494718,SUCCESS,100,
Trendlyne,Golden Cross 5 day over 200 day,golden-cross-5-day-over-200-day,494715,SUCCESS,100,
Trendlyne,Golden Cross 30 day over 200 day,golden-cross-30-day-over-200-day,494721,SUCCESS,100,
Trendlyne,Death Cross 5 day below 150 day,death-cross-5-day-below-150-day,495958,SUCCESS,100,
Trendlyne,Death Cross 10 day below 150 day,death-cross-10-day-below-150-day,495960,SUCCESS,100,
Trendlyne,Death Cross 20 day below 150 day,death-cross-20-day-below-150-day,495971,SUCCESS,100,
Trendlyne,Death Cross 30 day below 150 day,death-cross-30-day-below-150-day,495972,SUCCESS,100,
Trendlyne,Death Cross 30 day below 200 day,death-cross-30-day-below-200-day,504476,SUCCESS,100,
Trendlyne,Death Cross 20 day below 100 day,death-cross-20-day-below-100-day,495955,SUCCESS,100,
Trendlyne,Death Cross 5 day below 100 day,death-cross-5-day-below-100-day,495953,SUCCESS,100,
Trendlyne,Death Cross 10 day below 100 day,death-cross-10-day-below-100-day,495954,SUCCESS,100,
Trendlyne,Death Cross 50 day below 200 day,death-cross-50-day-below-200-day,495951,SUCCESS,100,
Trendlyne,Death Cross 20 day below 200 day,death-cross-20-day-below-200-day,495950,SUCCESS,100,
Trendlyne,Death Cross 5 day below 200 day,death-cross-5-day-below-200-day,495946,SUCCESS,100,
Trendlyne,Death Cross 10 day below 200 day,death-cross-10-day-below-200-day,495947,SUCCESS,100,
Trendlyne,Stocks with their Last Traded Price trading above their SMA200,stocks-with-their-last-traded-price-trading-above-their-sma200,224859,SUCCESS,100,
Trendlyne,Stocks with their Last Traded Price trading above their SMA150,stocks-with-their-last-traded-price-trading-above-their-sma150,224858,SUCCESS,100,
Trendlyne,Stocks with their Last Traded Price trading above their SMA100,stocks-with-their-last-traded-price-trading-above-their-sma100,224856,SUCCESS,100,
Trendlyne,Stocks with their Last Traded Price trading above their SMA50,stocks-with-their-last-traded-price-trading-above-their-sma50,224855,SUCCESS,100,
Trendlyne,Stocks with their Last Traded Price trading above their SMA30,stocks-with-their-last-traded-price-trading-above-their-sma30,224854,SUCCESS,100,
Trendlyne,Stocks with their Last Traded Price trading above their SMA20,stocks-with-their-last-traded-price-trading-above-their-sma20,224853,SUCCESS,100,
Trendlyne,Stocks with their Last Traded Price trading above their SMA10,stocks-with-their-last-traded-price-trading-above-their-sma10,224851,SUCCESS,100,
Trendlyne,Stocks with their Last Traded Price trading above their SMA5,stocks-with-their-last-traded-price-trading-above-their-sma5,224849,SUCCESS,100,
Trendlyne,Stocks with their Last Traded Price trading above their EMA200,stocks-with-their-last-traded-price-trading-above-their-ema200,225503,SUCCESS,100,
Trendlyne,Stocks with their Last Traded Price trading above their EMA100,stocks-with-their-last-traded-price-trading-above-their-ema100,225502,SUCCESS,100,
Trendlyne,Stocks with their Last Traded Price trading above their EMA50,stocks-with-their-last-traded-price-trading-above-their-ema50,225500,SUCCESS,100,
Trendlyne,Stocks with their Last Traded Price trading above their EMA26,stocks-with-their-last-traded-price-trading-above-their-ema26,225498,SUCCESS,100,
Trendlyne,Stocks with their Last Traded Price trading above their EMA20,stocks-with-their-last-traded-price-trading-above-their-ema20,225496,SUCCESS,100,
Trendlyne,Stocks with their Last Traded Price trading above their EMA12,stocks-with-their-last-traded-price-trading-above-their-ema12,225493,SUCCESS,100,
Trendlyne,Stocks with their Last Traded Price trading above their EMA10,stocks-with-their-last-traded-price-trading-above-their-ema10,225491,SUCCESS,100,
Trendlyne,Stocks with their Last Traded Price trading above their EMA5,stocks-with-their-last-traded-price-trading-above-their-ema5,225489,SUCCESS,100,
Trendlyne,Stocks with their Last Traded Price trading below their SMA200,stocks-with-their-last-traded-price-trading-below-their-sma200,224875,SUCCESS,100,
Trendlyne,Stocks with their Last Traded Price trading below their SMA150,stocks-with-their-last-traded-price-trading-below-their-sma150,224874,SUCCESS,100,
Trendlyne,Stocks with their Last Traded Price trading below their SMA100,stocks-with-their-last-traded-price-trading-below-their-sma100,224872,SUCCESS,100,
Trendlyne,Stocks with their Last Traded Price trading below their SMA50,stocks-with-their-last-traded-price-trading-below-their-sma50,224870,SUCCESS,100,
Trendlyne,Stocks with their Last Traded Price trading below their SMA30,stocks-with-their-last-traded-price-trading-below-their-sma30,224869,SUCCESS,100,
Trendlyne,Stocks with their Last Traded Price trading below their SMA20,stocks-with-their-last-traded-price-trading-below-their-sma20,224866,SUCCESS,100,
Trendlyne,Stocks with their Last Traded Price trading below their SMA10,stocks-with-their-last-traded-price-trading-below-their-sma10,224865,SUCCESS,100,
Trendlyne,Stocks with their Last Traded Price trading below their SMA5,stocks-with-their-last-traded-price-trading-below-their-sma5,224864,SUCCESS,100,
Trendlyne,Stocks with their Last Traded Price trading below their EMA100,stocks-with-their-last-traded-price-trading-below-their-ema100,225524,SUCCESS,100,
Trendlyne,Stocks with their Last Traded Price trading below their EMA200,stocks-with-their-last-traded-price-trading-below-their-ema200,225526,SUCCESS,100,
Trendlyne,Stocks with their Last Traded Price trading below their EMA50,stocks-with-their-last-traded-price-trading-below-their-ema50,225522,SUCCESS,100,
Trendlyne,Stocks with their Last Traded Price trading below their EMA26,stocks-with-their-last-traded-price-trading-below-their-ema26,225520,SUCCESS,100,
Trendlyne,Stocks with their Last Traded Price trading below their EMA20,stocks-with-their-last-traded-price-trading-below-their-ema20,225517,SUCCESS,100,
Trendlyne,Stocks with their Last Traded Price trading below their EMA12,stocks-with-their-last-traded-price-trading-below-their-ema12,225515,SUCCESS,100,
Trendlyne,Stocks with their Last Traded Price trading below their EMA10,stocks-with-their-last-traded-price-trading-below-their-ema10,225509,SUCCESS,100,
Trendlyne,Stocks with their Last Traded Price trading below their EMA5,stocks-with-their-last-traded-price-trading-below-their-ema5,225507,SUCCESS,100,
Trendlyne,Stocks with their SMA150 trading above their SMA200,stocks-with-their-sma150-trading-above-their-sma200,495937,SUCCESS,100,
Trendlyne,Stocks with their SMA100 trading above their SMA150,stocks-with-their-sma100-trading-above-their-sma150,495935,SUCCESS,100,
Trendlyne,Stocks with their SMA50 trading above their SMA150,stocks-with-their-sma50-trading-above-their-sma150,495117,SUCCESS,100,
Trendlyne,Stocks with their SMA30 trading above their SMA100,stocks-with-their-sma30-trading-above-their-sma100,494777,SUCCESS,100,
Trendlyne,Stocks with their SMA30 trading above their SMA50,stocks-with-their-sma30-trading-above-their-sma50,494773,SUCCESS,100,
Trendlyne,Stocks with their SMA20 trading above their SMA50,stocks-with-their-sma20-trading-above-their-sma50,494768,SUCCESS,100,
Trendlyne,Stocks with their SMA10 trading above their SMA50,stocks-with-their-sma10-trading-above-their-sma50,494767,SUCCESS,100,
Trendlyne,Stocks with their SMA5 trading above their SMA50,stocks-with-their-sma5-trading-above-their-sma50,494764,SUCCESS,100,
Trendlyne,Stocks with their SMA20 trading above their SMA30,stocks-with-their-sma20-trading-above-their-sma30,494763,SUCCESS,100,
Trendlyne,Stocks with their SMA10 trading above their SMA30,stocks-with-their-sma10-trading-above-their-sma30,494761,SUCCESS,100,
Trendlyne,Stocks with their SMA5 trading above their SMA30,stocks-with-their-sma5-trading-above-their-sma30,494758,SUCCESS,100,
Trendlyne,Stocks with their SMA10 trading above their SMA20,stocks-with-their-sma10-trading-above-their-sma20,494757,SUCCESS,100,
Trendlyne,Stocks with their SMA5 trading above their SMA20,stocks-with-their-sma5-trading-above-their-sma20,494756,SUCCESS,100,
Trendlyne,Stocks with their SMA5 trading above their SMA10,stocks-with-their-sma5-trading-above-their-sma10,494754,SUCCESS,100,
Trendlyne,Stocks with their SMA100 trading above their SMA200,stocks-with-their-sma100-trading-above-their-sma200,225408,SUCCESS,100,
Trendlyne,Stocks with their SMA50 trading above their SMA100,stocks-with-their-sma50-trading-above-their-sma100,225381,SUCCESS,100,
Trendlyne,Stocks with their EMA26 trading above their EMA200,stocks-with-their-ema26-trading-above-their-ema200,497806,SUCCESS,100,
Trendlyne,Stocks with their EMA20 trading above their EMA200,stocks-with-their-ema20-trading-above-their-ema200,497805,SUCCESS,100,
Trendlyne,Stocks with their EMA12 trading above their EMA200,stocks-with-their-ema12-trading-above-their-ema200,497804,SUCCESS,100,
Trendlyne,Stocks with their EMA10 trading above their EMA200,stocks-with-their-ema10-trading-above-their-ema200,497803,SUCCESS,100,
Trendlyne,Stocks with their EMA5 trading above their EMA200,stocks-with-their-ema5-trading-above-their-ema200,497802,SUCCESS,100,
Trendlyne,Stocks with their EMA26 trading above their EMA100,stocks-with-their-ema26-trading-above-their-ema100,497798,SUCCESS,100,
Trendlyne,Stocks with their EMA20 trading above their EMA100,stocks-with-their-ema20-trading-above-their-ema100,497797,SUCCESS,100,
Trendlyne,Stocks with their EMA12 trading above their EMA100,stocks-with-their-ema12-trading-above-their-ema100,497796,SUCCESS,100,
Trendlyne,Stocks with their EMA10 trading above their EMA100,stocks-with-their-ema10-trading-above-their-ema100,497793,SUCCESS,100,
Trendlyne,Stocks with their EMA5 trading above their EMA100,stocks-with-their-ema5-trading-above-their-ema100,497791,SUCCESS,100,
Trendlyne,Stocks with their EMA26 trading above their EMA50,stocks-with-their-ema26-trading-above-their-ema50,497790,SUCCESS,100,
Trendlyne,Stocks with their EMA10 trading above their EMA50,stocks-with-their-ema10-trading-above-their-ema50,497789,SUCCESS,100,
Trendlyne,Stocks with their EMA12 trading above their EMA20,stocks-with-their-ema12-trading-above-their-ema20,497786,SUCCESS,100,
Trendlyne,Stocks with their EMA10 trading above their EMA20,stocks-with-their-ema10-trading-above-their-ema20,497784,SUCCESS,100,
Trendlyne,Stocks with their EMA100 trading above their EMA200,stocks-with-their-ema100-trading-above-their-ema200,231999,SUCCESS,100,
Trendlyne,Stocks with their EMA50 trading above their EMA200,stocks-with-their-ema50-trading-above-their-ema200,231960,SUCCESS,100,
Trendlyne,Stocks with their EMA50 trading above their EMA100,stocks-with-their-ema50-trading-above-their-ema100,231955,SUCCESS,100,
Trendlyne,Stocks with their EMA20 trading above their EMA50,stocks-with-their-ema20-trading-above-their-ema50,225569,SUCCESS,100,
Trendlyne,Stocks with their EMA12 trading above their EMA50,stocks-with-their-ema12-trading-above-their-ema50,225558,SUCCESS,100,
Trendlyne,Stocks with their EMA5 trading above their EMA50,stocks-with-their-ema5-trading-above-their-ema50,225540,SUCCESS,100,
Trendlyne,Stocks with their EMA5 trading above their EMA20,stocks-with-their-ema5-trading-above-their-ema20,225538,SUCCESS,100,
Trendlyne,Stocks with their SMA150 trading below their SMA200,stocks-with-their-sma150-trading-below-their-sma200,504449,SUCCESS,100,
Trendlyne,Stocks with their SMA100 trading below their SMA200,stocks-with-their-sma100-trading-below-their-sma200,504448,SUCCESS,100,
Trendlyne,Stocks with their SMA100 trading below their SMA150,stocks-with-their-sma100-trading-below-their-sma150,504444,SUCCESS,100,
Trendlyne,Stocks with their SMA50 trading below their SMA150,stocks-with-their-sma50-trading-below-their-sma150,504442,SUCCESS,100,
Trendlyne,Stocks with their SMA50 trading below their SMA100,stocks-with-their-sma50-trading-below-their-sma100,504441,SUCCESS,100,
Trendlyne,Stocks with their SMA30 trading below their SMA100,stocks-with-their-sma30-trading-below-their-sma100,504438,SUCCESS,100,
Trendlyne,Stocks with their SMA30 trading below their SMA50,stocks-with-their-sma30-trading-below-their-sma50,504435,SUCCESS,100,
Trendlyne,Stocks with their SMA20 trading below their SMA50,stocks-with-their-sma20-trading-below-their-sma50,504433,SUCCESS,100,
Trendlyne,Stocks with their SMA10 trading below their SMA50,stocks-with-their-sma10-trading-below-their-sma50,495992,SUCCESS,100,
Trendlyne,Stocks with their SMA5 trading below their SMA50,stocks-with-their-sma5-trading-below-their-sma50,495990,SUCCESS,100,
Trendlyne,Stocks with their SMA20 trading below their SMA30,stocks-with-their-sma20-trading-below-their-sma30,495989,SUCCESS,100,
Trendlyne,Stocks with their SMA10 trading below their SMA30,stocks-with-their-sma10-trading-below-their-sma30,495988,SUCCESS,100,
Trendlyne,Stocks with their SMA5 trading below their SMA30,stocks-with-their-sma5-trading-below-their-sma30,495986,SUCCESS,100,
Trendlyne,Stocks with their SMA10 trading below their SMA20,stocks-with-their-sma10-trading-below-their-sma20,495984,SUCCESS,100,
Trendlyne,Stocks with their SMA5 trading below their SMA20,stocks-with-their-sma5-trading-below-their-sma20,495979,SUCCESS,100,
Trendlyne,Stocks with their SMA5 trading below their SMA10,stocks-with-their-sma5-trading-below-their-sma10,495975,SUCCESS,100,
Trendlyne,Stocks with their EMA26 trading below their EMA200,stocks-with-their-ema26-trading-below-their-ema200,498225,SUCCESS,100,
Trendlyne,Stocks with their EMA20 trading below their EMA200,stocks-with-their-ema20-trading-below-their-ema200,498224,SUCCESS,100,
Trendlyne,Stocks with their EMA12 trading below their EMA200,stocks-with-their-ema12-trading-below-their-ema200,498223,SUCCESS,100,
Trendlyne,Stocks with their EMA10 trading below their EMA200,stocks-with-their-ema10-trading-below-their-ema200,498221,SUCCESS,100,
Trendlyne,Stocks with their EMA5 trading below their EMA200,stocks-with-their-ema5-trading-below-their-ema200,498220,SUCCESS,100,
Trendlyne,Stocks with their EMA26 trading below their EMA100,stocks-with-their-ema26-trading-below-their-ema100,498219,SUCCESS,100,
Trendlyne,Stocks with their EMA20 trading below their EMA100,stocks-with-their-ema20-trading-below-their-ema100,498217,SUCCESS,100,
Trendlyne,Stocks with their EMA12 trading below their EMA100,stocks-with-their-ema12-trading-below-their-ema100,498215,SUCCESS,100,
Trendlyne,Stocks with their EMA10 trading below their EMA100,stocks-with-their-ema10-trading-below-their-ema100,498214,SUCCESS,100,
Trendlyne,Stocks with their EMA5 trading below their EMA100,stocks-with-their-ema5-trading-below-their-ema100,498212,SUCCESS,100,
Trendlyne,Stocks with their EMA26 trading below their EMA50,stocks-with-their-ema26-trading-below-their-ema50,498211,SUCCESS,100,
Trendlyne,Stocks with their EMA10 trading below their EMA50,stocks-with-their-ema10-trading-below-their-ema50,498209,SUCCESS,100,
Trendlyne,Stocks with their EMA12 trading below their EMA20,stocks-with-their-ema12-trading-below-their-ema20,498205,SUCCESS,100,
Trendlyne,Stocks with their EMA10 trading below their EMA20,stocks-with-their-ema10-trading-below-their-ema20,498203,SUCCESS,100,
Trendlyne,Stocks with their EMA100 trading below their EMA200,stocks-with-their-ema100-trading-below-their-ema200,359218,SUCCESS,100,
Trendlyne,Stocks with their EMA50 trading below their EMA200,stocks-with-their-ema50-trading-below-their-ema200,359217,SUCCESS,100,
Trendlyne,Stocks with their EMA50 trading below their EMA100,stocks-with-their-ema50-trading-below-their-ema100,359216,SUCCESS,100,
Trendlyne,Stocks with their EMA20 trading below their EMA50,stocks-with-their-ema20-trading-below-their-ema50,359214,SUCCESS,100,
Trendlyne,Stocks with their EMA12 trading below their EMA50,stocks-with-their-ema12-trading-below-their-ema50,359213,SUCCESS,100,
Trendlyne,Stocks with their EMA5 trading below their EMA50,stocks-with-their-ema5-trading-below-their-ema50,359212,SUCCESS,100,
Trendlyne,Stocks with their EMA5 trading below their EMA20,stocks-with-their-ema5-trading-below-their-ema20,359200,SUCCESS,100,
Trendlyne,Promoter decreasing their shareholding,promoter-decreasing-their-shareholding,15320,SUCCESS,100,
Trendlyne,Promoter holding increased more than 2% QoQ,promoter-holding-increased-more-than-2%-qoq,17343,SUCCESS,15,
Trendlyne,Promoters increased pledged shares QoQ,promoters-increased-pledged-shares-qoq,13086,SUCCESS,100,
Trendlyne,pledged shares increased in past week,pledged-shares-increased-in-past-week,31717,SUCCESS,5,
Trendlyne,Promoter holding decreased by more than -2% QoQ,promoter-holding-decreased-by-more-than--2%-qoq,17344,SUCCESS,100,
Trendlyne,Pledges today more than 1% of total shares,pledges-today-more-than-1%-of-total-shares,26001,SUCCESS,0,
Trendlyne,Significant Change in Promoter Shareholding - Latest Quarter,significant-change-in-promoter-shareholding---latest-quarter,11385,SUCCESS,100,
Trendlyne,Stocks where promoters are increasing their shareholding QoQ,stocks-where-promoters-are-increasing-their-shareholding-qoq,9544,SUCCESS,100,
Trendlyne,"Negative profit growth, promoters decreasing shareholding QoQ","negative-profit-growth,-promoters-decreasing-shareholding-qoq",36377,SUCCESS,100,
Trendlyne,"Growth stocks, promoters increasing shareholding","growth-stocks,-promoters-increasing-shareholding",23,SUCCESS,97,
Trendlyne,Highest Promoter Holdings,highest-promoter-holdings,184105,SUCCESS,100,
Trendlyne,FII/FPI decreasing shareholding,fii/fpi-decreasing-shareholding,42221,SUCCESS,100,
Trendlyne,Big Changes up or down in FII holding,big-changes-up-or-down-in-fii-holding,11500,SUCCESS,100,
Trendlyne,FII/FPI increasing their shareholding,fii/fpi-increasing-their-shareholding,15316,SUCCESS,100,
Trendlyne,Highest FII stock holdings,highest-fii-stock-holdings,15318,SUCCESS,100,
Trendlyne,Mutual Funds Increased Shareholding in Past Month,mutual-funds-increased-shareholding-in-past-month,31264,SUCCESS,25,
Trendlyne,"Companies with high market cap, lower public shareholding","companies-with-high-market-cap,-lower-public-shareholding",25348,SUCCESS,100,
Trendlyne,Mutual Funds Decreased Shareholding in Past Month,mutual-funds-decreased-shareholding-in-past-month,47927,SUCCESS,100,
Trendlyne,Mutual Funds Increased Shareholding over the Past Two Months,mutual-funds-increased-shareholding-over-the-past-two-months,399172,SUCCESS,28,
Trendlyne,Mutual Funds and FII/DIIs have decreased their shareholding in most recent quarter,mutual-funds-and-fii/diis-have-decreased-their-shareholding-in-most-recent-quarter,258663,SUCCESS,24,
Trendlyne,MFs increased their shareholding last quarter,mfs-increased-their-shareholding-last-quarter,15451,SUCCESS,100,
Trendlyne,Big changes up or down in public shareholding in the past quarter (QoQ),big-changes-up-or-down-in-public-shareholding-in-the-past-quarter-(qoq),526367,SUCCESS,100,
Trendlyne,Decreasing public shareholding in the past quarter (QoQ) and year (YoY),decreasing-public-shareholding-in-the-past-quarter-(qoq)-and-year-(yoy),526405,SUCCESS,100,
Trendlyne,Decreasing public shareholding over the past two years,decreasing-public-shareholding-over-the-past-two-years,526380,SUCCESS,100,
Trendlyne,Decreasing public shareholding in the past year (YoY),decreasing-public-shareholding-in-the-past-year-(yoy),526379,SUCCESS,100,
Trendlyne,Declining public shareholding in the past quarter (QoQ),declining-public-shareholding-in-the-past-quarter-(qoq),526362,SUCCESS,100,
Trendlyne,Increasing public shareholding in the past quarter (QoQ) and year (YoY),increasing-public-shareholding-in-the-past-quarter-(qoq)-and-year-(yoy),526402,SUCCESS,100,
Trendlyne,Increasing public shareholding in the past quarter (QoQ),increasing-public-shareholding-in-the-past-quarter-(qoq),526363,SUCCESS,100,
Trendlyne,Increasing public shareholding over the past two years,increasing-public-shareholding-over-the-past-two-years,526385,SUCCESS,100,
Trendlyne,Big Deal (Insider Trades) sells last week greater than 1% of total shares,big-deal-(insider-trades)-sells-last-week-greater-than-1%-of-total-shares,472327,SUCCESS,2,
Trendlyne,Big Deal (Insider Trades) sells last month greater than 1% of total shares,big-deal-(insider-trades)-sells-last-month-greater-than-1%-of-total-shares,471978,SUCCESS,45,
Trendlyne,Big Deal (Insider Trades) buys last week greater than 1% of total shares,big-deal-(insider-trades)-buys-last-week-greater-than-1%-of-total-shares,472341,SUCCESS,9,
Trendlyne,Big Deal (Insider Trades) buys last month greater than 1% of total shares,big-deal-(insider-trades)-buys-last-month-greater-than-1%-of-total-shares,472333,SUCCESS,35,
Trendlyne,Insider sells yesterday greater than 0.1% of total shares,insider-sells-yesterday-greater-than-0.1%-of-total-shares,472344,SUCCESS,3,
Trendlyne,Insider and SAST sells yesterday greater than 0.1% of total shares,insider-and-sast-sells-yesterday-greater-than-0.1%-of-total-shares,20078,SUCCESS,3,
Trendlyne,Insiders sold stocks,insiders-sold-stocks,46425,SUCCESS,100,
Trendlyne,Multibagger Penny Stocks with High Book Value,multibagger-penny-stocks-with-high-book-value,661640,SUCCESS,6,
Trendlyne,Penny Stocks Under Rs 1 with High Book Value,penny-stocks-under-rs-1-with-high-book-value,661639,SUCCESS,78,
Trendlyne,Penny Stocks Under Rs 10,penny-stocks-under-rs-10,661637,SUCCESS,100,
Trendlyne,Debt Free Penny Stocks in India Under Rs 10,debt-free-penny-stocks-in-india-under-rs-10,661641,SUCCESS,100,
Trendlyne,Top Penny Stocks Under Rs 5,top-penny-stocks-under-rs-5,661638,SUCCESS,100,
Trendlyne,Outperformers In Family Owned Companies,outperformers-in-family-owned-companies,629842,SUCCESS,0,
Trendlyne,Tata Group stocks - List of all Tata companies & share prices,tata-group-stocks---list-of-all-tata-companies-&-share-prices,592839,SUCCESS,0,
Trendlyne,Reliance Group share prices & companies list,reliance-group-share-prices-&-companies-list,592842,SUCCESS,0,
Trendlyne,Adani Group share prices & companies list,adani-group-share-prices-&-companies-list,592754,SUCCESS,0,
Trendlyne,Bajaj companies list & share prices,bajaj-companies-list-&-share-prices,592853,SUCCESS,0,
Trendlyne,Mahindra Group share prices & stock performance,mahindra-group-share-prices-&-stock-performance,592864,SUCCESS,0,
Trendlyne,Aditya Birla Group companies,aditya-birla-group-companies,592840,SUCCESS,0,
Trendlyne,Jindal group companies & their share prices,jindal-group-companies-&-their-share-prices,592848,SUCCESS,0,
Trendlyne,Murugappa group companies & their share prices,murugappa-group-companies-&-their-share-prices,592861,SUCCESS,0,
Trendlyne,Godrej group companies - Listed companies & share prices,godrej-group-companies---listed-companies-&-share-prices,592858,SUCCESS,0,
Trendlyne,Hinduja Group companies & their share prices,hinduja-group-companies-&-their-share-prices,592856,SUCCESS,0,
Trendlyne,Companies impacted by rising crude oil prices,companies-impacted-by-rising-crude-oil-prices,789518,SUCCESS,0,
Trendlyne,Indian companies with high revenue exposure to the US market,indian-companies-with-high-revenue-exposure-to-the-us-market,661182,SUCCESS,0,
Trendlyne,Gold stocks in India,gold-stocks-in-india,592867,SUCCESS,0,
Trendlyne,Silver stocks in India,silver-stocks-in-india,592873,SUCCESS,0,
Trendlyne,AI stocks in India,ai-stocks-in-india,592935,SUCCESS,0,
Trendlyne,Battery stocks - featuring battery manufacturers in India,battery-stocks---featuring-battery-manufacturers-in-india,592936,SUCCESS,0,
Trendlyne,"PSU stocks list - includes banks, infra, and more","psu-stocks-list---includes-banks,-infra,-and-more",592943,SUCCESS,0,
Trendlyne,EV stocks in India,ev-stocks-in-india,592940,SUCCESS,0,
Trendlyne,SME stocks list,sme-stocks-list,608228,SUCCESS,100,
Trendlyne,Stocks where top management is under dispute,stocks-where-top-management-is-under-dispute,638307,SUCCESS,0,
Trendlyne,FnO (Futures and Options) stocks list,fno-(futures-and-options)-stocks-list,608252,SUCCESS,100,
Trendlyne,ASM (Additional Surveillance Measure)/GSM (Graded Surveillance Measure) stock list,asm-(additional-surveillance-measure)/gsm-(graded-surveillance-measure)-stock-list,608231,SUCCESS,100,
Trendlyne,Monsoon stocks,monsoon-stocks,592969,SUCCESS,0,
Trendlyne,QSR stocks,qsr-stocks,592939,SUCCESS,0,
Trendlyne,Annual revenue and net profit positive surprise,annual-revenue-and-net-profit-positive-surprise,556779,SUCCESS,2,
Trendlyne,Revenue and EPS positive surprise for the Quarter,revenue-and-eps-positive-surprise-for-the-quarter,556782,SUCCESS,84,
Trendlyne,Annual revenue and EPS positive surprise,annual-revenue-and-eps-positive-surprise,556783,SUCCESS,100,
Trendlyne,Net Profit Positive Surprise for the Quarter,net-profit-positive-surprise-for-the-quarter,556798,SUCCESS,100,
Trendlyne,Revenue Positive Surprise for the Quarter,revenue-positive-surprise-for-the-quarter,556802,SUCCESS,100,
Trendlyne,EPS Positive Surprise for the Quarter,eps-positive-surprise-for-the-quarter,556806,SUCCESS,100,
Trendlyne,Net Profit Positive Surprise for the Year,net-profit-positive-surprise-for-the-year,556812,SUCCESS,100,
Trendlyne,Revenue Positive Surprise for the Year,revenue-positive-surprise-for-the-year,556819,SUCCESS,100,
Trendlyne,EPS Positive Surprise for the Year,eps-positive-surprise-for-the-year,556858,SUCCESS,100,
Trendlyne,Forecaster: Analysts Estimate Positive Capex Growth,forecaster:-analysts-estimate-positive-capex-growth,556862,SUCCESS,100,
Trendlyne,Highest Capex Growth Estimates - Forecaster,highest-capex-growth-estimates---forecaster,253272,SUCCESS,100,
Trendlyne,Forecaster: Analysts See Consensus Upside to Share Price,forecaster:-analysts-see-consensus-upside-to-share-price,556865,SUCCESS,100,
Trendlyne,Forecaster: Analysts Estimate Dividend Yield Growth (YoY),forecaster:-analysts-estimate-dividend-yield-growth-(yoy),556869,SUCCESS,100,
Trendlyne,Forecaster: Analysts Estimate Falling Interest Expense (QoQ),forecaster:-analysts-estimate-falling-interest-expense-(qoq),556891,SUCCESS,93,
Trendlyne,Forecaster: Analysts Estimate  Falling Interest Expense (YoY),forecaster:-analysts-estimate-falling-interest-expense-(yoy),556895,SUCCESS,100,
Trendlyne,Revenue and net profit positive surprise for the Quarter,revenue-and-net-profit-positive-surprise-for-the-quarter,556358,SUCCESS,87,
Trendlyne,Rising general industrial stocks with strong Forecaster EPS and revenue growth estimates in FY26,rising-general-industrial-stocks-with-strong-forecaster-eps-and-revenue-growth-estimates-in-fy26,688033,SUCCESS,100,
Trendlyne,Forecaster Consensus Estimates: Stocks with Strong Buy Calls from Analysts,forecaster-consensus-estimates:-stocks-with-strong-buy-calls-from-analysts,207497,SUCCESS,100,
Trendlyne,Forecaster: Analysts estimate positive annual revenue and EPS growth,forecaster:-analysts-estimate-positive-annual-revenue-and-eps-growth,669112,SUCCESS,100,
Trendlyne,Forecaster: Analysts estimate positive quarterly revenue and EPS growth (YoY),forecaster:-analysts-estimate-positive-quarterly-revenue-and-eps-growth-(yoy),669051,SUCCESS,100,
Trendlyne,Forecaster: Analysts estimate positive EPS growth (QoQ),forecaster:-analysts-estimate-positive-eps-growth-(qoq),669140,SUCCESS,100,
Trendlyne,Forecaster: Analysts estimate positive revenue growth (QoQ),forecaster:-analysts-estimate-positive-revenue-growth-(qoq),669138,SUCCESS,100,
Trendlyne,Forecaster: Analysts estimate positive revenue and EPS growth (QoQ),forecaster:-analysts-estimate-positive-revenue-and-eps-growth-(qoq),669137,SUCCESS,100,
Trendlyne,Forecaster: Analysts estimate positive quarterly EPS growth (YoY),forecaster:-analysts-estimate-positive-quarterly-eps-growth-(yoy),669067,SUCCESS,100,
Trendlyne,Forecaster: Analysts estimate positive quarterly revenue growth (YoY),forecaster:-analysts-estimate-positive-quarterly-revenue-growth-(yoy),669064,SUCCESS,100,
Trendlyne,Highest Long Term Growth Estimates - Forecaster,highest-long-term-growth-estimates---forecaster,253311,SUCCESS,100,
Trendlyne,Highest Upside in Target Price Estimates - Forecaster,highest-upside-in-target-price-estimates---forecaster,253307,SUCCESS,100,
Trendlyne,Highest Dividend Yield Estimates - Forecaster,highest-dividend-yield-estimates---forecaster,253296,SUCCESS,100,
Trendlyne,Strong Forecaster EPS Growth Estimates from Analysts,strong-forecaster-eps-growth-estimates-from-analysts,253269,SUCCESS,100,
Trendlyne,Strong Forecaster Revenue Growth Estimates from Analysts,strong-forecaster-revenue-growth-estimates-from-analysts,253267,SUCCESS,100,
Trendlyne,Forecaster Consensus Recommendation is Strong Buy or Buy,forecaster-consensus-recommendation-is-strong-buy-or-buy,253264,SUCCESS,100,
Trendlyne,Revenue and net profit negative surprise for the Quarter,revenue-and-net-profit-negative-surprise-for-the-quarter,556785,SUCCESS,47,
Trendlyne,Annual revenue and net profit negative surprise,annual-revenue-and-net-profit-negative-surprise,556790,SUCCESS,100,
Trendlyne,Revenue and EPS negative surprise for the Quarter,revenue-and-eps-negative-surprise-for-the-quarter,556793,SUCCESS,37,
Trendlyne,Annual revenue and EPS negative surprise,annual-revenue-and-eps-negative-surprise,556795,SUCCESS,100,
Trendlyne,Net Profit Negative Surprise for the Quarter,net-profit-negative-surprise-for-the-quarter,556799,SUCCESS,100,
Trendlyne,Revenue Negative Surprise for the Quarter,revenue-negative-surprise-for-the-quarter,556803,SUCCESS,100,
Trendlyne,EPS Negative Surprise for the Quarter,eps-negative-surprise-for-the-quarter,556810,SUCCESS,82,
Trendlyne,Net Profit Negative Surprise for the Year,net-profit-negative-surprise-for-the-year,556813,SUCCESS,100,
Trendlyne,Revenue Negative Surprise for the Year,revenue-negative-surprise-for-the-year,556820,SUCCESS,100,
Trendlyne,EPS Negative Surprise for the Year,eps-negative-surprise-for-the-year,556861,SUCCESS,100,
Trendlyne,Forecaster: Analysts Estimate Negative Capex Growth,forecaster:-analysts-estimate-negative-capex-growth,556864,SUCCESS,100,
Trendlyne,Forecaster: Analysts See Consensus Downside to Share Price,forecaster:-analysts-see-consensus-downside-to-share-price,556868,SUCCESS,100,
Trendlyne,Forecaster: Analysts Estimate Dividend Yield Decline (YoY),forecaster:-analysts-estimate-dividend-yield-decline-(yoy),556873,SUCCESS,100,
Trendlyne,Forecaster: Analysts Estimate Falling Free Cash Flow (YoY),forecaster:-analysts-estimate-falling-free-cash-flow-(yoy),556885,SUCCESS,100,
Trendlyne,Forecaster: Analysts Estimate Rising Interest Expense (QoQ),forecaster:-analysts-estimate-rising-interest-expense-(qoq),556888,SUCCESS,100,
Trendlyne,Forecaster: Analysts Estimate Rising Interest Expense (YoY),forecaster:-analysts-estimate-rising-interest-expense-(yoy),556894,SUCCESS,100,
Trendlyne,Forecaster Consensus Estimates: Stocks with Sell or Strong Sell Calls from Analysts,forecaster-consensus-estimates:-stocks-with-sell-or-strong-sell-calls-from-analysts,253313,SUCCESS,27,
Trendlyne,"Forecaster Consensus Recommendation is Strong Sell, and Weaker than Analyst View on Industry","forecaster-consensus-recommendation-is-strong-sell,-and-weaker-than-analyst-view-on-industry",253337,SUCCESS,3,
Trendlyne,Lowest Long Term Growth Estimates - Forecaster,lowest-long-term-growth-estimates---forecaster,253354,SUCCESS,100,
Trendlyne,Weak Forecaster EPS Growth Estimates from Analysts,weak-forecaster-eps-growth-estimates-from-analysts,253352,SUCCESS,100,
Trendlyne,Weak Forecaster Revenue Growth Estimates from Analysts,weak-forecaster-revenue-growth-estimates-from-analysts,253350,SUCCESS,100,
Trendlyne,Forecaster target price below current price,forecaster-target-price-below-current-price,258822,SUCCESS,100,
Trendlyne,Forecaster: Analysts estimate negative EPS growth (QoQ),forecaster:-analysts-estimate-negative-eps-growth-(qoq),669143,SUCCESS,100,
Trendlyne,Forecaster: Analysts estimate negative revenue growth (QoQ),forecaster:-analysts-estimate-negative-revenue-growth-(qoq),669142,SUCCESS,100,
Trendlyne,Forecaster: Anlaysts estimate negative revenue and EPS growth (QoQ),forecaster:-anlaysts-estimate-negative-revenue-and-eps-growth-(qoq),669141,SUCCESS,100,
Trendlyne,Forecaster: Analysts estimate negative annual revenue and EPS growth,forecaster:-analysts-estimate-negative-annual-revenue-and-eps-growth,669114,SUCCESS,7,
Trendlyne,Forecaster: Analysts estimate negative quarterly EPS growth (YoY),forecaster:-analysts-estimate-negative-quarterly-eps-growth-(yoy),669070,SUCCESS,100,
Trendlyne,Forecaster: Analysts estimate negative quarterly revenue growth (YoY),forecaster:-analysts-estimate-negative-quarterly-revenue-growth-(yoy),669066,SUCCESS,59,
Trendlyne,Forecaster: Analysts estimate negative quarterly revenue and EPS growth (YoY),forecaster:-analysts-estimate-negative-quarterly-revenue-and-eps-growth-(yoy),669060,SUCCESS,25,
Trendlyne,Stocks traded in the FnO market,stocks-traded-in-the-fno-market,208995,SUCCESS,100,
Trendlyne,Stocks that are currently under trade ban by the exchanges in the FnO market,stocks-that-are-currently-under-trade-ban-by-the-exchanges-in-the-fno-market,208618,SUCCESS,1,
Trendlyne,Stocks that are at the risk of entering a trade ban by the exchanges in the FnO market,stocks-that-are-at-the-risk-of-entering-a-trade-ban-by-the-exchanges-in-the-fno-market,208619,SUCCESS,3,
Trendlyne,Red Flag: Auditor Resignation,red-flag:-auditor-resignation,25125,SUCCESS,0,
Trendlyne,Red Flags: Weakening Technicals and Share Price Decline,red-flags:-weakening-technicals-and-share-price-decline,16995,SUCCESS,100,
Trendlyne,Stocks affected by weak monsoons,stocks-affected-by-weak-monsoons,21557,SUCCESS,0,
Trendlyne,Red Flags: Firms linked to ongoing regulatory investigations/legal cases,red-flags:-firms-linked-to-ongoing-regulatory-investigations/legal-cases,17038,SUCCESS,0,
Trendlyne,Red Flag: Companies undergoing forensic audit ordered by SEBI,red-flag:-companies-undergoing-forensic-audit-ordered-by-sebi,180912,SUCCESS,0,
Trendlyne,US FDA Warning Letter,us-fda-warning-letter,26901,SUCCESS,0,
Trendlyne,Buy Zone: Stocks in the buy zone based on days traded at current PE and P/BV,buy-zone:-stocks-in-the-buy-zone-based-on-days-traded-at-current-pe-and-p/bv,37335,SUCCESS,100,
Trendlyne,Stocks in PE Buy Zone,stocks-in-pe-buy-zone,258944,SUCCESS,100,
Trendlyne,Stocks in P/BV Buy Zone,stocks-in-p/bv-buy-zone,258930,SUCCESS,100,
Trendlyne,Stocks in P/BV Sell Zone,stocks-in-p/bv-sell-zone,258902,SUCCESS,100,
Trendlyne,Potential Outperformers: Upcoming results from high revenue and net profit growth companies in the previous quarter,potential-outperformers:-upcoming-results-from-high-revenue-and-net-profit-growth-companies-in-the-previous-quarter,479184,SUCCESS,100,
Trendlyne,Companies with no Debt,companies-with-no-debt,36275,SUCCESS,100,
Trendlyne,Industry outperformers in terms of annual growth and capital returns,industry-outperformers-in-terms-of-annual-growth-and-capital-returns,515743,SUCCESS,0,
Trendlyne,Multibaggers: stocks with 100%+ returns in one year,multibaggers:-stocks-with-100%+-returns-in-one-year,126619,SUCCESS,100,
Trendlyne,"Companies with current TTM PE Ratio less than 3 Year, 5 Year and 10 Year PE","companies-with-current-ttm-pe-ratio-less-than-3-year,-5-year-and-10-year-pe",17183,SUCCESS,100,
Trendlyne,Stocks with Quarter Change % less than Industry,stocks-with-quarter-change-%-less-than-industry,179158,SUCCESS,100,
Trendlyne,Nifty 500 - Brokers' top picks,nifty-500---brokers'-top-picks,92294,SUCCESS,80,
Trendlyne,Stocks with High Durability and EPS growth (subscription),stocks-with-high-durability-and-eps-growth-(subscription),10699,SUCCESS,45,
Trendlyne,Stocks rising sharply on very low month volumes,stocks-rising-sharply-on-very-low-month-volumes,330675,SUCCESS,100,
Trendlyne,Stock passes majority of CANSLIM Investment criteria,stock-passes-majority-of-canslim-investment-criteria,13213,SUCCESS,80,
Trendlyne,Fast growing companies with steady momentum,fast-growing-companies-with-steady-momentum,650308,SUCCESS,100,
Trendlyne,"DVM Performers for All Stocks (weekly, higher risk) - subscription","dvm-performers-for-all-stocks-(weekly,-higher-risk)---subscription",4807,SUCCESS,29,
Trendlyne,Stocks with Consistent Share Price Growth (subscription),stocks-with-consistent-share-price-growth-(subscription),24842,SUCCESS,87,
Trendlyne,Red Flag: High Interest Payments Compared to Earnings,red-flag:-high-interest-payments-compared-to-earnings,23511,SUCCESS,100,
Trendlyne,Broker Upgrades: Stocks where brokers upgraded recommendation or price target in the past one month,broker-upgrades:-stocks-where-brokers-upgraded-recommendation-or-price-target-in-the-past-one-month,14807,SUCCESS,61,
Trendlyne,Growth Stars: Strongest Annual EPS Performers,growth-stars:-strongest-annual-eps-performers,11321,SUCCESS,9,
Trendlyne,"Companies with PE less than Nifty500 PE, Price to Book less than 1","companies-with-pe-less-than-nifty500-pe,-price-to-book-less-than-1",14752,SUCCESS,8,
Trendlyne,Companies with high TTM EPS Growth,companies-with-high-ttm-eps-growth,10955,SUCCESS,100,
Trendlyne,High Piotroski Score with High Return on Equity (ROE) and EPS Growth,high-piotroski-score-with-high-return-on-equity-(roe)-and-eps-growth,10407,SUCCESS,46,
Trendlyne,Affordable stocks with good momentum and ROE - All Stocks (subscription),affordable-stocks-with-good-momentum-and-roe---all-stocks-(subscription),8036,SUCCESS,23,
Trendlyne,Companies in BSE Smallcap resilient against rupee depreciation & oil price rise,companies-in-bse-smallcap-resilient-against-rupee-depreciation-&-oil-price-rise,11866,SUCCESS,100,
Trendlyne,"Stocks whose current price is 20% higher than week low, and more than previous close","stocks-whose-current-price-is-20%-higher-than-week-low,-and-more-than-previous-close",9335,SUCCESS,100,
Trendlyne,Combined DVM and Piotroski Scores Screener (subscription),combined-dvm-and-piotroski-scores-screener-(subscription),6562,SUCCESS,14,
Trendlyne,Trendlynes growth stocks with good technical score,trendlynes-growth-stocks-with-good-technical-score,29,SUCCESS,75,
Trendlyne,"DVM - High Performing, Highly Durable Companies (subscription)","dvm---high-performing,-highly-durable-companies-(subscription)",11793,SUCCESS,5,
Trendlyne,Newly Affordable Stocks with Good Financials and Durability (subscription),newly-affordable-stocks-with-good-financials-and-durability-(subscription),11122,SUCCESS,100,
Trendlyne,High DVM Performers - Expensive but with Good Durability (subscription),high-dvm-performers---expensive-but-with-good-durability-(subscription),18566,SUCCESS,72,
Trendlyne,Technical Screener: Momentum Stocks with Significant Volumes,technical-screener:-momentum-stocks-with-significant-volumes,9516,SUCCESS,100,
Trendlyne,"Stocks seeing month price declines, good financial durability, and newly affordable valuations (subscription)","stocks-seeing-month-price-declines,-good-financial-durability,-and-newly-affordable-valuations-(subscription)",17233,SUCCESS,77,
Trendlyne,"High DVM Midcap Stocks (MarketCap 1000-10,000)","high-dvm-midcap-stocks-(marketcap-1000-10,000)",8182,SUCCESS,30,
Trendlyne,Top Performer DVM Stocks (subscription),top-performer-dvm-stocks-(subscription),7830,SUCCESS,12,
Trendlyne,Lower Risk: High DVM Stocks in Large Caps (Market Cap > 10000),lower-risk:-high-dvm-stocks-in-large-caps-(market-cap->-10000),8181,SUCCESS,2,
Trendlyne,Pharma Stocks with Rising Momentum,pharma-stocks-with-rising-momentum,14535,SUCCESS,100,
Trendlyne,Higher DVM Stocks Among Midcaps and Largecaps,higher-dvm-stocks-among-midcaps-and-largecaps,10159,SUCCESS,73,
Trendlyne,Higher Risk - High DVM Small Cap Stocks,higher-risk---high-dvm-small-cap-stocks,8185,SUCCESS,1,
Trendlyne,Stringent DVM Screener,stringent-dvm-screener,7942,SUCCESS,63,
Trendlyne,Weekly Screener: High Momentum Score Stocks (subscription),weekly-screener:-high-momentum-score-stocks-(subscription),7557,SUCCESS,99,
Trendlyne,Trendlynes technically strong value stocks (subscription),trendlynes-technically-strong-value-stocks-(subscription),26,SUCCESS,100,
Trendlyne,Weekly Momentum Gainers,weekly-momentum-gainers,8008,SUCCESS,49,
Trendlyne,Affordable Stocks - Stocks with Good Trendlyne Valuation Score,affordable-stocks---stocks-with-good-trendlyne-valuation-score,3056,SUCCESS,100,
Trendlyne,Performance of Stocks with Low Trendlyne Durability Score versus Benchmarks,performance-of-stocks-with-low-trendlyne-durability-score-versus-benchmarks,3051,SUCCESS,100,
Trendlyne,Companies whose fixed assets are higher than their market cap,companies-whose-fixed-assets-are-higher-than-their-market-cap,95025,SUCCESS,24,
Trendlyne,Big Gainers in Share Price with Good Net Profit Growth,big-gainers-in-share-price-with-good-net-profit-growth,478,SUCCESS,100,
Trendlyne,Net Profit Per Employee: Banks,net-profit-per-employee:-banks,9362,SUCCESS,0,
Trendlyne,Small Cap Stars,small-cap-stars,31,SUCCESS,12,
Trendlyne,Expert Stock Screener: Benjamin Graham Value Screen,expert-stock-screener:-benjamin-graham-value-screen,83419,SUCCESS,100,
Trendlyne,High Revenue and Profit Growth with High Return on Capital Deployed (ROCE) and Low PE ratio,high-revenue-and-profit-growth-with-high-return-on-capital-deployed-(roce)-and-low-pe-ratio,314040,SUCCESS,53,
Trendlyne,"High ROCE, Low PE companies","high-roce,-low-pe-companies",422014,SUCCESS,100,
Trendlyne,High Piotroski Score Screener,high-piotroski-score-screener,422006,SUCCESS,100,
Trendlyne,Long Term Growth Companies,long-term-growth-companies,1511,SUCCESS,48,
Trendlyne,Benjamin Graham Value Screen,benjamin-graham-value-screen,4805,SUCCESS,100,
Trendlyne,Screener for stocks benefiting from lower oil prices,screener-for-stocks-benefiting-from-lower-oil-prices,18597,SUCCESS,0,
Trendlyne,Brokers upgraded recommendation or target price in the past three months,brokers-upgraded-recommendation-or-target-price-in-the-past-three-months,18916,SUCCESS,100,
Trendlyne,Private Banks Screener,private-banks-screener,12405,SUCCESS,0,
Trendlyne,Expert Stock Screener: Jim Slater's Zulu Principle (Discover Growth Stocks),expert-stock-screener:-jim-slater's-zulu-principle-(discover-growth-stocks),422017,SUCCESS,100,
Trendlyne,Debt reduction,debt-reduction,691164,SUCCESS,100,
Trendlyne,Price Volume Action,price-volume-action,691162,SUCCESS,56,
Trendlyne,The Bull Cartel,the-bull-cartel,691159,SUCCESS,8,
Trendlyne,Companies creating new highs,companies-creating-new-highs,677964,SUCCESS,100,
Trendlyne,Quarterly Growers,quarterly-growers,678277,SUCCESS,100,
Trendlyne,Growth Stock - Small Cap,growth-stock---small-cap,1729,SUCCESS,100,
Trendlyne,"my version  , Deepak sTOCKS","my-version-,-deepak-stocks",138,SUCCESS,85,
Trendlyne,"Growth companies in Tech: Software companies with rising net profit, revenue and ROCE","growth-companies-in-tech:-software-companies-with-rising-net-profit,-revenue-and-roce",423,SUCCESS,100,
Trendlyne,Good Technical Strong with high growth,good-technical-strong-with-high-growth,717,SUCCESS,100,
Trendlyne,Value Stocks,value-stocks,2651,SUCCESS,100,
Trendlyne,Vinod always,vinod-always,1648,SUCCESS,100,
Trendlyne,Positive ROCE and less PEG Ratio,positive-roce-and-less-peg-ratio,226,SUCCESS,95,
Trendlyne,high volume high growth,high-volume-high-growth,41,SUCCESS,58,
Trendlyne,Good Fundamental Stock Near 52 Week Low,good-fundamental-stock-near-52-week-low,293,SUCCESS,53,
Trendlyne,Strong Bullish Breakout,bull-1,pk1,SUCCESS,0,
Trendlyne,Negative Momentum Breakdown,bear-1,pk2,SUCCESS,0,
Trendlyne,Consolidation Range,neutral-1,pk3,SUCCESS,0,
