source,screener_id,screener_name
"trendlyne","15-min-adx-bearish-divergence","15 min ADX Bearish Divergence"
"trendlyne","15-min-adx-bullish-divergence","15 min ADX Bullish Divergence"
"trendlyne","15-min-adx-mild-trending-stocks","15 min ADX Mild Trending Stocks"
"trendlyne","15-min-adx-strong-trending-stocks","15 min ADX Strong Trending Stocks"
"trendlyne","15-min-adx-trending-stocks","15 min ADX Trending Stocks"
"trendlyne","15-min-bollinger-band-breakdown","15 min Bollinger Band Breakdown"
"trendlyne","15-min-bollinger-band-breakout","15 min Bollinger Band Breakout"
"trendlyne","15-min-cci-bearish","15 min CCI Bearish"
"trendlyne","15-min-cci-bullish","15 min CCI Bullish"
"trendlyne","15-min-cci-overbought","15 min CCI Overbought"
"trendlyne","15-min-cci-oversold","15 min CCI Oversold"
"trendlyne","15-min-cci-trending-down","15 min CCI Trending Down"
"trendlyne","15-min-cci-trending-up","15 min CCI Trending Up"
"trendlyne","15-min-cci-crossed-above-100","15 min CCI crossed above 100"
"trendlyne","15-min-cci-crossed-below--100","15 min CCI crossed below -100"
"trendlyne","15-min-macd-crossover-above-signal-line","15 min MACD Crossover Above Signal Line"
"trendlyne","15-min-macd-crossover-below-signal-line","15 min MACD Crossover below Signal Line"
"trendlyne","15-min-roc-trending-down","15 min ROC Trending Down"
"trendlyne","15-min-roc-trending-up","15 min ROC Trending Up"
"trendlyne","15-min-relative-strength-index-(rsi)-bearish","15 min Relative Strength Index (RSI) Bearish"
"trendlyne","15-min-relative-strength-index-(rsi)-bullish","15 min Relative Strength Index (RSI) bullish"
"trendlyne","15-min-supertrend-buys","15 min Supertrend Buys"
"trendlyne","15-min-supertrend-sells","15 min Supertrend Sells"
"trendlyne","15-min-supertrend-signal-changed-to-buy","15 min Supertrend Signal changed to Buy"
"trendlyne","15-min-supertrend-signal-changed-to-sell","15 min Supertrend Signal changed to Sell"
"trendlyne","15-min-willaims-%r-in-oversold-zone","15 min Willaims %R in Oversold zone"
"trendlyne","15-min-williams-%r-bearish","15 min Williams %R Bearish"
"trendlyne","15-min-williams-%r-bullish","15 min Williams %R Bullish"
"trendlyne","15-min-williams-%r-crossed--20-from-below","15 min Williams %R crossed -20 from below"
"trendlyne","15-min-williams-%r-crossed--80-from-above","15 min Williams %R crossed -80 from above"
"trendlyne","15-min-williams-%r-in-overbought-zone","15 min Williams %R in Overbought zone"
"trendlyne","15-min-williams-trending-down","15 min Williams Trending Down"
"trendlyne","1h-adx-bearish-divergence","1H ADX Bearish Divergence"
"trendlyne","1h-adx-bullish-divergence","1H ADX Bullish Divergence"
"trendlyne","1h-adx-mild-trending-stocks","1H ADX Mild Trending Stocks"
"trendlyne","1h-adx-strong-trending-stocks","1H ADX Strong Trending Stocks"
"trendlyne","1h-adx-trending-stocks","1H ADX Trending Stocks"
"trendlyne","1h-bollinger-band-breakdown","1H Bollinger Band Breakdown"
"trendlyne","1h-bollinger-band-breakout","1H Bollinger Band Breakout"
"trendlyne","1h-cci-bearish","1H CCI Bearish"
"trendlyne","1h-cci-bullish","1H CCI Bullish"
"trendlyne","1h-cci-overbought","1H CCI Overbought"
"trendlyne","1h-cci-oversold","1H CCI Oversold"
"trendlyne","1h-cci-trending-down","1H CCI Trending Down"
"trendlyne","1h-cci-trending-up","1H CCI Trending Up"
"trendlyne","1h-cci-crossed-above-100","1H CCI crossed above 100"
"trendlyne","1h-cci-crossed-below--100","1H CCI crossed below -100"
"trendlyne","1h-macd-crossover-above-signal-line","1H MACD Crossover Above Signal Line"
"trendlyne","1h-macd-crossover-below-signal-line","1H MACD Crossover below Signal Line"
"trendlyne","1h-roc-trending-down","1H ROC Trending Down"
"trendlyne","1h-roc-trending-up","1H ROC Trending Up"
"trendlyne","1h-relative-strength-index-(rsi)-bearish","1H Relative Strength Index (RSI) Bearish"
"trendlyne","1h-relative-strength-index-(rsi)-bullish","1H Relative Strength Index (RSI) bullish"
"trendlyne","1h-supertrend-buys","1H Supertrend Buys"
"trendlyne","1h-supertrend-sells","1H Supertrend Sells"
"trendlyne","1h-supertrend-signal-changed-to-buy","1H Supertrend Signal changed to Buy"
"trendlyne","1h-supertrend-signal-changed-to-sell","1H Supertrend Signal changed to Sell"
"trendlyne","1h-willaims-%r-in-oversold-zone","1H Willaims %R in Oversold zone"
"trendlyne","1h-williams-%r-bearish","1H Williams %R Bearish"
"trendlyne","1h-williams-%r-bullish","1H Williams %R Bullish"
"trendlyne","1h-williams-%r-crossed--20-from-below","1H Williams %R crossed -20 from below"
"trendlyne","1h-williams-%r-crossed--80-from-above","1H Williams %R crossed -80 from above"
"trendlyne","1h-williams-%r-in-overbought-zone","1H Williams %R in Overbought zone"
"trendlyne","1h-williams-trending-down","1H Williams Trending Down"
"trendlyne","2h-adx-bearish-divergence","2H ADX Bearish Divergence"
"trendlyne","2h-adx-bullish-divergence","2H ADX Bullish Divergence"
"trendlyne","2h-adx-mild-trending-stocks","2H ADX Mild Trending Stocks"
"trendlyne","2h-adx-strong-trending-stocks","2H ADX Strong Trending Stocks"
"trendlyne","2h-adx-trending-stocks","2H ADX Trending Stocks"
"trendlyne","2h-bollinger-band-breakdown","2H Bollinger Band Breakdown"
"trendlyne","2h-bollinger-band-breakout","2H Bollinger Band Breakout"
"trendlyne","2h-cci-bearish","2H CCI Bearish"
"trendlyne","2h-cci-bullish","2H CCI Bullish"
"trendlyne","2h-cci-overbought","2H CCI Overbought"
"trendlyne","2h-cci-oversold","2H CCI Oversold"
"trendlyne","2h-cci-trending-down","2H CCI Trending Down"
"trendlyne","2h-cci-trending-up","2H CCI Trending Up"
"trendlyne","2h-cci-crossed-above-100","2H CCI crossed above 100"
"trendlyne","2h-cci-crossed-below--100","2H CCI crossed below -100"
"trendlyne","2h-macd-crossover-above-signal-line","2H MACD Crossover Above Signal Line"
"trendlyne","2h-macd-crossover-below-signal-line","2H MACD Crossover below Signal Line"
"trendlyne","2h-roc-trending-down","2H ROC Trending Down"
"trendlyne","2h-roc-trending-up","2H ROC Trending Up"
"trendlyne","2h-relative-strength-index-(rsi)-bearish","2H Relative Strength Index (RSI) Bearish"
"trendlyne","2h-relative-strength-index-(rsi)-bullish","2H Relative Strength Index (RSI) bullish"
"trendlyne","2h-supertrend-buys","2H Supertrend Buys"
"trendlyne","2h-supertrend-sells","2H Supertrend Sells"
"trendlyne","2h-supertrend-signal-changed-to-buy","2H Supertrend Signal changed to Buy"
"trendlyne","2h-supertrend-signal-changed-to-sell","2H Supertrend Signal changed to Sell"
"trendlyne","2h-willaims-%r-in-oversold-zone","2H Willaims %R in Oversold zone"
"trendlyne","2h-williams-%r-bearish","2H Williams %R Bearish"
"trendlyne","2h-williams-%r-bullish","2H Williams %R Bullish"
"trendlyne","2h-williams-%r-crossed--20-from-below","2H Williams %R crossed -20 from below"
"trendlyne","2h-williams-%r-crossed--80-from-above","2H Williams %R crossed -80 from above"
"trendlyne","2h-williams-%r-in-overbought-zone","2H Williams %R in Overbought zone"
"trendlyne","2h-williams-trending-down","2H Williams Trending Down"
"trendlyne","30-day-sma-crossing-over-200-day-sma,-and-current-price-greater-than-open","30 Day SMA crossing over 200 Day SMA, and current price greater than open"
"trendlyne","30-min-adx-bearish-divergence","30 min ADX Bearish Divergence"
"trendlyne","30-min-adx-bullish-divergence","30 min ADX Bullish Divergence"
"trendlyne","30-min-adx-mild-trending-stocks","30 min ADX Mild Trending Stocks"
"trendlyne","30-min-adx-strong-trending-stocks","30 min ADX Strong Trending Stocks"
"trendlyne","30-min-adx-trending-stocks","30 min ADX Trending Stocks"
"trendlyne","30-min-bollinger-band-breakdown","30 min Bollinger Band Breakdown"
"trendlyne","30-min-bollinger-band-breakout","30 min Bollinger Band Breakout"
"trendlyne","30-min-cci-bearish","30 min CCI Bearish"
"trendlyne","30-min-cci-bullish","30 min CCI Bullish"
"trendlyne","30-min-cci-overbought","30 min CCI Overbought"
"trendlyne","30-min-cci-oversold","30 min CCI Oversold"
"trendlyne","30-min-cci-trending-down","30 min CCI Trending Down"
"trendlyne","30-min-cci-trending-up","30 min CCI Trending Up"
"trendlyne","30-min-cci-crossed-above-100","30 min CCI crossed above 100"
"trendlyne","30-min-cci-crossed-below--100","30 min CCI crossed below -100"
"trendlyne","30-min-macd-crossover-above-signal-line","30 min MACD Crossover Above Signal Line"
"trendlyne","30-min-macd-crossover-below-signal-line","30 min MACD Crossover below Signal Line"
"trendlyne","30-min-roc-trending-down","30 min ROC Trending Down"
"trendlyne","30-min-roc-trending-up","30 min ROC Trending Up"
"trendlyne","30-min-relative-strength-index-(rsi)-bearish","30 min Relative Strength Index (RSI) Bearish"
"trendlyne","30-min-relative-strength-index-(rsi)-bullish","30 min Relative Strength Index (RSI) bullish"
"trendlyne","30-min-supertrend-buys","30 min Supertrend Buys"
"trendlyne","30-min-supertrend-sells","30 min Supertrend Sells"
"trendlyne","30-min-supertrend-signal-changed-to-buy","30 min Supertrend Signal changed to Buy"
"trendlyne","30-min-supertrend-signal-changed-to-sell","30 min Supertrend Signal changed to Sell"
"trendlyne","30-min-willaims-%r-in-oversold-zone","30 min Willaims %R in Oversold zone"
"trendlyne","30-min-williams-%r-bearish","30 min Williams %R Bearish"
"trendlyne","30-min-williams-%r-bullish","30 min Williams %R Bullish"
"trendlyne","30-min-williams-%r-crossed--20-from-below","30 min Williams %R crossed -20 from below"
"trendlyne","30-min-williams-%r-crossed--80-from-above","30 min Williams %R crossed -80 from above"
"trendlyne","30-min-williams-%r-in-overbought-zone","30 min Williams %R in Overbought zone"
"trendlyne","30-min-williams-trending-down","30 min Williams Trending Down"
"trendlyne","adx-bearish-divergence","ADX Bearish Divergence"
"trendlyne","adx-bullish-divergence","ADX Bullish Divergence"
"trendlyne","adx-mild-trending-stocks","ADX Mild Trending Stocks"
"trendlyne","adx-strong-trending-stocks","ADX Strong Trending Stocks"
"trendlyne","adx-trending-stocks","ADX Trending Stocks"
"trendlyne","ai-stocks-in-india","AI stocks in India"
"trendlyne","asm-(additional-surveillance-measure)/gsm-(graded-surveillance-measure)-stock-list","ASM (Additional Surveillance Measure)/GSM (Graded Surveillance Measure) stock list"
"trendlyne","abandoned-baby-bottom-or-bullish-abandoned-baby-(bullish-reversal)","Abandoned Baby Bottom or Bullish Abandoned Baby (Bullish Reversal)"
"trendlyne","abandoned-baby-top-or-bearish-abandoned-baby-(bearish-reversal)","Abandoned Baby Top or Bearish Abandoned Baby (Bearish Reversal)"
"trendlyne","adani-group-share-prices-&-companies-list","Adani Group share prices & companies list"
"trendlyne","aditya-birla-group-companies","Aditya Birla Group companies"
"trendlyne","affordable-stocks---stocks-with-good-trendlyne-valuation-score","Affordable Stocks - Stocks with Good Trendlyne Valuation Score"
"trendlyne","affordable-stocks-with-good-momentum-and-roe---all-stocks-(subscription)","Affordable stocks with good momentum and ROE - All Stocks (subscription)"
"trendlyne","all-stars:-high-scorers-across-metrics","All Stars: High Scorers Across Metrics"
"trendlyne","announced-results-in-last-two-weeks,-with-rising-operating-profit-margin-and-yoy-profit-growth","Announced results in last two weeks, with rising operating profit margin and YoY profit growth"
"trendlyne","annual-profit-growth-higher-than-industry-profit-growth","Annual Profit Growth higher than Industry Profit Growth"
"trendlyne","annual-profit-growth-higher-than-sector-profit-growth","Annual Profit Growth higher than Sector Profit Growth"
"trendlyne","annual-profit-growth-less-than-industry-profit-growth","Annual Profit Growth less than Industry Profit Growth"
"trendlyne","annual-profit-growth-less-than-sector-profit-growth","Annual Profit Growth less than Sector Profit Growth"
"trendlyne","annual-revenue-growth-higher-than-industry-revenue-growth","Annual Revenue Growth higher than Industry Revenue Growth"
"trendlyne","annual-revenue-growth-higher-than-sector-revenue-growth","Annual Revenue Growth higher than Sector Revenue Growth"
"trendlyne","annual-revenue-growth-less-than-industry-revenue-growth","Annual Revenue Growth less than Industry Revenue Growth"
"trendlyne","annual-revenue-growth-lower-than-sector-revenue-growth","Annual Revenue Growth lower than Sector Revenue Growth"
"trendlyne","annual-revenue-and-eps-negative-surprise","Annual revenue and EPS negative surprise"
"trendlyne","annual-revenue-and-eps-positive-surprise","Annual revenue and EPS positive surprise"
"trendlyne","annual-revenue-and-net-profit-negative-surprise","Annual revenue and net profit negative surprise"
"trendlyne","annual-revenue-and-net-profit-positive-surprise","Annual revenue and net profit positive surprise"
"trendlyne","await-turnaround-(dvm)","Await Turnaround (DVM)"
"trendlyne","bajaj-companies-list-&-share-prices","Bajaj companies list & share prices"
"trendlyne","banking-&-finance-stocks-that-saw-rising-net-profit-and-revenue-in-the-most-recent-quarter","Banking & finance stocks that saw rising net profit and revenue in the most recent quarter"
"trendlyne","battery-stocks---featuring-battery-manufacturers-in-india","Battery stocks - featuring battery manufacturers in India"
"trendlyne","bearish-engulfing-(bearish-reversal)","Bearish Engulfing (Bearish Reversal)"
"trendlyne","bearish-harami-(bearish-reversal)","Bearish Harami (Bearish Reversal)"
"trendlyne","bearish-harami-cross-(bearish-reversal)","Bearish Harami Cross (Bearish Reversal)"
"trendlyne","bearish-prb-(previous-range-breakout)","Bearish PRB (Previous Range Breakout)"
"trendlyne","bearish-stocks---stocks-with-medium-to-low-trendlyne-momentum-score","Bearish Stocks - Stocks with Medium to Low Trendlyne Momentum Score"
"trendlyne","benjamin-graham-value-screen","Benjamin Graham Value Screen"
"trendlyne","best-bargains-screener:-above-line-growth,-below-line-valuations","Best Bargains Screener: Above line growth, Below line valuations"
"trendlyne","best-results-last-week-in-yoy-net-profit-and-revenue-growth","Best results last week in YoY net profit and revenue growth"
"trendlyne","big-changes-up-or-down-in-fii-holding","Big Changes up or down in FII holding"
"trendlyne","big-deal-(insider-trades)-buys-last-month-greater-than-1%-of-total-shares","Big Deal (Insider Trades) buys last month greater than 1% of total shares"
"trendlyne","big-deal-(insider-trades)-buys-last-week-greater-than-1%-of-total-shares","Big Deal (Insider Trades) buys last week greater than 1% of total shares"
"trendlyne","big-deal-(insider-trades)-sells-last-month-greater-than-1%-of-total-shares","Big Deal (Insider Trades) sells last month greater than 1% of total shares"
"trendlyne","big-deal-(insider-trades)-sells-last-week-greater-than-1%-of-total-shares","Big Deal (Insider Trades) sells last week greater than 1% of total shares"
"trendlyne","big-gainers-in-share-price-with-good-net-profit-growth","Big Gainers in Share Price with Good Net Profit Growth"
"trendlyne","big-changes-up-or-down-in-public-shareholding-in-the-past-quarter-(qoq)","Big changes up or down in public shareholding in the past quarter (QoQ)"
"trendlyne","black-marubozu-(bearish)","Black Marubozu (Bearish)"
"trendlyne","bollinger-band-breakdown","Bollinger Band Breakdown"
"trendlyne","bollinger-band-breakout","Bollinger Band Breakout"
"trendlyne","broker-reco-and-target-upgrades-in-the-past-six-months","Broker Reco and Target Upgrades in the Past Six Months"
"trendlyne","broker-upgrades:-stocks-where-brokers-upgraded-recommendation-or-price-target-in-the-past-one-month","Broker Upgrades: Stocks where brokers upgraded recommendation or price target in the past one month"
"trendlyne","broker-downgrades-in-price-or-recommendation-in-the-past-one-month","Broker downgrades in price or recommendation in the past one month"
"trendlyne","broker-price-or-reco-upgrades-in-last-month","Broker price or reco upgrades in last month"
"trendlyne","brokers-upgraded-recommendation-or-target-price-in-the-past-three-months","Brokers upgraded recommendation or target price in the past three months"
"trendlyne","bullish-engulfing-pattern-(bullish-reversal)","Bullish Engulfing Pattern (Bullish Reversal)"
"trendlyne","bullish-harami-(bullish-reversal)","Bullish Harami  (Bullish Reversal)"
"trendlyne","bullish-harami-cross-(bullish-reversal)","Bullish Harami Cross (Bullish Reversal)"
"trendlyne","bullish-kicking-(bullish-reversal)","Bullish Kicking (Bullish Reversal)"
"trendlyne","bullish-prb-(previous-range-breakout)","Bullish PRB (Previous Range Breakout)"
"trendlyne","buy-zone:-stocks-in-the-buy-zone-based-on-days-traded-at-current-pe-and-p/bv","Buy Zone: Stocks in the buy zone based on days traded at current PE and P/BV"
"trendlyne","buys-by-superstar-investors","Buys by Superstar Investors"
"trendlyne","cci-bearish","CCI Bearish"
"trendlyne","cci-bullish","CCI Bullish"
"trendlyne","cci-overbought","CCI Overbought"
"trendlyne","cci-oversold","CCI Oversold"
"trendlyne","cci-trending-down","CCI Trending Down"
"trendlyne","cci-trending-up","CCI Trending Up"
"trendlyne","cci-crossed-above-100","CCI crossed above 100"
"trendlyne","cci-crossed-below--100","CCI crossed below -100"
"trendlyne","combined-dvm-and-piotroski-scores-screener-(subscription)","Combined DVM and Piotroski Scores Screener (subscription)"
"trendlyne","companies-benefiting-from-government-pli-schemes","Companies Benefiting From Government PLI Schemes"
"trendlyne","companies-increasing-debt-as-per-annual-report","Companies Increasing Debt as per Annual Report"
"trendlyne","companies-creating-new-highs","Companies creating new highs"
"trendlyne","companies-impacted-by-rising-crude-oil-prices","Companies impacted by rising crude oil prices"
"trendlyne","companies-in-bse-smallcap-resilient-against-rupee-depreciation-&-oil-price-rise","Companies in BSE Smallcap resilient against rupee depreciation & oil price rise"
"trendlyne","companies-that-declared-results-in-past-one-week,-showing-declining-net-profit-yoy-or-qoq-(subscription)","Companies that Declared Results in Past One Week, Showing Declining Net Profit YoY OR QoQ (subscription)"
"trendlyne","companies-that-saw-improvement-in-net-profits,-operating-profit-margin-and-revenues-in-the-most-recent-quarter","Companies that saw improvement in net profits, operating profit margin and revenues in the most recent quarter"
"trendlyne","companies-whose-fixed-assets-are-higher-than-their-market-cap","Companies whose fixed assets are higher than their market cap"
"trendlyne","companies-with-10%-increase-in-share-price-over-three-months,-with-rising-net-profit-growth","Companies with 10% increase in share price over three months, with rising net profit growth"
"trendlyne","companies-with-high-debt","Companies with High Debt"
"trendlyne","companies-with-pe-less-than-nifty500-pe,-price-to-book-less-than-1","Companies with PE less than Nifty500 PE, Price to Book less than 1"
"trendlyne","companies-with-upcoming-results","Companies with Upcoming Results"
"trendlyne","companies-with-current-ttm-pe-ratio-less-than-3-year,-5-year-and-10-year-pe","Companies with current TTM PE Ratio less than 3 Year, 5 Year and 10 Year PE"
"trendlyne","companies-with-high-ttm-eps-growth","Companies with high TTM EPS Growth"
"trendlyne","companies-with-high-market-cap,-lower-public-shareholding","Companies with high market cap, lower public shareholding"
"trendlyne","companies-with-improving-valuation-scores-after-share-price-falls","Companies with improving valuation scores after share price falls"
"trendlyne","companies-with-no-debt","Companies with no Debt"
"trendlyne","companies-with-rising-net-profit-margins---quarterly-as-well-as-ttm-basis","Companies with rising net profit margins - quarterly as well as TTM basis"
"trendlyne","consistent-high-performing-stocks-over-five-years","Consistent high performing stocks over Five Years"
"trendlyne","consistently-performing-growth-stocks","Consistently Performing Growth Stocks"
"trendlyne","neutral-1","Consolidation Range"
"trendlyne","current-price-above-100day-ema","Current Price above 100Day EMA"
"trendlyne","current-price-above-10day-ema","Current Price above 10Day EMA"
"trendlyne","current-price-above-12day-ema","Current Price above 12Day EMA"
"trendlyne","current-price-above-50day-ema","Current Price above 50Day EMA"
"trendlyne","current-price-above-5day-ema","Current Price above 5Day EMA"
"trendlyne","current-price-below-100day-ema","Current Price below 100Day EMA"
"trendlyne","current-price-below-10day-ema","Current Price below 10Day EMA"
"trendlyne","current-price-below-12day-ema","Current Price below 12Day EMA"
"trendlyne","current-price-below-26day-ema","Current Price below 26Day EMA"
"trendlyne","current-price-below-5day-ema","Current Price below 5Day EMA"
"trendlyne","dvm---high-performing,-highly-durable-companies-(subscription)","DVM - High Performing, Highly Durable Companies (subscription)"
"trendlyne","dvm-performers-for-all-stocks-(weekly,-higher-risk)---subscription","DVM Performers for All Stocks (weekly, higher risk) - subscription"
"trendlyne","darkcloud-cover-(bearish-reversal)","Darkcloud cover (Bearish Reversal)"
"trendlyne","darvas-scan","Darvas Scan"
"trendlyne","day-supertrend-sells","Day Supertrend Sells"
"trendlyne","death-cross","Death Cross"
"trendlyne","death-cross-10-day-below-100-day","Death Cross 10 day below 100 day"
"trendlyne","death-cross-10-day-below-150-day","Death Cross 10 day below 150 day"
"trendlyne","death-cross-10-day-below-200-day","Death Cross 10 day below 200 day"
"trendlyne","death-cross-20-day-below-100-day","Death Cross 20 day below 100 day"
"trendlyne","death-cross-20-day-below-150-day","Death Cross 20 day below 150 day"
"trendlyne","death-cross-20-day-below-200-day","Death Cross 20 day below 200 day"
"trendlyne","death-cross-30-day-below-150-day","Death Cross 30 day below 150 day"
"trendlyne","death-cross-30-day-below-200-day","Death Cross 30 day below 200 day"
"trendlyne","death-cross-5-day-below-100-day","Death Cross 5 day below 100 day"
"trendlyne","death-cross-5-day-below-150-day","Death Cross 5 day below 150 day"
"trendlyne","death-cross-5-day-below-200-day","Death Cross 5 day below 200 day"
"trendlyne","death-cross-50-day-below-200-day","Death Cross 50 day below 200 day"
"trendlyne","debt-free-penny-stocks-in-india-under-rs-10","Debt Free Penny Stocks in India Under Rs 10"
"trendlyne","debt-reduction","Debt reduction"
"trendlyne","declining-profitability:-falling-roce","Declining profitability: Falling ROCE"
"trendlyne","declining-public-shareholding-in-the-past-quarter-(qoq)","Declining public shareholding in the past quarter (QoQ)"
"trendlyne","decreasing-public-shareholding-in-the-past-quarter-(qoq)-and-year-(yoy)","Decreasing public shareholding in the past quarter (QoQ) and year (YoY)"
"trendlyne","decreasing-public-shareholding-in-the-past-year-(yoy)","Decreasing public shareholding in the past year (YoY)"
"trendlyne","decreasing-public-shareholding-over-the-past-two-years","Decreasing public shareholding over the past two years"
"trendlyne","degrowth-in-revenue,-profits-and-operating-profit-margin-in-recent-results-(qoq)","Degrowth in Revenue, Profits and Operating Profit Margin in recent results (QoQ)"
"trendlyne","delivery-screener:-20%-higher-delivery-over-the-week-compared-to-month","Delivery Screener: 20% Higher Delivery over the Week compared to Month"
"trendlyne","dividend-yield-greater-than-industry-dividend-yield","Dividend yield greater than industry dividend yield"
"trendlyne","dividend-yield-greater-than-sector-dividend-yield","Dividend yield greater than sector dividend yield"
"trendlyne","dividend-yield-less-than-industry-dividend-yield","Dividend yield less than industry dividend yield"
"trendlyne","dividend-yield-less-than-sector-dividend-yield","Dividend yield less than sector dividend yield"
"trendlyne","downside-tasuki-gap-(bearish-continuation)","Downside Tasuki Gap (Bearish Continuation)"
"trendlyne","dragonfly-doji-(bullish-reversal)","Dragonfly Doji (Bullish Reversal)"
"trendlyne","eps-negative-surprise-for-the-quarter","EPS Negative Surprise for the Quarter"
"trendlyne","eps-negative-surprise-for-the-year","EPS Negative Surprise for the Year"
"trendlyne","eps-positive-surprise-for-the-quarter","EPS Positive Surprise for the Quarter"
"trendlyne","eps-positive-surprise-for-the-year","EPS Positive Surprise for the Year"
"trendlyne","ev-stocks-in-india","EV stocks in India"
"trendlyne","expensive-performers-(dvm)","Expensive Performers (DVM)"
"trendlyne","expensive-rockets-(dvm)","Expensive Rockets (DVM)"
"trendlyne","expensive-stars-(dvm)","Expensive Stars (DVM)"
"trendlyne","expensive-underperformers-(dvm)","Expensive Underperformers (DVM)"
"trendlyne","expert-stock-screener:-benjamin-graham-value-screen","Expert Stock Screener: Benjamin Graham Value Screen"
"trendlyne","expert-stock-screener:-jim-slater's-zulu-principle-(discover-growth-stocks)","Expert Stock Screener: Jim Slater's Zulu Principle (Discover Growth Stocks)"
"trendlyne","fii/fpi-decreasing-shareholding","FII/FPI decreasing shareholding"
"trendlyne","fii/fpi-increasing-their-shareholding","FII/FPI increasing their shareholding"
"trendlyne","falling-comet-(dvm)","Falling Comet (DVM)"
"trendlyne","fast-growing-companies-with-steady-momentum","Fast growing companies with steady momentum"
"trendlyne","fno-(futures-and-options)-stocks-list","FnO (Futures and Options) stocks list"
"trendlyne","forecaster-consensus-estimates:-stocks-with-sell-or-strong-sell-calls-from-analysts","Forecaster Consensus Estimates: Stocks with Sell or Strong Sell Calls from Analysts"
"trendlyne","forecaster-consensus-estimates:-stocks-with-strong-buy-calls-from-analysts","Forecaster Consensus Estimates: Stocks with Strong Buy Calls from Analysts"
"trendlyne","forecaster-consensus-recommendation-is-strong-buy-or-buy","Forecaster Consensus Recommendation is Strong Buy or Buy"
"trendlyne","forecaster-consensus-recommendation-is-strong-buy,-and-higher-than-consensus-view-on-industry","Forecaster Consensus Recommendation is Strong Buy, and Higher than Consensus View on Industry"
"trendlyne","forecaster-consensus-recommendation-is-strong-sell,-and-weaker-than-analyst-view-on-industry","Forecaster Consensus Recommendation is Strong Sell, and Weaker than Analyst View on Industry"
"trendlyne","forecaster-special---strong-sequential-growth","Forecaster Special - Strong sequential growth"
"trendlyne","forecaster-special---sell-side","Forecaster special - Sell side"
"trendlyne","forecaster-target-price-below-current-price","Forecaster target price below current price"
"trendlyne","forecaster:-analysts-estimate-falling-interest-expense-(yoy)","Forecaster: Analysts Estimate  Falling Interest Expense (YoY)"
"trendlyne","forecaster:-analysts-estimate-dividend-yield-decline-(yoy)","Forecaster: Analysts Estimate Dividend Yield Decline (YoY)"
"trendlyne","forecaster:-analysts-estimate-dividend-yield-growth-(yoy)","Forecaster: Analysts Estimate Dividend Yield Growth (YoY)"
"trendlyne","forecaster:-analysts-estimate-falling-free-cash-flow-(yoy)","Forecaster: Analysts Estimate Falling Free Cash Flow (YoY)"
"trendlyne","forecaster:-analysts-estimate-falling-interest-expense-(qoq)","Forecaster: Analysts Estimate Falling Interest Expense (QoQ)"
"trendlyne","forecaster:-analysts-estimate-negative-capex-growth","Forecaster: Analysts Estimate Negative Capex Growth"
"trendlyne","forecaster:-analysts-estimate-positive-capex-growth","Forecaster: Analysts Estimate Positive Capex Growth"
"trendlyne","forecaster:-analysts-estimate-rising-interest-expense-(qoq)","Forecaster: Analysts Estimate Rising Interest Expense (QoQ)"
"trendlyne","forecaster:-analysts-estimate-rising-interest-expense-(yoy)","Forecaster: Analysts Estimate Rising Interest Expense (YoY)"
"trendlyne","forecaster:-analysts-see-consensus-downside-to-share-price","Forecaster: Analysts See Consensus Downside to Share Price"
"trendlyne","forecaster:-analysts-see-consensus-upside-to-share-price","Forecaster: Analysts See Consensus Upside to Share Price"
"trendlyne","forecaster:-analysts-estimate-negative-eps-growth-(qoq)","Forecaster: Analysts estimate negative EPS growth (QoQ)"
"trendlyne","forecaster:-analysts-estimate-negative-annual-revenue-and-eps-growth","Forecaster: Analysts estimate negative annual revenue and EPS growth"
"trendlyne","forecaster:-analysts-estimate-negative-quarterly-eps-growth-(yoy)","Forecaster: Analysts estimate negative quarterly EPS growth (YoY)"
"trendlyne","forecaster:-analysts-estimate-negative-quarterly-revenue-and-eps-growth-(yoy)","Forecaster: Analysts estimate negative quarterly revenue and EPS growth (YoY)"
"trendlyne","forecaster:-analysts-estimate-negative-quarterly-revenue-growth-(yoy)","Forecaster: Analysts estimate negative quarterly revenue growth (YoY)"
"trendlyne","forecaster:-analysts-estimate-negative-revenue-growth-(qoq)","Forecaster: Analysts estimate negative revenue growth (QoQ)"
"trendlyne","forecaster:-analysts-estimate-positive-eps-growth-(qoq)","Forecaster: Analysts estimate positive EPS growth (QoQ)"
"trendlyne","forecaster:-analysts-estimate-positive-annual-revenue-and-eps-growth","Forecaster: Analysts estimate positive annual revenue and EPS growth"
"trendlyne","forecaster:-analysts-estimate-positive-quarterly-eps-growth-(yoy)","Forecaster: Analysts estimate positive quarterly EPS growth (YoY)"
"trendlyne","forecaster:-analysts-estimate-positive-quarterly-revenue-and-eps-growth-(yoy)","Forecaster: Analysts estimate positive quarterly revenue and EPS growth (YoY)"
"trendlyne","forecaster:-analysts-estimate-positive-quarterly-revenue-growth-(yoy)","Forecaster: Analysts estimate positive quarterly revenue growth (YoY)"
"trendlyne","forecaster:-analysts-estimate-positive-revenue-and-eps-growth-(qoq)","Forecaster: Analysts estimate positive revenue and EPS growth (QoQ)"
"trendlyne","forecaster:-analysts-estimate-positive-revenue-growth-(qoq)","Forecaster: Analysts estimate positive revenue growth (QoQ)"
"trendlyne","forecaster:-anlaysts-estimate-negative-revenue-and-eps-growth-(qoq)","Forecaster: Anlaysts estimate negative revenue and EPS growth (QoQ)"
"trendlyne","gap-down-opening-in-price-screener","Gap down opening in price screener"
"trendlyne","gap-up-opening-in-price-screener","Gap up opening in price screener"
"trendlyne","godrej-group-companies---listed-companies-&-share-prices","Godrej group companies - Listed companies & share prices"
"trendlyne","gold-stocks-in-india","Gold stocks in India"
"trendlyne","golden-cross-10-day-over-150-day","Golden Cross 10 day over 150 day"
"trendlyne","golden-cross-10-day-over-200-day","Golden Cross 10 day over 200 day"
"trendlyne","golden-cross-20-day-over-100-day","Golden Cross 20 day over 100 day"
"trendlyne","golden-cross-20-day-over-150-day","Golden Cross 20 day over 150 day"
"trendlyne","golden-cross-20-day-over-200-day","Golden Cross 20 day over 200 day"
"trendlyne","golden-cross-30-day-over-150-day","Golden Cross 30 day over 150 day"
"trendlyne","golden-cross-30-day-over-200-day","Golden Cross 30 day over 200 day"
"trendlyne","golden-cross-5-day-over-100-day","Golden Cross 5 day over 100 day"
"trendlyne","golden-cross-5-day-over-150-day","Golden Cross 5 day over 150 day"
"trendlyne","golden-cross-5-day-over-200-day","Golden Cross 5 day over 200 day"
"trendlyne","golden-cross-50-day-over-200-day","Golden Cross 50 day over 200 day"
"trendlyne","golden-cross-made-today","Golden Cross Made Today"
"trendlyne","good-fundamental-stock-near-52-week-low","Good Fundamental Stock Near 52 Week Low"
"trendlyne","good-technical-strong-with-high-growth","Good Technical Strong with high growth"
"trendlyne","good-dividend-stocks-with-positive-dividend-yield-in-last-1-year","Good dividend stocks with positive dividend yield in last 1 year"
"trendlyne","good-quarterly-growth-in-the-recent-results","Good quarterly growth in the recent results"
"trendlyne","growth-factor-screener:-rising-returns-on-equity-(roe),-momentum,-and-earnings-yield","Growth Factor Screener: Rising returns on equity (ROE), Momentum, and Earnings Yield"
"trendlyne","growth-stars:-strongest-annual-eps-performers","Growth Stars: Strongest Annual EPS Performers"
"trendlyne","growth-stock---small-cap","Growth Stock - Small Cap"
"trendlyne","growth-companies-in-tech:-software-companies-with-rising-net-profit,-revenue-and-roce","Growth companies in Tech: Software companies with rising net profit, revenue and ROCE"
"trendlyne","growth-stocks,-promoters-increasing-shareholding","Growth stocks, promoters increasing shareholding"
"trendlyne","hammer-(bullish-reversal)","Hammer (Bullish Reversal)"
"trendlyne","hanging-man-(bearish-reversal)","Hanging Man (Bearish Reversal)"
"trendlyne","high-dvm-mid-and-small-caps-(subscription)","High DVM Mid and Small Caps (subscription)"
"trendlyne","high-dvm-midcap-stocks-(marketcap-1000-10,000)","High DVM Midcap Stocks (MarketCap 1000-10,000)"
"trendlyne","high-dvm-performers---expensive-but-with-good-durability-(subscription)","High DVM Performers - Expensive but with Good Durability (subscription)"
"trendlyne","high-delivery-percentage","High Delivery Percentage"
"trendlyne","high-momentum---stocks-with-highest-trendlyne-momentum-score","High Momentum - Stocks with Highest Trendlyne Momentum Score"
"trendlyne","high-momentum---stocks-with-highest-trendlyne-momentum-score-(full-list)","High Momentum - Stocks with Highest Trendlyne Momentum Score (Full list)"
"trendlyne","high-momentum---stocks-with-highest-trendlyne-momentum-scores-and-high-volumes","High Momentum - Stocks with Highest Trendlyne Momentum Scores and High Volumes"
"trendlyne","high-piotroski-score---companies-with-strong-financials","High Piotroski Score - Companies with strong financials"
"trendlyne","high-piotroski-score-screener","High Piotroski Score Screener"
"trendlyne","high-piotroski-score-with-high-return-on-equity-(roe)-and-eps-growth","High Piotroski Score with High Return on Equity (ROE) and EPS Growth"
"trendlyne","high-roce,-low-pe-companies","High ROCE, Low PE companies"
"trendlyne","high-revenue-and-profit-growth-with-high-return-on-capital-deployed-(roce)-and-low-pe-ratio","High Revenue and Profit Growth with High Return on Capital Deployed (ROCE) and Low PE ratio"
"trendlyne","high-trendlyne-checklist-score-stocks","High Trendlyne Checklist Score Stocks"
"trendlyne","high-performing,-short-term-screener-with-piotroski-score,-sma-and-rsi","High performing, Short-term screener with Piotroski Score, SMA and RSI"
"trendlyne","high-volume,-high-gain","High volume, High Gain"
"trendlyne","high-volume,-top-losers","High volume, Top Losers"
"trendlyne","higher-dvm-stocks-among-midcaps-and-largecaps","Higher DVM Stocks Among Midcaps and Largecaps"
"trendlyne","higher-risk---high-dvm-small-cap-stocks","Higher Risk - High DVM Small Cap Stocks"
"trendlyne","highest-capex-growth-estimates---forecaster","Highest Capex Growth Estimates - Forecaster"
"trendlyne","highest-dividend-yield-estimates---forecaster","Highest Dividend Yield Estimates - Forecaster"
"trendlyne","highest-fii-stock-holdings","Highest FII stock holdings"
"trendlyne","highest-long-term-growth-estimates---forecaster","Highest Long Term Growth Estimates - Forecaster"
"trendlyne","highest-promoter-holdings","Highest Promoter Holdings"
"trendlyne","highest-upside-in-target-price-estimates---forecaster","Highest Upside in Target Price Estimates - Forecaster"
"trendlyne","hinduja-group-companies-&-their-share-prices","Hinduja Group companies & their share prices"
"trendlyne","it-stocks-that-saw-rising-net-profit-and-revenue-in-the-most-recent-quarter","IT stocks that saw rising net profit and revenue in the most recent quarter"
"trendlyne","identical-three-crows-(bearish-reversal)","Identical Three Crows (Bearish Reversal)"
"trendlyne","increase-in-npa-in-recent-results","Increase in NPA in Recent Results"
"trendlyne","increase-in-provisions-in-recent-results","Increase in Provisions in Recent Results"
"trendlyne","increasing-trend-in-non-core-income","Increasing Trend in Non-Core Income"
"trendlyne","increasing-public-shareholding-in-the-past-quarter-(qoq)","Increasing public shareholding in the past quarter (QoQ)"
"trendlyne","increasing-public-shareholding-in-the-past-quarter-(qoq)-and-year-(yoy)","Increasing public shareholding in the past quarter (QoQ) and year (YoY)"
"trendlyne","increasing-public-shareholding-over-the-past-two-years","Increasing public shareholding over the past two years"
"trendlyne","indian-companies-with-high-revenue-exposure-to-the-us-market","Indian companies with high revenue exposure to the US market"
"trendlyne","industry-outperformers-in-terms-of-annual-growth-and-capital-returns","Industry outperformers in terms of annual growth and capital returns"
"trendlyne","insider-and-sast-sells-yesterday-greater-than-0.1%-of-total-shares","Insider and SAST sells yesterday greater than 0.1% of total shares"
"trendlyne","insider-sells-yesterday-greater-than-0.1%-of-total-shares","Insider sells yesterday greater than 0.1% of total shares"
"trendlyne","insiders-sold-stocks","Insiders sold stocks"
"trendlyne","inverted-hammer-(bullish-reversal)","Inverted Hammer (Bullish Reversal)"
"trendlyne","jim-slater's-zulu-principle-(discover-growth-stocks)","Jim Slater's Zulu Principle (Discover Growth Stocks)"
"trendlyne","jindal-group-companies-&-their-share-prices","Jindal group companies & their share prices"
"trendlyne","live-results-screener:-companies-with-rising-operating-profit-margin-growth,-which-declared-results-in-past-one-week-(subscription)","Live Results Screener: Companies with rising operating profit margin growth, which declared results in past one week (subscription)"
"trendlyne","long-term-growth-companies","Long Term Growth Companies"
"trendlyne","low-dvm-stocks---stocks-to-exercise-caution-on","Low DVM Stocks - Stocks to Exercise Caution On"
"trendlyne","low-pe-stocks-with-pe-ttm-lower-than-3-year,-5-year-and-10-year-average-pe","Low PE stocks with PE TTM lower than 3 year, 5 year and 10 year average PE"
"trendlyne","lower-risk:-high-dvm-stocks-in-large-caps-(market-cap->-10000)","Lower Risk: High DVM Stocks in Large Caps (Market Cap > 10000)"
"trendlyne","lowest-long-term-growth-estimates---forecaster","Lowest Long Term Growth Estimates - Forecaster"
"trendlyne","lowest-momentum-scores-(technical-scores)","Lowest Momentum Scores (Technical Scores)"
"trendlyne","macd-crossover-above-signal-line","MACD Crossover Above Signal Line"
"trendlyne","macd-crossover-below-signal-line","MACD Crossover Below Signal Line"
"trendlyne","mfs-and-fii/diis-increasing-their-shareholding-qoq","MFs and FII/DIIs increasing their shareholding QoQ"
"trendlyne","mfs-increased-their-shareholding-last-quarter","MFs increased their shareholding last quarter"
"trendlyne","magic-formula:-joel-greenblatt","Magic Formula: Joel Greenblatt"
"trendlyne","mahindra-group-share-prices-&-stock-performance","Mahindra Group share prices & stock performance"
"trendlyne","mid-range-performer-(dvm)","Mid-range Performer (DVM)"
"trendlyne","momentum-score-(technical-score)-daily-gainers","Momentum Score (Technical Score) Daily Gainers"
"trendlyne","momentum-trap-(dvm)","Momentum Trap (DVM)"
"trendlyne","monsoon-stocks","Monsoon stocks"
"trendlyne","month-adx-bearish-divergence","Month ADX Bearish Divergence"
"trendlyne","month-adx-bullish-divergence","Month ADX Bullish Divergence"
"trendlyne","month-adx-mild-trending-stocks","Month ADX Mild Trending Stocks"
"trendlyne","month-adx-strong-trending-stocks","Month ADX Strong Trending Stocks"
"trendlyne","month-adx-trending-stocks","Month ADX Trending Stocks"
"trendlyne","month-bollinger-band-breakdown","Month Bollinger Band Breakdown"
"trendlyne","month-bollinger-band-breakout","Month Bollinger Band Breakout"
"trendlyne","month-cci-bearish","Month CCI Bearish"
"trendlyne","month-cci-bullish","Month CCI Bullish"
"trendlyne","month-cci-overbought","Month CCI Overbought"
"trendlyne","month-cci-oversold","Month CCI Oversold"
"trendlyne","month-cci-trending-down","Month CCI Trending Down"
"trendlyne","month-cci-crossed-above-100","Month CCI crossed above 100"
"trendlyne","month-cci-crossed-below--100","Month CCI crossed below -100"
"trendlyne","month-macd-crossover-above-signal-line","Month MACD Crossover Above Signal Line"
"trendlyne","month-macd-crossover-below-signal-line","Month MACD Crossover Below Signal Line"
"trendlyne","month-roc-trending-down","Month ROC Trending Down"
"trendlyne","month-roc-trending-up","Month ROC Trending Up"
"trendlyne","month-relative-strength-index-(rsi)-bearish","Month Relative Strength Index (RSI) Bearish"
"trendlyne","month-relative-strength-index-(rsi)-bullish","Month Relative Strength Index (RSI) Bullish"
"trendlyne","month-stochastic-oscillator-bearish-crossover","Month Stochastic oscillator bearish crossover"
"trendlyne","month-stochastic-oscillator-bearish-momentum","Month Stochastic oscillator bearish momentum"
"trendlyne","month-stochastic-oscillator-bullish-crossover","Month Stochastic oscillator bullish crossover"
"trendlyne","month-stochastic-oscillator-bullish-momentum","Month Stochastic oscillator bullish momentum"
"trendlyne","month-stochastic-oscillator-overbought","Month Stochastic oscillator overbought"
"trendlyne","month-stochastic-oscillator-oversold","Month Stochastic oscillator oversold"
"trendlyne","month-supertrend-buys","Month Supertrend Buys"
"trendlyne","month-supertrend-sells","Month Supertrend Sells"
"trendlyne","month-supertrend-signal-changed-to-buy","Month Supertrend Signal changed to Buy"
"trendlyne","month-supertrend-signal-changed-to-sell","Month Supertrend Signal changed to Sell"
"trendlyne","month-willaims-%r-in-oversold-zone","Month Willaims %R in Oversold zone"
"trendlyne","month-williams-%r-bearish","Month Williams %R Bearish"
"trendlyne","month-williams-%r-bullish","Month Williams %R Bullish"
"trendlyne","month-williams-%r-crossed--20-from-below","Month Williams %R crossed -20 from below"
"trendlyne","month-williams-%r-crossed--80-from-above","Month Williams %R crossed -80 from above"
"trendlyne","month-williams-%r-in-overbought-zone","Month Williams %R in Overbought zone"
"trendlyne","month-williams-trending-down","Month Williams Trending Down"
"trendlyne","morning-star-(bullish-reversal)","Morning Star (Bullish Reversal)"
"trendlyne","multibagger-penny-stocks-with-high-book-value","Multibagger Penny Stocks with High Book Value"
"trendlyne","multibaggers:-stocks-with-100%+-returns-in-one-year","Multibaggers: stocks with 100%+ returns in one year"
"trendlyne","murugappa-group-companies-&-their-share-prices","Murugappa group companies & their share prices"
"trendlyne","mutual-funds-decreased-shareholding-in-past-month","Mutual Funds Decreased Shareholding in Past Month"
"trendlyne","mutual-funds-increased-shareholding-in-past-month","Mutual Funds Increased Shareholding in Past Month"
"trendlyne","mutual-funds-increased-shareholding-over-the-past-two-months","Mutual Funds Increased Shareholding over the Past Two Months"
"trendlyne","mutual-funds-and-fii/diis-have-decreased-their-shareholding-in-most-recent-quarter","Mutual Funds and FII/DIIs have decreased their shareholding in most recent quarter"
"trendlyne","nse-stocks-at-lower-circuit","NSE Stocks at Lower Circuit"
"trendlyne","nse-stocks-at-upper-circuit","NSE Stocks at Upper Circuit"
"trendlyne","nse-stocks-that-hit-upper-circuit-today","NSE Stocks that Hit Upper Circuit Today"
"trendlyne","nse-stocks-that-hit-lower-circuit-today","NSE Stocks that hit Lower Circuit Today"
"trendlyne","near-52-week-high","Near 52 Week High"
"trendlyne","near-52-week-low","Near 52 Week Low"
"trendlyne","negative-breakdown-first-support-(ltp-<-s1)","Negative Breakdown First Support (LTP < S1)"
"trendlyne","negative-breakdown-second-support-(ltp-<-s2)","Negative Breakdown Second Support (LTP < S2)"
"trendlyne","negative-breakdown-third-support-(ltp-<-s3)","Negative Breakdown Third Support (LTP < S3)"
"trendlyne","negative-breakout---medium-trend","Negative Breakout - Medium Trend"
"trendlyne","negative-breakouts---short-trend","Negative Breakouts - Short Trend"
"trendlyne","bear-1","Negative Momentum Breakdown"
"trendlyne","negative-profit-growth,-promoters-decreasing-shareholding-qoq","Negative profit growth, promoters decreasing shareholding QoQ"
"trendlyne","net-profit-growth-over-200%-both-yoy-and-qoq","Net Profit Growth over 200% both YoY and QoQ"
"trendlyne","net-profit-negative-surprise-for-the-quarter","Net Profit Negative Surprise for the Quarter"
"trendlyne","net-profit-negative-surprise-for-the-year","Net Profit Negative Surprise for the Year"
"trendlyne","net-profit-per-employee:-banks","Net Profit Per Employee: Banks"
"trendlyne","net-profit-positive-surprise-for-the-quarter","Net Profit Positive Surprise for the Quarter"
"trendlyne","net-profit-positive-surprise-for-the-year","Net Profit Positive Surprise for the Year"
"trendlyne","new-1-month-high-today","New 1 month high today"
"trendlyne","new-1-month-low-today","New 1 month low today"
"trendlyne","new-1-week-high-today","New 1 week high today"
"trendlyne","new-1-week-low-today","New 1 week low today"
"trendlyne","new-10-year-low-today","New 10-year low today"
"trendlyne","new-3-year-high-today","New 3-year high today"
"trendlyne","new-3-year-low-today","New 3-year low today"
"trendlyne","new-5-year-high-today","New 5-year high today"
"trendlyne","new-5-year-low-today","New 5-year low today"
"trendlyne","new-52-week-high-today","New 52 week high today"
"trendlyne","new-52-week-low-today","New 52 week low today"
"trendlyne","new-6-month-high-today","New 6-month high today"
"trendlyne","new-6-month-low-today","New 6-month low today"
"trendlyne","new-quarterly-high-today","New quarterly high today"
"trendlyne","new-quarterly-low-today","New quarterly low today"
"trendlyne","newly-affordable-stocks-with-good-financials-and-durability-(subscription)","Newly Affordable Stocks with Good Financials and Durability (subscription)"
"trendlyne","nifty-500---brokers'-top-picks","Nifty 500 - Brokers' top picks"
"trendlyne","outperformers-in-family-owned-companies","Outperformers In Family Owned Companies"
"trendlyne","overbought-by-15-min-money-flow-index-(mfi)","Overbought by 15 min Money Flow Index (MFI)"
"trendlyne","overbought-by-1h-money-flow-index-(mfi)","Overbought by 1H Money Flow Index (MFI)"
"trendlyne","overbought-by-2h-money-flow-index-(mfi)","Overbought by 2H Money Flow Index (MFI)"
"trendlyne","overbought-by-30-min-money-flow-index-(mfi)","Overbought by 30 min Money Flow Index (MFI)"
"trendlyne","overbought-by-money-flow-index-(mfi)","Overbought by Money Flow Index (MFI)"
"trendlyne","overbought-by-month-money-flow-index-(mfi)","Overbought by Month Money Flow Index (MFI)"
"trendlyne","overbought-by-week-money-flow-index-(mfi)","Overbought by Week Money Flow Index (MFI)"
"trendlyne","overbought-on-both-15-min-mfi-and-15-min-rsi","Overbought on both 15 min MFI and 15 min RSI"
"trendlyne","overbought-on-both-1h-mfi-and-1h-rsi","Overbought on both 1H MFI and 1H RSI"
"trendlyne","overbought-on-both-2h-mfi-and-2h-rsi","Overbought on both 2H MFI and 2H RSI"
"trendlyne","overbought-on-both-30-min-mfi-and-30-min-rsi","Overbought on both 30 min MFI and 30 min RSI"
"trendlyne","overbought-on-both-mfi-and-rsi","Overbought on both MFI and RSI"
"trendlyne","overbought-on-both-month-mfi-and-month-rsi","Overbought on both Month MFI and Month RSI"
"trendlyne","overbought-on-both-week-mfi-and-week-rsi","Overbought on both Week MFI and Week RSI"
"trendlyne","oversold-by-15-min-money-flow-index-(mfi)","Oversold by 15 min Money Flow Index (MFI)"
"trendlyne","oversold-by-1h-money-flow-index-(mfi)","Oversold by 1H Money Flow Index (MFI)"
"trendlyne","oversold-by-2h-money-flow-index-(mfi)","Oversold by 2H Money Flow Index (MFI)"
"trendlyne","oversold-by-30-min-money-flow-index-(mfi)","Oversold by 30 min Money Flow Index (MFI)"
"trendlyne","oversold-by-money-flow-index-(mfi)","Oversold by Money Flow Index (MFI)"
"trendlyne","oversold-by-month-money-flow-index-(mfi)","Oversold by Month Money Flow Index (MFI)"
"trendlyne","oversold-by-rate-of-change-(roc)","Oversold by Rate of Change (ROC)"
"trendlyne","oversold-by-week-money-flow-index-(mfi)","Oversold by Week Money Flow Index (MFI)"
"trendlyne","oversold-on-both-15-min-rsi-and-15-min-mfi","Oversold on both 15 min RSI and 15 min MFI"
"trendlyne","oversold-on-both-1h-rsi-and-1h-mfi","Oversold on both 1H RSI and 1H MFI"
"trendlyne","oversold-on-both-2h-rsi-and-2h-mfi","Oversold on both 2H RSI and 2H MFI"
"trendlyne","oversold-on-both-30-min-rsi-and-30-min-mfi","Oversold on both 30 min RSI and 30 min MFI"
"trendlyne","oversold-on-both-month-rsi-and-month-mfi","Oversold on both Month RSI and Month MFI"
"trendlyne","oversold-on-both-rsi-and-mfi","Oversold on both RSI and MFI"
"trendlyne","oversold-on-both-week-rsi-and-week-mfi","Oversold on both Week RSI and Week MFI"
"trendlyne","pe-higher-than-industry-pe","PE higher than Industry PE"
"trendlyne","pe-higher-than-sector-pe","PE higher than sector PE"
"trendlyne","pe-less-than-industry-pe","PE less than Industry PE"
"trendlyne","pe-less-than-industry-pe-and-high-forecaster-upside","PE less than Industry PE and High Forecaster Upside"
"trendlyne","pe-less-than-sector-pe","PE less than sector PE"
"trendlyne","peg-greater-than-industry-peg","PEG greater than Industry PEG"
"trendlyne","peg-higher-than-sector-peg","PEG higher than Sector PEG"
"trendlyne","peg-lower-than-industry-peg","PEG lower than Industry PEG"
"trendlyne","peg-lower-than-sector-peg","PEG lower than Sector PEG"
"trendlyne","psu-stocks-list---includes-banks,-infra,-and-more","PSU stocks list - includes banks, infra, and more"
"trendlyne","penny-stocks-under-rs-1-with-high-book-value","Penny Stocks Under Rs 1 with High Book Value"
"trendlyne","penny-stocks-under-rs-10","Penny Stocks Under Rs 10"
"trendlyne","performance-of-stocks-with-low-trendlyne-durability-score-versus-benchmarks","Performance of Stocks with Low Trendlyne Durability Score versus Benchmarks"
"trendlyne","pharma-stocks-with-rising-momentum","Pharma Stocks with Rising Momentum"
"trendlyne","piercing-line-(bullish-reversal)","Piercing Line (Bullish Reversal)"
"trendlyne","pledges-today-more-than-1%-of-total-shares","Pledges today more than 1% of total shares"
"trendlyne","positive-breakout---medium-trend","Positive Breakout - Medium Trend"
"trendlyne","positive-breakout---short-trend","Positive Breakout - Short Trend"
"trendlyne","positive-breakout-first-resistance-(-ltp->-r1)","Positive Breakout First Resistance ( LTP > R1)"
"trendlyne","positive-breakout-second-resistance-(-ltp->-r2)","Positive Breakout Second Resistance  ( LTP > R2)"
"trendlyne","positive-breakout-third-resistance-(-ltp->-r3)","Positive Breakout Third Resistance ( LTP > R3)"
"trendlyne","positive-roce-and-less-peg-ratio","Positive ROCE and less PEG Ratio"
"trendlyne","potential-outperformers:-upcoming-results-from-high-revenue-and-net-profit-growth-companies-in-the-previous-quarter","Potential Outperformers: Upcoming results from high revenue and net profit growth companies in the previous quarter"
"trendlyne","price-below-pivot","Price Below Pivot"
"trendlyne","price-volume-action","Price Volume Action"
"trendlyne","price-above-pivot","Price above Pivot"
"trendlyne","price-crossed-above-15-min-bollinger-band","Price crossed above 15 min Bollinger Band"
"trendlyne","price-crossed-above-15-min-bollinger-band-central-line","Price crossed above 15 min Bollinger Band Central Line"
"trendlyne","price-crossed-above-1h-bollinger-band","Price crossed above 1H Bollinger Band"
"trendlyne","price-crossed-above-1h-bollinger-band-central-line","Price crossed above 1H Bollinger Band Central Line"
"trendlyne","price-crossed-above-2h-bollinger-band","Price crossed above 2H Bollinger Band"
"trendlyne","price-crossed-above-2h-bollinger-band-central-line","Price crossed above 2H Bollinger Band Central Line"
"trendlyne","price-crossed-above-30-min-bollinger-band","Price crossed above 30 min Bollinger Band"
"trendlyne","price-crossed-above-30-min-bollinger-band-central-line","Price crossed above 30 min Bollinger Band Central Line"
"trendlyne","price-crossed-above-bollinger-band","Price crossed above Bollinger Band"
"trendlyne","price-crossed-above-bollinger-band-central-line","Price crossed above Bollinger Band Central Line"
"trendlyne","price-crossed-above-month-bollinger-band","Price crossed above Month Bollinger Band"
"trendlyne","price-crossed-above-month-bollinger-band-central-line","Price crossed above Month Bollinger Band Central Line"
"trendlyne","price-crossed-above-week-bollinger-band","Price crossed above Week Bollinger Band"
"trendlyne","price-crossed-above-week-bollinger-band-central-line","Price crossed above Week Bollinger Band Central Line"
"trendlyne","price-crossed-below-15-min-bollinger-band","Price crossed below 15 min Bollinger Band"
"trendlyne","price-crossed-below-15-min-bollinger-band-central-line","Price crossed below 15 min Bollinger Band Central Line"
"trendlyne","price-crossed-below-1h-bollinger-band","Price crossed below 1H Bollinger Band"
"trendlyne","price-crossed-below-1h-bollinger-band-central-line","Price crossed below 1H Bollinger Band Central Line"
"trendlyne","price-crossed-below-2h-bollinger-band","Price crossed below 2H Bollinger Band"
"trendlyne","price-crossed-below-2h-bollinger-band-central-line","Price crossed below 2H Bollinger Band Central Line"
"trendlyne","price-crossed-below-30-min-bollinger-band","Price crossed below 30 min Bollinger Band"
"trendlyne","price-crossed-below-30-min-bollinger-band-central-line","Price crossed below 30 min Bollinger Band Central Line"
"trendlyne","price-crossed-below-bollinger-band","Price crossed below Bollinger Band"
"trendlyne","price-crossed-below-bollinger-band-central-line","Price crossed below Bollinger Band Central Line"
"trendlyne","price-crossed-below-month-bollinger-band","Price crossed below Month Bollinger Band"
"trendlyne","price-crossed-below-month-bollinger-band-central-line","Price crossed below Month Bollinger Band Central Line"
"trendlyne","price-crossed-below-week-bollinger-band","Price crossed below Week Bollinger Band"
"trendlyne","price-crossed-below-week-bollinger-band-central-line","Price crossed below Week Bollinger Band Central Line"
"trendlyne","price-crossing-above-sma20-today,-and-greater-than-sma5","Price crossing above SMA20 today, and greater than SMA5"
"trendlyne","price-nearing-supertrend-resistance","Price nearing Supertrend resistance"
"trendlyne","price-nearing-supertrend-support","Price nearing Supertrend support"
"trendlyne","price-to-book-value-(p/bv)-higher-than-industry-price-to-book-value-(p/bv)","Price to Book Value (P/BV) higher than Industry Price to Book Value (P/BV)"
"trendlyne","price-to-book-value-(p/bv)-less-than-sector-price-to-book-value-(p/bv)","Price to Book Value (P/BV) less than Sector Price to Book Value (P/BV)"
"trendlyne","private-banks-screener","Private Banks Screener"
"trendlyne","profit-making-companies-with-high-roce-and-low-pe","Profit making Companies with High ROCE and Low PE"
"trendlyne","profit-to-loss-companies","Profit to Loss Companies"
"trendlyne","promoter-decreasing-their-shareholding","Promoter decreasing their shareholding"
"trendlyne","promoter-holding-decreased-by-more-than--2%-qoq","Promoter holding decreased by more than -2% QoQ"
"trendlyne","promoter-holding-increased-more-than-2%-qoq","Promoter holding increased more than 2% QoQ"
"trendlyne","promoters-increased-pledged-shares-qoq","Promoters increased pledged shares QoQ"
"trendlyne","qsr-stocks","QSR stocks"
"trendlyne","quarter-revenue-growth-yoy-higher-than-industry-revenue-growth","Quarter Revenue Growth YoY higher than Industry Revenue Growth"
"trendlyne","quarter-revenue-growth-yoy-higher-than-sector-revenue-growth","Quarter Revenue Growth YoY higher than Sector Revenue Growth"
"trendlyne","quarter-revenue-growth-yoy-less-than-industry-revenue-growth","Quarter Revenue Growth YoY less than Industry Revenue Growth"
"trendlyne","quarter-revenue-growth-yoy-less-than-sector-revenue-growth","Quarter Revenue Growth YoY less than Sector Revenue Growth"
"trendlyne","quarter-revenue-and-net-profit-growth-yoy-higher-than-industry-revenue-and-net-profit-growth","Quarter Revenue and Net profit Growth YoY higher than Industry Revenue and Net Profit Growth"
"trendlyne","quarterly-growers","Quarterly Growers"
"trendlyne","quarterly-profit-growth-yoy-higher-than-industry-profit-growth-yoy","Quarterly Profit Growth YoY higher than Industry Profit Growth YoY"
"trendlyne","quarterly-profit-growth-yoy-higher-than-sector-profit-growth-yoy","Quarterly Profit Growth YoY higher than Sector Profit Growth YoY"
"trendlyne","quarterly-profit-growth-yoy-less-than-industry-profit-growth-yoy","Quarterly Profit Growth YoY less than Industry Profit Growth YoY"
"trendlyne","quarterly-profit-growth-yoy-less-than-sector-profit-growth-yoy","Quarterly Profit Growth YoY less than Sector Profit Growth YoY"
"trendlyne","roa-(return-on-assets)-higher-than-industry-roa","ROA (Return on Assets) higher than Industry ROA"
"trendlyne","roa-(return-on-assets)-higher-than-sector-roa","ROA (Return on Assets) higher than Sector ROA"
"trendlyne","roa-(return-on-assets)-less-than-industry-roa","ROA (Return on Assets) less than Industry ROA"
"trendlyne","roa-(return-on-assets)-less-than-sector-roa","ROA (Return on Assets) less than Sector ROA"
"trendlyne","roc-trending-down","ROC Trending Down"
"trendlyne","roc-trending-up","ROC Trending Up"
"trendlyne","roce-(return-on-capital-employed)-higher-than-industry-roce","ROCE (Return on Capital Employed) higher than Industry ROCE"
"trendlyne","roce-(return-on-capital-employed)-higher-than-sector-roce","ROCE (Return on Capital Employed) higher than Sector ROCE"
"trendlyne","roce-(return-on-capital-employed)-less-than-industry-roce","ROCE (Return on Capital Employed) less than Industry ROCE"
"trendlyne","roe-(return-on-equity)-is-higher-than-industry-roe","ROE (Return on Equity) is higher than Industry ROE"
"trendlyne","roe-(return-on-equity)-is-higher-than-sector-roe","ROE (Return on Equity) is higher than Sector ROE"
"trendlyne","roe-(return-on-equity)-is-lower-than-industry-roe","ROE (Return on Equity) is lower than Industry ROE"
"trendlyne","roe-(return-on-equity)-is-lower-than-sector-roe","ROE (Return on Equity) is lower than Sector ROE"
"trendlyne","recent-broker-downgrades-in-reco-or-target-price","Recent Broker Downgrades in Reco or Target Price"
"trendlyne","red-flag:-auditor-resignation","Red Flag: Auditor Resignation"
"trendlyne","red-flag:-companies-undergoing-forensic-audit-ordered-by-sebi","Red Flag: Companies undergoing forensic audit ordered by SEBI"
"trendlyne","red-flag:-high-interest-payments-compared-to-earnings","Red Flag: High Interest Payments Compared to Earnings"
"trendlyne","red-flags:-firms-linked-to-ongoing-regulatory-investigations/legal-cases","Red Flags: Firms linked to ongoing regulatory investigations/legal cases"
"trendlyne","red-flags:-weakening-technicals-and-share-price-decline","Red Flags: Weakening Technicals and Share Price Decline"
"trendlyne","relative-outperformance-versus-industry-over-1-month","Relative Outperformance versus Industry over 1 Month"
"trendlyne","relative-outperformance-versus-industry-over-1-week","Relative Outperformance versus Industry over 1 Week"
"trendlyne","relative-outperformance-versus-industry-over-1-year","Relative Outperformance versus Industry over 1 Year"
"trendlyne","relative-outperformance-versus-industry-over-10-years","Relative Outperformance versus Industry over 10 Years"
"trendlyne","relative-outperformance-versus-industry-over-2-years","Relative Outperformance versus Industry over 2 Years"
"trendlyne","relative-outperformance-versus-industry-over-3-years","Relative Outperformance versus Industry over 3 Years"
"trendlyne","relative-outperformance-versus-industry-over-5-years","Relative Outperformance versus Industry over 5 Years"
"trendlyne","relative-outperformance-versus-industry-over-day","Relative Outperformance versus Industry over Day"
"trendlyne","relative-outperformance-versus-industry-over-half-year-(6-months)","Relative Outperformance versus Industry over Half Year (6 Months)"
"trendlyne","relative-outperformance-versus-industry-over-the-quarter-(3-months)","Relative Outperformance versus Industry over the Quarter (3 Months)"
"trendlyne","relative-outperformance-versus-nifty50-over-1-month","Relative Outperformance versus Nifty50 over 1 Month"
"trendlyne","relative-outperformance-versus-nifty50-over-1-week","Relative Outperformance versus Nifty50 over 1 Week"
"trendlyne","relative-outperformance-versus-nifty50-over-1-year","Relative Outperformance versus Nifty50 over 1 Year"
"trendlyne","relative-outperformance-versus-nifty50-over-10-years","Relative Outperformance versus Nifty50 over 10 Years"
"trendlyne","relative-outperformance-versus-nifty50-over-2-years","Relative Outperformance versus Nifty50 over 2 Years"
"trendlyne","relative-outperformance-versus-nifty50-over-3-years","Relative Outperformance versus Nifty50 over 3 Years"
"trendlyne","relative-outperformance-versus-nifty50-over-5-years","Relative Outperformance versus Nifty50 over 5 Years"
"trendlyne","relative-outperformance-versus-nifty50-over-day","Relative Outperformance versus Nifty50 over Day"
"trendlyne","relative-outperformance-versus-nifty50-over-half-year-(6-months)","Relative Outperformance versus Nifty50 over Half Year (6 Months)"
"trendlyne","relative-outperformance-versus-nifty50-over-the-quarter-(3-months)","Relative Outperformance versus Nifty50 over the Quarter (3 Months)"
"trendlyne","relative-outperformance-versus-nifty500-over-1-month","Relative Outperformance versus Nifty500 over 1 Month"
"trendlyne","relative-outperformance-versus-nifty500-over-1-week","Relative Outperformance versus Nifty500 over 1 Week"
"trendlyne","relative-outperformance-versus-nifty500-over-1-year","Relative Outperformance versus Nifty500 over 1 Year"
"trendlyne","relative-outperformance-versus-nifty500-over-10-years","Relative Outperformance versus Nifty500 over 10 Years"
"trendlyne","relative-outperformance-versus-nifty500-over-2-years","Relative Outperformance versus Nifty500 over 2 Years"
"trendlyne","relative-outperformance-versus-nifty500-over-3-years","Relative Outperformance versus Nifty500 over 3 Years"
"trendlyne","relative-outperformance-versus-nifty500-over-5-years","Relative Outperformance versus Nifty500 over 5 Years"
"trendlyne","relative-outperformance-versus-nifty500-over-day","Relative Outperformance versus Nifty500 over Day"
"trendlyne","relative-outperformance-versus-nifty500-over-half-year-(6-months)","Relative Outperformance versus Nifty500 over Half Year (6 Months)"
"trendlyne","relative-outperformance-versus-nifty500-over-quarter-(3-months)","Relative Outperformance versus Nifty500 over Quarter (3 Months)"
"trendlyne","relative-outperformance-versus-sector-over-1-month","Relative Outperformance versus Sector over 1 Month"
"trendlyne","relative-outperformance-versus-sector-over-1-week","Relative Outperformance versus Sector over 1 Week"
"trendlyne","relative-outperformance-versus-sector-over-10-years","Relative Outperformance versus Sector over 10 Years"
"trendlyne","relative-outperformance-versus-sector-over-2-years","Relative Outperformance versus Sector over 2 Years"
"trendlyne","relative-outperformance-versus-sector-over-3-years","Relative Outperformance versus Sector over 3 Years"
"trendlyne","relative-outperformance-versus-sector-over-5-years","Relative Outperformance versus Sector over 5 Years"
"trendlyne","relative-outperformance-versus-sector-over-day","Relative Outperformance versus Sector over Day"
"trendlyne","relative-outperformance-versus-sector-over-half-year-(6-months)","Relative Outperformance versus Sector over Half Year (6 Months)"
"trendlyne","relative-outperformance-versus-sector-over-the-quarter-(3-months)","Relative Outperformance versus Sector over the Quarter (3 Months)"
"trendlyne","relative-outperformance-versus-sensex-over-1-month","Relative Outperformance versus Sensex over 1 Month"
"trendlyne","relative-outperformance-versus-sensex-over-1-week","Relative Outperformance versus Sensex over 1 Week"
"trendlyne","relative-outperformance-versus-sensex-over-1-year","Relative Outperformance versus Sensex over 1 Year"
"trendlyne","relative-outperformance-versus-sensex-over-10-years","Relative Outperformance versus Sensex over 10 Years"
"trendlyne","relative-outperformance-versus-sensex-over-2-years","Relative Outperformance versus Sensex over 2 Years"
"trendlyne","relative-outperformance-versus-sensex-over-3-years","Relative Outperformance versus Sensex over 3 Years"
"trendlyne","relative-outperformance-versus-sensex-over-5-years","Relative Outperformance versus Sensex over 5 Years"
"trendlyne","relative-outperformance-versus-sensex-over-day","Relative Outperformance versus Sensex over Day"
"trendlyne","relative-outperformance-versus-sensex-over-half-year-(6-months)","Relative Outperformance versus Sensex over Half Year (6 Months)"
"trendlyne","relative-outperformance-versus-sensex-over-the-quarter-(3-months)","Relative Outperformance versus Sensex over the Quarter (3 Months)"
"trendlyne","relative-outperformance-versus-sector-over-1-year","Relative Outperformance versus sector over 1 Year"
"trendlyne","relative-strength-index-(rsi)-bearish","Relative Strength Index (RSI) Bearish"
"trendlyne","relative-strength-index-(rsi)-bullish","Relative Strength Index (RSI) Bullish"
"trendlyne","relative-underperformance-versus-industry-over-1-month","Relative Underperformance versus Industry over 1 Month"
"trendlyne","relative-underperformance-versus-industry-over-1-week","Relative Underperformance versus Industry over 1 Week"
"trendlyne","relative-underperformance-versus-industry-over-1-year","Relative Underperformance versus Industry over 1 Year"
"trendlyne","relative-underperformance-versus-industry-over-10-years","Relative Underperformance versus Industry over 10 Years"
"trendlyne","relative-underperformance-versus-industry-over-2-years","Relative Underperformance versus Industry over 2 Years"
"trendlyne","relative-underperformance-versus-industry-over-3-years","Relative Underperformance versus Industry over 3 Years"
"trendlyne","relative-underperformance-versus-industry-over-5-years","Relative Underperformance versus Industry over 5 Years"
"trendlyne","relative-underperformance-versus-industry-over-day","Relative Underperformance versus Industry over Day"
"trendlyne","relative-underperformance-versus-industry-over-half-year-(6-months)","Relative Underperformance versus Industry over Half Year (6 Months)"
"trendlyne","relative-underperformance-versus-industry-over-quarter-(3-months)","Relative Underperformance versus Industry over Quarter (3 Months)"
"trendlyne","relative-underperformance-versus-nifty50-over-1-month","Relative Underperformance versus Nifty50 over 1 Month"
"trendlyne","relative-underperformance-versus-nifty50-over-1-week","Relative Underperformance versus Nifty50 over 1 Week"
"trendlyne","relative-underperformance-versus-nifty50-over-1-year","Relative Underperformance versus Nifty50 over 1 Year"
"trendlyne","relative-underperformance-versus-nifty50-over-10-years","Relative Underperformance versus Nifty50 over 10 Years"
"trendlyne","relative-underperformance-versus-nifty50-over-2-years","Relative Underperformance versus Nifty50 over 2 Years"
"trendlyne","relative-underperformance-versus-nifty50-over-3-years","Relative Underperformance versus Nifty50 over 3 Years"
"trendlyne","relative-underperformance-versus-nifty50-over-5-years","Relative Underperformance versus Nifty50 over 5 Years"
"trendlyne","relative-underperformance-versus-nifty50-over-day","Relative Underperformance versus Nifty50 over Day"
"trendlyne","relative-underperformance-versus-nifty50-over-half-year-(6-months)","Relative Underperformance versus Nifty50 over Half Year (6 Months)"
"trendlyne","relative-underperformance-versus-nifty50-over-quarter-(3-months)","Relative Underperformance versus Nifty50 over Quarter (3 Months)"
"trendlyne","relative-underperformance-versus-nifty500-over-1-month","Relative Underperformance versus Nifty500 over 1 Month"
"trendlyne","relative-underperformance-versus-nifty500-over-1-week","Relative Underperformance versus Nifty500 over 1 Week"
"trendlyne","relative-underperformance-versus-nifty500-over-1-year","Relative Underperformance versus Nifty500 over 1 Year"
"trendlyne","relative-underperformance-versus-nifty500-over-10-years","Relative Underperformance versus Nifty500 over 10 Years"
"trendlyne","relative-underperformance-versus-nifty500-over-2-years","Relative Underperformance versus Nifty500 over 2 Years"
"trendlyne","relative-underperformance-versus-nifty500-over-3-years","Relative Underperformance versus Nifty500 over 3 Years"
"trendlyne","relative-underperformance-versus-nifty500-over-5-years","Relative Underperformance versus Nifty500 over 5 Years"
"trendlyne","relative-underperformance-versus-nifty500-over-day","Relative Underperformance versus Nifty500 over Day"
"trendlyne","relative-underperformance-versus-nifty500-over-half-year-(6-months)","Relative Underperformance versus Nifty500 over Half Year (6 Months)"
"trendlyne","relative-underperformance-versus-nifty500-over-quarter-(3-months)","Relative Underperformance versus Nifty500 over Quarter (3 Months)"
"trendlyne","relative-underperformance-versus-sector-over-1-month","Relative Underperformance versus Sector over 1 Month"
"trendlyne","relative-underperformance-versus-sector-over-1-week","Relative Underperformance versus Sector over 1 Week"
"trendlyne","relative-underperformance-versus-sector-over-1-year","Relative Underperformance versus Sector over 1 Year"
"trendlyne","relative-underperformance-versus-sector-over-10-years","Relative Underperformance versus Sector over 10 Years"
"trendlyne","relative-underperformance-versus-sector-over-2-years","Relative Underperformance versus Sector over 2 Years"
"trendlyne","relative-underperformance-versus-sector-over-3-years","Relative Underperformance versus Sector over 3 Years"
"trendlyne","relative-underperformance-versus-sector-over-5-years","Relative Underperformance versus Sector over 5 Years"
"trendlyne","relative-underperformance-versus-sector-over-day","Relative Underperformance versus Sector over Day"
"trendlyne","relative-underperformance-versus-sector-over-half-year-(6-months)","Relative Underperformance versus Sector over Half Year (6 Months)"
"trendlyne","relative-underperformance-versus-sector-over-quarter-(3-months)","Relative Underperformance versus Sector over Quarter (3 Months)"
"trendlyne","relative-underperformance-versus-sensex-over-1-month","Relative Underperformance versus Sensex over 1 Month"
"trendlyne","relative-underperformance-versus-sensex-over-1-week","Relative Underperformance versus Sensex over 1 Week"
"trendlyne","relative-underperformance-versus-sensex-over-1-year","Relative Underperformance versus Sensex over 1 Year"
"trendlyne","relative-underperformance-versus-sensex-over-10-years","Relative Underperformance versus Sensex over 10 Years"
"trendlyne","relative-underperformance-versus-sensex-over-2-years","Relative Underperformance versus Sensex over 2 Years"
"trendlyne","relative-underperformance-versus-sensex-over-3-years","Relative Underperformance versus Sensex over 3 Years"
"trendlyne","relative-underperformance-versus-sensex-over-5-years","Relative Underperformance versus Sensex over 5 Years"
"trendlyne","relative-underperformance-versus-sensex-over-day","Relative Underperformance versus Sensex over Day"
"trendlyne","relative-underperformance-versus-sensex-over-half-year-(6-months)","Relative Underperformance versus Sensex over Half Year (6 Months)"
"trendlyne","relative-underperformance-versus-sensex-over-quarter-(3-months)","Relative Underperformance versus Sensex over Quarter (3 Months)"
"trendlyne","reliance-group-share-prices-&-companies-list","Reliance Group share prices & companies list"
"trendlyne","results-screener:-stocks-with-upcoming-results-which-are-seeing-positive-shifts-in-share-price","Results Screener: Stocks with upcoming results which are seeing positive shifts in share price"
"trendlyne","results-declared-today","Results declared today"
"trendlyne","results-declared-today,-with-declining-net-profits-(yoy-or-qoq)","Results declared today, with declining net profits (YoY OR QoQ)"
"trendlyne","results-declared-today,-with-net-profit-and-revenue-growth-yoy-and-qoq","Results declared today, with net profit and revenue growth YoY and QoQ"
"trendlyne","results-in-the-last-two-days-with-yoy-and-qoq-net-profit-growth","Results in the last two days with YoY and QoQ Net Profit Growth"
"trendlyne","revenue-negative-surprise-for-the-quarter","Revenue Negative Surprise for the Quarter"
"trendlyne","revenue-negative-surprise-for-the-year","Revenue Negative Surprise for the Year"
"trendlyne","revenue-positive-surprise-for-the-quarter","Revenue Positive Surprise for the Quarter"
"trendlyne","revenue-positive-surprise-for-the-year","Revenue Positive Surprise for the Year"
"trendlyne","revenue-and-eps-negative-surprise-for-the-quarter","Revenue and EPS negative surprise for the Quarter"
"trendlyne","revenue-and-eps-positive-surprise-for-the-quarter","Revenue and EPS positive surprise for the Quarter"
"trendlyne","revenue-and-net-profit-negative-surprise-for-the-quarter","Revenue and net profit negative surprise for the Quarter"
"trendlyne","revenue-and-net-profit-positive-surprise-for-the-quarter","Revenue and net profit positive surprise for the Quarter"
"trendlyne","richard-dreihaus-screen:-momentum-driven-strategy","Richard Dreihaus Screen: Momentum Driven Strategy"
"trendlyne","rising-delivery-percentage-compared-to-prev-day","Rising Delivery Percentage Compared to Prev Day"
"trendlyne","rising-delivery-percentage-compared-to-previous-day-and-month,-strong-volumes","Rising Delivery Percentage Compared to Previous Day and Month, Strong Volumes"
"trendlyne","rising-delivery-percentage-compared-to-previous-day-and-month,-and-rising-momentum-score-(subscription)","Rising Delivery Percentage compared to Previous Day and Month, and Rising Momentum Score (Subscription)"
"trendlyne","rising-momentum:-momentum-score-weekly-gainers","Rising Momentum: Momentum Score Weekly Gainers"
"trendlyne","rising-net-cash-flow-and-cash-from-operating-activity","Rising Net Cash Flow and Cash from Operating activity"
"trendlyne","rising-general-industrial-stocks-with-strong-forecaster-eps-and-revenue-growth-estimates-in-fy26","Rising general industrial stocks with strong Forecaster EPS and revenue growth estimates in FY26"
"trendlyne","risky-value-(dvm)","Risky Value (DVM)"
"trendlyne","sme-stocks-list","SME stocks list"
"trendlyne","screener-for-stocks-benefiting-from-lower-oil-prices","Screener for stocks benefiting from lower oil prices"
"trendlyne","securities-seeing-a-long-buildup","Securities seeing a long buildup"
"trendlyne","securities-seeing-a-short-build-up","Securities seeing a short build-up"
"trendlyne","securities-seeing-short-covering","Securities seeing short covering"
"trendlyne","sells-by-superstar-investors","Sells by Superstar Investors"
"trendlyne","shooting-star-(bearish-reversal)","Shooting Star (Bearish Reversal)"
"trendlyne","significant-(over-30%)-distance-from-52-week-high","Significant (over 30%) distance from 52 week high"
"trendlyne","significant-change-in-promoter-shareholding---latest-quarter","Significant Change in Promoter Shareholding - Latest Quarter"
"trendlyne","significant-jump-in-momentum-score","Significant Jump in Momentum Score"
"trendlyne","silver-stocks-in-india","Silver stocks in India"
"trendlyne","slowing-down-stocks-(dvm)","Slowing Down Stocks (DVM)"
"trendlyne","small-cap-stars","Small Cap Stars"
"trendlyne","stochastic-oscillator-bearish-crossover","Stochastic oscillator bearish crossover"
"trendlyne","stochastic-oscillator-bearish-momentum","Stochastic oscillator bearish momentum"
"trendlyne","stochastic-oscillator-bullish-crossover","Stochastic oscillator bullish crossover"
"trendlyne","stochastic-oscillator-bullish-momentum","Stochastic oscillator bullish momentum"
"trendlyne","stochastic-oscillator-overbought","Stochastic oscillator overbought"
"trendlyne","stochastic-oscillator-oversold","Stochastic oscillator oversold"
"trendlyne","stock-passes-majority-of-canslim-investment-criteria","Stock passes majority of CANSLIM Investment criteria"
"trendlyne","stocks-affected-by-weak-monsoons","Stocks affected by weak monsoons"
"trendlyne","stocks-in-p/bv-buy-zone","Stocks in P/BV Buy Zone"
"trendlyne","stocks-in-p/bv-sell-zone","Stocks in P/BV Sell Zone"
"trendlyne","stocks-in-pe-buy-zone","Stocks in PE Buy Zone"
"trendlyne","stocks-in-pe-buy-zone-with-reasonable-durability-score,-and-rising-momentum-score","Stocks in PE Buy Zone with Reasonable Durability Score, and Rising Momentum Score"
"trendlyne","stocks-in-downtrend-most-likely-to-cross-below-sma-200-soon","Stocks in downtrend most likely to cross below SMA-200 soon"
"trendlyne","stocks-in-the-pe-sell-zone","Stocks in the PE Sell Zone"
"trendlyne","stocks-outperforming-the-index-over-the-week,-post-results","Stocks outperforming the index over the week, post results"
"trendlyne","stocks-rising-sharply-on-very-low-month-volumes","Stocks rising sharply on very low month volumes"
"trendlyne","stocks-seeing-month-price-declines,-good-financial-durability,-and-newly-affordable-valuations-(subscription)","Stocks seeing month price declines, good financial durability, and newly affordable valuations (subscription)"
"trendlyne","stocks-that-are-at-the-risk-of-entering-a-trade-ban-by-the-exchanges-in-the-fno-market","Stocks that are at the risk of entering a trade ban by the exchanges in the FnO market"
"trendlyne","stocks-that-are-currently-under-trade-ban-by-the-exchanges-in-the-fno-market","Stocks that are currently under trade ban by the exchanges in the FnO market"
"trendlyne","stocks-traded-in-the-fno-market","Stocks traded in the FnO market"
"trendlyne","stocks-trading-within-5%-of-their-week-high","Stocks trading within 5% of their week high"
"trendlyne","stocks-where-promoters-are-increasing-their-shareholding-qoq","Stocks where promoters are increasing their shareholding QoQ"
"trendlyne","stocks-where-top-management-is-under-dispute","Stocks where top management is under dispute"
"trendlyne","stocks-whose-current-price-is-20%-higher-than-week-low,-and-more-than-previous-close","Stocks whose current price is 20% higher than week low, and more than previous close"
"trendlyne","stocks-with-consistent-share-price-growth-(subscription)","Stocks with Consistent Share Price Growth (subscription)"
"trendlyne","stocks-with-high-durability-and-eps-growth-(subscription)","Stocks with High Durability and EPS growth (subscription)"
"trendlyne","stocks-with-peg-higher-than-industry-peg","Stocks with PEG higher than Industry PEG"
"trendlyne","stocks-with-quarter-change-%-less-than-industry","Stocks with Quarter Change % less than Industry"
"trendlyne","stocks-with-high-fno-put-to-call-ratio-or-pcr,-indicating-a-bearish-sentiment","Stocks with high FnO put to call ratio or PCR, indicating a bearish sentiment"
"trendlyne","stocks-with-high-upside-potential-by-forecaster-with-high-revenue-and-eps-growth-outlook","Stocks with high upside potential by Forecaster with high revenue and EPS growth outlook"
"trendlyne","stocks-with-improving-cash-flow,-with-good-durability","Stocks with improving cash flow, with good durability"
"trendlyne","stocks-with-low-fno-put-to-call-ratio-or-pcr,-indicating-a-bullish-sentiment","Stocks with low FnO put to call ratio or PCR, indicating a bullish sentiment"
"trendlyne","stocks-with-strong-dividend-yields-in-fy25-and-healthy-growth-over-5-years","Stocks with strong dividend yields in FY25 and healthy growth over 5 years"
"trendlyne","stocks-with-their-ema10-trading-above-their-ema100","Stocks with their EMA10 trading above their EMA100"
"trendlyne","stocks-with-their-ema10-trading-above-their-ema20","Stocks with their EMA10 trading above their EMA20"
"trendlyne","stocks-with-their-ema10-trading-above-their-ema200","Stocks with their EMA10 trading above their EMA200"
"trendlyne","stocks-with-their-ema10-trading-above-their-ema50","Stocks with their EMA10 trading above their EMA50"
"trendlyne","stocks-with-their-ema10-trading-below-their-ema100","Stocks with their EMA10 trading below their EMA100"
"trendlyne","stocks-with-their-ema10-trading-below-their-ema20","Stocks with their EMA10 trading below their EMA20"
"trendlyne","stocks-with-their-ema10-trading-below-their-ema200","Stocks with their EMA10 trading below their EMA200"
"trendlyne","stocks-with-their-ema10-trading-below-their-ema50","Stocks with their EMA10 trading below their EMA50"
"trendlyne","stocks-with-their-ema100-trading-above-their-ema200","Stocks with their EMA100 trading above their EMA200"
"trendlyne","stocks-with-their-ema100-trading-below-their-ema200","Stocks with their EMA100 trading below their EMA200"
"trendlyne","stocks-with-their-ema12-trading-above-their-ema100","Stocks with their EMA12 trading above their EMA100"
"trendlyne","stocks-with-their-ema12-trading-above-their-ema20","Stocks with their EMA12 trading above their EMA20"
"trendlyne","stocks-with-their-ema12-trading-above-their-ema200","Stocks with their EMA12 trading above their EMA200"
"trendlyne","stocks-with-their-ema12-trading-above-their-ema50","Stocks with their EMA12 trading above their EMA50"
"trendlyne","stocks-with-their-ema12-trading-below-their-ema100","Stocks with their EMA12 trading below their EMA100"
"trendlyne","stocks-with-their-ema12-trading-below-their-ema20","Stocks with their EMA12 trading below their EMA20"
"trendlyne","stocks-with-their-ema12-trading-below-their-ema200","Stocks with their EMA12 trading below their EMA200"
"trendlyne","stocks-with-their-ema12-trading-below-their-ema50","Stocks with their EMA12 trading below their EMA50"
"trendlyne","stocks-with-their-ema20-trading-above-their-ema100","Stocks with their EMA20 trading above their EMA100"
"trendlyne","stocks-with-their-ema20-trading-above-their-ema200","Stocks with their EMA20 trading above their EMA200"
"trendlyne","stocks-with-their-ema20-trading-above-their-ema50","Stocks with their EMA20 trading above their EMA50"
"trendlyne","stocks-with-their-ema20-trading-below-their-ema100","Stocks with their EMA20 trading below their EMA100"
"trendlyne","stocks-with-their-ema20-trading-below-their-ema200","Stocks with their EMA20 trading below their EMA200"
"trendlyne","stocks-with-their-ema20-trading-below-their-ema50","Stocks with their EMA20 trading below their EMA50"
"trendlyne","stocks-with-their-ema26-trading-above-their-ema100","Stocks with their EMA26 trading above their EMA100"
"trendlyne","stocks-with-their-ema26-trading-above-their-ema200","Stocks with their EMA26 trading above their EMA200"
"trendlyne","stocks-with-their-ema26-trading-above-their-ema50","Stocks with their EMA26 trading above their EMA50"
"trendlyne","stocks-with-their-ema26-trading-below-their-ema100","Stocks with their EMA26 trading below their EMA100"
"trendlyne","stocks-with-their-ema26-trading-below-their-ema200","Stocks with their EMA26 trading below their EMA200"
"trendlyne","stocks-with-their-ema26-trading-below-their-ema50","Stocks with their EMA26 trading below their EMA50"
"trendlyne","stocks-with-their-ema5-trading-above-their-ema100","Stocks with their EMA5 trading above their EMA100"
"trendlyne","stocks-with-their-ema5-trading-above-their-ema20","Stocks with their EMA5 trading above their EMA20"
"trendlyne","stocks-with-their-ema5-trading-above-their-ema200","Stocks with their EMA5 trading above their EMA200"
"trendlyne","stocks-with-their-ema5-trading-above-their-ema50","Stocks with their EMA5 trading above their EMA50"
"trendlyne","stocks-with-their-ema5-trading-below-their-ema100","Stocks with their EMA5 trading below their EMA100"
"trendlyne","stocks-with-their-ema5-trading-below-their-ema20","Stocks with their EMA5 trading below their EMA20"
"trendlyne","stocks-with-their-ema5-trading-below-their-ema200","Stocks with their EMA5 trading below their EMA200"
"trendlyne","stocks-with-their-ema5-trading-below-their-ema50","Stocks with their EMA5 trading below their EMA50"
"trendlyne","stocks-with-their-ema50-trading-above-their-ema100","Stocks with their EMA50 trading above their EMA100"
"trendlyne","stocks-with-their-ema50-trading-above-their-ema200","Stocks with their EMA50 trading above their EMA200"
"trendlyne","stocks-with-their-ema50-trading-below-their-ema100","Stocks with their EMA50 trading below their EMA100"
"trendlyne","stocks-with-their-ema50-trading-below-their-ema200","Stocks with their EMA50 trading below their EMA200"
"trendlyne","stocks-with-their-last-traded-price-trading-above-their-ema10","Stocks with their Last Traded Price trading above their EMA10"
"trendlyne","stocks-with-their-last-traded-price-trading-above-their-ema100","Stocks with their Last Traded Price trading above their EMA100"
"trendlyne","stocks-with-their-last-traded-price-trading-above-their-ema12","Stocks with their Last Traded Price trading above their EMA12"
"trendlyne","stocks-with-their-last-traded-price-trading-above-their-ema20","Stocks with their Last Traded Price trading above their EMA20"
"trendlyne","stocks-with-their-last-traded-price-trading-above-their-ema200","Stocks with their Last Traded Price trading above their EMA200"
"trendlyne","stocks-with-their-last-traded-price-trading-above-their-ema26","Stocks with their Last Traded Price trading above their EMA26"
"trendlyne","stocks-with-their-last-traded-price-trading-above-their-ema5","Stocks with their Last Traded Price trading above their EMA5"
"trendlyne","stocks-with-their-last-traded-price-trading-above-their-ema50","Stocks with their Last Traded Price trading above their EMA50"
"trendlyne","stocks-with-their-last-traded-price-trading-above-their-sma10","Stocks with their Last Traded Price trading above their SMA10"
"trendlyne","stocks-with-their-last-traded-price-trading-above-their-sma100","Stocks with their Last Traded Price trading above their SMA100"
"trendlyne","stocks-with-their-last-traded-price-trading-above-their-sma150","Stocks with their Last Traded Price trading above their SMA150"
"trendlyne","stocks-with-their-last-traded-price-trading-above-their-sma20","Stocks with their Last Traded Price trading above their SMA20"
"trendlyne","stocks-with-their-last-traded-price-trading-above-their-sma200","Stocks with their Last Traded Price trading above their SMA200"
"trendlyne","stocks-with-their-last-traded-price-trading-above-their-sma30","Stocks with their Last Traded Price trading above their SMA30"
"trendlyne","stocks-with-their-last-traded-price-trading-above-their-sma5","Stocks with their Last Traded Price trading above their SMA5"
"trendlyne","stocks-with-their-last-traded-price-trading-above-their-sma50","Stocks with their Last Traded Price trading above their SMA50"
"trendlyne","stocks-with-their-last-traded-price-trading-below-their-ema10","Stocks with their Last Traded Price trading below their EMA10"
"trendlyne","stocks-with-their-last-traded-price-trading-below-their-ema100","Stocks with their Last Traded Price trading below their EMA100"
"trendlyne","stocks-with-their-last-traded-price-trading-below-their-ema12","Stocks with their Last Traded Price trading below their EMA12"
"trendlyne","stocks-with-their-last-traded-price-trading-below-their-ema20","Stocks with their Last Traded Price trading below their EMA20"
"trendlyne","stocks-with-their-last-traded-price-trading-below-their-ema200","Stocks with their Last Traded Price trading below their EMA200"
"trendlyne","stocks-with-their-last-traded-price-trading-below-their-ema26","Stocks with their Last Traded Price trading below their EMA26"
"trendlyne","stocks-with-their-last-traded-price-trading-below-their-ema5","Stocks with their Last Traded Price trading below their EMA5"
"trendlyne","stocks-with-their-last-traded-price-trading-below-their-ema50","Stocks with their Last Traded Price trading below their EMA50"
"trendlyne","stocks-with-their-last-traded-price-trading-below-their-sma10","Stocks with their Last Traded Price trading below their SMA10"
"trendlyne","stocks-with-their-last-traded-price-trading-below-their-sma100","Stocks with their Last Traded Price trading below their SMA100"
"trendlyne","stocks-with-their-last-traded-price-trading-below-their-sma150","Stocks with their Last Traded Price trading below their SMA150"
"trendlyne","stocks-with-their-last-traded-price-trading-below-their-sma20","Stocks with their Last Traded Price trading below their SMA20"
"trendlyne","stocks-with-their-last-traded-price-trading-below-their-sma200","Stocks with their Last Traded Price trading below their SMA200"
"trendlyne","stocks-with-their-last-traded-price-trading-below-their-sma30","Stocks with their Last Traded Price trading below their SMA30"
"trendlyne","stocks-with-their-last-traded-price-trading-below-their-sma5","Stocks with their Last Traded Price trading below their SMA5"
"trendlyne","stocks-with-their-last-traded-price-trading-below-their-sma50","Stocks with their Last Traded Price trading below their SMA50"
"trendlyne","stocks-with-their-sma10-trading-above-their-sma20","Stocks with their SMA10 trading above their SMA20"
"trendlyne","stocks-with-their-sma10-trading-above-their-sma30","Stocks with their SMA10 trading above their SMA30"
"trendlyne","stocks-with-their-sma10-trading-above-their-sma50","Stocks with their SMA10 trading above their SMA50"
"trendlyne","stocks-with-their-sma10-trading-below-their-sma20","Stocks with their SMA10 trading below their SMA20"
"trendlyne","stocks-with-their-sma10-trading-below-their-sma30","Stocks with their SMA10 trading below their SMA30"
"trendlyne","stocks-with-their-sma10-trading-below-their-sma50","Stocks with their SMA10 trading below their SMA50"
"trendlyne","stocks-with-their-sma100-trading-above-their-sma150","Stocks with their SMA100 trading above their SMA150"
"trendlyne","stocks-with-their-sma100-trading-above-their-sma200","Stocks with their SMA100 trading above their SMA200"
"trendlyne","stocks-with-their-sma100-trading-below-their-sma150","Stocks with their SMA100 trading below their SMA150"
"trendlyne","stocks-with-their-sma100-trading-below-their-sma200","Stocks with their SMA100 trading below their SMA200"
"trendlyne","stocks-with-their-sma150-trading-above-their-sma200","Stocks with their SMA150 trading above their SMA200"
"trendlyne","stocks-with-their-sma150-trading-below-their-sma200","Stocks with their SMA150 trading below their SMA200"
"trendlyne","stocks-with-their-sma20-trading-above-their-sma30","Stocks with their SMA20 trading above their SMA30"
"trendlyne","stocks-with-their-sma20-trading-above-their-sma50","Stocks with their SMA20 trading above their SMA50"
"trendlyne","stocks-with-their-sma20-trading-below-their-sma30","Stocks with their SMA20 trading below their SMA30"
"trendlyne","stocks-with-their-sma20-trading-below-their-sma50","Stocks with their SMA20 trading below their SMA50"
"trendlyne","stocks-with-their-sma30-trading-above-their-sma100","Stocks with their SMA30 trading above their SMA100"
"trendlyne","stocks-with-their-sma30-trading-above-their-sma50","Stocks with their SMA30 trading above their SMA50"
"trendlyne","stocks-with-their-sma30-trading-below-their-sma100","Stocks with their SMA30 trading below their SMA100"
"trendlyne","stocks-with-their-sma30-trading-below-their-sma50","Stocks with their SMA30 trading below their SMA50"
"trendlyne","stocks-with-their-sma5-trading-above-their-sma10","Stocks with their SMA5 trading above their SMA10"
"trendlyne","stocks-with-their-sma5-trading-above-their-sma20","Stocks with their SMA5 trading above their SMA20"
"trendlyne","stocks-with-their-sma5-trading-above-their-sma30","Stocks with their SMA5 trading above their SMA30"
"trendlyne","stocks-with-their-sma5-trading-above-their-sma50","Stocks with their SMA5 trading above their SMA50"
"trendlyne","stocks-with-their-sma5-trading-below-their-sma10","Stocks with their SMA5 trading below their SMA10"
"trendlyne","stocks-with-their-sma5-trading-below-their-sma20","Stocks with their SMA5 trading below their SMA20"
"trendlyne","stocks-with-their-sma5-trading-below-their-sma30","Stocks with their SMA5 trading below their SMA30"
"trendlyne","stocks-with-their-sma5-trading-below-their-sma50","Stocks with their SMA5 trading below their SMA50"
"trendlyne","stocks-with-their-sma50-trading-above-their-sma100","Stocks with their SMA50 trading above their SMA100"
"trendlyne","stocks-with-their-sma50-trading-above-their-sma150","Stocks with their SMA50 trading above their SMA150"
"trendlyne","stocks-with-their-sma50-trading-below-their-sma100","Stocks with their SMA50 trading below their SMA100"
"trendlyne","stocks-with-their-sma50-trading-below-their-sma150","Stocks with their SMA50 trading below their SMA150"
"trendlyne","street-favorite:-high-analyst-rating-with-at-least-20%-upside","Street Favorite: High Analyst Rating with at least 20% upside"
"trendlyne","stringent-dvm-screener","Stringent DVM Screener"
"trendlyne","bull-1","Strong Bullish Breakout"
"trendlyne","strong-forecaster-eps-growth-estimates-from-analysts","Strong Forecaster EPS Growth Estimates from Analysts"
"trendlyne","strong-forecaster-revenue-growth-estimates-from-analysts","Strong Forecaster Revenue Growth Estimates from Analysts"
"trendlyne","strong-momentum:-price-above-short,-medium-and-long-term-moving-averages","Strong Momentum: Price above short, medium and long term moving averages"
"trendlyne","strong-performer,-getting-expensive-(dvm)","Strong Performer, Getting Expensive (DVM)"
"trendlyne","strong-performer,-under-radar-stocks-(dvm)","Strong Performer, Under Radar Stocks (DVM)"
"trendlyne","strong-performers---high-dvm-stocks","Strong Performers - High DVM Stocks"
"trendlyne","strong-qoq-eps-growth-in-recent-results","Strong QoQ EPS Growth in recent results"
"trendlyne","supertrend-buys","Supertrend Buys"
"trendlyne","supertrend-signal-changed-to-buy","Supertrend Signal changed to Buy"
"trendlyne","supertrend-signal-changed-to-sell","Supertrend Signal changed to Sell"
"trendlyne","tata-group-stocks---list-of-all-tata-companies-&-share-prices","Tata Group stocks - List of all Tata companies & share prices"
"trendlyne","technical-screener:-momentum-stocks-with-significant-volumes","Technical Screener: Momentum Stocks with Significant Volumes"
"trendlyne","the-bull-cartel","The Bull Cartel"
"trendlyne","three-white-soldiers-(bullish-reversal)","Three White Soldiers (Bullish Reversal)"
"trendlyne","top-gainers-of-the-day","Top Gainers of the Day"
"trendlyne","top-losers-of-the-day","Top Losers of the Day"
"trendlyne","top-penny-stocks-under-rs-5","Top Penny Stocks Under Rs 5"
"trendlyne","top-performer-dvm-stocks-(subscription)","Top Performer DVM Stocks (subscription)"
"trendlyne","top-gainers-of-the-month","Top gainers of the month"
"trendlyne","top-gainers-of-the-past-1-year","Top gainers of the past 1 year"
"trendlyne","top-gainers-of-the-past-10-years","Top gainers of the past 10 years"
"trendlyne","top-gainers-of-the-past-3-years","Top gainers of the past 3 years"
"trendlyne","top-gainers-of-the-past-5-years","Top gainers of the past 5 years"
"trendlyne","top-gainers-of-the-past-6-months","Top gainers of the past 6-months"
"trendlyne","top-gainers-of-the-quarter","Top gainers of the quarter"
"trendlyne","top-gainers-of-the-week","Top gainers of the week"
"trendlyne","top-losers-of-the-month","Top losers of the month"
"trendlyne","top-losers-of-the-past-1-year","Top losers of the past 1 year"
"trendlyne","top-losers-of-the-past-10-years","Top losers of the past 10 years"
"trendlyne","top-losers-of-the-past-3-years","Top losers of the past 3 years"
"trendlyne","top-losers-of-the-past-5-years","Top losers of the past 5 years"
"trendlyne","top-losers-of-the-past-6-months","Top losers of the past 6-months"
"trendlyne","top-losers-of-the-quarter","Top losers of the quarter"
"trendlyne","top-losers-of-the-week","Top losers of the week"
"trendlyne","trendlynes-growth-stocks-with-good-technical-score","Trendlynes growth stocks with good technical score"
"trendlyne","trendlynes-technically-strong-value-stocks-(subscription)","Trendlynes technically strong value stocks (subscription)"
"trendlyne","turnaround-companies:-loss-to-profit-qoq","Turnaround Companies: Loss to Profit QoQ"
"trendlyne","turnaround-potential-(dvm)","Turnaround Potential (DVM)"
"trendlyne","us-fda-warning-letter","US FDA Warning Letter"
"trendlyne","upcoming-bonus/split","Upcoming Bonus/Split"
"trendlyne","upcoming-dividends","Upcoming Dividends"
"trendlyne","upcoming-results-for-nifty500-with-declining-share-price-over-the-week","Upcoming Results for Nifty500 with Declining Share Price Over the Week"
"trendlyne","upcoming-results-for-nifty500-companies-with-previous-quarter-net-profit-growth-greater-than-10%-yoy-and-qoq","Upcoming results for Nifty500 companies with previous quarter net profit growth greater than 10% YoY and QoQ"
"trendlyne","upcoming-results-for-rising-companies-with-previous-quarter-net-profit-growth-greater-than-10%-yoy","Upcoming results for rising companies with previous quarter net profit growth greater than 10% YoY"
"trendlyne","upcoming-results-with-rising-delivery-volumes","Upcoming results with Rising Delivery Volumes"
"trendlyne","upside-tasuki-gap-(bullish-continuation)","Upside Tasuki Gap (Bullish Continuation)"
"trendlyne","value-stocks","Value Stocks"
"trendlyne","value-stocks,-under-radar-(dvm)","Value Stocks, Under Radar (DVM)"
"trendlyne","value-trap-(dvm)","Value Trap (DVM)"
"trendlyne","vinod-always","Vinod always"
"trendlyne","volume-shockers","Volume Shockers"
"trendlyne","weak-forecaster-eps-growth-estimates-from-analysts","Weak Forecaster EPS Growth Estimates from Analysts"
"trendlyne","weak-forecaster-revenue-growth-estimates-from-analysts","Weak Forecaster Revenue Growth Estimates from Analysts"
"trendlyne","weak-stocks-(dvm)","Weak Stocks (DVM)"
"trendlyne","wealth-destroyers-in-the-past-six-months","Wealth Destroyers In The Past six Months"
"trendlyne","week-adx-bearish-divergence","Week ADX Bearish Divergence"
"trendlyne","week-adx-bullish-divergence","Week ADX Bullish Divergence"
"trendlyne","week-adx-mild-trending-stocks","Week ADX Mild Trending Stocks"
"trendlyne","week-adx-strong-trending-stocks","Week ADX Strong Trending Stocks"
"trendlyne","week-adx-trending-stocks","Week ADX Trending Stocks"
"trendlyne","week-bollinger-band-breakdown","Week Bollinger Band Breakdown"
"trendlyne","week-bollinger-band-breakout","Week Bollinger Band Breakout"
"trendlyne","week-cci-bearish","Week CCI Bearish"
"trendlyne","week-cci-bullish","Week CCI Bullish"
"trendlyne","week-cci-overbought","Week CCI Overbought"
"trendlyne","week-cci-oversold","Week CCI Oversold"
"trendlyne","week-cci-trending-down","Week CCI Trending Down"
"trendlyne","week-cci-trending-up","Week CCI Trending Up"
"trendlyne","week-cci-crossed-above-100","Week CCI crossed above 100"
"trendlyne","week-cci-crossed-below--100","Week CCI crossed below -100"
"trendlyne","week-macd-crossover-above-signal-line","Week MACD Crossover Above Signal Line"
"trendlyne","week-macd-crossover-below-signal-line","Week MACD Crossover Below Signal Line"
"trendlyne","week-roc-trending-down","Week ROC Trending Down"
"trendlyne","week-roc-trending-up","Week ROC Trending Up"
"trendlyne","week-relative-strength-index-(rsi)-bullish","Week Relative Strength Index (RSI) Bullish"
"trendlyne","week-stochastic-oscillator-bearish-crossover","Week Stochastic oscillator bearish crossover"
"trendlyne","week-stochastic-oscillator-bearish-momentum","Week Stochastic oscillator bearish momentum"
"trendlyne","week-stochastic-oscillator-bullish-crossover","Week Stochastic oscillator bullish crossover"
"trendlyne","week-stochastic-oscillator-bullish-momentum","Week Stochastic oscillator bullish momentum"
"trendlyne","week-stochastic-oscillator-overbought","Week Stochastic oscillator overbought"
"trendlyne","week-stochastic-oscillator-oversold","Week Stochastic oscillator oversold"
"trendlyne","week-supertrend-buys","Week Supertrend Buys"
"trendlyne","week-supertrend-sells","Week Supertrend Sells"
"trendlyne","week-supertrend-signal-changed-to-buy","Week Supertrend Signal changed to Buy"
"trendlyne","week-supertrend-signal-changed-to-sell","Week Supertrend Signal changed to Sell"
"trendlyne","week-willaims-%r-in-oversold-zone","Week Willaims %R in Oversold zone"
"trendlyne","week-williams-%r-bearish","Week Williams %R Bearish"
"trendlyne","week-williams-%r-bullish","Week Williams %R Bullish"
"trendlyne","week-williams-%r-crossed--80-from-above","Week Williams %R crossed -80 from above"
"trendlyne","week-williams-%r-in-overbought-zone","Week Williams %R in Overbought zone"
"trendlyne","week-williams-trending-down","Week Williams Trending Down"
"trendlyne","weekly-momentum-gainers","Weekly Momentum Gainers"
"trendlyne","weekly-screener:-high-momentum-score-stocks-(subscription)","Weekly Screener: High Momentum Score Stocks (subscription)"
"trendlyne","white-marubozu-candlestick-(bullish)","White Marubozu Candlestick (Bullish)"
"trendlyne","willaims-%r-in-oversold-zone","Willaims %R in Oversold zone"
"trendlyne","williams-%r-bearish","Williams %R Bearish"
"trendlyne","williams-%r-bullish","Williams %R Bullish"
"trendlyne","williams-%r-crossed--20-from-below","Williams %R crossed -20 from below"
"trendlyne","williams-%r-crossed--80-from-above","Williams %R crossed -80 from above"
"trendlyne","williams-%r-in-overbought-zone","Williams %R in Overbought zone"
"trendlyne","williams-trending-down","Williams Trending Down"
"trendlyne","high-volume-high-growth","high volume high growth"
"trendlyne","my-version-,-deepak-stocks","my version  , Deepak sTOCKS"
"trendlyne","pledged-shares-increased-in-past-week","pledged shares increased in past week"
"moneycontrol","375","10X Profit Growth Explosion"
"moneycontrol","374","10X Sales Growth Explosion"
"moneycontrol","OHLC_D_P_2YRLOW","2 Year Breakdown"
"moneycontrol","OHLC_D_P_2YRHIGH","2 year Breakout"
"moneycontrol","OHLC_D_P_3YRLOW","3 Year Breakdown"
"moneycontrol","OHLC_D_P_3YRHIGH","3 Year Breakout"
"moneycontrol","OHLC_D_P_5YRLOW","5 Year Breakdown"
"moneycontrol","OHLC_D_P_5YRHIGH","5 Year Breakout"
"moneycontrol","OHLC_W_P_52HIGH","52 Week High"
"moneycontrol","OHLC_W_P_52LOW","52 Week Low"
"moneycontrol","377","5X Premium to Book Value"
"moneycontrol","OHLC_D_P_ALLTIMEH","All Time High"
"moneycontrol","OHLC_D_P_ALLTIMEL","All Time Low"
"moneycontrol","OHLC_D_I_BTSTOND","BTST"
"moneycontrol","178","BV Decreasing, Valuation High"
"moneycontrol","179","BV Increasing, Valuation Low"
"moneycontrol","146","Bargain Buys"
"moneycontrol","OHLC_D_P_BPBEAR","Bearish Breakaway (Daily)"
"moneycontrol","OHLC_20D_P_CLBLWPWL","Bearish Turtle Trading"
"moneycontrol","OHLC_D_I_BOLDBEAR","Bold Bears"
"moneycontrol","OHLC_D_I_BOLDBULL","Bold Bulls"
"moneycontrol","376","Book Value Bargains"
"moneycontrol","OHLC_D_I_RSI70607DNBE","Breakdown after consolidation"
"moneycontrol","OHLC_D_I_RSI70607DNBU","Breakout after consolidation"
"moneycontrol","OHLC_D_P_BPBULL","Bullish Breakaway (Daily)"
"moneycontrol","OHLC_20D_P_CLABVPWH","Bullish Turtle Trading"
"moneycontrol","362","Cash Kings"
"moneycontrol","413","Companies with Low Leverage"
"moneycontrol","417","Consistently Decreasing EPS"
"moneycontrol","403","Consistently Rising Profit Margins"
"moneycontrol","400","Consistently Rising Profits"
"moneycontrol","399","Consistently Rising Sales"
"moneycontrol","176","DII Buying FII Buying"
"moneycontrol","410","DII Selling, FII Buying"
"moneycontrol","408","DIIs Favourites"
"moneycontrol","378","Debt Load"
"moneycontrol","167","Decreasing Debt to Equity"
"moneycontrol","172","Decreasing ROCE"
"moneycontrol","170","Decreasing ROE"
"moneycontrol","395","Discount to Peers"
"moneycontrol","411","Dividend Champions"
"moneycontrol","423","Double Trouble"
"moneycontrol","416","EPS Champions"
"moneycontrol","364","FII Favourites"
"moneycontrol","405","FII Long Term Favourites"
"moneycontrol","409","FII Selling, DII Buying"
"moneycontrol","370","Growth Goose"
"moneycontrol","365","High Promoter Holding"
"moneycontrol","422","High Valuations"
"moneycontrol","412","Highest Dividend Yields"
"moneycontrol","171","Improving ROCE"
"moneycontrol","169","Improving ROE"
"moneycontrol","168","Increasing Debt to Equity"
"moneycontrol","177","Institutional Selling"
"moneycontrol","382","Institutions Favourites"
"moneycontrol","367","Jet Growth"
"moneycontrol","398","Least Efficient Use of Capital"
"moneycontrol","392","Low PE Stocks"
"moneycontrol","383","Low Public Holding"
"moneycontrol","OHLC_D_I_MOMRAVBE","Momentum Breakdown"
"moneycontrol","OHLC_D_I_MOMRAVBU","Momentum Breakout"
"moneycontrol","431","Money Spinners"
"moneycontrol","425","Multiyear Discounts"
"moneycontrol","OHLC_D_P_OPENLOW","Open = Low"
"moneycontrol","429","Operations Successful"
"moneycontrol","430","Operations Unsuccessful"
"moneycontrol","397","Optimal Capital Allocation"
"moneycontrol","391","PE Century"
"moneycontrol","OHLC_D_I_ADBBPBUY","Perfect Buy"
"moneycontrol","OHLC_D_I_ADBBPSELL","Perfect Sell"
"moneycontrol","419","Potential Superstars"
"moneycontrol","396","Premium to Peers"
"moneycontrol","394","Price to Book Value Above Industry"
"moneycontrol","393","Price to Book Value Below Industry"
"moneycontrol","379","Profit Margin Leaders"
"moneycontrol","371","Profit Pearls"
"moneycontrol","435","Profit Pioneers"
"moneycontrol","165","Promoter Holding High but Pledged"
"moneycontrol","OHLC_D_I_RSIPOWBD","RSI Power Breakdown"
"moneycontrol","OHLC_D_I_RSIPOWBO","RSI Power Breakout"
"moneycontrol","OHLC_W_I_RSIMULTIBAG","Rare Multibagger Breakouts"
"moneycontrol","181","Re-Rating Candidates"
"moneycontrol","389","Rising Book Value"
"moneycontrol","174","Rising Profits, Falling Margins"
"moneycontrol","424","Rising Revenue, Falling Debt"
"moneycontrol","OHLC_D_I_RISE3BEAR","Rising Three Breakdown"
"moneycontrol","OHLC_D_I_RISE3BULL","Rising Three Candle Pattern (Daily)"
"moneycontrol","366","Rocket Profit"
"moneycontrol","OHLC_D_I_STBTOND","STBT"
"moneycontrol","182","Sales Decreasing, Price Increasing"
"moneycontrol","390","Sales More than Market Cap"
"moneycontrol","381","Sales Pioneers"
"moneycontrol","369","Shareholders Delight"
"moneycontrol","388","Shrinking Book Value"
"moneycontrol","OHLC_D_I_DSMARTBEARC","Smart Breakdown"
"moneycontrol","OHLC_D_I_DSMARTBULLC","Smart Breakout"
"moneycontrol","OHLC_D_I_SQZBEARBO","Squeeze Breakdown"
"moneycontrol","OHLC_D_I_SQZBULLBO","Squeeze Breakout"
"moneycontrol","OHLC_D_I_CLSERIESBULL","Strong Stocks"
"moneycontrol","OHLC_D_I_10DSTOCHBEAR","Swing Breakdown"
"moneycontrol","OHLC_D_I_10DSTOCHBULL","Swing Breakout"
"moneycontrol","OHLC_D_I_ST5133BEAR","Trend Rider (Bearish)"
"moneycontrol","OHLC_D_I_ST5133BULL","Trend Rider (Bullish)"
"moneycontrol","OHLC_D_I_TRNGLCANDBEAR","Triangle Breakdown"
"moneycontrol","OHLC_D_I_TRNGLCANDBULL","Triangle Breakout"
"moneycontrol","434","Triple Dhamaka"
"moneycontrol","432","Triple Trouble"
"moneycontrol","184","Turnaround Stories"
"moneycontrol","OHLC_D_I_CLSERIESBEAR","Weak Stocks"
"etnow","201","10X Aimers Micro and smallcap stocks having the potential to provide multifold returns"
"etnow","8486","18. Low Debt Stocks: Query: Identifies stocks from financially stable companies with minimal debt levels, suitable for investors concerned about the risks associated with high debt. Screens stocks where Debt-to-Equity ratio is less than 0.3."
"etnow","8487","20. Low Price-to-Sales (P/S) Ratio Stocks: Query: Highlights stocks with lower valuation based on sales, suggesting potential bargains or undervalued opportunities. Selects stocks where Trailing Twelve Months (TTM) Price-to-Sales ratio is under 1."
"etnow","1987","52 wk high large cap stocks52 wk high large cap stocks"
"etnow","422","52W High Breakout - Up Stocks where price has crossed above its 52 week high price which is considered as a bullish signal"
"etnow","423","52W Low Breakout - Down Stocks where current price has gone below its 52 week low price which indicates a bearish signal"
"etnow","1110","Agriculture and Allied ServicesStocks in agriculture and livestock space which tend to benefit from government spending on agriculture sector"
"etnow","3567","Agriculture/Horticulture/Livestock Stocks Agriculture/Horticulture/Livestock Stocks"
"etnow","3568","Agro Processing Stocks Agro Processing Stocks"
"etnow","3569","Airlines Stocks Airlines Stocks"
"etnow","88","Altman Z score - Solvent Stocks which are highly solvent as per famous Z-Score made by Edward Altman"
"etnow","180","Altman Z-score - Insolvent Stocks facing solvency problems as per famous Z-Score made by Edward Altman"
"etnow","651","Annual GainersList of stocks which have gained more than 60% in last 12 months"
"etnow","652","Annual LosersList of stocks which lost more than 30% of their Market Value in last 12 months"
"etnow","3570","Apparels StocksApparels Stocks"
"etnow","3572","Aquaculture StocksAquaculture Stocks"
"etnow","101","Attractive Small CapsSmall cap stocks available at attractive valuations with strong market hold"
"etnow","3574","Auto Ancillaries StocksAuto Ancillaries Stocks"
"etnow","191","Auto Pack - Full ThrottleCompanies to efficiently track and invest in the auto sector"
"etnow","3573","Auto StocksAuto Stocks"
"etnow","8537","Balanced Growth and Income Highlights stocks offering a mix of growth potential and dividend income, suitable for investors seeking both capital appreciation and regular cash flow. Filters stocks with EPS growth over 3% and Dividend Yield above 2.5%."
"etnow","193","Banking TrackerCompanies to efficiently track and invest in the banking sector"
"etnow","3566","Banks Stocks Banks Stocks"
"etnow","8480","Bargain StocksFlags stocks with attractive valuations and healthy financials, suitable for investors seeking both undervaluation and solid growth potential. Selects stocks where Price/Earnings to Growth (PEG) ratio is under 1 and Debt-to-Equity ratio is less than 0.5."
"etnow","734","Bearish Abandoned BabyIt is a bearish reversal pattern in an uptrend, with a Doji gap up above the previous candle, then a black candle that gaps down, indicating bears may be taking control"
"etnow","724","Bearish Belt HoldThe Bearish Belt Hold is a bearish reversal pattern in an uptrend, with a small body and a long upper shadow, indicating bulls may be losing control"
"etnow","223","Bearish Cross - SMA 3 and 5Stocks where 3day moving average has crossed below 5 day moving average from above, indicating a bullish signal"
"etnow","220","Bearish Cross - SMA 3 and 7This crossover indicates a bearish signal where 3 day moving average has crossed below 7 day moving average from above"
"etnow","221","Bearish Cross - SMA 5 and 10This crossover indicates a bearish signal where 5 day moving average of price has crossed below the 10 day moving average from above"
"etnow","222","Bearish Cross - SMA 5 and 20This crossover indicates a bearish signal where 5 day moving average of price has crossed below the 20 day moving average from above"
"etnow","218","Bearish Cross - SMA 7 and 14This crossover indicates a bearish signal where 7 day moving average of price has crossed below 14 day moving average from above"
"etnow","219","Bearish Cross - SMA 7 and 26This crossover indicates a bearish signal where 7 day moving average of price has crossed below 26 day moving average from above"
"etnow","216","Bearish Cross -SMA 3,5 and 7Here, two short term moving averages of price i.e. 3day MA and 5day MA both have crossed below the 7day moving average. This is a strong Bearish crossover"
"etnow","710","Bearish Doji StarBearish Doji Star is a 3-candle pattern in an uptrend, signalling bearish reversal. It has a long white candle, followed by a Doji, and a long black candle."
"etnow","711","Bearish EngulfingBearish Engulfing is a bearish reversal pattern in an uptrend, with a small white candle followed by a large black candle that fully ""engulfs"" it, suggesting bears are gaining control."
"etnow","718","Bearish Harami CrossThe Bearish Harami Cross is a bearish reversal pattern in an uptrend, with a large white candle followed by a small black candle contained within it, indicating bulls may be losing control"
"etnow","732","Bearish HaramiThe Bearish Harami is a bearish reversal pattern in an uptrend, with a large white candle followed by a small black candle contained within it, indicating bulls may be losing control"
"etnow","788","Bearish MACD CrossoverList of stocks where the MACD line crosses from above to above the signal line. This crossover is considered bearish"
"etnow","728","Bearish Strong LineThe Bearish Strong Line is a bearish reversal pattern in an uptrend, with a long black candle and a small or no shadow, indicating bears may be taking control"
"etnow","178","Ben Graham Stocks Undervalued stocks meeting the criteria laid down by Father of Investing - ""Benjamin Graham"""
"etnow","517","Beneficiaries - Increasing Gold PricesList of stocks which tends to benefit from increase in gold prices"
"etnow","3575","Beverages - Alcoholic StocksBeverages - Alcoholic Stocks"
"etnow","726","Black MarubozuThe Black Marubozu is a bearish candle with a long black body and no shadows, indicating strong selling pressure and a potential downtrend"
"etnow","729","Black Spinning Top The Black Spinning Top is a candle with a small body and long upper and lower shadows, indicating indecision in the market. It may suggest a potential reversal in a downtrend"
"etnow","8519","Blue Chip Favorites Focuses on well-established, large-cap stocks with reliable dividends, appealing to investors seeking stable returns. Filters stocks with Market Cap exceeding $50,000 million and Dividend Yield above 2%."
"etnow","3576","Building Materials StocksBuilding Materials Stocks"
"etnow","1111","Building MaterialsList of stocks which benefit from initiatives like affordable housing & infrastructure boost by the government"
"etnow","713","Bullish Abandoned BabyIt is a bullish reversal pattern in a downtrend, with a Doji gap down below the previous candle, then a white candle that gaps up, suggesting bulls may be taking control."
"etnow","737","Bullish Belt HoldThe Bullish Belt Hold is a bullish reversal pattern in a downtrend, with a small body and a long lower shadow, indicating bears may be losing control"
"etnow","206","Bullish Cross - SMA 3 and 5 List of stocks where 3 day moving average has crossed the 5 day moving average from below. This crossover indicates a bullish trend"
"etnow","208","Bullish Cross - SMA 3 and 7This crossover indicates a bullish signal where 3 day moving average has crossed above 7 day moving average from below"
"etnow","209","Bullish Cross - SMA 5 and 10This crossover indicates a bullish signal where 5 day moving average of price has crossed above 10 day moving average from below"
"etnow","210","Bullish Cross - SMA 5 and 20This crossover indicates a bullish signal where 5 day moving average of price has crossed above 20 day moving average from below"
"etnow","212","Bullish Cross - SMA 7 and 14This crossover indicates a bullish signal where 7 day moving average of price has crossed above 14 day moving average from below"
"etnow","211","Bullish Cross - SMA 7 and 26This crossover indicates a bullish signal where 7 day moving average of price has crossed above 26 day moving average from below"
"etnow","215","Bullish Cross -SMA 3,5 and 7 Here, two short term moving averages of price i.e. 3day MA and 5day MA both have crossed above the 7day moving average. This is a strong Bullish crossover"
"etnow","736","Bullish Doji StarThe Bullish Doji Star is a three-candle bullish reversal pattern in a downtrend, with a long black candle followed by a Doji and a long white candle, indicating bears may be losing control"
"etnow","738","Bullish Harami CrossA Bullish Harami Cross is a bullish candlestick pattern indicating a potential reversal to an upward trend"
"etnow","725","Bullish Harami The Bullish Harami is a bullish reversal pattern in a downtrend, with a large black candle followed by a small white candle contained within it, indicating bears may be losing control"
"etnow","787","Bullish MACD CrossoverList of stocks where the MACD line crosses from below to above the signal line. This crossover is considered bullish"
"etnow","91","Buy on DipsQuality stocks one should accumulate on significant price falls"
"etnow","3577","Cables StocksCables Stocks"
"etnow","100","Cant Miss DealsCollection of few undervalued companies that are fundamentally very strong"
"etnow","92","Capital CompoundersThis screener has the potential to provide you high compounded returns in the long run"
"etnow","73","Cash Cows Companies for which ‘Cash’ is never a problem"
"etnow","8510","Cash-Rich Dividend StocksIdentifies dividend-paying stocks with robust liquidity, appealing to income-focused investors seeking companies capable of sustaining dividends. Screens stocks where Dividend Yield is over 3% and Current Ratio is above 2."
"etnow","8488","Cash-Rich StocksTargets stocks of companies with strong liquidity positions, appealing to investors seeking companies with the ability to cover short-term obligations. Filters stocks where Current Ratio is greater than 2 and Quick Ratio is over 1."
"etnow","3578","Cement StocksCement Stocks"
"etnow","1109","Cement StocksCement manufacturing companies that tend to benefit from major infra related capex by government"
"etnow","3579","Chemicals StocksChemicals Stocks"
"etnow","8622","Close Above Last Month HighIdentify Indian stocks, like Sensex and Nifty, closing above the prior month's highest price, aiding traders and investors in spotting bullish trends"
"etnow","8621","Close Below Last Month LowDiscover Indian stocks, including Sensex and Nifty, breaking previous month's lows, aiding traders to spot trends and investment opportunities."
"etnow","8624","Close Crossing Last Month Close From BelowDiscover Indian stock market winners as stocks surpass their prior month's closing price, signaling potential opportunities for traders and investors"
"etnow","8623","Close Crossing Last Month Close from AboveLast month's closing price above crossing in Indian stock market signals potential market sentiment shift, aiding traders and investors."
"etnow","8620","Close Within 52 Week Low Zone Close Within 52 Week Low Zone refers to stocks that have recently closed their trading session at a price level that is within the range of their lowest price observed in the past 52 weeks. It suggests that the stock is currently trading near its lowest point in the past year. Utilize this data page to identify stocks that are trading within their 52-week low zone. This information can be useful for investors looking for potential buying opportunities or stocks that may be oversold. However, it is important to conduct further analysis and consider other factors before making investment decisions. Embark on a journey where the whispers of opportunity converge with the depths of the market. Witness the resilience of stocks as they navigate the realm of their 52-week lows, teetering on the precipice of possibility. Explore the hidden potential that lies within these undervalued gems, waiting to be unearthed."
"etnow","93","Coffecan basket The ""Buy & Forget"" approach of investing. Suitable for long term"
"etnow","523","Conglomerate of Aditya Birla GroupInvest in these companies to become a part of the legendary Birla group"
"etnow","8628","Consistently Decreasing LeverageDiscover Indian stocks on Sensex and Nifty with a track record of decreasing debt, signaling financial prudence and long-term stability."
"etnow","8648","Consistently High Dividend Payout RatioConsistently High Dividend Payout Ratio refers to companies that consistently distribute a significant portion of their earnings as dividends to shareholders. A high dividend payout ratio indicates that a substantial proportion of the company's profits is being returned to investors in the form of dividends, potentially making it an attractive choice for income-seeking investors. Utilize this data page to identify companies that have a consistent track record of maintaining a high dividend payout ratio. This information can be valuable for investors seeking stable and reliable income from their investments. However, it is important to consider other factors such as the company's financial stability, growth prospects, and dividend sustainability before making investment decisions. Enter the realm of consistent returns, where companies shower their investors with a generous share of profits. Behold the captivating world of consistently high dividend payout ratios, where companies demonstrate their commitment to rewarding shareholders and creating long-term value."
"etnow","8679","Consistently High ROCEDiscover Indian stocks on Sensex and Nifty with a strong, consistent ROCE, signifying efficient capital use and appealing to investors"
"etnow","8678","Consistently High ROEDiscover Indian stocks, particularly Sensex and Nifty ones, with enduring high ROE, signifying robust profit generation, attracting savvy investors"
"etnow","8629","Consistently Increasing LeverageConsistent Leverage Growth indicates a company's ongoing increase in debt relative to equity, aiding investors in assessing financial risk"
"etnow","3580","Construction StocksConstruction Stocks"
"etnow","3581","Consumer Durables StocksConsumer Durables Stocks"
"etnow","8499","Contrarian StocksSpotlights stocks with negative one-year returns, appealing to contrarian investors looking for potential rebound opportunities. Screens stocks where 1-year returns are below -20%."
"etnow","530","Crude ConnectionList of companies directly impacted with the fluctuation in crude prices"
"etnow","532","Crushed By Crude Companies which have to take a hit with increasing crude prices"
"etnow","722","Dark Cover CloudThe Dark Cloud Cover is a bearish reversal pattern in an uptrend, with a long white candle followed by a black candle that opens above it and closes within it, indicating bears may be gaining control"
"etnow","217","Death Cross - SMA 50 and 200 Here, the 50 day moving average of price has crossed below the 200 day moving average from above. This crossover indicates a bearish signal and is called Death Cross"
"etnow","86","Debt Trap Stocks with increasing high debt and slow business operations"
"etnow","8665","Decrease in FII ShareholdingFII Shareholding Decline: Discover shifts in foreign investors' sentiment as they reduce stakes in certain stocks, offering valuable investment insights"
"etnow","8646","Decrease in MF ShareholdingDiscover the MF Shareholding Decline: Mutual funds reducing holdings in companies due to varied factors. Analyze and adapt to market changes"
"etnow","8643","Decreasing PledgeDecreasing Pledge signifies a company's gradual reduction in collateral for loans, showing financial improvement. Use this data to spot responsible financial management in companies. However, exercise caution and analyze more indicators before investing. Witness the journey of companies shedding financial obligations for stability"
"etnow","8651","Decreasing Quarterly LossesIdentify firms with improving financial performance through decreasing quarterly losses. Valuable for investors, consider other factors before investment decisions"
"etnow","3582","Defence Stocks Defence Stocks"
"etnow","8540","Defensive Dividend Champions This strategy targets stable income for investors, emphasizing low-volatility dividend stocks with a Dividend Yield above 2.5% and a 3-month Beta below 0.6"
"etnow","8572","Defensive Dividend Stocks with Low VolatilityHighlights dividend-paying stocks with both income and low market volatility, appealing to risk-averse income-oriented investors. Screens stocks with Dividend Yield above 3% and 3-month Beta under 0.7."
"etnow","8500","Defensive Dividend StocksFocuses on dividend-paying stocks with low market sensitivity, appealing to investors aiming for stable income and reduced risk. Selects stocks where Dividend Yield is over 3% and 3-month Beta is under 0.7."
"etnow","8494","Defensive StocksFocuses on stocks that tend to be less sensitive to market fluctuations, suitable for investors aiming to preserve capital with steady dividends. Selects stocks where 3-month Beta is below 0.5 and Dividend Yield is above 3."
"etnow","230","Distressed Operations Track stocks with consistent decline in key business ratios"
"etnow","3583","Diversified Stocks Diversified Stocks"
"etnow","77","Dividend ChampionsHigh Dividend yield stocks paying dividend on a consistent basis"
"etnow","8551","Dividend Stocks with High Piotroski F-ScoreHighlights dividend-paying stocks with strong financial health, appealing to income-focused investors seeking stability and quality. Selects stocks with Dividend Yield above 2.5% and Pitroski Score surpassing 7."
"etnow","8518","Dividend Stocks with Low DebtIdentifies dividend-paying stocks from financially sound companies, offering income potential without excessive debt risk. Screens stocks with Dividend Yield above 3% and Debt-to-Equity ratio below 0.4."
"etnow","8570","Dividend Stocks with Low Price-to-Book (P/B) RatioFocuses on dividend-paying stocks with attractive valuations relative to book value, catering to value and income-oriented investors. Screens stocks with Dividend Yield above 3% and Trailing Twelve Months (TTM) Price-to-Book ratio below 1.5."
"etnow","8590","Dividend Stocks with Positive Earnings Momentum and Low Beta Identifies dividend-paying stocks with strong earnings momentum and lower market volatility, appealing to income and risk-conscious investors. Screens stocks with Dividend Yield above 3%, EPS growth exceeding 15%, and 3-month Beta below 0.7."
"etnow","8584","Dividend Stocks with Positive Earnings MomentumFocuses on dividend-paying stocks with strong earnings growth momentum, appealing to investors seeking income and companies with growth potential. Identifies stocks with Dividend Yield above 3% and EPS growth surpassing 18%."
"etnow","8567","Dividend Stocks with Positive Earnings MomentumHighlights dividend-paying stocks with strong earnings growth momentum, catering to investors seeking income and companies with growth potential. Screens stocks with Dividend Yield above 3% and EPS growth exceeding 20%."
"etnow","8578","Dividend Stocks with Strong Earnings GrowthFocuses on dividend-paying stocks with strong earnings growth, appealing to investors seeking both income and growth potential. Identifies stocks with Dividend Yield above 3% and EPS growth surpassing 4%."
"etnow","8565","Dividend Stocks with Strong Earnings MomentumFocuses on dividend-paying stocks with high earnings growth momentum, appealing to investors seeking both income and growth potential. Identifies stocks with Dividend Yield above 2.5% and EPS growth surpassing 18%."
"etnow","8559","Dividend Stocks with Strong Growth Momentum Targets dividend-paying stocks with high growth potential and strong financial performance, appealing to both growth and income investors. Selects stocks with Dividend Yield above 2.5% and EPS growth exceeding 15%."
"etnow","8564","Dividend Stocks with Strong Price Performance Highlights dividend-paying stocks with strong recent price performance, catering to investors seeking income along with capital appreciation. Targets stocks with Dividend Yield above 3% and 1-year Returns exceeding 15%."
"etnow","8594","Dividend Stocks with Strong Price Performance and Positive Cash FlowFocuses on dividend-paying stocks with strong recent price performance and positive cash flow, catering to income and stability seekers. Screens stocks with Dividend Yield above 3%, 1-year Returns exceeding 10%, and positive Cash from Operations."
"etnow","8573","Dividend Stocks with Strong Price PerformanceFocuses on dividend-paying stocks with strong recent price performance, catering to investors seeking income along with capital appreciation. Targets stocks with Dividend Yield above 3% and 1-year Returns exceeding 15%."
"etnow","8557","Dividend Stocks with Strong Price PerformanceHighlights dividend-paying stocks with recent strong price performance, catering to investors seeking income along with capital appreciation. Filters stocks with Dividend Yield above 3% and 1-year Returns exceeding 10%."
"etnow","8585","Dividend Stocks with Strong Price PerformanceHighlights dividend-paying stocks with strong recent price performance, catering to investors seeking income along with capital appreciation. Targets stocks with Dividend Yield above 3% and 1-year Returns exceeding 10%."
"etnow","8558","Dividend Stocks with Strong Profit Margin Identifies dividend-paying stocks from companies with strong profit margins, appealing to income-oriented investors seeking financial strength. Screens stocks with Dividend Yield above 3% and Net Profit Margin surpassing 15%."
"etnow","8596","Dividend Stocks with Strong Profit Margin and Positive Earnings MomentumTargets dividend-paying stocks with strong profit margins and earnings momentum, appealing to income-oriented investors seeking stability and growth. Selects stocks with Dividend Yield above 3%, Net Profit Margin surpassing 18%, and EPS growth exceeding 15%."
"etnow","8577","Dividend Stocks with Strong Profit MarginHighlights dividend-paying stocks from companies with strong profit margins, catering to income-oriented investors seeking quality and stability. Targets stocks with Dividend Yield above 3% and Net Profit Margin exceeding 20%."
"etnow","8566","Dividend Stocks with Strong Profit MarginTargets dividend-paying stocks from companies with robust profit margins, appealing to income-oriented investors seeking quality and stability. Selects stocks with Dividend Yield above 3% and Net Profit Margin exceeding 20%."
"etnow","8548","Dividend Stocks with Strong ProfitabilityIdentifies dividend-paying stocks from highly profitable companies, catering to income-focused investors seeking stability and income. Selects stocks with Dividend Yield above 3% and Net Profit Margin surpassing 20%."
"etnow","8582","Dividend Stocks with Strong ProfitabilityTargets dividend-paying stocks from companies with strong profitability, appealing to income-oriented investors seeking quality and stability. Selects stocks with Dividend Yield above 3% and Net Profit Margin exceeding 20%."
"etnow","8515","Dividend StocksFocuses on dividend-paying stocks from markets, catering to investors seeking income from diverse sources. Screens stocks where Dividend Yield is above 2.5%."
"etnow","730","DojiThe Doji is a candle with an open and close at the same price, indicating indecision in the market and potentially a reversal"
"etnow","194","Double BonanzaRising sales with increasing margins"
"etnow","187","Double Whammy Falling sales with declining margins"
"etnow","371","Downward Momentum - Price & VolumeSudden increase in trading activity with negative weekly returns"
"etnow","83","Economic MoatCompanies having strong pricing power and a competitive edge over their peers"
"etnow","3584","Electric/Electronics Stocks Electric/Electronics Stocks"
"etnow","226","Electrifying India Top stocks to invest in the Indian Power sector"
"etnow","8553","Emerging Market Dividend OpportunitiesFocuses on dividend-paying stocks from emerging markets, catering to investors seeking income opportunities in rapidly growing economies. Selects stocks with Dividend Yield above 3%."
"etnow","8520","Emerging Market Growth StarsHighlights stocks from emerging markets with strong earnings growth potential, catering to investors seeking higher returns. Selects stocks where EPS growth is above 7%."
"etnow","112","Emerging Opportunities List of stocks which have the potential to deliver big returns in the long run"
"etnow","3585","Engineering Stocks Engineering Stocks"
"etnow","712","Evening Doji StarThe Evening Doji Star is a bearish reversal pattern in an uptrend, with a long white candle followed by a Doji, then a long black candle, suggesting bulls may be losing control."
"etnow","715","Evening StarThe Evening Star is a bearish reversal pattern in an uptrend, with a long white candle followed by a small-bodied candle and a long black candle, indicating bulls may be losing control."
"etnow","3590","FMCG StocksFMCG Stocks"
"etnow","192","FMCG TrackerCompanies to efficiently track and invest in the FMCG sector"
"etnow","1108","Fertiliser stocksCompanies manufacturing fertilizers which will eventually benefit from governments initiative towards agriculture push"
"etnow","3586","Fertilisers StocksFertilisers Stocks"
"etnow","3587","Financial Services StocksFinancial Services Stocks"
"etnow","739","Four Price DojiA Four Price Doji is a rare candlestick pattern where the open, high, low, and close prices are all the same. It indicates indecision in the market and can be a sign of a potential trend reversal"
"etnow","3591","Gas & Petroleum StocksGas & Petroleum Stocks"
"etnow","3592","Gems and Jewellery StocksGems and Jewellery Stocks"
"etnow","3593","Glass StocksGlass Stocks"
"etnow","8511","Global Value StocksHighlights attractively priced stocks with global exposure, appealing to investors seeking undervalued opportunities in various markets. Selects stocks where Trailing Twelve Months (TTM) Price-to-Earnings ratio is below 12."
"etnow","214","Golden Cross - SMA 50 and 200 Here, the 50 day moving average of price has crossed above the 200 day moving average from below. This crossover indicates a bullish signal and is called Golden Cross"
"etnow","513","Green Energy List of companies which tends to benefit from development of the renewable energy sector"
"etnow","188","Growth Bubble Disguised as attractive but actually overvalued stocks"
"etnow","106","Growth Pioneers Multicap portfolio comprising of mid and small caps that are likely to graduate into largecaps"
"etnow","8533","Growth Stocks with Low Debt Highlights growth-oriented stocks with prudent financial management, suitable for investors seeking growth with reduced debt risk. Selects stocks where EPS growth is over 3% and Debt-to-Equity ratio is below 0.3."
"etnow","8541","Growth Stocks with Low Debt and High ROE Highlights growth-oriented stocks with strong financials and profitability, appealing to investors seeking growth with quality. Filters stocks with EPS growth over 15%, Debt-to-Equity ratio below 0.3, and Return on Equity above 20%."
"etnow","8583","Growth Stocks with Low Debt and Strong ROEIdentifies growth-oriented stocks with strong financial health and return on equity, appealing to investors seeking growth with quality. Screens stocks with EPS growth exceeding 4%, Debt-to-Equity ratio below 0.4, and Return on Equity surpassing 15%."
"etnow","8601","Growth Stocks with Positive Cash Flow and Strong Price PerformanceFocuses on growth-oriented stocks with strong recent price performance and positive cash flow, appealing to investors seeking growth potential. Targets stocks with EPS growth exceeding 4%, positive Cash from Operations, and 1-year Returns above 10%."
"etnow","8556","Growth Stocks with Positive Cash FlowFocuses on growth-oriented stocks with healthy cash flow and earnings momentum, appealing to investors seeking growth potential. Selects stocks with positive Cash from Operations and EPS growth exceeding 5%."
"etnow","8586","Growth Stocks with Positive Earnings Momentum and Low P/ETargets growth-oriented stocks with strong earnings growth momentum and attractive valuations, appealing to growth and value seekers. Screens stocks with EPS growth exceeding 15% and Trailing Twelve Months (TTM) Price-to-Earnings ratio below 15."
"etnow","8552","Growth Stocks with Positive Earnings MomentumIdentifies growth-oriented stocks with strong earnings momentum, appealing to investors seeking companies showing substantial earnings growth. Screens stocks with EPS growth exceeding 20%."
"etnow","8592","Growth Stocks with Strong Cash Flow and Low Price-to-Book (P/B) RatioFocuses on growth-oriented stocks with strong cash flow and attractive valuations, catering to investors seeking growth at reasonable prices. Identifies stocks with EPS growth exceeding 3%, positive Cash from Operations, and TTM Price-to-Book ratio below 1.5."
"etnow","8529","Growth Stocks with Strong Financial Health Targets growth-oriented stocks with solid financials, appealing to investors seeking both growth and stability. Selects stocks with EPS growth over 5% and Current Ratio exceeding 2."
"etnow","8598","Growth Stocks with Strong Price Performance and Low DebtFocuses on growth-oriented stocks with strong recent price performance and lower debt levels, appealing to investors seeking growth and stability. Targets stocks with 1-year Returns above 10% and Debt-to-Equity ratio below 0.4."
"etnow","8593","Growth Stocks with Strong Price Performance and Positive Earnings GrowthHighlights growth-oriented stocks with strong recent price performance and positive earnings growth, appealing to investors seeking growth potential. Targets stocks with 1-year Returns above 10% and EPS growth surpassing 5%."
"etnow","8610","Growth Stocks with Strong Profit Margin and Positive Cash FlowFocuses on growth-oriented stocks with strong profit margins and positive cash flow, appealing to investors seeking growth and financial stability. Identifies stocks with EPS growth exceeding 4%, Net Profit Margin surpassing 20%, and positive Cash from Operations."
"etnow","8600","Growth Stocks with Strong Profit Margin and Positive Cash FlowIdentifies growth-oriented stocks with strong profit margins and positive cash flow, appealing to investors seeking growth and financial stability. Screens stocks with EPS growth exceeding 3%, Net Profit Margin surpassing 20%, and positive Cash from Operations."
"etnow","8604","Growth Stocks with Strong Profit Margin and Positive Price PerformanceFocuses on growth-oriented stocks with strong profit margins and recent price performance, catering to investors seeking growth potential. Identifies stocks with EPS growth exceeding 3%, Net Profit Margin surpassing 20%, and 1-year Returns above 5%."
"etnow","8612","Growth Stocks with Strong Profit Margin and Positive Price PerformanceIdentifies growth-oriented stocks with strong profit margins and recent price performance, catering to investors seeking growth potential. Screens stocks with EPS growth exceeding 14%, Net Profit Margin surpassing 20%, and 1-year Returns above 5%."
"etnow","8595","Growth Stocks with Strong Profitability and Positive Cash FlowIdentifies growth-oriented stocks with strong earnings growth and positive cash flow, appealing to investors seeking growth with financial stability. Filters stocks with EPS growth exceeding 4%, Net Profit Margin surpassing 20%, and positive Cash from Operations."
"etnow","8616","Growth Stocks with Strong Profitability and Positive Price PerformanceFocuses on growth-oriented stocks with strong earnings growth and recent price performance, appealing to investors seeking growth with stability. Identifies stocks with EPS growth exceeding 4%, Net Profit Margin surpassing 20%, and 1-year Returns above 5%."
"etnow","8607","Growth Stocks with Strong Profitability and Positive Price PerformanceHighlights growth-oriented stocks with strong earnings growth and recent price performance, appealing to investors seeking growth with stability."
"etnow","8563","Growth Stocks with Strong ProfitabilityIdentifies growth-oriented stocks with robust earnings growth and high profitability, appealing to investors seeking growth and financial strength. Screens stocks with EPS growth exceeding 4% and Net Profit Margin surpassing 20%."
"etnow","8576","Growth Stocks with Strong ProfitabilityIdentifies growth-oriented stocks with robust earnings growth and high profitability, appealing to investors seeking growth and financial strength. Screens stocks with EPS growth exceeding 4% and Net Profit Margin surpassing 20%."
"etnow","8618","Growth Stocks with Strong Return on Equity (ROE) and Positive Cash FlowFinds growth-focused stocks with robust ROE and cash flow, attractive to investors pursuing growth and financial stability, emphasizing EPS, ROE, and cash flow."
"etnow","8608","Growth Stocks with Strong Return on Equity (ROE) and Positive Cash FlowIdentifies growth-oriented stocks with strong return on equity and positive cash flow, appealing to investors seeking growth with financial health. Highlights stocks with EPS growth exceeding 4%, Return on Equity surpassing 18%, and positive Cash from Operations."
"etnow","8602","Growth Stocks with Strong Return on Equity (ROE) and Positive Cash FlowIdentifies growth-oriented stocks with strong return on equity and positive cash flow, appealing to investors seeking growth with financial health. Highlights stocks with EPS growth exceeding 5%, Return on Equity surpassing 18%, and positive Cash from Operations."
"etnow","8614","Growth Stocks with Strong Return on Equity (ROE) and Positive Cash FlowIdentifies growth-oriented stocks with strong return on equity and positive cash flow, appealing to investors seeking growth with financial strength. Highlights stocks with EPS growth exceeding 3%, Return on Equity surpassing 18%, and positive Cash from Operations."
"etnow","8619","Growth Stocks with Strong Return on Equity (ROE) and Positive Earnings GrowthFocuses on growth-oriented stocks with strong return on equity and positive earnings growth, catering to investors seeking growth potential. Targets stocks with EPS growth surpassing 3% and Return on Equity exceeding 18%."
"etnow","8611","Growth Stocks with Strong Return on Equity (ROE) and Positive Earnings GrowthHighlights growth-oriented stocks with strong return on equity and positive earnings growth, appealing to investors seeking growth with financial strength. Targets stocks with Return on Equity exceeding 18% and EPS growth surpassing 4%."
"etnow","7915","Growth StocksGrowth Stocks"
"etnow","8475","Growth StocksPinpoints stocks with robust Earnings Per Share (EPS) growth, highlighting companies potentially experiencing rapid expansion and future profitability. Selects stocks where EPS growth is greater than 4%."
"etnow","200","Growth at Reasonable PriceThis strategy aims to invest in a basket of growth stocks across market cap at reasonable prices"
"etnow","721","HammerThe Hammer is a bullish reversal pattern that appears on a chart in the context of a downtrend. It is a candle with a small body and a long lower shadow, suggesting that bears are losing control and bulls may take over"
"etnow","514","Handpicked PSU GemsList of top PSU stocks from all sectors"
"etnow","719","Hanging ManThe Hanging Man is a bearish reversal pattern that appears on a chart in the context of an uptrend. It is a candle with a small body, long lower shadow, and little or no upper shadow, suggesting that bulls may be losing control and bears may take over"
"etnow","654","High Beta StocksHigh beta stocks are stocks with a high volatility, meaning they are more likely to fluctuate in value. This makes them a more risky but potentially more profitable investment option"
"etnow","8481","High Beta StocksTargets stocks with higher volatility compared to the market, offering potential for amplified returns but also heightened risk. Filters stocks with 3-month Beta greater than 1.5."
"etnow","8663","High Current RatioExplore a financial world of strength: High Current Ratio identifies firms with robust liquidity, excelling in short-term obligation handling"
"etnow","8671","High DII ShareholdingHigh DII Shareholding signifies significant ownership by Domestic Institutional Investors (DIIs) in stocks, influencing market dynamics, indicating confidence, and revealing investment opportunities"
"etnow","3548","High Dividend Stocks High Dividend Stocks"
"etnow","7913","High Dividend Yield Stocks High Dividend Yield Stocks"
"etnow","8473","High Dividend Yield StocksIdentifies stocks with significant dividend payouts relative to their stock price, indicating potential income generation for investors. Screens for stocks where Dividend Yield is greater than 4%."
"etnow","8555","High Dividend Yield, Low Volatility StocksIdentifies dividend-paying stocks with attractive yields and reduced market sensitivity, appealing to income-oriented investors seeking stability. Screens stocks with Dividend Yield above 4% and 3-month Beta under 0.8."
"etnow","8672","High FII ShareholdingExplore a data page on High FII Shareholding, spotlighting stocks favored by foreign institutional investors, impacting liquidity, and market sentiment"
"etnow","8496","High Growth with Low Debt Targets high-growth stocks with strong financial health, appealing to investors seeking growth potential without excessive debt risk. Screens stocks where EPS growth is over 10% and Debt-to-Equity ratio is below 0.3."
"etnow","8633","High Leverage""High Leverage signifies a company's substantial debt compared to its equity or assets, showing reliance on borrowed funds for operations. Investors use this data for assessing a company's debt levels and financial stability, but thorough analysis and other factors are vital for investment decisions"
"etnow","8645","High MF ShareholdingHigh mutual fund shareholding indicates substantial investment by professional fund managers, reflecting confidence in a company's growth potential. Identify such companies here for informed investment decisions"
"etnow","102","High Margin of SafetyQuality stocks with high margin of safety"
"etnow","8524","High Momentum Value Stocks Targets value stocks with strong recent performance, appealing to investors seeking potentially undervalued opportunities with upward momentum. Selects stocks with Trailing Twelve Months (TTM) Price-to-Earnings ratio under 15 and 6-month returns above 15%."
"etnow","8503","High Net Margin StocksIdentifies stocks from companies with strong profitability as indicated by high net profit margins. Selects stocks where Net Profit Margin is above 15%."
"etnow","8674","High PEG RatioA high PEG Ratio data page focuses on stocks with elevated Price/Earnings to Growth ratios, suggesting potential overvaluation and risks."
"etnow","8676","High PEHigh PE pages spotlight stocks with elevated Price-to-Earnings ratios, signifying market optimism about future growth but requiring careful evaluation"
"etnow","8505","High Piotroski F-Score StocksFocuses on stocks with strong financial health and performance, as indicated by a high Piotroski F-Score. Screens stocks where Piotroski Score exceeds 8."
"etnow","8641","High Pledge""High Pledge signifies a company using a significant share or asset portion as loan collateral, suggesting financial challenges or capital needs. Investors, assess risk by identifying high pledge ratios, but consider other indicators. Companies pledge assets to realize ambitions amidst financial commitments"
"etnow","659","High Price to Book This screener helps you identify stocks having P/B ratio greater than"
"etnow","742","High Price to SalesStocks with price-to-sales ratio of more than"
"etnow","8670","High Promoter ShareholdingHigh Promoter Shareholding data highlights companies with significant ownership by key stakeholders, indicating control, stability, and alignment of interests"
"etnow","8484","High ROE (Return on Equity) StocksTargets stocks with strong profitability relative to shareholder equity, indicating well-managed companies capable of generating higher returns. Selects stocks where Return on Equity exceeds 20%."
"etnow","8491","High Relative Strength StocksHighlights stocks showing strong recent price performance, potentially indicating short-term overbought conditions. Selects stocks where Relative Strength Index (RSI) is currently above 70."
"etnow","656","High Volatility StocksStocks with high fluctuation on a daily basis and often considered to be risky but potentially more profitable investment option"
"etnow","8568","High-Quality Dividend Stocks with Low DebtIdentifies dividend-paying stocks with strong financials, appealing to income-oriented investors seeking stability and quality. Filters stocks with Dividend Yield above 3%, Return on Equity over 18%, and Debt-to-Equity ratio below 0.4."
"etnow","8587","High-Quality Dividend Stocks with Positive Cash Flow Identifies dividend-paying stocks with strong financials and positive cash flow, appealing to income-oriented investors seeking stability. Filters stocks with Dividend Yield above 3% and positive Cash from Operations."
"etnow","8574","High-Quality Dividend Stocks with Positive Cash FlowIdentifies dividend-paying stocks with strong financials and positive cash flow, appealing to income-oriented investors seeking stability. Filters stocks with Dividend Yield above 3% and positive Cash from Operations."
"etnow","8588","High-Quality Dividend Stocks with Positive Earnings Growth and Low Debt Targets dividend-paying stocks with strong earnings growth, financial health, and low debt, appealing to income and quality seekers. Selects stocks with Dividend Yield above 3%, EPS growth exceeding 3%, and Debt-to-Equity ratio below 0.5."
"etnow","8597","High-Quality Dividend Stocks with Positive Earnings Momentum and Low DebtIdentifies dividend-paying stocks with strong earnings momentum, financial health, and low debt, appealing to income and quality seekers. Screens stocks with Dividend Yield above 3%, EPS growth surpassing 15%, and Debt-to-Equity ratio below 0.4."
"etnow","8571","High-Quality Dividend Stocks with Positive Earnings MomentumIdentifies dividend-paying stocks with strong earnings growth momentum and financial health, appealing to income and growth investors. Targets stocks with Dividend Yield above 3% and EPS growth exceeding 15%."
"etnow","8606","High-Quality Dividend Stocks with Positive Profit Margin and Low Price-to-Earnings (P/E) RatioIdentifies dividend-paying stocks with strong profit margins and low P/E ratio, appealing to income-oriented investors seeking quality at a reasonable price. Screens stocks with Dividend Yield above 3%, Net Profit Margin surpassing 20%, and Trailing Twelve Months (TTM) P/E ratio below 15%."
"etnow","8617","High-Quality Dividend Stocks with Positive Profit Margin and Positive Earnings GrowthHighlights dividend-paying stocks with strong profit margins and positive earnings growth, appealing to income-oriented investors seeking stability and growth. Targets stocks with Dividend Yield above 3%, Net Profit Margin surpassing 20%, and EPS growth surpassing 4%."
"etnow","8581","High-Quality Dividend Stocks with Stable Price PerformanceHighlights dividend-paying stocks with stable recent price performance, catering to investors seeking income and stability. Filters stocks with Dividend Yield above 3% and 1-year Returns under 5%."
"etnow","8591","High-Quality Dividend Stocks with Strong Price Performance and Low DebtTargets dividend-paying stocks with strong price performance and low debt, catering to income-oriented investors seeking quality and stability. Highlights stocks with Dividend Yield above 3%, 1-year Returns surpassing 10%, and Debt-to-Equity ratio below 0.4."
"etnow","8605","High-Quality Dividend Stocks with Strong Profit Margin and Positive Earnings GrowthHighlights dividend-paying stocks with strong profit margins and earnings growth, appealing to income-oriented investors seeking stability and growth. Targets stocks with Dividend Yield above 3%, Net Profit Margin surpassing 20%, and EPS growth surpassing 4%."
"etnow","8609","High-Quality Dividend Stocks with Strong Profit Margin and Positive Earnings GrowthTargets dividend-paying stocks with strong profit margins and earnings growth, catering to income-oriented investors seeking stability and growth. Screens stocks with Dividend Yield above 3%, Net Profit Margin surpassing 20%, and EPS growth surpassing 4%."
"etnow","8615","High-Quality Dividend Stocks with Strong Profit Margin and Positive Earnings GrowthTargets dividend-paying stocks with strong profit margins and earnings growth, catering to income-oriented investors seeking stability and growth. Screens stocks with Dividend Yield above 3%, Net Profit Margin surpassing 20%, and EPS growth surpassing 4%."
"etnow","8603","High-Quality Dividend Stocks with Strong Profit Margin and Positive Earnings MomentumTargets dividend-paying stocks with strong profit margins and earnings momentum, appealing to income-oriented investors seeking stability and growth. Screens stocks with Dividend Yield above 3%, Net Profit Margin surpassing 20%, and EPS growth exceeding 15%."
"etnow","8613","High-Quality Dividend Stocks with Strong Profit Margin and Positive Price PerformanceFocuses on dividend-paying stocks with strong profit margins and positive price performance, catering to income and stability seekers. Targets stocks with Dividend Yield above 3%, Net Profit Margin surpassing 20%, and 1-year Returns above 5%."
"etnow","8589","High-Quality Dividend Stocks with Strong Profitability and Low P/E Identifies dividend-paying stocks with strong profitability, appealing to income-oriented investors seeking quality and value. Screens stocks with Dividend Yield above 3%, Net Profit Margin exceeding 20%, and Trailing Twelve Months (TTM) Price-to-Earnings ratio below 15."
"etnow","8599","High-Quality Dividend Stocks with Strong ROE and Positive Cash FlowHighlights dividend-paying stocks with strong return on equity, positive cash flow, and financial health, appealing to income and quality seekers. Identifies stocks with Dividend Yield above 3%, Return on Equity exceeding 18%, and positive Cash from Operations."
"etnow","8514","High-Quality Dividend StocksIdentifies dividend-paying stocks with strong financials and high profitability, appealing to investors seeking both income and stability. Selects stocks where Dividend Yield is over 3% and Return on Equity is above 20."
"etnow","8538","High-Quality Earnings Growth StocksTargets stocks with strong financial performance and growth potential, appealing to investors seeking quality and expansion. Screens stocks where Return on Equity is above 15% and EPS growth exceeds 4%."
"etnow","8545","High-Quality Mid-Cap Growth StocksTargets mid-cap stocks with both growth potential and strong financials, appealing to investors looking for quality growth. Selects stocks with Market Cap between $7,500 million and $50,000 million, and EPS growth exceeding 5%."
"etnow","8521","High-Quality Small-Cap Growth StocksFocuses on high-potential small-cap firms, boasting robust finances, attracting investors desiring growth and quality. Filters stocks below INR 7,500 Cr market cap, 5%+ EPS growth, and 15%+ RoE."
"etnow","8509","High-Quality Small-Cap StocksTargets well-performing, small-cap companies with strong financials, offering potential growth opportunities with a focus on quality. Filters stocks with Market Cap under $7,500 million and Return on Equity exceeding 15%."
"etnow","8495","High-Quality StocksHighlights stocks of companies with strong financial health and profitability metrics, suggesting lower risk and potential for solid returns. Filters stocks where Return on Assets is greater than 10 and Return on Equity exceeds 15."
"etnow","8502","High-Quality Value StocksHighlights value stocks with strong profitability, suitable for investors seeking both undervaluation and solid financials. Screens stocks where Return on Equity is above 20% and Trailing Twelve Months (TTM) Price-to-Earnings ratio is under 15."
"etnow","522","Hinduja GroupCompanies part of Hinduja group, with footprint across a range of sectors"
"etnow","3594","Holding Company StocksHolding Company Stocks"
"etnow","1106","Hospital & Allied servicesPotential beneficiaries of government's spending on healthcare initiatives"
"etnow","3596","Hospitals & Allied Services StocksHospitals & Allied Services Stocks"
"etnow","521","House of BajajCompanies part of the Bajaj group, with footprint across a range of sectors"
"etnow","3600","IT - Hardware Stocks IT - Hardware Stocks"
"etnow","3601","IT Enabled Services StocksIT Enabled Services Stocks"
"etnow","3633","IT Software Stocks IT Software Stocks"
"etnow","204","IT Tracker Companies to efficiently track and invest in the IT sector"
"etnow","8523","Income and Growth BlendIdentifies stocks that offer both dividends and growth potential, catering to investors seeking a mix of income and capital appreciation. Screens stocks with Dividend Yield above 2.5% and EPS growth over 4%."
"etnow","8668","Increase in DII ShareholdingDII Shareholding Surge: Discover stocks with increased domestic institutional investor ownership, a sign of confidence and potential market opportunities"
"etnow","8666","Increase in FII ShareholdingFII Shareholding Surge: Track stocks where foreign institutional investors (FIIs) boost ownership, signaling confidence. Investors use this data to spot potential growth opportunities"
"etnow","8647","Increase in MF ShareholdingDiscover companies with growing MF shareholding, indicating mutual funds' confidence in their potential. Use this data for investment insights"
"etnow","8664","Increase in Promoter ShareholdingPromoter Shareholding Boost: A data page highlighting companies where major stakeholders raise ownership stakes, signaling confidence in long-term growth"
"etnow","8627","Increasing Cash From OperationsDiscover Indian market stocks, Sensex and Nifty, displaying continuous growth in operational cash flow, suggesting strong financial performance and efficiency"
"etnow","8644","Increasing PledgeRising Pledge signifies a company gradually increasing assets pledged for loans, suggesting financial pressure or capital needs. Analyze pledge trends for risk, but evaluate other factors for investment decisions"
"etnow","8660","Increasing Quarterly Interest Costs Explore the Quarterly Interest Cost Surge data page, spotlighting companies grappling with escalating interest expenses, a crucial indicator of financial health"
"etnow","8637","Increasing Quarterly SalesIdentify Indian stock market gems: stocks, particularly Sensex and Nifty, with consistent quarterly sales growth, signaling expansion and demand. Ideal for long-term investors."
"etnow","8655","Increasing Trading Activity with Negative Weekly returns - Large CapDiscovering Momentum in Large-Cap Stocks Amidst Weekly Losses: Identifying High Trading Activity Despite Negative Returns - Valuable Insights for Investors."
"etnow","8653","Increasing Trading Activity with Negative Weekly returns - Micro CapAmidst weekly losses, micro-cap stocks exhibit increased trading, reflecting investor interest. Use this data for monitoring, but conduct thorough research before investing."
"etnow","8654","Increasing Trading Activity with Negative Weekly returns - Mid CapDiscover mid-cap stocks experiencing increased trading activity despite weekly losses, offering insight for engaged traders and investors seeking opportunities."
"etnow","8657","Increasing Trading Activity with Positive Weekly returns - Large CapDiscover the synergy of rising trading activity and weekly gains in Large Cap stocks, offering opportunities for informed investors. Explore now!"
"etnow","8656","Increasing Trading Activity with Positive Weekly returns - Micro CapExplore Micro-Cap Momentum: Rising Trade Volume, Weekly Gains. Valuable for Investors. Due diligence, market analysis essential before investment."
"etnow","8658","Increasing Trading Activity with Positive Weekly returns - Mid CapDiscover Mid-Cap Stocks: Rising Trading Activity & Weekly Profits. Identify investment potential but research thoroughly before diving into this exciting world."
"etnow","1101","India DefenceCompanies in the defence sector which are beneficiaries of governments capex on India's defence"
"etnow","3598","Industrial Consumables Stocks Industrial Consumables Stocks"
"etnow","3599","Industrial Equipment Stocks Industrial Equipment Stocks"
"etnow","1100","Infrastructure Boost List of stocks which tends to benefit on major infrastructure spending in the upcoming union budget"
"etnow","3595","Infrastructure StocksInfrastructure Stocks"
"etnow","529","Insuring IndiaTop players from the Insurance sector"
"etnow","8531","International Dividend Opportunities Focuses on dividend-paying stocks from international markets, catering to investors seeking income from diverse sources. Selects stocks where Dividend Yield is over 3%."
"etnow","90","International Education Basket List of stocks having the potential to generate long wealth to ensure your child's studies at one of the top universities in the world"
"etnow","8544","International Growth Dividend StocksFocuses on dividend-paying stocks from international markets with growth potential, catering to investors seeking income and expansion. Filters stocks with Dividend Yield above 2.5%."
"etnow","8506","International Growth StocksIdentifies stocks from international companies with strong growth potential, appealing to investors looking beyond domestic markets. Selects stocks where EPS growth is above 15%."
"etnow","82","International Vacation BasketFulfill your travel goals with these cash flow generating stocks with a positive dividend history"
"etnow","3597","InvIT Stocks InvIT Stocks"
"etnow","735","Inverted HammerThe Inverted Hammer is a bullish reversal pattern in a downtrend, with a small body and a long upper shadow, indicating bears may be losing control"
"etnow","3602","Irrigation & Allied Services StocksIrrigation & Allied Services Stocks"
"etnow","1104","Irrigation Stocks Companies manufacturing irrigation pumps & micro irrigation systems which will eventually benefit from governments initiative towards agriculture push"
"etnow","8477","Large-Cap Stocks Focuses on stocks of well-established, financially stable companies with a large market capitalization, often considered more stable investments. Screens stocks where Market Capitalization is greater than INR 50,000 Croroes"
"etnow","81","Leaders of TomorrowCompanies that have the potential to be industry leaders in large sectors and markets"
"etnow","3603","Learning & Education StocksLearning & Education Stocks"
"etnow","3604","Leather StocksLeather Stocks"
"etnow","3605","Logistics StocksLogistics Stocks"
"etnow","733","Long Black CandleA Long Black Candle is a bearish candle with a long black body, indicating strong selling pressure and a potential downtrend"
"etnow","104","Long Term - ValueLong Term Value Investing Oriented Multicap Portfolio Recommendations"
"etnow","723","Long White Candle A Long White Candle is a bullish candle with a long white body, indicating strong buying pressure and a potential uptrend"
"etnow","8525","Long-Term Growth and Stability Targets stocks with sustainable growth potential and solid financial health, appealing to investors seeking steady long-term returns. Screens stocks with EPS growth exceeding 5% and Debt-to-Equity ratio under 0.5."
"etnow","8504","Low Beta Dividend StocksTargets dividend stocks with low market volatility, appealing to income-oriented investors who seek steadier performance. Filters stocks where Dividend Yield is over 3% and 3-month Beta is under 0.6."
"etnow","653","Low Beta Stocks Low beta stocks are stocks with a low volatility, meaning they are less likely to fluctuate in value. This makes them a less risky investment option"
"etnow","8554","Low Beta Stocks with Strong Financials Highlights low volatility stocks with robust financial health, catering to investors seeking both stability and quality. Targets stocks with 3-month Beta under 0.6 and Current Ratio exceeding 2."
"etnow","8532","Low Beta, High-Quality Stocks Targets stocks with both stability (low Beta) and strong financial performance, appealing to investors looking for quality and reduced risk. Screens stocks where 3-month Beta is under 0.7 and Return on Equity exceeds 15%."
"etnow","8661","Low Current Ratio A low Current Ratio data page focuses on stocks with a ratio below the industry average, indicating possible liquidity challenges. Investors use it to assess risk and find investment opportunities."
"etnow","8522","Low Debt, High Growth Stocks Focuses on stocks that combine growth potential with prudent debt management, appealing to investors seeking balanced opportunities. Filters stocks with Debt-to-Equity ratio under 0.5 and EPS growth exceeding 5%."
"etnow","8635","Low LeverageLow leverage signifies a company's reliance on minimal debt in comparison to equity or assets, suggesting lower financial risk. Investors benefit from identifying such companies for stability, especially during economic downturns. Prioritize financial prudence and resilience when considering investments."
"etnow","7914","Low P/E Ratio Stocks Low P/E Ratio Stocks"
"etnow","8474","Low P/E Ratio Stocks Spotlights stocks with lower Price-to-Earnings ratios, suggesting potentially undervalued companies or those with steady earnings. Filters stocks where Trailing Twelve Months (TTM) Price-to-Earnings ratio is less than 15."
"etnow","8673","Low PEG RatioExplore a data page highlighting stocks with a favorable Price/Earnings to Growth (PEG) ratio, indicating potential undervaluation and attractive investment opportunities"
"etnow","740","Low Price to Book This screener helps you identify stocks having P/B ratio less than"
"etnow","741","Low Price to SalesStocks with price-to-sales ratio of less than"
"etnow","8549","Low Price-to-Book (P/B) Dividend StocksFocuses on dividend stocks with attractive valuations relative to their book value, catering to income-oriented value investors. Screens stocks with Trailing Twelve Months (TTM) Price-to-Book ratio below 1.5 and Dividend Yield above 2."
"etnow","8507","Low Price-to-Book (P/B) Growth StocksIdentifies growth-oriented stocks with attractive valuations relative to their book value, appealing to investors seeking growth potential at reasonable prices. Screens stocks where Trailing Twelve Months (TTM) Price-to-Book ratio is below 2 and EPS growth exceeds 15%."
"etnow","8562","Low Price-to-Book (P/B) Stocks with High Earnings GrowthIdentifies value-oriented stocks with attractive valuations and high earnings growth potential, appealing to investors seeking undervalued growth. Screens stocks with Trailing Twelve Months (TTM) Price-to-Book ratio below 1.5 and EPS growth exceeding 12%."
"etnow","8542","Low Price-to-Earnings (P/E) Dividend Gems Targets dividend stocks with attractive valuations, appealing to investors seeking income opportunities at reasonable prices. Selects stocks with Trailing Twelve Months (TTM) Price-to-Earnings ratio below 12 and Dividend Yield exceeding 3%."
"etnow","8516","Low Price-to-Earnings (P/E) Turnaround StocksTargets stocks with potential for turnaround and growth, emphasizing low valuations and positive earnings trends. Filters stocks where Trailing Twelve Months (TTM) Price-to-Earnings ratio is below 10 and EPS growth exceeds 5."
"etnow","8528","Low Price-to-Earnings-to-Growth (PEG) Dividend StocksHighlights dividend stocks with favorable valuations relative to growth potential, catering to income-focused investors. Screens stocks with Trailing Twelve Months (TTM) Price-to-Earnings ratio under 20, PEG Ratio below 1.2, and Dividend Yield above 2."
"etnow","8490","Low Price-to-Earnings-to-Growth (PEG) StocksIdentifies stocks that offer attractive valuations relative to their earnings growth potential, suitable for investors seeking both value and growth. Screens stocks where Trailing Twelve Months (TTM) Price-to-Earnings ratio is under 20 and PEG Ratio is less than 1."
"etnow","8535","Low Volatility Defensive Stocks Targets stocks with both reduced market volatility and dividend income, appealing to risk-averse investors. Screens stocks where 3-month Beta is under 0.6 and Dividend Yield is over 2."
"etnow","8497","Low Volatility Dividend StocksHighlights dividend-paying stocks with stable price movements, suitable for income-oriented investors who value reduced risk. Selects stocks where Dividend Yield is above 2.5% and 3-month Beta is under 0.8."
"etnow","8513","Low Volatility Growth Stocks Targets growth-oriented stocks with reduced market volatility, catering to investors who seek growth potential with less risk. Screens stocks where 3-month Beta is under 1 and EPS growth exceeds 3."
"etnow","8508","Low Volatility Momentum Stocks Highlights stocks with upward momentum and reduced market sensitivity, potentially providing growth opportunities with lower risk. Selects stocks where 3-month Beta is under 1 and 6-month returns are above 15%."
"etnow","8483","Low Volatility StocksIdentifies stocks with relatively stable price movements, appealing to risk-averse investors looking for steadier investment options. Screens stocks where Average True Range (ATR) is below 2."
"etnow","655","Low Volatility StocksStocks with low fluctuation on a daily basis and often considered to be a more stable and reliable investment option."
"etnow","85","Magic FormulaStocks fulfilling the principles of value investing laid down by Joel Greenblatt."
"etnow","144","Margin Kings Companies with high margins and impressive bottom line"
"etnow","8512","Market Leaders with Strong Fundamentals Focuses on well-established stocks with robust financial performance, targeting companies with large market capitalizations. Filters stocks with Market Cap exceeding INR 50,000 Crores, Return on Equity over 15%, and EPS growth above 3."
"etnow","3606","Media & Entertainment StocksMedia & Entertainment Stocks"
"etnow","3607","Metals - Ferrous StocksMetals - Ferrous Stocks"
"etnow","3608","Metals - Non Ferrous StocksMetals - Non Ferrous Stocks"
"etnow","109","Mid Cap Growth Stocks Quality midcap stocks with impressive growth trajectory"
"etnow","3609","Mining StocksMining Stocks"
"etnow","3610","Miscellaneous Stocks Miscellaneous Stocks"
"etnow","8662","Moderate Current RatioExplore a data page highlighting stocks or firms with a moderate current ratio, signaling a balanced liquidity position compared to peers"
"etnow","8634","Moderate LeverageDiscover companies with moderate leverage, maintaining a balanced debt-to-equity ratio. Valuable for prudent investors seeking balanced risk-reward profiles"
"etnow","8675","Moderate PEExplore data on stocks with moderate Price-to-Earnings (PE) ratios, signifying balanced valuations, where price aligns reasonably with earnings, enticing investors"
"etnow","8642","Moderate PledgeThe Moderate Pledge signifies a company using a reasonable portion of assets or shares as loan collateral, suggesting financial commitment. Assess wisely."
"etnow","8479","Momentum Stocks Highlights stocks with recent strong price performance, indicating upward price trends that may attract short-term traders and momentum-based investors. Screens for stocks with 1-month returns exceeding 10%."
"etnow","515","Monopoly Business Stocks which have virtually no competition and holds a monopoly"
"etnow","644","Monthly GainersList of stocks which have gained more than 15% in a month's time"
"etnow","645","Monthly LosersList of stocks which lost more than 15% of their market value in a months time"
"etnow","709","Morning Doji StarThe Morning Doji Star is a bullish reversal pattern that appears in a downtrend. It suggests that bears are losing control and bulls may take over."
"etnow","716","Morning StarThe Morning Star is a bullish reversal pattern in a downtrend, with a long black candle followed by a small-bodied candle and a long white candle, indicating bears may be losing control."
"etnow","75","Must Have Bluechips Largecap quality stocks with decent growth and valuations"
"etnow","3611","NBFC Stocks NBFC Stocks"
"etnow","111","Nanocap ChampsNanocap companies with market value under 500 crores having potential to grow their earnings and market share"
"etnow","119","Negative Turnaround Companies that took a solid U-turn after strong phase of earnings"
"etnow","94","Nifty Probables List of companies which have potential to enter into Nifty50 Index in the next 5-10 years"
"etnow","8650","Nifty50 Daily OutperformersDiscover Nifty50 Daily Outperformers, showcasing stocks that consistently outshine the Nifty50 index with higher daily price movements, aiding investment analysis"
"etnow","8649","Nifty50 Daily UnderperformersNifty50 Daily Underperformers are stocks within the Nifty50 index displaying weaker daily performance compared to the overall benchmark, aiding investors in spotting potential opportunities amidst market fluctuations."
"etnow","8636","No Leverage""No Leverage"" signifies a company with minimal or no debt relative to its equity/assets, operating without reliance on borrowed funds. Useful for investors valuing low-risk financial structures, no leverage firms may offer stronger financial positions, reduced interest costs, and flexibility. However, consider additional financial indicators before investing. Enter a world where financial freedom reigns, companies prosper sans debt, and explore the beauty of financial autonomy."
"etnow","717","One Candle Shooting StarThe One Candle Shooting Star is a bearish reversal pattern that appears on a chart in the context of an uptrend. It is a tall candle with a small body and a long upper shadow, suggesting that bulls may be losing control and bears may take over."
"etnow","309","Overbought - RSI above 75Stocks having RSI above 75 and considered overbought. Indication of a bearish signal"
"etnow","362","Oversold - RSI below 30 Stocks having RSI below 30 and considered oversold. Indication of a bullish signal"
"etnow","190","Overvalued & Ready to FallStocks with high valuation multiples and weak earnings growth"
"etnow","3612","Packaging Stocks Packaging Stocks"
"etnow","3613","Paper Stocks Paper Stocks"
"etnow","105","Pay Less - Get MoreHarness the power of AI to buy good companies that are temporarily undervalued"
"etnow","1107","Pesticides & Agro ChemicalsCompanies that help in improving agricultural productivity and potential beneficiaries of capex by the government in Agro sector"
"etnow","3614","Pesticides/Agro Chemicals Stocks Pesticides/Agro Chemicals Stocks"
"etnow","3615","Petrochemicals Stocks Petrochemicals Stocks"
"etnow","205","Pharma TrackerCompanies to efficiently track and invest in the pharma sector"
"etnow","3616","Pharmaceuticals StocksPharmaceuticals Stocks"
"etnow","177","Pitroski F-scoreFundamentally sound stocks based on criteria provided by ""Josef Pitroski"""
"etnow","3617","Plastics StocksPlastics Stocks"
"etnow","195","Potential Multibaggers List of stocks which have all the necessary ingredients to become the next Multibaggers"
"etnow","3618","Power StocksPower Stocks"
"etnow","525","Powerhouse of OP JindalList of companies part of the OP Jindal group"
"etnow","412","Previous Day Breakout - Down Stocks which have closed below their previous day's low price"
"etnow","411","Previous Day Breakout - Up List of stocks which have closed above their previous day's high price"
"etnow","417","Previous Month Breakout - Down Stocks which have closed below their previous month's low price"
"etnow","413","Previous Month Breakout - UpList of stocks which have closed above their previous month's high price"
"etnow","428","Price Near 52W High ZoneStocks where price has reached very close to its 52 week high price which indicates a possible price breakout"
"etnow","430","Price Near 52W Low Zone Stocks where price has reached very near to its 52 week low price and indicates a possible breakdown"
"etnow","8626","Price above Book ValueDiscover Indian stocks on Sensex and Nifty trading above book value, showcasing investor trust and market recognition for potential growth."
"etnow","8625","Price below Book Value Discover undervalued Indian stocks, including Sensex and Nifty components, trading below their book value, offering potential value opportunities for investors"
"etnow","114","Profit Spinners Companies that disproportionately generate profit with rising sales"
"etnow","531","Protecting our CropsTop players from the Agro industry protecting our crops from decay"
"etnow","8550","Quality Growth Stocks with Low DebtTargets growth-oriented stocks with strong financials and manageable debt, appealing to investors seeking growth with stability. Filters stocks with EPS growth exceeding 4% and Debt-to-Equity ratio below 0.4."
"etnow","8543","Quality Growth Stocks with Low Volatility Identifies growth-oriented stocks with strong financials and reduced market volatility, appealing to both growth and stability seekers. Screens stocks with EPS growth over 5% and 3-month Beta below 0.7."
"etnow","8561","Quality Growth Stocks with Low VolatilityHighlights growth-oriented stocks with strong financials and reduced market volatility, appealing to both growth and stability seekers. Targets stocks with EPS growth exceeding 4% and 3-month Beta under 0.8."
"etnow","228","Quality Low Beta stocks High quality, low on volatility with high passive returns"
"etnow","199","Quality Stocks at DiscountStocks with strong fundamentals & lower valuations"
"etnow","648","Quarterly GainersList of stocks which have gained more than 30% in last 3 months"
"etnow","649","Quarterly LosersList of stocks which lost more than 20% of their market value in last 3 months"
"etnow","8640","Quarterly Net Profit Growth YoYExplore Indian stocks on Sensex and Nifty with consistent YoY quarterly net profit growth, indicating strong financial performance and potential investments."
"etnow","789","RSI Crossover - Overbought ZoneStocks where the Relative Strength Index (RSI) has just crossed above 75 and entered into the overbought zone"
"etnow","790","RSI Crossover - Oversold Zone Stocks where the Relative Strength Index (RSI) has just crossed below 25 and entered into the oversold zone"
"etnow","113","Rapid Business CycleCompanies with low inventory days and high asset turnover"
"etnow","231","Ready to Take Off List of stocks poised to break all barriers"
"etnow","3620","Real Estate StocksReal Estate Stocks"
"etnow","1112","Renewable EnergyList of stocks working towards renewable energy generation which are potential beneficiaries of governments commitment towards a green & carbon free India"
"etnow","3621","Retail StocksRetail Stocks"
"etnow","3619","Rubber Stocks Rubber Stocks"
"etnow","107","Safe Growth CompaniesStability of largecaps combined with growth potential of midcaps"
"etnow","186","Safe Haven Low beta undervalued stocks to help protect against market volatility"
"etnow","3622","Services StocksServices Stocks"
"etnow","3623","Shipping StocksShipping Stocks"
"etnow","227","Sin Goods List of best stocks from the Tobacco & Alcoholic Beverages sector"
"etnow","8547","Small-Cap Dividend StarsHighlights dividend-paying stocks with small market capitalizations, appealing to investors seeking both income and growth potential. Targets stocks with Market Cap under INR 7,500 Crores and Dividend Yield exceeding 3%."
"etnow","8560","Small-Cap Dividend Stocks with Low Debt Focuses on small-cap dividend stocks with both income and financial stability, catering to investors seeking growth and income potential. Screens stocks with Market Cap under $7,500 million, Dividend Yield above 3%, and Debt-to-Equity ratio below 0.4."
"etnow","8501","Small-Cap Growth StocksTargets smaller companies with high growth potential, appealing to investors seeking opportunities for significant appreciation. Filters stocks with Market Cap under INR 7,500 Crores and EPS growth exceeding 15%."
"etnow","8536","Small-Cap Value Stocks with Growth Potential Focuses on small-cap value stocks with potential for growth, catering to investors seeking both value and appreciation. Selects stocks with Market Cap under INR 7,500 Crores, Trailing Twelve Months (TTM) Price-to-Earnings ratio below 12, and EPS growth exceeding 4%."
"etnow","8478","Small-Cap Value StocksIdentifies lesser-known, undervalued companies with small market capitalizations, potentially offering opportunities for growth at reasonable prices. Filters stocks with Market Cap under INR 7,500 Crores and Trailing Twelve Months (TTM) Price-to-Earnings ratio under 20."
"etnow","108","SmallCap StarsBest small cap stocks with promising growth"
"etnow","76","Stable Compounders Companies that never looked back once they start growing"
"etnow","8482","Stable Dividend StocksIdentifies stocks from stable companies that offer consistent dividend income, appealing to investors seeking regular cash flow. Screens stocks where Dividend Yield is above 3%."
"etnow","117","Stellar Earnings Growth List of stocks which have grown immensly on a QoQ basis"
"etnow","646","Stocks Near 52W HighList of stocks which have reached very close to their 52 week High prices"
"etnow","647","Stocks Near 52W LowList of stocks which have reached very close to their 52 week Low prices"
"etnow","658","Stocks with High PEThis screener helps you identify stocks having PE ratio greater than"
"etnow","657","Stocks with Low PEThis screener helps you identify undervalued stocks on the basis of price-to-earnings ratio"
"etnow","118","Straight Flush Quality stocks showing consistent earnings growth"
"etnow","8527","Strong Earnings QualityFocuses on stocks with robust financial health and performance, targeting companies with reduced bankruptcy risk. Filters stocks with Z-score above 3 and Pitroski Score surpassing 6."
"etnow","3624","Sugar StocksSugar Stocks"
"etnow","528","Summer KingsCompanies from the consumer durables sector with seasonal business cycles"
"etnow","527","TVS GroupRide along the growth journey of the reputed TVS group of companies"
"etnow","3625","Tea / Coffee StocksTea / Coffee Stocks"
"etnow","3626","Telecommunications StocksTelecommunications Stocks"
"etnow","3565","Textile Penny Stocks Textile Penny Stocks"
"etnow","520","The Adani Universe Invest in these companies and become a part of the Adani Group’s growth journey"
"etnow","519","The Ambani Group Invest in these companies to become a part of the legendary Ambani group"
"etnow","524","The Mahindra Group List of companies part of the Mahindra Group"
"etnow","89","The Naked Trader Low-debt companies showing healthy growth. Criteria set by top trader Robbie Burns"
"etnow","518","The Tata Empire Companies part of TATA group, a global enterprise with stellar reputation & legacy of 150+ years"
"etnow","183","The Trillionare Club List of curated stocks having reached the INR 1 trillion mark and still going"
"etnow","526","The Vedanta GroupList of companies constituting the well known Vedanta group"
"etnow","184","Timeless Classics Established companies that have stood the test of time"
"etnow","196","To The Moon List of stocks where the growth is such, that reaching to the moon might be a reality"
"etnow","612","Today's LosersList of stocks which have decreased more than 2% in a single day"
"etnow","185","Too Big to Fail Collapse of these stocks will lead to a turmoil in the banking system and economy of India."
"etnow","511","Top Consumer Favorites Top brands loved by consumers at large"
"etnow","606","Top Gainers List of stocks which have gained more than 2% in a single day"
"etnow","99","Top Value PicksSet of top value picks available at decent valuation and an effecient management"
"etnow","3630","Tourism & Hospitality Stocks Tourism & Hospitality Stocks"
"etnow","1105","Transporting IndiaLogistics companies which are potential beneficiaries of government's commitment towards creating a better supply chain in India"
"etnow","115","Turnaround Champs Stocks which have shown promising results after prolonged time of losses"
"etnow","8526","Turnaround Opportunities Identifies stocks that may be poised for a rebound, combining strong earnings growth with recent price weakness. Selects stocks with EPS growth over 20% and negative 1-year returns."
"etnow","229","Turtle StocksSafe, low volatility stocks available at attractive prices"
"etnow","198","Undervalued Bluechips Bluest of bluechips available at discounted prices"
"etnow","8476","Undervalued Stocks Identifies stocks that may be trading below their intrinsic value, potentially presenting investment opportunities for value-conscious investors. Filters stocks where Trailing Twelve Months (TTM) Price-to-Book ratio is less than 1."
"etnow","367","Upward Momentum - Price & Volume Sudden increase in trading activity with high weekly returns"
"etnow","103","Value BargainCompanies whose stocks are available at throwaway prices"
"etnow","8539","Value Stocks with High Dividend Growth Identifies value stocks with strong dividend growth potential, appealing to investors seeking both value and increasing income. Selects stocks with Trailing Twelve Months (TTM) Price-to-Earnings ratio under 15 and (Dividend paid - Dividend paid 4 years ago) / Dividend paid 4 years ago exceeding 8."
"etnow","8530","Value Stocks with High-Quality Metrics Highlights undervalued stocks that also exhibit strong profitability, appealing to investors seeking both value and financial strength. Screens stocks with Trailing Twelve Months (TTM) Price-to-Earnings ratio below 15 and Return on Equity exceeding 20%."
"etnow","8493","Value Stocks with Low DebtTargets undervalued stocks from financially healthy companies with manageable debt levels, appealing to investors seeking a balance between value and stability. Screens stocks where Trailing Twelve Months (TTM) Price-to-Earnings ratio is under 15 and Debt-to-Equity ratio is less than 0.5."
"etnow","8575","Value Stocks with Strong Dividend GrowthTargets value-oriented stocks with attractive valuations and strong dividend growth potential, appealing to income and value investors. Screens stocks with Trailing Twelve Months (TTM) Price-to-Earnings ratio below 15 and (Dividend paid - Dividend paid 4 years ago) / Dividend paid 4 years ago exceeding 8."
"etnow","8546","Value Stocks with Strong Earnings MomentumHighlights value stocks with strong earnings trends, suitable for investors seeking undervalued opportunities with positive earnings momentum. Screens stocks with Trailing Twelve Months (TTM) Price-to-Earnings ratio below 15 and TTM EPS below 15."
"etnow","189","Value TrapBeware of these sub-standard undervalued stocks"
"etnow","8485","Value-Growth Blend StocksFocuses on stocks that offer both attractive valuations and substantial growth potential, catering to investors seeking a balanced approach. Filters stocks where Trailing Twelve Months (TTM) Price-to-Earnings ratio is under 20 and EPS growth is over 10%."
"etnow","8677","Very High PEVery High PE focuses on stocks with exceptionally high Price-to-Earnings ratios, indicating possible overvaluation. Explore this world of ambitious valuations"
"etnow","8669","Very High Promoter ShareholdingExplore a data page featuring stocks with significant promoter ownership, indicating strong control, stability, and alignment of interests for investors"
"etnow","173","Warren Buffet ScreenerStock based on ace investor ""Warren buffet's"" investing principals"
"etnow","614","Weekly GainersList of stocks which have gained more than 10% in a week's time"
"etnow","643","Weekly Losers List of stocks which have fallen more than 10% in last 7 days"
"etnow","720","White Marubozu The White Marubozu is a bullish candle with a long white body and no shadows, indicating strong buying pressure and a potential uptrend"
"etnow","714","White Spinning TopA White Spinning Top is a candle with a small body and long upper and lower shadows, indicating indecision in the market. It may suggest a potential reversal in an uptrend."
"etnow","79","Zero Debt Quality stocks with virtually zero debt"
