screener_name,source,category,subcategory,signal_bias,investment_horizon,confidence,base_wt,sub_mod,bias_score,horiz_mult,score_0_100,tier
"High-Quality Dividend Stocks with Strong Profit Margin and Positive Earnings MomentumTargets dividend-paying stocks with strong profit margins and earnings momentum, appealing to income-oriented investors seeking stability and growth. Screens stocks with Dividend Yield above 3%, Net Profit Margin surpassing 20%, and EPS growth exceeding 15%.",etnow,composite_strategy,multi_factor_strategy,bullish,long_term,0.8200000000000001,0.1287128712871287,1.2,1,1.1,100,S — Elite
High Trendlyne Checklist Score Stocks,trendlyne,composite_strategy,multi_factor_strategy,bullish,long_term,0.8200000000000001,0.1287128712871287,1.2,1,1.1,100,S — Elite
"High-Quality Small-Cap StocksTargets well-performing, small-cap companies with strong financials, offering potential growth opportunities with a focus on quality. Filters stocks with Market Cap under $7,500 million and Return on Equity exceeding 15%.",etnow,composite_strategy,multi_factor_strategy,bullish,long_term,0.8200000000000001,0.1287128712871287,1.2,1,1.1,100,S — Elite
"Consistently High Dividend Payout RatioConsistently High Dividend Payout Ratio refers to companies that consistently distribute a significant portion of their earnings as dividends to shareholders. A high dividend payout ratio indicates that a substantial proportion of the company's profits is being returned to investors in the form of dividends, potentially making it an attractive choice for income-seeking investors. Utilize this data page to identify companies that have a consistent track record of maintaining a high dividend payout ratio. This information can be valuable for investors seeking stable and reliable income from their investments. However, it is important to consider other factors such as the company's financial stability, growth prospects, and dividend sustainability before making investment decisions. Enter the realm of consistent returns, where companies shower their investors with a generous share of profits. Behold the captivating world of consistently high dividend payout ratios, where companies demonstrate their commitment to rewarding shareholders and creating long-term value.",etnow,composite_strategy,multi_factor_strategy,bullish,long_term,0.8200000000000001,0.1287128712871287,1.2,1,1.1,100,S — Elite
"Coffecan basket The ""Buy & Forget"" approach of investing. Suitable for long term",etnow,composite_strategy,multi_factor_strategy,bullish,long_term,0.8200000000000001,0.1287128712871287,1.2,1,1.1,100,S — Elite
"High-Quality Dividend Stocks with Stable Price PerformanceHighlights dividend-paying stocks with stable recent price performance, catering to investors seeking income and stability. Filters stocks with Dividend Yield above 3% and 1-year Returns under 5%.",etnow,composite_strategy,multi_factor_strategy,bullish,long_term,0.8200000000000001,0.1287128712871287,1.2,1,1.1,100,S — Elite
"High-Quality Mid-Cap Growth StocksTargets mid-cap stocks with both growth potential and strong financials, appealing to investors looking for quality growth. Selects stocks with Market Cap between $7,500 million and $50,000 million, and EPS growth exceeding 5%.",etnow,composite_strategy,multi_factor_strategy,bullish,long_term,0.8200000000000001,0.1287128712871287,1.2,1,1.1,100,S — Elite
The Bull Cartel,trendlyne,composite_strategy,multi_factor_strategy,bullish,long_term,0.74,0.1287128712871287,1.2,1,1.1,90.24,S — Elite
Capital CompoundersThis screener has the potential to provide you high compounded returns in the long run,etnow,composite_strategy,multi_factor_strategy,bullish,long_term,0.74,0.1287128712871287,1.2,1,1.1,90.24,S — Elite
Consistent high performing stocks over Five Years,trendlyne,composite_strategy,multi_factor_strategy,bullish,long_term,0.74,0.1287128712871287,1.2,1,1.1,90.24,S — Elite
Good Technical Strong with high growth,trendlyne,composite_strategy,multi_factor_strategy,bullish,long_term,0.74,0.1287128712871287,1.2,1,1.1,90.24,S — Elite
"Consistently Increasing LeverageConsistent Leverage Growth indicates a company's ongoing increase in debt relative to equity, aiding investors in assessing financial risk",etnow,composite_strategy,multi_factor_strategy,bearish,long_term,0.74,0.1287128712871287,1.2,0.9,1.1,90.24,S — Elite
"Increasing Cash From OperationsDiscover Indian market stocks, Sensex and Nifty, displaying continuous growth in operational cash flow, suggesting strong financial performance and efficiency",etnow,composite_strategy,multi_factor_strategy,bullish,long_term,0.74,0.1287128712871287,1.2,1,1.1,90.24,S — Elite
Double BonanzaRising sales with increasing margins,etnow,composite_strategy,multi_factor_strategy,bullish,long_term,0.74,0.1287128712871287,1.2,1,1.1,90.24,S — Elite
All Stars: High Scorers Across Metrics,trendlyne,composite_strategy,multi_factor_strategy,bullish,long_term,0.74,0.1287128712871287,1.2,1,1.1,90.24,S — Elite
"Dividend Stocks with High Piotroski F-ScoreHighlights dividend-paying stocks with strong financial health, appealing to income-focused investors seeking stability and quality. Selects stocks with Dividend Yield above 2.5% and Pitroski Score surpassing 7.",etnow,fundamental_quality,balance_sheet_quality,bullish,long_term,0.9,0.1188118811881188,1.05,1,1.1,88.65,S — Elite
"Growth Stocks with Strong Return on Equity (ROE) and Positive Cash FlowFinds growth-focused stocks with robust ROE and cash flow, attractive to investors pursuing growth and financial stability, emphasizing EPS, ROE, and cash flow.",etnow,fundamental_quality,capital_efficiency,bullish,long_term,0.8200000000000001,0.1188118811881188,1.1,1,1.1,84.62,S — Elite
"High ROE (Return on Equity) StocksTargets stocks with strong profitability relative to shareholder equity, indicating well-managed companies capable of generating higher returns. Selects stocks where Return on Equity exceeds 20%.",etnow,fundamental_quality,capital_efficiency,bullish,long_term,0.8200000000000001,0.1188118811881188,1.1,1,1.1,84.62,S — Elite
High Piotroski Score with High Return on Equity (ROE) and EPS Growth,trendlyne,fundamental_quality,capital_efficiency,bullish,long_term,0.8200000000000001,0.1188118811881188,1.1,1,1.1,84.62,S — Elite
"Growth Stocks with Strong Return on Equity (ROE) and Positive Earnings GrowthHighlights growth-oriented stocks with strong return on equity and positive earnings growth, appealing to investors seeking growth with financial strength. Targets stocks with Return on Equity exceeding 18% and EPS growth surpassing 4%.",etnow,fundamental_quality,capital_efficiency,bullish,long_term,0.8200000000000001,0.1188118811881188,1.1,1,1.1,84.62,S — Elite
"Growth Stocks with Strong Return on Equity (ROE) and Positive Earnings GrowthFocuses on growth-oriented stocks with strong return on equity and positive earnings growth, catering to investors seeking growth potential. Targets stocks with EPS growth surpassing 3% and Return on Equity exceeding 18%.",etnow,fundamental_quality,capital_efficiency,bullish,long_term,0.8200000000000001,0.1188118811881188,1.1,1,1.1,84.62,S — Elite
"Growth Stocks with Strong Return on Equity (ROE) and Positive Cash FlowIdentifies growth-oriented stocks with strong return on equity and positive cash flow, appealing to investors seeking growth with financial strength. Highlights stocks with EPS growth exceeding 3%, Return on Equity surpassing 18%, and positive Cash from Operations.",etnow,fundamental_quality,capital_efficiency,bullish,long_term,0.8200000000000001,0.1188118811881188,1.1,1,1.1,84.62,S — Elite
Double Whammy Falling sales with declining margins,etnow,composite_strategy,multi_factor_strategy,bearish,long_term,0.74,0.1287128712871287,1.2,0.9,1.1,81.22,S — Elite
Performance of Stocks with Low Trendlyne Durability Score versus Benchmarks,trendlyne,composite_strategy,multi_factor_strategy,bearish,long_term,0.74,0.1287128712871287,1.2,0.9,1.1,81.22,S — Elite
The Naked Trader Low-debt companies showing healthy growth. Criteria set by top trader Robbie Burns,etnow,composite_strategy,multi_factor_strategy,bearish,long_term,0.74,0.1287128712871287,1.2,0.9,1.1,81.22,S — Elite
"High Piotroski F-Score StocksFocuses on stocks with strong financial health and performance, as indicated by a high Piotroski F-Score. Screens stocks where Piotroski Score exceeds 8.",etnow,fundamental_quality,balance_sheet_quality,bullish,long_term,0.8200000000000001,0.1188118811881188,1.05,1,1.1,80.77,S — Elite
"High-Quality Dividend Stocks with Strong ROE and Positive Cash FlowHighlights dividend-paying stocks with strong return on equity, positive cash flow, and financial health, appealing to income and quality seekers. Identifies stocks with Dividend Yield above 3%, Return on Equity exceeding 18%, and positive Cash from Operations.",etnow,fundamental_quality,balance_sheet_quality,bullish,long_term,0.8200000000000001,0.1188118811881188,1.05,1,1.1,80.77,S — Elite
"Growth Stocks with Strong Return on Equity (ROE) and Positive Cash FlowIdentifies growth-oriented stocks with strong return on equity and positive cash flow, appealing to investors seeking growth with financial health. Highlights stocks with EPS growth exceeding 4%, Return on Equity surpassing 18%, and positive Cash from Operations.",etnow,fundamental_quality,balance_sheet_quality,bullish,long_term,0.8200000000000001,0.1188118811881188,1.05,1,1.1,80.77,S — Elite
"Strong Earnings QualityFocuses on stocks with robust financial health and performance, targeting companies with reduced bankruptcy risk. Filters stocks with Z-score above 3 and Pitroski Score surpassing 6.",etnow,fundamental_quality,balance_sheet_quality,bullish,long_term,0.8200000000000001,0.1188118811881188,1.05,1,1.1,80.77,S — Elite
"Growth Stocks with Strong Return on Equity (ROE) and Positive Cash FlowIdentifies growth-oriented stocks with strong return on equity and positive cash flow, appealing to investors seeking growth with financial health. Highlights stocks with EPS growth exceeding 5%, Return on Equity surpassing 18%, and positive Cash from Operations.",etnow,fundamental_quality,balance_sheet_quality,bullish,long_term,0.8200000000000001,0.1188118811881188,1.05,1,1.1,80.77,S — Elite
"Market Leaders with Strong Fundamentals Focuses on well-established stocks with robust financial performance, targeting companies with large market capitalizations. Filters stocks with Market Cap exceeding INR 50,000 Crores, Return on Equity over 15%, and EPS growth above 3.",etnow,fundamental_quality,capital_efficiency,bullish,long_term,0.74,0.1188118811881188,1.1,1,1.1,76.36,A — High
"Consistently High ROCEDiscover Indian stocks on Sensex and Nifty with a strong, consistent ROCE, signifying efficient capital use and appealing to investors",etnow,fundamental_quality,capital_efficiency,bullish,long_term,0.74,0.1188118811881188,1.1,1,1.1,76.36,A — High
"Consistently High ROEDiscover Indian stocks, particularly Sensex and Nifty ones, with enduring high ROE, signifying robust profit generation, attracting savvy investors",etnow,fundamental_quality,capital_efficiency,bullish,long_term,0.74,0.1188118811881188,1.1,1,1.1,76.36,A — High
Companies with rising net profit margins - quarterly as well as TTM basis,trendlyne,fundamental_quality,capital_efficiency,bullish,long_term,0.74,0.1188118811881188,1.1,1,1.1,76.36,A — High
"Growth companies in Tech: Software companies with rising net profit, revenue and ROCE",trendlyne,fundamental_quality,capital_efficiency,bullish,long_term,0.74,0.1188118811881188,1.1,1,1.1,76.36,A — High
Positive ROCE and less PEG Ratio,trendlyne,fundamental_quality,capital_efficiency,bullish,long_term,0.74,0.1188118811881188,1.1,1,1.1,76.36,A — High
Margin Kings Companies with high margins and impressive bottom line,etnow,fundamental_quality,capital_efficiency,bullish,long_term,0.74,0.1188118811881188,1.1,1,1.1,76.36,A — High
"Growth Stocks with Strong Profit Margin and Positive Price PerformanceIdentifies growth-oriented stocks with strong profit margins and recent price performance, catering to investors seeking growth potential. Screens stocks with EPS growth exceeding 14%, Net Profit Margin surpassing 20%, and 1-year Returns above 5%.",etnow,fundamental_quality,capital_efficiency,bullish,long_term,0.74,0.1188118811881188,1.1,1,1.1,76.36,A — High
"Growth Factor Screener: Rising returns on equity (ROE), Momentum, and Earnings Yield",trendlyne,fundamental_quality,capital_efficiency,bullish,long_term,0.74,0.1188118811881188,1.1,1,1.1,76.36,A — High
High Net Margin StocksIdentifies stocks from companies with strong profitability as indicated by high net profit margins. Selects stocks where Net Profit Margin is above 15%.,etnow,fundamental_quality,capital_efficiency,bullish,long_term,0.74,0.1188118811881188,1.1,1,1.1,76.36,A — High
Consistently Rising Profit Margins,moneycontrol,fundamental_quality,capital_efficiency,bullish,long_term,0.74,0.1188118811881188,1.1,1,1.1,76.36,A — High
"Growth Stocks with Strong Profit Margin and Positive Price PerformanceFocuses on growth-oriented stocks with strong profit margins and recent price performance, catering to investors seeking growth potential. Identifies stocks with EPS growth exceeding 3%, Net Profit Margin surpassing 20%, and 1-year Returns above 5%.",etnow,fundamental_quality,capital_efficiency,bullish,long_term,0.74,0.1188118811881188,1.1,1,1.1,76.36,A — High
"Growth Stocks with Strong ProfitabilityIdentifies growth-oriented stocks with robust earnings growth and high profitability, appealing to investors seeking growth and financial strength. Screens stocks with EPS growth exceeding 4% and Net Profit Margin surpassing 20%.",etnow,fundamental_growth,earnings_growth,bullish,long_term,0.8200000000000001,0.09900990099009901,1.15,1,1.1,73.72,A — High
"Dividend Stocks with Positive Earnings MomentumFocuses on dividend-paying stocks with strong earnings growth momentum, appealing to investors seeking income and companies with growth potential. Identifies stocks with Dividend Yield above 3% and EPS growth surpassing 18%.",etnow,fundamental_growth,earnings_growth,bullish,long_term,0.8200000000000001,0.09900990099009901,1.15,1,1.1,73.72,A — High
"High-Quality Dividend Stocks with Positive Profit Margin and Positive Earnings GrowthHighlights dividend-paying stocks with strong profit margins and positive earnings growth, appealing to income-oriented investors seeking stability and growth. Targets stocks with Dividend Yield above 3%, Net Profit Margin surpassing 20%, and EPS growth surpassing 4%.",etnow,fundamental_growth,earnings_growth,bullish,long_term,0.8200000000000001,0.09900990099009901,1.15,1,1.1,73.72,A — High
"Dividend Stocks with Strong Earnings MomentumFocuses on dividend-paying stocks with high earnings growth momentum, appealing to investors seeking both income and growth potential. Identifies stocks with Dividend Yield above 2.5% and EPS growth surpassing 18%.",etnow,fundamental_growth,earnings_growth,bullish,long_term,0.8200000000000001,0.09900990099009901,1.15,1,1.1,73.72,A — High
"Emerging Market Growth StarsHighlights stocks from emerging markets with strong earnings growth potential, catering to investors seeking higher returns. Selects stocks where EPS growth is above 7%.",etnow,fundamental_growth,earnings_growth,bullish,long_term,0.8200000000000001,0.09900990099009901,1.15,1,1.1,73.72,A — High
"Dividend Stocks with Strong Earnings GrowthFocuses on dividend-paying stocks with strong earnings growth, appealing to investors seeking both income and growth potential. Identifies stocks with Dividend Yield above 3% and EPS growth surpassing 4%.",etnow,fundamental_growth,earnings_growth,bullish,long_term,0.8200000000000001,0.09900990099009901,1.15,1,1.1,73.72,A — High
"Growth Stocks with Strong Profitability and Positive Cash FlowIdentifies growth-oriented stocks with strong earnings growth and positive cash flow, appealing to investors seeking growth with financial stability. Filters stocks with EPS growth exceeding 4%, Net Profit Margin surpassing 20%, and positive Cash from Operations.",etnow,fundamental_growth,earnings_growth,bullish,long_term,0.8200000000000001,0.09900990099009901,1.15,1,1.1,73.72,A — High
"Dividend Stocks with Positive Earnings MomentumHighlights dividend-paying stocks with strong earnings growth momentum, catering to investors seeking income and companies with growth potential. Screens stocks with Dividend Yield above 3% and EPS growth exceeding 20%.",etnow,fundamental_growth,earnings_growth,bullish,long_term,0.8200000000000001,0.09900990099009901,1.15,1,1.1,73.72,A — High
"Growth Stocks with Strong Price Performance and Positive Earnings GrowthHighlights growth-oriented stocks with strong recent price performance and positive earnings growth, appealing to investors seeking growth potential. Targets stocks with 1-year Returns above 10% and EPS growth surpassing 5%.",etnow,fundamental_growth,earnings_growth,bullish,long_term,0.8200000000000001,0.09900990099009901,1.15,1,1.1,73.72,A — High
"Growth Stocks with Strong Profitability and Positive Price PerformanceFocuses on growth-oriented stocks with strong earnings growth and recent price performance, appealing to investors seeking growth with stability. Identifies stocks with EPS growth exceeding 4%, Net Profit Margin surpassing 20%, and 1-year Returns above 5%.",etnow,fundamental_growth,earnings_growth,bullish,long_term,0.8200000000000001,0.09900990099009901,1.15,1,1.1,73.72,A — High
"Growth Stocks with Positive Earnings MomentumIdentifies growth-oriented stocks with strong earnings momentum, appealing to investors seeking companies showing substantial earnings growth. Screens stocks with EPS growth exceeding 20%.",etnow,fundamental_growth,earnings_growth,bullish,long_term,0.8200000000000001,0.09900990099009901,1.15,1,1.1,73.72,A — High
"High-Quality Dividend Stocks with Strong Profit Margin and Positive Earnings GrowthTargets dividend-paying stocks with strong profit margins and earnings growth, catering to income-oriented investors seeking stability and growth. Screens stocks with Dividend Yield above 3%, Net Profit Margin surpassing 20%, and EPS growth surpassing 4%.",etnow,fundamental_growth,earnings_growth,bullish,long_term,0.8200000000000001,0.09900990099009901,1.15,1,1.1,73.72,A — High
"Growth Stocks with Strong ProfitabilityIdentifies growth-oriented stocks with robust earnings growth and high profitability, appealing to investors seeking growth and financial strength. Screens stocks with EPS growth exceeding 4% and Net Profit Margin surpassing 20%.",etnow,fundamental_growth,earnings_growth,bullish,long_term,0.8200000000000001,0.09900990099009901,1.15,1,1.1,73.72,A — High
"High-Quality Dividend Stocks with Strong Profit Margin and Positive Earnings GrowthTargets dividend-paying stocks with strong profit margins and earnings growth, catering to income-oriented investors seeking stability and growth. Screens stocks with Dividend Yield above 3%, Net Profit Margin surpassing 20%, and EPS growth surpassing 4%.",etnow,fundamental_growth,earnings_growth,bullish,long_term,0.8200000000000001,0.09900990099009901,1.15,1,1.1,73.72,A — High
"High-Quality Earnings Growth StocksTargets stocks with strong financial performance and growth potential, appealing to investors seeking quality and expansion. Screens stocks where Return on Equity is above 15% and EPS growth exceeds 4%.",etnow,fundamental_growth,earnings_growth,bullish,long_term,0.8200000000000001,0.09900990099009901,1.15,1,1.1,73.72,A — High
"High-Quality Dividend Stocks with Positive Earnings MomentumIdentifies dividend-paying stocks with strong earnings growth momentum and financial health, appealing to income and growth investors. Targets stocks with Dividend Yield above 3% and EPS growth exceeding 15%.",etnow,fundamental_growth,earnings_growth,bullish,long_term,0.8200000000000001,0.09900990099009901,1.15,1,1.1,73.72,A — High
"High-Quality Dividend Stocks with Strong Profit Margin and Positive Earnings GrowthHighlights dividend-paying stocks with strong profit margins and earnings growth, appealing to income-oriented investors seeking stability and growth. Targets stocks with Dividend Yield above 3%, Net Profit Margin surpassing 20%, and EPS growth surpassing 4%.",etnow,fundamental_growth,earnings_growth,bullish,long_term,0.8200000000000001,0.09900990099009901,1.15,1,1.1,73.72,A — High
Rising Net Cash Flow and Cash from Operating activity,trendlyne,fundamental_quality,balance_sheet_quality,bullish,long_term,0.74,0.1188118811881188,1.05,1,1.1,72.89,A — High
"Increasing Quarterly Interest Costs Explore the Quarterly Interest Cost Surge data page, spotlighting companies grappling with escalating interest expenses, a crucial indicator of financial health",etnow,fundamental_quality,balance_sheet_quality,bullish,long_term,0.74,0.1188118811881188,1.05,1,1.1,72.89,A — High
"Growth Stocks with Positive Cash Flow and Strong Price PerformanceFocuses on growth-oriented stocks with strong recent price performance and positive cash flow, appealing to investors seeking growth potential. Targets stocks with EPS growth exceeding 4%, positive Cash from Operations, and 1-year Returns above 10%.",etnow,fundamental_quality,balance_sheet_quality,bullish,long_term,0.74,0.1188118811881188,1.05,1,1.1,72.89,A — High
"Growth Stocks with Strong Profit Margin and Positive Cash FlowIdentifies growth-oriented stocks with strong profit margins and positive cash flow, appealing to investors seeking growth and financial stability. Screens stocks with EPS growth exceeding 3%, Net Profit Margin surpassing 20%, and positive Cash from Operations.",etnow,fundamental_quality,balance_sheet_quality,bullish,long_term,0.74,0.1188118811881188,1.05,1,1.1,72.89,A — High
"Growth Stocks with Strong Profit Margin and Positive Cash FlowFocuses on growth-oriented stocks with strong profit margins and positive cash flow, appealing to investors seeking growth and financial stability. Identifies stocks with EPS growth exceeding 4%, Net Profit Margin surpassing 20%, and positive Cash from Operations.",etnow,fundamental_quality,balance_sheet_quality,bullish,long_term,0.74,0.1188118811881188,1.05,1,1.1,72.89,A — High
"High-Quality StocksHighlights stocks of companies with strong financial health and profitability metrics, suggesting lower risk and potential for solid returns. Filters stocks where Return on Assets is greater than 10 and Return on Equity exceeds 15.",etnow,fundamental_quality,balance_sheet_quality,bullish,long_term,0.74,0.1188118811881188,1.05,1,1.1,72.89,A — High
"Growth Stocks with Strong Financial Health Targets growth-oriented stocks with solid financials, appealing to investors seeking both growth and stability. Selects stocks with EPS growth over 5% and Current Ratio exceeding 2.",etnow,fundamental_quality,balance_sheet_quality,bullish,long_term,0.74,0.1188118811881188,1.05,1,1.1,72.89,A — High
"High performing, Short-term screener with Piotroski Score, SMA and RSI",trendlyne,fundamental_quality,balance_sheet_quality,bullish,long_term,0.74,0.1188118811881188,1.05,1,1.1,72.89,A — High
High Piotroski Score Screener,trendlyne,fundamental_quality,balance_sheet_quality,bullish,long_term,0.74,0.1188118811881188,1.05,1,1.1,72.89,A — High
High Piotroski Score - Companies with strong financials,trendlyne,fundamental_quality,balance_sheet_quality,bullish,long_term,0.74,0.1188118811881188,1.05,1,1.1,72.89,A — High
"No Leverage""No Leverage"" signifies a company with minimal or no debt relative to its equity/assets, operating without reliance on borrowed funds. Useful for investors valuing low-risk financial structures, no leverage firms may offer stronger financial positions, reduced interest costs, and flexibility. However, consider additional financial indicators before investing. Enter a world where financial freedom reigns, companies prosper sans debt, and explore the beauty of financial autonomy.",etnow,fundamental_quality,balance_sheet_quality,bearish,long_term,0.8200000000000001,0.1188118811881188,1.05,0.9,1.1,72.69,A — High
"Defensive Dividend Champions This strategy targets stable income for investors, emphasizing low-volatility dividend stocks with a Dividend Yield above 2.5% and a 3-month Beta below 0.6",etnow,composite_strategy,multi_factor_strategy,neutral,positional,0.9,0.1287128712871287,1.2,0.65,1.05,68.1,A — High
"Growth Stocks with Strong Profitability and Positive Price PerformanceHighlights growth-oriented stocks with strong earnings growth and recent price performance, appealing to investors seeking growth with stability.",etnow,fundamental_growth,earnings_growth,bullish,long_term,0.74,0.09900990099009901,1.15,1,1.1,66.53,A — High
"Small-Cap Growth StocksTargets smaller companies with high growth potential, appealing to investors seeking opportunities for significant appreciation. Filters stocks with Market Cap under INR 7,500 Crores and EPS growth exceeding 15%.",etnow,fundamental_growth,earnings_growth,bullish,long_term,0.74,0.09900990099009901,1.15,1,1.1,66.53,A — High
"Companies with 10% increase in share price over three months, with rising net profit growth",trendlyne,fundamental_growth,earnings_growth,bullish,long_term,0.74,0.09900990099009901,1.15,1,1.1,66.53,A — High
"International Growth StocksIdentifies stocks from international companies with strong growth potential, appealing to investors looking beyond domestic markets. Selects stocks where EPS growth is above 15%.",etnow,fundamental_growth,earnings_growth,bullish,long_term,0.74,0.09900990099009901,1.15,1,1.1,66.53,A — High
Consistently Rising Profits,moneycontrol,fundamental_growth,earnings_growth,bullish,long_term,0.74,0.09900990099009901,1.15,1,1.1,66.53,A — High
"Growth Stocks with Positive Cash FlowFocuses on growth-oriented stocks with healthy cash flow and earnings momentum, appealing to investors seeking growth potential. Selects stocks with positive Cash from Operations and EPS growth exceeding 5%.",etnow,fundamental_growth,earnings_growth,bullish,long_term,0.74,0.09900990099009901,1.15,1,1.1,66.53,A — High
Stocks with High Durability and EPS growth (subscription),trendlyne,fundamental_growth,earnings_growth,bullish,long_term,0.74,0.09900990099009901,1.15,1,1.1,66.53,A — High
"Quarterly Net Profit Growth YoYExplore Indian stocks on Sensex and Nifty with consistent YoY quarterly net profit growth, indicating strong financial performance and potential investments.",etnow,fundamental_growth,earnings_growth,bullish,long_term,0.74,0.09900990099009901,1.15,1,1.1,66.53,A — High
Companies with high TTM EPS Growth,trendlyne,fundamental_growth,earnings_growth,bullish,long_term,0.74,0.09900990099009901,1.15,1,1.1,66.53,A — High
Profit Spinners Companies that disproportionately generate profit with rising sales,etnow,fundamental_growth,earnings_growth,bullish,long_term,0.74,0.09900990099009901,1.15,1,1.1,66.53,A — High
Big Gainers in Share Price with Good Net Profit Growth,trendlyne,fundamental_growth,earnings_growth,bullish,long_term,0.74,0.09900990099009901,1.15,1,1.1,66.53,A — High
Decreasing Debt to Equity,moneycontrol,fundamental_quality,balance_sheet_quality,bearish,long_term,0.74,0.1188118811881188,1.05,0.9,1.1,65.6,A — High
"Consistently Decreasing LeverageDiscover Indian stocks on Sensex and Nifty with a track record of decreasing debt, signaling financial prudence and long-term stability.",etnow,fundamental_quality,balance_sheet_quality,bearish,long_term,0.74,0.1188118811881188,1.05,0.9,1.1,65.6,A — High
"Growth Stocks with Low Debt Highlights growth-oriented stocks with prudent financial management, suitable for investors seeking growth with reduced debt risk. Selects stocks where EPS growth is over 3% and Debt-to-Equity ratio is below 0.3.",etnow,fundamental_quality,balance_sheet_quality,bearish,long_term,0.74,0.1188118811881188,1.05,0.9,1.1,65.6,A — High
Companies with Low Leverage,moneycontrol,fundamental_quality,balance_sheet_quality,bearish,long_term,0.74,0.1188118811881188,1.05,0.9,1.1,65.6,A — High
"Quality Growth Stocks with Low DebtTargets growth-oriented stocks with strong financials and manageable debt, appealing to investors seeking growth with stability. Filters stocks with EPS growth exceeding 4% and Debt-to-Equity ratio below 0.4.",etnow,composite_strategy,multi_factor_strategy,neutral,long_term,0.8200000000000001,0.1287128712871287,1.2,0.65,1.1,65,A — High
Growth Pioneers Multicap portfolio comprising of mid and small caps that are likely to graduate into largecaps,etnow,composite_strategy,multi_factor_strategy,neutral,long_term,0.8200000000000001,0.1287128712871287,1.2,0.65,1.1,65,A — High
Mid Cap Growth Stocks Quality midcap stocks with impressive growth trajectory,etnow,composite_strategy,multi_factor_strategy,neutral,long_term,0.8200000000000001,0.1287128712871287,1.2,0.65,1.1,65,A — High
Safe Growth CompaniesStability of largecaps combined with growth potential of midcaps,etnow,composite_strategy,multi_factor_strategy,neutral,long_term,0.8200000000000001,0.1287128712871287,1.2,0.65,1.1,65,A — High
"High-Quality Small-Cap Growth StocksFocuses on high-potential small-cap firms, boasting robust finances, attracting investors desiring growth and quality. Filters stocks below INR 7,500 Cr market cap, 5%+ EPS growth, and 15%+ RoE.",etnow,composite_strategy,multi_factor_strategy,neutral,long_term,0.8200000000000001,0.1287128712871287,1.2,0.65,1.1,65,A — High
Straight Flush Quality stocks showing consistent earnings growth,etnow,composite_strategy,multi_factor_strategy,neutral,long_term,0.8200000000000001,0.1287128712871287,1.2,0.65,1.1,65,A — High
Must Have Bluechips Largecap quality stocks with decent growth and valuations,etnow,composite_strategy,multi_factor_strategy,neutral,long_term,0.8200000000000001,0.1287128712871287,1.2,0.65,1.1,65,A — High
"To The Moon List of stocks where the growth is such, that reaching to the moon might be a reality",etnow,composite_strategy,multi_factor_strategy,neutral,long_term,0.8200000000000001,0.1287128712871287,1.2,0.65,1.1,65,A — High
Growth at Reasonable PriceThis strategy aims to invest in a basket of growth stocks across market cap at reasonable prices,etnow,composite_strategy,multi_factor_strategy,neutral,long_term,0.8200000000000001,0.1287128712871287,1.2,0.65,1.1,65,A — High
Expert Stock Screener: Jim Slater's Zulu Principle (Discover Growth Stocks),trendlyne,composite_strategy,multi_factor_strategy,neutral,long_term,0.8200000000000001,0.1287128712871287,1.2,0.65,1.1,65,A — High
Stable Compounders Companies that never looked back once they start growing,etnow,composite_strategy,multi_factor_strategy,neutral,long_term,0.8200000000000001,0.1287128712871287,1.2,0.65,1.1,65,A — High
Trendlynes growth stocks with good technical score,trendlyne,composite_strategy,multi_factor_strategy,neutral,long_term,0.8200000000000001,0.1287128712871287,1.2,0.65,1.1,65,A — High
Increasing Trend in Non-Core Income,trendlyne,fundamental_growth,revenue_growth,bullish,long_term,0.74,0.09900990099009901,1.1,1,1.1,63.63,B — Medium
"Increasing Quarterly SalesIdentify Indian stock market gems: stocks, particularly Sensex and Nifty, with consistent quarterly sales growth, signaling expansion and demand. Ideal for long-term investors.",etnow,fundamental_growth,revenue_growth,bullish,long_term,0.74,0.09900990099009901,1.1,1,1.1,63.63,B — Medium
Consistently Rising Sales,moneycontrol,fundamental_growth,revenue_growth,bullish,long_term,0.74,0.09900990099009901,1.1,1,1.1,63.63,B — Medium
"Quality Growth Stocks with Low VolatilityHighlights growth-oriented stocks with strong financials and reduced market volatility, appealing to both growth and stability seekers. Targets stocks with EPS growth exceeding 4% and 3-month Beta under 0.8.",etnow,composite_strategy,multi_factor_strategy,neutral,positional,0.8200000000000001,0.1287128712871287,1.2,0.65,1.05,62.05,B — Medium
"Quality Growth Stocks with Low Volatility Identifies growth-oriented stocks with strong financials and reduced market volatility, appealing to both growth and stability seekers. Screens stocks with EPS growth over 5% and 3-month Beta below 0.7.",etnow,composite_strategy,multi_factor_strategy,neutral,positional,0.8200000000000001,0.1287128712871287,1.2,0.65,1.05,62.05,B — Medium
MFs and FII/DIIs increasing their shareholding QoQ,trendlyne,ownership_institutional,institutional_activity,bullish,long_term,0.98,0.06930693069306931,1.15,1,1.1,61.67,B — Medium
"Very High PEVery High PE focuses on stocks with exceptionally high Price-to-Earnings ratios, indicating possible overvaluation. Explore this world of ambitious valuations",etnow,valuation,relative_or_absolute_value,bullish,long_term,0.98,0.07920792079207921,1,1,1.1,61.29,B — Medium
Altman Z score - Solvent Stocks which are highly solvent as per famous Z-Score made by Edward Altman,etnow,composite_strategy,multi_factor_strategy,neutral,long_term,0.74,0.1287128712871287,1.2,0.65,1.1,58.66,B — Medium
Shareholders Delight,moneycontrol,composite_strategy,multi_factor_strategy,neutral,long_term,0.74,0.1287128712871287,1.2,0.65,1.1,58.66,B — Medium
Long Term Growth Companies,trendlyne,composite_strategy,multi_factor_strategy,neutral,long_term,0.74,0.1287128712871287,1.2,0.65,1.1,58.66,B — Medium
Consistently Performing Growth Stocks,trendlyne,composite_strategy,multi_factor_strategy,neutral,long_term,0.74,0.1287128712871287,1.2,0.65,1.1,58.66,B — Medium
Altman Z-score - Insolvent Stocks facing solvency problems as per famous Z-Score made by Edward Altman,etnow,composite_strategy,multi_factor_strategy,neutral,long_term,0.74,0.1287128712871287,1.2,0.65,1.1,58.66,B — Medium
Jim Slater's Zulu Principle (Discover Growth Stocks),trendlyne,composite_strategy,multi_factor_strategy,neutral,long_term,0.74,0.1287128712871287,1.2,0.65,1.1,58.66,B — Medium
Ready to Take Off List of stocks poised to break all barriers,etnow,composite_strategy,multi_factor_strategy,neutral,long_term,0.74,0.1287128712871287,1.2,0.65,1.1,58.66,B — Medium
"Warren Buffet ScreenerStock based on ace investor ""Warren buffet's"" investing principals",etnow,composite_strategy,multi_factor_strategy,neutral,long_term,0.74,0.1287128712871287,1.2,0.65,1.1,58.66,B — Medium
Jet Growth,moneycontrol,composite_strategy,multi_factor_strategy,neutral,long_term,0.74,0.1287128712871287,1.2,0.65,1.1,58.66,B — Medium
Emerging Opportunities List of stocks which have the potential to deliver big returns in the long run,etnow,composite_strategy,multi_factor_strategy,neutral,long_term,0.74,0.1287128712871287,1.2,0.65,1.1,58.66,B — Medium
Magic Formula: Joel Greenblatt,trendlyne,composite_strategy,multi_factor_strategy,neutral,long_term,0.74,0.1287128712871287,1.2,0.65,1.1,58.66,B — Medium
Money Spinners,moneycontrol,composite_strategy,multi_factor_strategy,neutral,long_term,0.74,0.1287128712871287,1.2,0.65,1.1,58.66,B — Medium
Monopoly Business Stocks which have virtually no competition and holds a monopoly,etnow,composite_strategy,multi_factor_strategy,neutral,long_term,0.74,0.1287128712871287,1.2,0.65,1.1,58.66,B — Medium
Long Term - ValueLong Term Value Investing Oriented Multicap Portfolio Recommendations,etnow,composite_strategy,multi_factor_strategy,neutral,long_term,0.74,0.1287128712871287,1.2,0.65,1.1,58.66,B — Medium
Double Trouble,moneycontrol,composite_strategy,multi_factor_strategy,neutral,long_term,0.74,0.1287128712871287,1.2,0.65,1.1,58.66,B — Medium
"Growth Stocks with Strong Price Performance and Low DebtFocuses on growth-oriented stocks with strong recent price performance and lower debt levels, appealing to investors seeking growth and stability. Targets stocks with 1-year Returns above 10% and Debt-to-Equity ratio below 0.4.",etnow,composite_strategy,multi_factor_strategy,neutral,long_term,0.74,0.1287128712871287,1.2,0.65,1.1,58.66,B — Medium
Growth Goose,moneycontrol,composite_strategy,multi_factor_strategy,neutral,long_term,0.74,0.1287128712871287,1.2,0.65,1.1,58.66,B — Medium
Nifty Probables List of companies which have potential to enter into Nifty50 Index in the next 5-10 years,etnow,composite_strategy,multi_factor_strategy,neutral,long_term,0.74,0.1287128712871287,1.2,0.65,1.1,58.66,B — Medium
Magic FormulaStocks fulfilling the principles of value investing laid down by Joel Greenblatt.,etnow,composite_strategy,multi_factor_strategy,neutral,long_term,0.74,0.1287128712871287,1.2,0.65,1.1,58.66,B — Medium
Potential Superstars,moneycontrol,composite_strategy,multi_factor_strategy,neutral,long_term,0.74,0.1287128712871287,1.2,0.65,1.1,58.66,B — Medium
Stocks with Consistent Share Price Growth (subscription),trendlyne,composite_strategy,multi_factor_strategy,neutral,long_term,0.74,0.1287128712871287,1.2,0.65,1.1,58.66,B — Medium
Stock passes majority of CANSLIM Investment criteria,trendlyne,composite_strategy,multi_factor_strategy,neutral,long_term,0.74,0.1287128712871287,1.2,0.65,1.1,58.66,B — Medium
"Sales Decreasing, Price Increasing",moneycontrol,composite_strategy,multi_factor_strategy,neutral,long_term,0.74,0.1287128712871287,1.2,0.65,1.1,58.66,B — Medium
Growth Stars: Strongest Annual EPS Performers,trendlyne,composite_strategy,multi_factor_strategy,neutral,long_term,0.74,0.1287128712871287,1.2,0.65,1.1,58.66,B — Medium
Potential Multibaggers List of stocks which have all the necessary ingredients to become the next Multibaggers,etnow,composite_strategy,multi_factor_strategy,neutral,long_term,0.74,0.1287128712871287,1.2,0.65,1.1,58.66,B — Medium
Triple Trouble,moneycontrol,composite_strategy,multi_factor_strategy,neutral,long_term,0.74,0.1287128712871287,1.2,0.65,1.1,58.66,B — Medium
Timeless Classics Established companies that have stood the test of time,etnow,composite_strategy,multi_factor_strategy,neutral,long_term,0.74,0.1287128712871287,1.2,0.65,1.1,58.66,B — Medium
Growth StocksGrowth Stocks,etnow,composite_strategy,multi_factor_strategy,neutral,long_term,0.74,0.1287128712871287,1.2,0.65,1.1,58.66,B — Medium
Triple Dhamaka,moneycontrol,composite_strategy,multi_factor_strategy,neutral,long_term,0.74,0.1287128712871287,1.2,0.65,1.1,58.66,B — Medium
"Low Volatility Growth Stocks Targets growth-oriented stocks with reduced market volatility, catering to investors who seek growth potential with less risk. Screens stocks where 3-month Beta is under 1 and EPS growth exceeds 3.",etnow,fundamental_growth,earnings_growth,bearish,positional,0.74,0.09900990099009901,1.15,0.9,1.05,57.15,B — Medium
"Increase in DII ShareholdingDII Shareholding Surge: Discover stocks with increased domestic institutional investor ownership, a sign of confidence and potential market opportunities",etnow,ownership_institutional,institutional_activity,bullish,long_term,0.9,0.06930693069306931,1.15,1,1.1,56.64,B — Medium
"Increase in FII ShareholdingFII Shareholding Surge: Track stocks where foreign institutional investors (FIIs) boost ownership, signaling confidence. Investors use this data to spot potential growth opportunities",etnow,ownership_institutional,institutional_activity,bullish,long_term,0.9,0.06930693069306931,1.15,1,1.1,56.64,B — Medium
FII/FPI increasing their shareholding,trendlyne,ownership_institutional,institutional_activity,bullish,long_term,0.9,0.06930693069306931,1.15,1,1.1,56.64,B — Medium
"High FII ShareholdingExplore a data page on High FII Shareholding, spotlighting stocks favored by foreign institutional investors, impacting liquidity, and market sentiment",etnow,ownership_institutional,institutional_activity,bullish,long_term,0.9,0.06930693069306931,1.15,1,1.1,56.64,B — Medium
"High DII ShareholdingHigh DII Shareholding signifies significant ownership by Domestic Institutional Investors (DIIs) in stocks, influencing market dynamics, indicating confidence, and revealing investment opportunities",etnow,ownership_institutional,institutional_activity,bullish,long_term,0.9,0.06930693069306931,1.15,1,1.1,56.64,B — Medium
"High MF ShareholdingHigh mutual fund shareholding indicates substantial investment by professional fund managers, reflecting confidence in a company's growth potential. Identify such companies here for informed investment decisions",etnow,ownership_institutional,institutional_activity,bullish,long_term,0.9,0.06930693069306931,1.15,1,1.1,56.64,B — Medium
"Increase in MF ShareholdingDiscover companies with growing MF shareholding, indicating mutual funds' confidence in their potential. Use this data for investment insights",etnow,ownership_institutional,institutional_activity,bullish,long_term,0.9,0.06930693069306931,1.15,1,1.1,56.64,B — Medium
"High-Quality Value StocksHighlights value stocks with strong profitability, suitable for investors seeking both undervaluation and solid financials. Screens stocks where Return on Equity is above 20% and Trailing Twelve Months (TTM) Price-to-Earnings ratio is under 15.",etnow,valuation,relative_or_absolute_value,bullish,long_term,0.9,0.07920792079207921,1,1,1.1,56.29,B — Medium
"20. Low Price-to-Sales (P/S) Ratio Stocks: Query: Highlights stocks with lower valuation based on sales, suggesting potential bargains or undervalued opportunities. Selects stocks where Trailing Twelve Months (TTM) Price-to-Sales ratio is under 1.",etnow,valuation,relative_or_absolute_value,bearish,long_term,0.98,0.07920792079207921,1,0.9,1.1,55.16,B — Medium
"Low Price-to-Book (P/B) Growth StocksIdentifies growth-oriented stocks with attractive valuations relative to their book value, appealing to investors seeking growth potential at reasonable prices. Screens stocks where Trailing Twelve Months (TTM) Price-to-Book ratio is below 2 and EPS growth exceeds 15%.",etnow,valuation,relative_or_absolute_value,bearish,long_term,0.98,0.07920792079207921,1,0.9,1.1,55.16,B — Medium
ROCE (Return on Capital Employed) less than Industry ROCE,trendlyne,fundamental_quality,capital_efficiency,neutral,long_term,0.8200000000000001,0.1188118811881188,1.1,0.65,1.1,55,B — Medium
ROE (Return on Equity) is lower than Industry ROE,trendlyne,fundamental_quality,capital_efficiency,neutral,long_term,0.8200000000000001,0.1188118811881188,1.1,0.65,1.1,55,B — Medium
ROA (Return on Assets) less than Industry ROA,trendlyne,fundamental_quality,capital_efficiency,neutral,long_term,0.8200000000000001,0.1188118811881188,1.1,0.65,1.1,55,B — Medium
ROCE (Return on Capital Employed) higher than Sector ROCE,trendlyne,fundamental_quality,capital_efficiency,neutral,long_term,0.8200000000000001,0.1188118811881188,1.1,0.65,1.1,55,B — Medium
ROE (Return on Equity) is higher than Industry ROE,trendlyne,fundamental_quality,capital_efficiency,neutral,long_term,0.8200000000000001,0.1188118811881188,1.1,0.65,1.1,55,B — Medium
ROCE (Return on Capital Employed) higher than Industry ROCE,trendlyne,fundamental_quality,capital_efficiency,neutral,long_term,0.8200000000000001,0.1188118811881188,1.1,0.65,1.1,55,B — Medium
ROE (Return on Equity) is lower than Sector ROE,trendlyne,fundamental_quality,capital_efficiency,neutral,long_term,0.8200000000000001,0.1188118811881188,1.1,0.65,1.1,55,B — Medium
ROE (Return on Equity) is higher than Sector ROE,trendlyne,fundamental_quality,capital_efficiency,neutral,long_term,0.8200000000000001,0.1188118811881188,1.1,0.65,1.1,55,B — Medium
ROA (Return on Assets) higher than Sector ROA,trendlyne,fundamental_quality,capital_efficiency,neutral,long_term,0.8200000000000001,0.1188118811881188,1.1,0.65,1.1,55,B — Medium
"Growth Stocks with Low Debt and High ROE Highlights growth-oriented stocks with strong financials and profitability, appealing to investors seeking growth with quality. Filters stocks with EPS growth over 15%, Debt-to-Equity ratio below 0.3, and Return on Equity above 20%.",etnow,fundamental_quality,capital_efficiency,neutral,long_term,0.8200000000000001,0.1188118811881188,1.1,0.65,1.1,55,B — Medium
ROA (Return on Assets) higher than Industry ROA,trendlyne,fundamental_quality,capital_efficiency,neutral,long_term,0.8200000000000001,0.1188118811881188,1.1,0.65,1.1,55,B — Medium
ROA (Return on Assets) less than Sector ROA,trendlyne,fundamental_quality,capital_efficiency,neutral,long_term,0.8200000000000001,0.1188118811881188,1.1,0.65,1.1,55,B — Medium
High Revenue and Profit Growth with High Return on Capital Deployed (ROCE) and Low PE ratio,trendlyne,fundamental_quality,capital_efficiency,neutral,long_term,0.8200000000000001,0.1188118811881188,1.1,0.65,1.1,55,B — Medium
"High Momentum Value Stocks Targets value stocks with strong recent performance, appealing to investors seeking potentially undervalued opportunities with upward momentum. Selects stocks with Trailing Twelve Months (TTM) Price-to-Earnings ratio under 15 and 6-month returns above 15%.",etnow,valuation,relative_or_absolute_value,bullish,positional,0.9,0.07920792079207921,1,1,1.05,53.73,B — Medium
Mutual Funds and FII/DIIs have decreased their shareholding in most recent quarter,trendlyne,ownership_institutional,institutional_activity,bearish,positional,0.98,0.06930693069306931,1.15,0.9,1.05,52.98,B — Medium
"Growth Stocks with Low Debt and Strong ROEIdentifies growth-oriented stocks with strong financial health and return on equity, appealing to investors seeking growth with quality. Screens stocks with EPS growth exceeding 4%, Debt-to-Equity ratio below 0.4, and Return on Equity surpassing 15%.",etnow,fundamental_quality,balance_sheet_quality,neutral,long_term,0.8200000000000001,0.1188118811881188,1.05,0.65,1.1,52.5,B — Medium
"High Growth with Low Debt Targets high-growth stocks with strong financial health, appealing to investors seeking growth potential without excessive debt risk. Screens stocks where EPS growth is over 10% and Debt-to-Equity ratio is below 0.3.",etnow,fundamental_quality,balance_sheet_quality,neutral,long_term,0.8200000000000001,0.1188118811881188,1.05,0.65,1.1,52.5,B — Medium
"High-Quality Dividend Stocks with Positive Earnings Momentum and Low DebtIdentifies dividend-paying stocks with strong earnings momentum, financial health, and low debt, appealing to income and quality seekers. Screens stocks with Dividend Yield above 3%, EPS growth surpassing 15%, and Debt-to-Equity ratio below 0.4.",etnow,fundamental_quality,balance_sheet_quality,neutral,long_term,0.8200000000000001,0.1188118811881188,1.05,0.65,1.1,52.5,B — Medium
"High-Quality Dividend Stocks with Positive Earnings Growth and Low Debt Targets dividend-paying stocks with strong earnings growth, financial health, and low debt, appealing to income and quality seekers. Selects stocks with Dividend Yield above 3%, EPS growth exceeding 3%, and Debt-to-Equity ratio below 0.5.",etnow,fundamental_quality,balance_sheet_quality,neutral,long_term,0.8200000000000001,0.1188118811881188,1.05,0.65,1.1,52.5,B — Medium
Mutual Funds Increased Shareholding over the Past Two Months,trendlyne,ownership_institutional,institutional_activity,bullish,long_term,0.8200000000000001,0.06930693069306931,1.15,1,1.1,51.6,B — Medium
High Price to Book This screener helps you identify stocks having P/B ratio greater than,etnow,valuation,relative_or_absolute_value,bullish,long_term,0.8200000000000001,0.07920792079207921,1,1,1.1,51.28,B — Medium
"High PEG RatioA high PEG Ratio data page focuses on stocks with elevated Price/Earnings to Growth ratios, suggesting potential overvaluation and risks.",etnow,valuation,relative_or_absolute_value,bullish,long_term,0.8200000000000001,0.07920792079207921,1,1,1.1,51.28,B — Medium
Quality Stocks at DiscountStocks with strong fundamentals & lower valuations,etnow,valuation,relative_or_absolute_value,bullish,long_term,0.8200000000000001,0.07920792079207921,1,1,1.1,51.28,B — Medium
"Value Stocks with High Dividend Growth Identifies value stocks with strong dividend growth potential, appealing to investors seeking both value and increasing income. Selects stocks with Trailing Twelve Months (TTM) Price-to-Earnings ratio under 15 and (Dividend paid - Dividend paid 4 years ago) / Dividend paid 4 years ago exceeding 8.",etnow,valuation,relative_or_absolute_value,bullish,long_term,0.8200000000000001,0.07920792079207921,1,1,1.1,51.28,B — Medium
Price to Book Value Above Industry,moneycontrol,valuation,relative_or_absolute_value,bullish,long_term,0.8200000000000001,0.07920792079207921,1,1,1.1,51.28,B — Medium
FII/FPI decreasing shareholding,trendlyne,ownership_institutional,institutional_activity,bearish,long_term,0.9,0.06930693069306931,1.15,0.9,1.1,50.97,B — Medium
Decrease in MF ShareholdingDiscover the MF Shareholding Decline: Mutual funds reducing holdings in companies due to varied factors. Analyze and adapt to market changes,etnow,ownership_institutional,institutional_activity,bearish,long_term,0.9,0.06930693069306931,1.15,0.9,1.1,50.97,B — Medium
"Decrease in FII ShareholdingFII Shareholding Decline: Discover shifts in foreign investors' sentiment as they reduce stakes in certain stocks, offering valuable investment insights",etnow,ownership_institutional,institutional_activity,bearish,long_term,0.9,0.06930693069306931,1.15,0.9,1.1,50.97,B — Medium
"Undervalued Stocks Identifies stocks that may be trading below their intrinsic value, potentially presenting investment opportunities for value-conscious investors. Filters stocks where Trailing Twelve Months (TTM) Price-to-Book ratio is less than 1.",etnow,valuation,relative_or_absolute_value,bearish,long_term,0.9,0.07920792079207921,1,0.9,1.1,50.66,B — Medium
"Low Price-to-Earnings (P/E) Dividend Gems Targets dividend stocks with attractive valuations, appealing to investors seeking income opportunities at reasonable prices. Selects stocks with Trailing Twelve Months (TTM) Price-to-Earnings ratio below 12 and Dividend Yield exceeding 3%.",etnow,valuation,relative_or_absolute_value,bearish,long_term,0.9,0.07920792079207921,1,0.9,1.1,50.66,B — Medium
"Low P/E Ratio Stocks Spotlights stocks with lower Price-to-Earnings ratios, suggesting potentially undervalued companies or those with steady earnings. Filters stocks where Trailing Twelve Months (TTM) Price-to-Earnings ratio is less than 15.",etnow,valuation,relative_or_absolute_value,bearish,long_term,0.9,0.07920792079207921,1,0.9,1.1,50.66,B — Medium
"Low Price-to-Earnings-to-Growth (PEG) StocksIdentifies stocks that offer attractive valuations relative to their earnings growth potential, suitable for investors seeking both value and growth. Screens stocks where Trailing Twelve Months (TTM) Price-to-Earnings ratio is under 20 and PEG Ratio is less than 1.",etnow,valuation,relative_or_absolute_value,bearish,long_term,0.9,0.07920792079207921,1,0.9,1.1,50.66,B — Medium
"Value Stocks with Low DebtTargets undervalued stocks from financially healthy companies with manageable debt levels, appealing to investors seeking a balance between value and stability. Screens stocks where Trailing Twelve Months (TTM) Price-to-Earnings ratio is under 15 and Debt-to-Equity ratio is less than 0.5.",etnow,valuation,relative_or_absolute_value,bearish,long_term,0.9,0.07920792079207921,1,0.9,1.1,50.66,B — Medium
Improving ROE,moneycontrol,fundamental_quality,capital_efficiency,neutral,long_term,0.74,0.1188118811881188,1.1,0.65,1.1,49.63,B — Medium
Least Efficient Use of Capital,moneycontrol,fundamental_quality,capital_efficiency,neutral,long_term,0.74,0.1188118811881188,1.1,0.65,1.1,49.63,B — Medium
Improving ROCE,moneycontrol,fundamental_quality,capital_efficiency,neutral,long_term,0.74,0.1188118811881188,1.1,0.65,1.1,49.63,B — Medium
Operations Successful,moneycontrol,fundamental_quality,capital_efficiency,neutral,long_term,0.74,0.1188118811881188,1.1,0.65,1.1,49.63,B — Medium
Profit Margin Leaders,moneycontrol,fundamental_quality,capital_efficiency,neutral,long_term,0.74,0.1188118811881188,1.1,0.65,1.1,49.63,B — Medium
Profit making Companies with High ROCE and Low PE,trendlyne,fundamental_quality,capital_efficiency,neutral,long_term,0.74,0.1188118811881188,1.1,0.65,1.1,49.63,B — Medium
"High ROCE, Low PE companies",trendlyne,fundamental_quality,capital_efficiency,neutral,long_term,0.74,0.1188118811881188,1.1,0.65,1.1,49.63,B — Medium
Affordable stocks with good momentum and ROE - All Stocks (subscription),trendlyne,fundamental_quality,capital_efficiency,neutral,long_term,0.74,0.1188118811881188,1.1,0.65,1.1,49.63,B — Medium
Optimal Capital Allocation,moneycontrol,fundamental_quality,capital_efficiency,neutral,long_term,0.74,0.1188118811881188,1.1,0.65,1.1,49.63,B — Medium
MFs increased their shareholding last quarter,trendlyne,ownership_institutional,institutional_activity,bullish,positional,0.8200000000000001,0.06930693069306931,1.15,1,1.05,49.26,B — Medium
Mutual Funds Increased Shareholding in Past Month,trendlyne,ownership_institutional,institutional_activity,bullish,positional,0.8200000000000001,0.06930693069306931,1.15,1,1.05,49.26,B — Medium
"Turnaround Opportunities Identifies stocks that may be poised for a rebound, combining strong earnings growth with recent price weakness. Selects stocks with EPS growth over 20% and negative 1-year returns.",etnow,fundamental_growth,earnings_growth,neutral,long_term,0.8200000000000001,0.09900990099009901,1.15,0.65,1.1,47.92,B — Medium
"Growth Stocks with Positive Earnings Momentum and Low P/ETargets growth-oriented stocks with strong earnings growth momentum and attractive valuations, appealing to growth and value seekers. Screens stocks with EPS growth exceeding 15% and Trailing Twelve Months (TTM) Price-to-Earnings ratio below 15.",etnow,fundamental_growth,earnings_growth,neutral,long_term,0.8200000000000001,0.09900990099009901,1.15,0.65,1.1,47.92,B — Medium
10X Profit Growth Explosion,moneycontrol,fundamental_growth,earnings_growth,neutral,long_term,0.8200000000000001,0.09900990099009901,1.15,0.65,1.1,47.92,B — Medium
"Moderate LeverageDiscover companies with moderate leverage, maintaining a balanced debt-to-equity ratio. Valuable for prudent investors seeking balanced risk-reward profiles",etnow,fundamental_quality,balance_sheet_quality,neutral,long_term,0.74,0.1188118811881188,1.05,0.65,1.1,47.38,B — Medium
"Pitroski F-scoreFundamentally sound stocks based on criteria provided by ""Josef Pitroski""",etnow,fundamental_quality,balance_sheet_quality,neutral,long_term,0.74,0.1188118811881188,1.05,0.65,1.1,47.38,B — Medium
Companies with no Debt,trendlyne,fundamental_quality,balance_sheet_quality,neutral,long_term,0.74,0.1188118811881188,1.05,0.65,1.1,47.38,B — Medium
"Long-Term Growth and Stability Targets stocks with sustainable growth potential and solid financial health, appealing to investors seeking steady long-term returns. Screens stocks with EPS growth exceeding 5% and Debt-to-Equity ratio under 0.5.",etnow,fundamental_quality,balance_sheet_quality,neutral,long_term,0.74,0.1188118811881188,1.05,0.65,1.1,47.38,B — Medium
"Low Beta, High-Quality Stocks Targets stocks with both stability (low Beta) and strong financial performance, appealing to investors looking for quality and reduced risk. Screens stocks where 3-month Beta is under 0.7 and Return on Equity exceeds 15%.",etnow,fundamental_quality,capital_efficiency,neutral,positional,0.74,0.1188118811881188,1.1,0.65,1.05,47.38,B — Medium
Cash Cows Companies for which ‘Cash’ is never a problem,etnow,fundamental_quality,balance_sheet_quality,neutral,long_term,0.74,0.1188118811881188,1.05,0.65,1.1,47.38,B — Medium
"Low Debt, High Growth Stocks Focuses on stocks that combine growth potential with prudent debt management, appealing to investors seeking balanced opportunities. Filters stocks with Debt-to-Equity ratio under 0.5 and EPS growth exceeding 5%.",etnow,fundamental_quality,balance_sheet_quality,neutral,long_term,0.74,0.1188118811881188,1.05,0.65,1.1,47.38,B — Medium
"Companies that saw improvement in net profits, operating profit margin and revenues in the most recent quarter",trendlyne,fundamental_quality,capital_efficiency,neutral,positional,0.74,0.1188118811881188,1.1,0.65,1.05,47.38,B — Medium
Newly Affordable Stocks with Good Financials and Durability (subscription),trendlyne,fundamental_quality,balance_sheet_quality,neutral,long_term,0.74,0.1188118811881188,1.05,0.65,1.1,47.38,B — Medium
Combined DVM and Piotroski Scores Screener (subscription),trendlyne,fundamental_quality,balance_sheet_quality,neutral,long_term,0.74,0.1188118811881188,1.05,0.65,1.1,47.38,B — Medium
Debt Free Penny Stocks in India Under Rs 10,trendlyne,fundamental_quality,balance_sheet_quality,neutral,long_term,0.74,0.1188118811881188,1.05,0.65,1.1,47.38,B — Medium
Debt reduction,trendlyne,fundamental_quality,balance_sheet_quality,neutral,long_term,0.74,0.1188118811881188,1.05,0.65,1.1,47.38,B — Medium
Cash Kings,moneycontrol,fundamental_quality,balance_sheet_quality,neutral,long_term,0.74,0.1188118811881188,1.05,0.65,1.1,47.38,B — Medium
Zero Debt Quality stocks with virtually zero debt,etnow,fundamental_quality,balance_sheet_quality,neutral,long_term,0.74,0.1188118811881188,1.05,0.65,1.1,47.38,B — Medium
"Stocks with improving cash flow, with good durability",trendlyne,fundamental_quality,balance_sheet_quality,neutral,long_term,0.74,0.1188118811881188,1.05,0.65,1.1,47.38,B — Medium
"Very High Promoter ShareholdingExplore a data page featuring stocks with significant promoter ownership, indicating strong control, stability, and alignment of interests for investors",etnow,ownership_institutional,institutional_activity,bullish,long_term,0.74,0.06930693069306931,1.15,1,1.1,46.57,B — Medium
Stocks where promoters are increasing their shareholding QoQ,trendlyne,ownership_institutional,institutional_activity,bullish,long_term,0.74,0.06930693069306931,1.15,1,1.1,46.57,B — Medium
"Growth stocks, promoters increasing shareholding",trendlyne,ownership_institutional,institutional_activity,bullish,long_term,0.74,0.06930693069306931,1.15,1,1.1,46.57,B — Medium
Promoter Holding High but Pledged,moneycontrol,ownership_institutional,institutional_activity,bullish,long_term,0.74,0.06930693069306931,1.15,1,1.1,46.57,B — Medium
Promoter holding increased more than 2% QoQ,trendlyne,ownership_institutional,institutional_activity,bullish,long_term,0.74,0.06930693069306931,1.15,1,1.1,46.57,B — Medium
"Increase in Promoter ShareholdingPromoter Shareholding Boost: A data page highlighting companies where major stakeholders raise ownership stakes, signaling confidence in long-term growth",etnow,ownership_institutional,institutional_activity,bullish,long_term,0.74,0.06930693069306931,1.15,1,1.1,46.57,B — Medium
"High Promoter ShareholdingHigh Promoter Shareholding data highlights companies with significant ownership by key stakeholders, indicating control, stability, and alignment of interests",etnow,ownership_institutional,institutional_activity,bullish,long_term,0.74,0.06930693069306931,1.15,1,1.1,46.57,B — Medium
High Promoter Holding,moneycontrol,ownership_institutional,institutional_activity,bullish,long_term,0.74,0.06930693069306931,1.15,1,1.1,46.57,B — Medium
Increasing public shareholding over the past two years,trendlyne,ownership_institutional,institutional_activity,bullish,long_term,0.74,0.06930693069306931,1.15,1,1.1,46.57,B — Medium
"Companies with high market cap, lower public shareholding",trendlyne,ownership_institutional,institutional_activity,bullish,long_term,0.74,0.06930693069306931,1.15,1,1.1,46.57,B — Medium
Breakout after consolidation,moneycontrol,technical_breakout,price_breakout,bullish,swing,0.8200000000000001,0.07920792079207921,1.05,1,0.95,46.5,B — Medium
Triangle Breakout,moneycontrol,technical_breakout,price_breakout,bullish,swing,0.8200000000000001,0.07920792079207921,1.05,1,0.95,46.5,B — Medium
Bullish PRB (Previous Range Breakout),trendlyne,technical_breakout,price_breakout,bullish,swing,0.8200000000000001,0.07920792079207921,1.05,1,0.95,46.5,B — Medium
Positive Breakout First Resistance ( LTP > R1),trendlyne,technical_breakout,price_breakout,bullish,swing,0.8200000000000001,0.07920792079207921,1.05,1,0.95,46.5,B — Medium
Positive Breakout Third Resistance ( LTP > R3),trendlyne,technical_breakout,price_breakout,bullish,swing,0.8200000000000001,0.07920792079207921,1.05,1,0.95,46.5,B — Medium
Positive Breakout Second Resistance  ( LTP > R2),trendlyne,technical_breakout,price_breakout,bullish,swing,0.8200000000000001,0.07920792079207921,1.05,1,0.95,46.5,B — Medium
Squeeze Breakout,moneycontrol,technical_breakout,price_breakout,bullish,swing,0.8200000000000001,0.07920792079207921,1.05,1,0.95,46.5,B — Medium
Promoter decreasing their shareholding,trendlyne,ownership_institutional,institutional_activity,bearish,long_term,0.8200000000000001,0.06930693069306931,1.15,0.9,1.1,46.44,B — Medium
Cant Miss DealsCollection of few undervalued companies that are fundamentally very strong,etnow,valuation,relative_or_absolute_value,bullish,long_term,0.74,0.07920792079207921,1,1,1.1,46.28,B — Medium
Penny Stocks Under Rs 1 with High Book Value,trendlyne,valuation,relative_or_absolute_value,bullish,long_term,0.74,0.07920792079207921,1,1,1.1,46.28,B — Medium
Stocks with High PEThis screener helps you identify stocks having PE ratio greater than,etnow,valuation,relative_or_absolute_value,bullish,long_term,0.74,0.07920792079207921,1,1,1.1,46.28,B — Medium
High Valuations,moneycontrol,valuation,relative_or_absolute_value,bullish,long_term,0.74,0.07920792079207921,1,1,1.1,46.28,B — Medium
"DVM - High Performing, Highly Durable Companies (subscription)",trendlyne,valuation,relative_or_absolute_value,bullish,long_term,0.74,0.07920792079207921,1,1,1.1,46.28,B — Medium
Trendlynes technically strong value stocks (subscription),trendlyne,valuation,relative_or_absolute_value,bullish,long_term,0.74,0.07920792079207921,1,1,1.1,46.28,B — Medium
Attractive Small CapsSmall cap stocks available at attractive valuations with strong market hold,etnow,valuation,relative_or_absolute_value,bullish,long_term,0.74,0.07920792079207921,1,1,1.1,46.28,B — Medium
"Strong Performer, Getting Expensive (DVM)",trendlyne,valuation,relative_or_absolute_value,bullish,long_term,0.74,0.07920792079207921,1,1,1.1,46.28,B — Medium
Higher Risk - High DVM Small Cap Stocks,trendlyne,valuation,relative_or_absolute_value,bullish,long_term,0.74,0.07920792079207921,1,1,1.1,46.28,B — Medium
"High PEHigh PE pages spotlight stocks with elevated Price-to-Earnings ratios, signifying market optimism about future growth but requiring careful evaluation",etnow,valuation,relative_or_absolute_value,bullish,long_term,0.74,0.07920792079207921,1,1,1.1,46.28,B — Medium
Stocks in P/BV Buy Zone,trendlyne,valuation,relative_or_absolute_value,bullish,long_term,0.74,0.07920792079207921,1,1,1.1,46.28,B — Medium
Pay Less - Get MoreHarness the power of AI to buy good companies that are temporarily undervalued,etnow,valuation,relative_or_absolute_value,bullish,long_term,0.74,0.07920792079207921,1,1,1.1,46.28,B — Medium
"Price above Book ValueDiscover Indian stocks on Sensex and Nifty trading above book value, showcasing investor trust and market recognition for potential growth.",etnow,valuation,relative_or_absolute_value,bullish,long_term,0.74,0.07920792079207921,1,1,1.1,46.28,B — Medium
Lower Risk: High DVM Stocks in Large Caps (Market Cap > 10000),trendlyne,valuation,relative_or_absolute_value,bullish,long_term,0.74,0.07920792079207921,1,1,1.1,46.28,B — Medium
Buy Zone: Stocks in the buy zone based on days traded at current PE and P/BV,trendlyne,valuation,relative_or_absolute_value,bullish,long_term,0.74,0.07920792079207921,1,1,1.1,46.28,B — Medium
Multibagger Penny Stocks with High Book Value,trendlyne,valuation,relative_or_absolute_value,bullish,long_term,0.74,0.07920792079207921,1,1,1.1,46.28,B — Medium
High Price to SalesStocks with price-to-sales ratio of more than,etnow,valuation,relative_or_absolute_value,bullish,long_term,0.74,0.07920792079207921,1,1,1.1,46.28,B — Medium
Stocks in PE Buy Zone,trendlyne,valuation,relative_or_absolute_value,bullish,long_term,0.74,0.07920792079207921,1,1,1.1,46.28,B — Medium
"Strong Performer, Under Radar Stocks (DVM)",trendlyne,valuation,relative_or_absolute_value,bullish,long_term,0.74,0.07920792079207921,1,1,1.1,46.28,B — Medium
"High DVM Midcap Stocks (MarketCap 1000-10,000)",trendlyne,valuation,relative_or_absolute_value,bullish,long_term,0.74,0.07920792079207921,1,1,1.1,46.28,B — Medium
High Margin of SafetyQuality stocks with high margin of safety,etnow,valuation,relative_or_absolute_value,bullish,long_term,0.74,0.07920792079207921,1,1,1.1,46.28,B — Medium
"Stocks in PE Buy Zone with Reasonable Durability Score, and Rising Momentum Score",trendlyne,valuation,relative_or_absolute_value,bullish,long_term,0.74,0.07920792079207921,1,1,1.1,46.28,B — Medium
Rising Book Value,moneycontrol,valuation,relative_or_absolute_value,bullish,long_term,0.74,0.07920792079207921,1,1,1.1,46.28,B — Medium
High DVM Performers - Expensive but with Good Durability (subscription),trendlyne,valuation,relative_or_absolute_value,bullish,long_term,0.74,0.07920792079207921,1,1,1.1,46.28,B — Medium
High DVM Mid and Small Caps (subscription),trendlyne,valuation,relative_or_absolute_value,bullish,long_term,0.74,0.07920792079207921,1,1,1.1,46.28,B — Medium
Strong Performers - High DVM Stocks,trendlyne,valuation,relative_or_absolute_value,bullish,long_term,0.74,0.07920792079207921,1,1,1.1,46.28,B — Medium
"Global Value StocksHighlights attractively priced stocks with global exposure, appealing to investors seeking undervalued opportunities in various markets. Selects stocks where Trailing Twelve Months (TTM) Price-to-Earnings ratio is below 12.",etnow,valuation,relative_or_absolute_value,bearish,long_term,0.8200000000000001,0.07920792079207921,1,0.9,1.1,46.15,B — Medium
"Small-Cap Value Stocks with Growth Potential Focuses on small-cap value stocks with potential for growth, catering to investors seeking both value and appreciation. Selects stocks with Market Cap under INR 7,500 Crores, Trailing Twelve Months (TTM) Price-to-Earnings ratio below 12, and EPS growth exceeding 4%.",etnow,valuation,relative_or_absolute_value,bearish,long_term,0.8200000000000001,0.07920792079207921,1,0.9,1.1,46.15,B — Medium
Low Price to Book This screener helps you identify stocks having P/B ratio less than,etnow,valuation,relative_or_absolute_value,bearish,long_term,0.8200000000000001,0.07920792079207921,1,0.9,1.1,46.15,B — Medium
"Low PEG RatioExplore a data page highlighting stocks with a favorable Price/Earnings to Growth (PEG) ratio, indicating potential undervaluation and attractive investment opportunities",etnow,valuation,relative_or_absolute_value,bearish,long_term,0.8200000000000001,0.07920792079207921,1,0.9,1.1,46.15,B — Medium
Stocks with Low PEThis screener helps you identify undervalued stocks on the basis of price-to-earnings ratio,etnow,valuation,relative_or_absolute_value,bearish,long_term,0.8200000000000001,0.07920792079207921,1,0.9,1.1,46.15,B — Medium
"Price below Book Value Discover undervalued Indian stocks, including Sensex and Nifty components, trading below their book value, offering potential value opportunities for investors",etnow,valuation,relative_or_absolute_value,bearish,long_term,0.8200000000000001,0.07920792079207921,1,0.9,1.1,46.15,B — Medium
Price to Book Value Below Industry,moneycontrol,valuation,relative_or_absolute_value,bearish,long_term,0.8200000000000001,0.07920792079207921,1,0.9,1.1,46.15,B — Medium
"Low Beta Stocks with Strong Financials Highlights low volatility stocks with robust financial health, catering to investors seeking both stability and quality. Targets stocks with 3-month Beta under 0.6 and Current Ratio exceeding 2.",etnow,fundamental_quality,balance_sheet_quality,neutral,positional,0.74,0.1188118811881188,1.05,0.65,1.05,45.22,B — Medium
Increasing public shareholding in the past quarter (QoQ),trendlyne,ownership_institutional,institutional_activity,bullish,positional,0.74,0.06930693069306931,1.15,1,1.05,44.45,C — Low
Increasing public shareholding in the past quarter (QoQ) and year (YoY),trendlyne,ownership_institutional,institutional_activity,bullish,positional,0.74,0.06930693069306931,1.15,1,1.05,44.45,C — Low
Mutual Funds Decreased Shareholding in Past Month,trendlyne,ownership_institutional,institutional_activity,bearish,positional,0.8200000000000001,0.06930693069306931,1.15,0.9,1.05,44.33,C — Low
Quarterly Profit Growth YoY higher than Sector Profit Growth YoY,trendlyne,fundamental_growth,earnings_growth,neutral,long_term,0.74,0.09900990099009901,1.15,0.65,1.1,43.24,C — Low
Net Profit Growth over 200% both YoY and QoQ,trendlyne,fundamental_growth,earnings_growth,neutral,long_term,0.74,0.09900990099009901,1.15,0.65,1.1,43.24,C — Low
Annual Profit Growth higher than Industry Profit Growth,trendlyne,fundamental_growth,earnings_growth,neutral,long_term,0.74,0.09900990099009901,1.15,0.65,1.1,43.24,C — Low
Annual Profit Growth less than Industry Profit Growth,trendlyne,fundamental_growth,earnings_growth,neutral,long_term,0.74,0.09900990099009901,1.15,0.65,1.1,43.24,C — Low
Annual Profit Growth higher than Sector Profit Growth,trendlyne,fundamental_growth,earnings_growth,neutral,long_term,0.74,0.09900990099009901,1.15,0.65,1.1,43.24,C — Low
"Growth StocksPinpoints stocks with robust Earnings Per Share (EPS) growth, highlighting companies potentially experiencing rapid expansion and future profitability. Selects stocks where EPS growth is greater than 4%.",etnow,fundamental_growth,earnings_growth,neutral,long_term,0.74,0.09900990099009901,1.15,0.65,1.1,43.24,C — Low
Annual Profit Growth less than Sector Profit Growth,trendlyne,fundamental_growth,earnings_growth,neutral,long_term,0.74,0.09900990099009901,1.15,0.65,1.1,43.24,C — Low
Quarterly Profit Growth YoY higher than Industry Profit Growth YoY,trendlyne,fundamental_growth,earnings_growth,neutral,long_term,0.74,0.09900990099009901,1.15,0.65,1.1,43.24,C — Low
Rocket Profit,moneycontrol,fundamental_growth,earnings_growth,neutral,long_term,0.74,0.09900990099009901,1.15,0.65,1.1,43.24,C — Low
Quarterly Growers,trendlyne,fundamental_growth,earnings_growth,neutral,long_term,0.74,0.09900990099009901,1.15,0.65,1.1,43.24,C — Low
Quarterly Profit Growth YoY less than Industry Profit Growth YoY,trendlyne,fundamental_growth,earnings_growth,neutral,long_term,0.74,0.09900990099009901,1.15,0.65,1.1,43.24,C — Low
Quarterly Profit Growth YoY less than Sector Profit Growth YoY,trendlyne,fundamental_growth,earnings_growth,neutral,long_term,0.74,0.09900990099009901,1.15,0.65,1.1,43.24,C — Low
EPS Champions,moneycontrol,fundamental_growth,earnings_growth,neutral,long_term,0.74,0.09900990099009901,1.15,0.65,1.1,43.24,C — Low
"Rising Profits, Falling Margins",moneycontrol,fundamental_growth,earnings_growth,neutral,long_term,0.74,0.09900990099009901,1.15,0.65,1.1,43.24,C — Low
Profit Pearls,moneycontrol,fundamental_growth,earnings_growth,neutral,long_term,0.74,0.09900990099009901,1.15,0.65,1.1,43.24,C — Low
Profit Pioneers,moneycontrol,fundamental_growth,earnings_growth,neutral,long_term,0.74,0.09900990099009901,1.15,0.65,1.1,43.24,C — Low
Stellar Earnings Growth List of stocks which have grown immensly on a QoQ basis,etnow,fundamental_growth,earnings_growth,neutral,long_term,0.74,0.09900990099009901,1.15,0.65,1.1,43.24,C — Low
Relative Outperformance versus Nifty500 over Half Year (6 Months),trendlyne,technical_momentum,relative_strength,bullish,swing,0.8200000000000001,0.06930693069306931,1.1,1,0.95,42.63,C — Low
Relative Outperformance versus Sensex over 1 Week,trendlyne,technical_momentum,relative_strength,bullish,swing,0.8200000000000001,0.06930693069306931,1.1,1,0.95,42.63,C — Low
Relative Outperformance versus Sector over Day,trendlyne,technical_momentum,relative_strength,bullish,swing,0.8200000000000001,0.06930693069306931,1.1,1,0.95,42.63,C — Low
Relative Outperformance versus Nifty500 over 2 Years,trendlyne,technical_momentum,relative_strength,bullish,swing,0.8200000000000001,0.06930693069306931,1.1,1,0.95,42.63,C — Low
Relative Outperformance versus Nifty500 over 3 Years,trendlyne,technical_momentum,relative_strength,bullish,swing,0.8200000000000001,0.06930693069306931,1.1,1,0.95,42.63,C — Low
Relative Outperformance versus Nifty500 over 5 Years,trendlyne,technical_momentum,relative_strength,bullish,swing,0.8200000000000001,0.06930693069306931,1.1,1,0.95,42.63,C — Low
Relative Outperformance versus Sensex over 1 Month,trendlyne,technical_momentum,relative_strength,bullish,swing,0.8200000000000001,0.06930693069306931,1.1,1,0.95,42.63,C — Low
Relative Outperformance versus Sector over the Quarter (3 Months),trendlyne,technical_momentum,relative_strength,bullish,swing,0.8200000000000001,0.06930693069306931,1.1,1,0.95,42.63,C — Low
Relative Outperformance versus Sector over Half Year (6 Months),trendlyne,technical_momentum,relative_strength,bullish,swing,0.8200000000000001,0.06930693069306931,1.1,1,0.95,42.63,C — Low
Relative Outperformance versus Sector over 2 Years,trendlyne,technical_momentum,relative_strength,bullish,swing,0.8200000000000001,0.06930693069306931,1.1,1,0.95,42.63,C — Low
Relative Outperformance versus Sector over 3 Years,trendlyne,technical_momentum,relative_strength,bullish,swing,0.8200000000000001,0.06930693069306931,1.1,1,0.95,42.63,C — Low
Relative Outperformance versus Nifty50 over the Quarter (3 Months),trendlyne,technical_momentum,relative_strength,bullish,swing,0.8200000000000001,0.06930693069306931,1.1,1,0.95,42.63,C — Low
Relative Outperformance versus Sector over 10 Years,trendlyne,technical_momentum,relative_strength,bullish,swing,0.8200000000000001,0.06930693069306931,1.1,1,0.95,42.63,C — Low
Relative Outperformance versus Nifty500 over Quarter (3 Months),trendlyne,technical_momentum,relative_strength,bullish,swing,0.8200000000000001,0.06930693069306931,1.1,1,0.95,42.63,C — Low
Relative Outperformance versus Sector over 1 Month,trendlyne,technical_momentum,relative_strength,bullish,swing,0.8200000000000001,0.06930693069306931,1.1,1,0.95,42.63,C — Low
Relative Outperformance versus Nifty500 over 1 Week,trendlyne,technical_momentum,relative_strength,bullish,swing,0.8200000000000001,0.06930693069306931,1.1,1,0.95,42.63,C — Low
Relative Outperformance versus Nifty500 over 1 Month,trendlyne,technical_momentum,relative_strength,bullish,swing,0.8200000000000001,0.06930693069306931,1.1,1,0.95,42.63,C — Low
Relative Outperformance versus Nifty500 over 1 Year,trendlyne,technical_momentum,relative_strength,bullish,swing,0.8200000000000001,0.06930693069306931,1.1,1,0.95,42.63,C — Low
Relative Outperformance versus Nifty500 over 10 Years,trendlyne,technical_momentum,relative_strength,bullish,swing,0.8200000000000001,0.06930693069306931,1.1,1,0.95,42.63,C — Low
Relative Outperformance versus Sector over 1 Week,trendlyne,technical_momentum,relative_strength,bullish,swing,0.8200000000000001,0.06930693069306931,1.1,1,0.95,42.63,C — Low
Relative Outperformance versus Nifty50 over Day,trendlyne,technical_momentum,relative_strength,bullish,swing,0.8200000000000001,0.06930693069306931,1.1,1,0.95,42.63,C — Low
Relative Outperformance versus Nifty50 over 2 Years,trendlyne,technical_momentum,relative_strength,bullish,swing,0.8200000000000001,0.06930693069306931,1.1,1,0.95,42.63,C — Low
Relative Outperformance versus Industry over 3 Years,trendlyne,technical_momentum,relative_strength,bullish,swing,0.8200000000000001,0.06930693069306931,1.1,1,0.95,42.63,C — Low
Relative Outperformance versus Industry over 2 Years,trendlyne,technical_momentum,relative_strength,bullish,swing,0.8200000000000001,0.06930693069306931,1.1,1,0.95,42.63,C — Low
Relative Outperformance versus Industry over 10 Years,trendlyne,technical_momentum,relative_strength,bullish,swing,0.8200000000000001,0.06930693069306931,1.1,1,0.95,42.63,C — Low
Relative Outperformance versus Nifty50 over 1 Year,trendlyne,technical_momentum,relative_strength,bullish,swing,0.8200000000000001,0.06930693069306931,1.1,1,0.95,42.63,C — Low
Relative Outperformance versus Nifty50 over 10 Years,trendlyne,technical_momentum,relative_strength,bullish,swing,0.8200000000000001,0.06930693069306931,1.1,1,0.95,42.63,C — Low
Relative Outperformance versus Nifty50 over 1 Week,trendlyne,technical_momentum,relative_strength,bullish,swing,0.8200000000000001,0.06930693069306931,1.1,1,0.95,42.63,C — Low
Relative Outperformance versus Nifty50 over 3 Years,trendlyne,technical_momentum,relative_strength,bullish,swing,0.8200000000000001,0.06930693069306931,1.1,1,0.95,42.63,C — Low
Relative Outperformance versus Nifty50 over Half Year (6 Months),trendlyne,technical_momentum,relative_strength,bullish,swing,0.8200000000000001,0.06930693069306931,1.1,1,0.95,42.63,C — Low
Relative Outperformance versus Industry over 1 Year,trendlyne,technical_momentum,relative_strength,bullish,swing,0.8200000000000001,0.06930693069306931,1.1,1,0.95,42.63,C — Low
Relative Outperformance versus Industry over 1 Week,trendlyne,technical_momentum,relative_strength,bullish,swing,0.8200000000000001,0.06930693069306931,1.1,1,0.95,42.63,C — Low
Relative Outperformance versus Industry over 1 Month,trendlyne,technical_momentum,relative_strength,bullish,swing,0.8200000000000001,0.06930693069306931,1.1,1,0.95,42.63,C — Low
Relative Outperformance versus Nifty50 over 1 Month,trendlyne,technical_momentum,relative_strength,bullish,swing,0.8200000000000001,0.06930693069306931,1.1,1,0.95,42.63,C — Low
Relative Outperformance versus Industry over the Quarter (3 Months),trendlyne,technical_momentum,relative_strength,bullish,swing,0.8200000000000001,0.06930693069306931,1.1,1,0.95,42.63,C — Low
Relative Outperformance versus Industry over Half Year (6 Months),trendlyne,technical_momentum,relative_strength,bullish,swing,0.8200000000000001,0.06930693069306931,1.1,1,0.95,42.63,C — Low
Relative Outperformance versus Industry over Day,trendlyne,technical_momentum,relative_strength,bullish,swing,0.8200000000000001,0.06930693069306931,1.1,1,0.95,42.63,C — Low
Relative Outperformance versus Industry over 5 Years,trendlyne,technical_momentum,relative_strength,bullish,swing,0.8200000000000001,0.06930693069306931,1.1,1,0.95,42.63,C — Low
Relative Outperformance versus Sector over 5 Years,trendlyne,technical_momentum,relative_strength,bullish,swing,0.8200000000000001,0.06930693069306931,1.1,1,0.95,42.63,C — Low
Relative Outperformance versus sector over 1 Year,trendlyne,technical_momentum,relative_strength,bullish,swing,0.8200000000000001,0.06930693069306931,1.1,1,0.95,42.63,C — Low
Relative Outperformance versus Sensex over the Quarter (3 Months),trendlyne,technical_momentum,relative_strength,bullish,swing,0.8200000000000001,0.06930693069306931,1.1,1,0.95,42.63,C — Low
Relative Outperformance versus Sensex over Half Year (6 Months),trendlyne,technical_momentum,relative_strength,bullish,swing,0.8200000000000001,0.06930693069306931,1.1,1,0.95,42.63,C — Low
Relative Outperformance versus Sensex over Day,trendlyne,technical_momentum,relative_strength,bullish,swing,0.8200000000000001,0.06930693069306931,1.1,1,0.95,42.63,C — Low
Relative Outperformance versus Sensex over 5 Years,trendlyne,technical_momentum,relative_strength,bullish,swing,0.8200000000000001,0.06930693069306931,1.1,1,0.95,42.63,C — Low
Relative Outperformance versus Sensex over 3 Years,trendlyne,technical_momentum,relative_strength,bullish,swing,0.8200000000000001,0.06930693069306931,1.1,1,0.95,42.63,C — Low
Relative Outperformance versus Sensex over 2 Years,trendlyne,technical_momentum,relative_strength,bullish,swing,0.8200000000000001,0.06930693069306931,1.1,1,0.95,42.63,C — Low
Relative Outperformance versus Nifty500 over Day,trendlyne,technical_momentum,relative_strength,bullish,swing,0.8200000000000001,0.06930693069306931,1.1,1,0.95,42.63,C — Low
Relative Outperformance versus Sensex over 10 Years,trendlyne,technical_momentum,relative_strength,bullish,swing,0.8200000000000001,0.06930693069306931,1.1,1,0.95,42.63,C — Low
Relative Outperformance versus Sensex over 1 Year,trendlyne,technical_momentum,relative_strength,bullish,swing,0.8200000000000001,0.06930693069306931,1.1,1,0.95,42.63,C — Low
Relative Outperformance versus Nifty50 over 5 Years,trendlyne,technical_momentum,relative_strength,bullish,swing,0.8200000000000001,0.06930693069306931,1.1,1,0.95,42.63,C — Low
Bullish Turtle Trading,moneycontrol,technical_breakout,price_breakout,bullish,swing,0.74,0.07920792079207921,1.05,1,0.95,41.97,C — Low
Bullish Breakaway (Daily),moneycontrol,technical_breakout,price_breakout,bullish,swing,0.74,0.07920792079207921,1.05,1,0.95,41.97,C — Low
2H Bollinger Band Breakout,trendlyne,technical_breakout,price_breakout,bullish,swing,0.74,0.07920792079207921,1.05,1,0.95,41.97,C — Low
Price Near 52W High ZoneStocks where price has reached very close to its 52 week high price which indicates a possible price breakout,etnow,technical_breakout,price_breakout,bullish,swing,0.74,0.07920792079207921,1.05,1,0.95,41.97,C — Low
Previous Day Breakout - Up List of stocks which have closed above their previous day's high price,etnow,technical_breakout,price_breakout,bullish,swing,0.74,0.07920792079207921,1.05,1,0.95,41.97,C — Low
Previous Month Breakout - UpList of stocks which have closed above their previous month's high price,etnow,technical_breakout,price_breakout,bullish,swing,0.74,0.07920792079207921,1.05,1,0.95,41.97,C — Low
Swing Breakout,moneycontrol,technical_breakout,price_breakout,bullish,swing,0.74,0.07920792079207921,1.05,1,0.95,41.97,C — Low
Smart Breakout,moneycontrol,technical_breakout,price_breakout,bullish,swing,0.74,0.07920792079207921,1.05,1,0.95,41.97,C — Low
"Close Crossing Last Month Close from AboveLast month's closing price above crossing in Indian stock market signals potential market sentiment shift, aiding traders and investors.",etnow,technical_breakout,price_breakout,bullish,swing,0.74,0.07920792079207921,1.05,1,0.95,41.97,C — Low
Month Bollinger Band Breakout,trendlyne,technical_breakout,price_breakout,bullish,swing,0.74,0.07920792079207921,1.05,1,0.95,41.97,C — Low
"Close Above Last Month HighIdentify Indian stocks, like Sensex and Nifty, closing above the prior month's highest price, aiding traders and investors in spotting bullish trends",etnow,technical_breakout,price_breakout,bullish,swing,0.74,0.07920792079207921,1.05,1,0.95,41.97,C — Low
RSI Power Breakout,moneycontrol,technical_breakout,price_breakout,bullish,swing,0.74,0.07920792079207921,1.05,1,0.95,41.97,C — Low
52W High Breakout - Up Stocks where price has crossed above its 52 week high price which is considered as a bullish signal,etnow,technical_breakout,price_breakout,bullish,swing,0.74,0.07920792079207921,1.05,1,0.95,41.97,C — Low
Momentum Breakout,moneycontrol,technical_breakout,price_breakout,bullish,swing,0.74,0.07920792079207921,1.05,1,0.95,41.97,C — Low
1H Bollinger Band Breakout,trendlyne,technical_breakout,price_breakout,bullish,swing,0.74,0.07920792079207921,1.05,1,0.95,41.97,C — Low
Perfect Buy,moneycontrol,technical_breakout,price_breakout,bullish,swing,0.74,0.07920792079207921,1.05,1,0.95,41.97,C — Low
3 Year Breakout,moneycontrol,technical_breakout,price_breakout,bullish,swing,0.74,0.07920792079207921,1.05,1,0.95,41.97,C — Low
Bollinger Band Breakout,trendlyne,technical_breakout,price_breakout,bullish,swing,0.74,0.07920792079207921,1.05,1,0.95,41.97,C — Low
Price above Pivot,trendlyne,technical_breakout,price_breakout,bullish,swing,0.74,0.07920792079207921,1.05,1,0.95,41.97,C — Low
Strong Bullish Breakout,trendlyne,technical_breakout,price_breakout,bullish,swing,0.74,0.07920792079207921,1.05,1,0.95,41.97,C — Low
Week Bollinger Band Breakout,trendlyne,technical_breakout,price_breakout,bullish,swing,0.74,0.07920792079207921,1.05,1,0.95,41.97,C — Low
5 Year Breakout,moneycontrol,technical_breakout,price_breakout,bullish,swing,0.74,0.07920792079207921,1.05,1,0.95,41.97,C — Low
Positive Breakout - Short Trend,trendlyne,technical_breakout,price_breakout,bullish,swing,0.74,0.07920792079207921,1.05,1,0.95,41.97,C — Low
2 year Breakout,moneycontrol,technical_breakout,price_breakout,bullish,swing,0.74,0.07920792079207921,1.05,1,0.95,41.97,C — Low
Positive Breakout - Medium Trend,trendlyne,technical_breakout,price_breakout,bullish,swing,0.74,0.07920792079207921,1.05,1,0.95,41.97,C — Low
Low Public Holding,moneycontrol,ownership_institutional,institutional_activity,bearish,long_term,0.74,0.06930693069306931,1.15,0.9,1.1,41.91,C — Low
Decreasing public shareholding over the past two years,trendlyne,ownership_institutional,institutional_activity,bearish,long_term,0.74,0.06930693069306931,1.15,0.9,1.1,41.91,C — Low
"Negative profit growth, promoters decreasing shareholding QoQ",trendlyne,ownership_institutional,institutional_activity,bearish,long_term,0.74,0.06930693069306931,1.15,0.9,1.1,41.91,C — Low
Promoter holding decreased by more than -2% QoQ,trendlyne,ownership_institutional,institutional_activity,bearish,long_term,0.74,0.06930693069306931,1.15,0.9,1.1,41.91,C — Low
Decreasing public shareholding in the past year (YoY),trendlyne,ownership_institutional,institutional_activity,bearish,long_term,0.74,0.06930693069306931,1.15,0.9,1.1,41.91,C — Low
Negative Breakdown Second Support (LTP < S2),trendlyne,technical_breakout,price_breakout,bearish,swing,0.8200000000000001,0.07920792079207921,1.05,0.9,0.95,41.85,C — Low
Triangle Breakdown,moneycontrol,technical_breakout,price_breakout,bearish,swing,0.8200000000000001,0.07920792079207921,1.05,0.9,0.95,41.85,C — Low
Breakdown after consolidation,moneycontrol,technical_breakout,price_breakout,bearish,swing,0.8200000000000001,0.07920792079207921,1.05,0.9,0.95,41.85,C — Low
Negative Breakdown First Support (LTP < S1),trendlyne,technical_breakout,price_breakout,bearish,swing,0.8200000000000001,0.07920792079207921,1.05,0.9,0.95,41.85,C — Low
Negative Breakdown Third Support (LTP < S3),trendlyne,technical_breakout,price_breakout,bearish,swing,0.8200000000000001,0.07920792079207921,1.05,0.9,0.95,41.85,C — Low
Squeeze Breakdown,moneycontrol,technical_breakout,price_breakout,bearish,swing,0.8200000000000001,0.07920792079207921,1.05,0.9,0.95,41.85,C — Low
Low P/E Ratio Stocks Low P/E Ratio Stocks,etnow,valuation,relative_or_absolute_value,bearish,long_term,0.74,0.07920792079207921,1,0.9,1.1,41.65,C — Low
"Low PE stocks with PE TTM lower than 3 year, 5 year and 10 year average PE",trendlyne,valuation,relative_or_absolute_value,bearish,long_term,0.74,0.07920792079207921,1,0.9,1.1,41.65,C — Low
Low PE Stocks,moneycontrol,valuation,relative_or_absolute_value,bearish,long_term,0.74,0.07920792079207921,1,0.9,1.1,41.65,C — Low
Stocks in P/BV Sell Zone,trendlyne,valuation,relative_or_absolute_value,bearish,long_term,0.74,0.07920792079207921,1,0.9,1.1,41.65,C — Low
Falling Comet (DVM),trendlyne,valuation,relative_or_absolute_value,bearish,long_term,0.74,0.07920792079207921,1,0.9,1.1,41.65,C — Low
Expensive Underperformers (DVM),trendlyne,valuation,relative_or_absolute_value,bearish,long_term,0.74,0.07920792079207921,1,0.9,1.1,41.65,C — Low
Low Price to SalesStocks with price-to-sales ratio of less than,etnow,valuation,relative_or_absolute_value,bearish,long_term,0.74,0.07920792079207921,1,0.9,1.1,41.65,C — Low
Stocks in the PE Sell Zone,trendlyne,valuation,relative_or_absolute_value,bearish,long_term,0.74,0.07920792079207921,1,0.9,1.1,41.65,C — Low
Safe Haven Low beta undervalued stocks to help protect against market volatility,etnow,valuation,relative_or_absolute_value,bearish,long_term,0.74,0.07920792079207921,1,0.9,1.1,41.65,C — Low
Weak Stocks (DVM),trendlyne,valuation,relative_or_absolute_value,bearish,long_term,0.74,0.07920792079207921,1,0.9,1.1,41.65,C — Low
Annual Revenue Growth lower than Sector Revenue Growth,trendlyne,fundamental_growth,revenue_growth,neutral,long_term,0.74,0.09900990099009901,1.1,0.65,1.1,41.36,C — Low
10X Sales Growth Explosion,moneycontrol,fundamental_growth,revenue_growth,neutral,long_term,0.74,0.09900990099009901,1.1,0.65,1.1,41.36,C — Low
Annual Revenue Growth less than Industry Revenue Growth,trendlyne,fundamental_growth,revenue_growth,neutral,long_term,0.74,0.09900990099009901,1.1,0.65,1.1,41.36,C — Low
Annual Revenue Growth higher than Sector Revenue Growth,trendlyne,fundamental_growth,revenue_growth,neutral,long_term,0.74,0.09900990099009901,1.1,0.65,1.1,41.36,C — Low
Sales Pioneers,moneycontrol,fundamental_growth,revenue_growth,neutral,long_term,0.74,0.09900990099009901,1.1,0.65,1.1,41.36,C — Low
"Rising Revenue, Falling Debt",moneycontrol,fundamental_growth,revenue_growth,neutral,long_term,0.74,0.09900990099009901,1.1,0.65,1.1,41.36,C — Low
Annual Revenue Growth higher than Industry Revenue Growth,trendlyne,fundamental_growth,revenue_growth,neutral,long_term,0.74,0.09900990099009901,1.1,0.65,1.1,41.36,C — Low
Quarter Revenue and Net profit Growth YoY higher than Industry Revenue and Net Profit Growth,trendlyne,fundamental_growth,earnings_growth,neutral,positional,0.74,0.09900990099009901,1.15,0.65,1.05,41.28,C — Low
Decreasing public shareholding in the past quarter (QoQ) and year (YoY),trendlyne,ownership_institutional,institutional_activity,bearish,positional,0.74,0.06930693069306931,1.15,0.9,1.05,40.01,C — Low
"Low Price-to-Book (P/B) Stocks with High Earnings GrowthIdentifies value-oriented stocks with attractive valuations and high earnings growth potential, appealing to investors seeking undervalued growth. Screens stocks with Trailing Twelve Months (TTM) Price-to-Book ratio below 1.5 and EPS growth exceeding 12%.",etnow,valuation,relative_or_absolute_value,neutral,long_term,0.98,0.07920792079207921,1,0.65,1.1,39.84,C — Low
"Low Price-to-Book (P/B) Dividend StocksFocuses on dividend stocks with attractive valuations relative to their book value, catering to income-oriented value investors. Screens stocks with Trailing Twelve Months (TTM) Price-to-Book ratio below 1.5 and Dividend Yield above 2.",etnow,valuation,relative_or_absolute_value,neutral,long_term,0.98,0.07920792079207921,1,0.65,1.1,39.84,C — Low
"Dividend Stocks with Low Price-to-Book (P/B) RatioFocuses on dividend-paying stocks with attractive valuations relative to book value, catering to value and income-oriented investors. Screens stocks with Dividend Yield above 3% and Trailing Twelve Months (TTM) Price-to-Book ratio below 1.5.",etnow,valuation,relative_or_absolute_value,neutral,long_term,0.98,0.07920792079207921,1,0.65,1.1,39.84,C — Low
"Bargain StocksFlags stocks with attractive valuations and healthy financials, suitable for investors seeking both undervaluation and solid growth potential. Selects stocks where Price/Earnings to Growth (PEG) ratio is under 1 and Debt-to-Equity ratio is less than 0.5.",etnow,valuation,relative_or_absolute_value,neutral,long_term,0.98,0.07920792079207921,1,0.65,1.1,39.84,C — Low
Quarter Revenue Growth YoY higher than Sector Revenue Growth,trendlyne,fundamental_growth,revenue_growth,neutral,positional,0.74,0.09900990099009901,1.1,0.65,1.05,39.48,C — Low
Quarter Revenue Growth YoY less than Sector Revenue Growth,trendlyne,fundamental_growth,revenue_growth,neutral,positional,0.74,0.09900990099009901,1.1,0.65,1.05,39.48,C — Low
Quarter Revenue Growth YoY higher than Industry Revenue Growth,trendlyne,fundamental_growth,revenue_growth,neutral,positional,0.74,0.09900990099009901,1.1,0.65,1.05,39.48,C — Low
Quarter Revenue Growth YoY less than Industry Revenue Growth,trendlyne,fundamental_growth,revenue_growth,neutral,positional,0.74,0.09900990099009901,1.1,0.65,1.05,39.48,C — Low
Stocks Near 52W HighList of stocks which have reached very close to their 52 week High prices,etnow,technical_momentum,price_leadership,bullish,swing,0.74,0.06930693069306931,1.1,1,0.95,38.47,C — Low
"Rising Delivery Percentage compared to Previous Day and Month, and Rising Momentum Score (Subscription)",trendlyne,technical_momentum,relative_strength,bullish,swing,0.74,0.06930693069306931,1.1,1,0.95,38.47,C — Low
Quarterly GainersList of stocks which have gained more than 30% in last 3 months,etnow,technical_momentum,price_leadership,bullish,swing,0.74,0.06930693069306931,1.1,1,0.95,38.47,C — Low
Top Gainers List of stocks which have gained more than 2% in a single day,etnow,technical_momentum,price_leadership,bullish,swing,0.74,0.06930693069306931,1.1,1,0.95,38.47,C — Low
Stocks trading within 5% of their week high,trendlyne,technical_momentum,price_leadership,bullish,swing,0.74,0.06930693069306931,1.1,1,0.95,38.47,C — Low
Top gainers of the past 10 years,trendlyne,technical_momentum,price_leadership,bullish,swing,0.74,0.06930693069306931,1.1,1,0.95,38.47,C — Low
Top Gainers of the Day,trendlyne,technical_momentum,price_leadership,bullish,swing,0.74,0.06930693069306931,1.1,1,0.95,38.47,C — Low
Top gainers of the week,trendlyne,technical_momentum,price_leadership,bullish,swing,0.74,0.06930693069306931,1.1,1,0.95,38.47,C — Low
Top gainers of the past 5 years,trendlyne,technical_momentum,price_leadership,bullish,swing,0.74,0.06930693069306931,1.1,1,0.95,38.47,C — Low
Top gainers of the past 6-months,trendlyne,technical_momentum,price_leadership,bullish,swing,0.74,0.06930693069306931,1.1,1,0.95,38.47,C — Low
Pharma Stocks with Rising Momentum,trendlyne,technical_momentum,relative_strength,bullish,swing,0.74,0.06930693069306931,1.1,1,0.95,38.47,C — Low
New 5-year high today,trendlyne,technical_momentum,price_leadership,bullish,swing,0.74,0.06930693069306931,1.1,1,0.95,38.47,C — Low
New 1 week high today,trendlyne,technical_momentum,price_leadership,bullish,swing,0.74,0.06930693069306931,1.1,1,0.95,38.47,C — Low
NSE Stocks that Hit Upper Circuit Today,trendlyne,technical_momentum,price_leadership,bullish,swing,0.74,0.06930693069306931,1.1,1,0.95,38.47,C — Low
New 3-year high today,trendlyne,technical_momentum,price_leadership,bullish,swing,0.74,0.06930693069306931,1.1,1,0.95,38.47,C — Low
New 52 week high today,trendlyne,technical_momentum,price_leadership,bullish,swing,0.74,0.06930693069306931,1.1,1,0.95,38.47,C — Low
All Time High,moneycontrol,technical_momentum,price_leadership,bullish,swing,0.74,0.06930693069306931,1.1,1,0.95,38.47,C — Low
Weekly Screener: High Momentum Score Stocks (subscription),trendlyne,technical_momentum,relative_strength,bullish,swing,0.74,0.06930693069306931,1.1,1,0.95,38.47,C — Low
52 Week High,moneycontrol,technical_momentum,price_leadership,bullish,swing,0.74,0.06930693069306931,1.1,1,0.95,38.47,C — Low
New 6-month high today,trendlyne,technical_momentum,price_leadership,bullish,swing,0.74,0.06930693069306931,1.1,1,0.95,38.47,C — Low
Near 52 Week High,trendlyne,technical_momentum,price_leadership,bullish,swing,0.74,0.06930693069306931,1.1,1,0.95,38.47,C — Low
Week Stochastic oscillator bullish momentum,trendlyne,technical_momentum,relative_strength,bullish,swing,0.74,0.06930693069306931,1.1,1,0.95,38.47,C — Low
Weekly Momentum Gainers,trendlyne,technical_momentum,relative_strength,bullish,swing,0.74,0.06930693069306931,1.1,1,0.95,38.47,C — Low
NSE Stocks at Upper Circuit,trendlyne,technical_momentum,price_leadership,bullish,swing,0.74,0.06930693069306931,1.1,1,0.95,38.47,C — Low
New 1 month high today,trendlyne,technical_momentum,price_leadership,bullish,swing,0.74,0.06930693069306931,1.1,1,0.95,38.47,C — Low
Bold Bulls,moneycontrol,technical_momentum,price_leadership,bullish,swing,0.74,0.06930693069306931,1.1,1,0.95,38.47,C — Low
New quarterly high today,trendlyne,technical_momentum,price_leadership,bullish,swing,0.74,0.06930693069306931,1.1,1,0.95,38.47,C — Low
Top gainers of the past 1 year,trendlyne,technical_momentum,price_leadership,bullish,swing,0.74,0.06930693069306931,1.1,1,0.95,38.47,C — Low
"Momentum Stocks Highlights stocks with recent strong price performance, indicating upward price trends that may attract short-term traders and momentum-based investors. Screens for stocks with 1-month returns exceeding 10%.",etnow,technical_momentum,relative_strength,bullish,swing,0.74,0.06930693069306931,1.1,1,0.95,38.47,C — Low
Outperformers In Family Owned Companies,trendlyne,technical_momentum,relative_strength,bullish,swing,0.74,0.06930693069306931,1.1,1,0.95,38.47,C — Low
"Strong Momentum: Price above short, medium and long term moving averages",trendlyne,technical_momentum,relative_strength,bullish,swing,0.74,0.06930693069306931,1.1,1,0.95,38.47,C — Low
"Increasing Trading Activity with Positive Weekly returns - Micro CapExplore Micro-Cap Momentum: Rising Trade Volume, Weekly Gains. Valuable for Investors. Due diligence, market analysis essential before investment.",etnow,technical_momentum,relative_strength,bullish,swing,0.74,0.06930693069306931,1.1,1,0.95,38.47,C — Low
Rising Momentum: Momentum Score Weekly Gainers,trendlyne,technical_momentum,relative_strength,bullish,swing,0.74,0.06930693069306931,1.1,1,0.95,38.47,C — Low
Upward Momentum - Price & Volume Sudden increase in trading activity with high weekly returns,etnow,technical_momentum,relative_strength,bullish,swing,0.74,0.06930693069306931,1.1,1,0.95,38.47,C — Low
Top gainers of the quarter,trendlyne,technical_momentum,price_leadership,bullish,swing,0.74,0.06930693069306931,1.1,1,0.95,38.47,C — Low
Stochastic oscillator bullish momentum,trendlyne,technical_momentum,relative_strength,bullish,swing,0.74,0.06930693069306931,1.1,1,0.95,38.47,C — Low
Monthly GainersList of stocks which have gained more than 15% in a month's time,etnow,technical_momentum,price_leadership,bullish,swing,0.74,0.06930693069306931,1.1,1,0.95,38.47,C — Low
Top gainers of the month,trendlyne,technical_momentum,price_leadership,bullish,swing,0.74,0.06930693069306931,1.1,1,0.95,38.47,C — Low
Top gainers of the past 3 years,trendlyne,technical_momentum,price_leadership,bullish,swing,0.74,0.06930693069306931,1.1,1,0.95,38.47,C — Low
Strong Stocks,moneycontrol,technical_momentum,price_leadership,bullish,swing,0.74,0.06930693069306931,1.1,1,0.95,38.47,C — Low
Significant (over 30%) distance from 52 week high,trendlyne,technical_momentum,price_leadership,bullish,swing,0.74,0.06930693069306931,1.1,1,0.95,38.47,C — Low
"Nifty50 Daily OutperformersDiscover Nifty50 Daily Outperformers, showcasing stocks that consistently outshine the Nifty50 index with higher daily price movements, aiding investment analysis",etnow,technical_momentum,relative_strength,bullish,swing,0.74,0.06930693069306931,1.1,1,0.95,38.47,C — Low
Weekly GainersList of stocks which have gained more than 10% in a week's time,etnow,technical_momentum,price_leadership,bullish,swing,0.74,0.06930693069306931,1.1,1,0.95,38.47,C — Low
High Momentum - Stocks with Highest Trendlyne Momentum Scores and High Volumes,trendlyne,technical_momentum,relative_strength,bullish,swing,0.74,0.06930693069306931,1.1,1,0.95,38.47,C — Low
High Momentum - Stocks with Highest Trendlyne Momentum Score,trendlyne,technical_momentum,relative_strength,bullish,swing,0.74,0.06930693069306931,1.1,1,0.95,38.47,C — Low
Momentum Score (Technical Score) Daily Gainers,trendlyne,technical_momentum,relative_strength,bullish,swing,0.74,0.06930693069306931,1.1,1,0.95,38.47,C — Low
Month Stochastic oscillator bullish momentum,trendlyne,technical_momentum,relative_strength,bullish,swing,0.74,0.06930693069306931,1.1,1,0.95,38.47,C — Low
Industry outperformers in terms of annual growth and capital returns,trendlyne,technical_momentum,relative_strength,bullish,swing,0.74,0.06930693069306931,1.1,1,0.95,38.47,C — Low
Annual GainersList of stocks which have gained more than 60% in last 12 months,etnow,technical_momentum,price_leadership,bullish,swing,0.74,0.06930693069306931,1.1,1,0.95,38.47,C — Low
High Momentum - Stocks with Highest Trendlyne Momentum Score (Full list),trendlyne,technical_momentum,relative_strength,bullish,swing,0.74,0.06930693069306931,1.1,1,0.95,38.47,C — Low
Relative Underperformance versus Sensex over 1 Week,trendlyne,technical_momentum,relative_strength,bearish,swing,0.8200000000000001,0.06930693069306931,1.1,0.9,0.95,38.37,C — Low
Relative Underperformance versus Nifty50 over 1 Month,trendlyne,technical_momentum,relative_strength,bearish,swing,0.8200000000000001,0.06930693069306931,1.1,0.9,0.95,38.37,C — Low
Relative Underperformance versus Nifty50 over 1 Week,trendlyne,technical_momentum,relative_strength,bearish,swing,0.8200000000000001,0.06930693069306931,1.1,0.9,0.95,38.37,C — Low
Relative Underperformance versus Sensex over 3 Years,trendlyne,technical_momentum,relative_strength,bearish,swing,0.8200000000000001,0.06930693069306931,1.1,0.9,0.95,38.37,C — Low
Relative Underperformance versus Nifty500 over 5 Years,trendlyne,technical_momentum,relative_strength,bearish,swing,0.8200000000000001,0.06930693069306931,1.1,0.9,0.95,38.37,C — Low
Relative Underperformance versus Industry over 10 Years,trendlyne,technical_momentum,relative_strength,bearish,swing,0.8200000000000001,0.06930693069306931,1.1,0.9,0.95,38.37,C — Low
Relative Underperformance versus Sensex over 2 Years,trendlyne,technical_momentum,relative_strength,bearish,swing,0.8200000000000001,0.06930693069306931,1.1,0.9,0.95,38.37,C — Low
Relative Underperformance versus Sensex over Half Year (6 Months),trendlyne,technical_momentum,relative_strength,bearish,swing,0.8200000000000001,0.06930693069306931,1.1,0.9,0.95,38.37,C — Low
Relative Underperformance versus Industry over 5 Years,trendlyne,technical_momentum,relative_strength,bearish,swing,0.8200000000000001,0.06930693069306931,1.1,0.9,0.95,38.37,C — Low
Relative Underperformance versus Sensex over 1 Month,trendlyne,technical_momentum,relative_strength,bearish,swing,0.8200000000000001,0.06930693069306931,1.1,0.9,0.95,38.37,C — Low
Relative Underperformance versus Sensex over 5 Years,trendlyne,technical_momentum,relative_strength,bearish,swing,0.8200000000000001,0.06930693069306931,1.1,0.9,0.95,38.37,C — Low
Relative Underperformance versus Sector over 1 Week,trendlyne,technical_momentum,relative_strength,bearish,swing,0.8200000000000001,0.06930693069306931,1.1,0.9,0.95,38.37,C — Low
Relative Underperformance versus Sensex over Quarter (3 Months),trendlyne,technical_momentum,relative_strength,bearish,swing,0.8200000000000001,0.06930693069306931,1.1,0.9,0.95,38.37,C — Low
Relative Underperformance versus Sector over Quarter (3 Months),trendlyne,technical_momentum,relative_strength,bearish,swing,0.8200000000000001,0.06930693069306931,1.1,0.9,0.95,38.37,C — Low
Relative Underperformance versus Sensex over 1 Year,trendlyne,technical_momentum,relative_strength,bearish,swing,0.8200000000000001,0.06930693069306931,1.1,0.9,0.95,38.37,C — Low
Relative Underperformance versus Sensex over 10 Years,trendlyne,technical_momentum,relative_strength,bearish,swing,0.8200000000000001,0.06930693069306931,1.1,0.9,0.95,38.37,C — Low
Relative Underperformance versus Industry over 1 Week,trendlyne,technical_momentum,relative_strength,bearish,swing,0.8200000000000001,0.06930693069306931,1.1,0.9,0.95,38.37,C — Low
Relative Underperformance versus Sensex over Day,trendlyne,technical_momentum,relative_strength,bearish,swing,0.8200000000000001,0.06930693069306931,1.1,0.9,0.95,38.37,C — Low
Relative Underperformance versus Industry over 3 Years,trendlyne,technical_momentum,relative_strength,bearish,swing,0.8200000000000001,0.06930693069306931,1.1,0.9,0.95,38.37,C — Low
Relative Underperformance versus Industry over 2 Years,trendlyne,technical_momentum,relative_strength,bearish,swing,0.8200000000000001,0.06930693069306931,1.1,0.9,0.95,38.37,C — Low
Relative Underperformance versus Industry over 1 Year,trendlyne,technical_momentum,relative_strength,bearish,swing,0.8200000000000001,0.06930693069306931,1.1,0.9,0.95,38.37,C — Low
Relative Underperformance versus Sector over 5 Years,trendlyne,technical_momentum,relative_strength,bearish,swing,0.8200000000000001,0.06930693069306931,1.1,0.9,0.95,38.37,C — Low
Relative Underperformance versus Sector over Half Year (6 Months),trendlyne,technical_momentum,relative_strength,bearish,swing,0.8200000000000001,0.06930693069306931,1.1,0.9,0.95,38.37,C — Low
Relative Underperformance versus Sector over 3 Years,trendlyne,technical_momentum,relative_strength,bearish,swing,0.8200000000000001,0.06930693069306931,1.1,0.9,0.95,38.37,C — Low
Relative Underperformance versus Nifty50 over 2 Years,trendlyne,technical_momentum,relative_strength,bearish,swing,0.8200000000000001,0.06930693069306931,1.1,0.9,0.95,38.37,C — Low
Relative Underperformance versus Industry over 1 Month,trendlyne,technical_momentum,relative_strength,bearish,swing,0.8200000000000001,0.06930693069306931,1.1,0.9,0.95,38.37,C — Low
Relative Underperformance versus Nifty500 over 1 Year,trendlyne,technical_momentum,relative_strength,bearish,swing,0.8200000000000001,0.06930693069306931,1.1,0.9,0.95,38.37,C — Low
Relative Underperformance versus Industry over Day,trendlyne,technical_momentum,relative_strength,bearish,swing,0.8200000000000001,0.06930693069306931,1.1,0.9,0.95,38.37,C — Low
Relative Underperformance versus Nifty500 over 10 Years,trendlyne,technical_momentum,relative_strength,bearish,swing,0.8200000000000001,0.06930693069306931,1.1,0.9,0.95,38.37,C — Low
Relative Underperformance versus Nifty50 over Quarter (3 Months),trendlyne,technical_momentum,relative_strength,bearish,swing,0.8200000000000001,0.06930693069306931,1.1,0.9,0.95,38.37,C — Low
Relative Underperformance versus Nifty500 over 3 Years,trendlyne,technical_momentum,relative_strength,bearish,swing,0.8200000000000001,0.06930693069306931,1.1,0.9,0.95,38.37,C — Low
Relative Underperformance versus Nifty500 over 2 Years,trendlyne,technical_momentum,relative_strength,bearish,swing,0.8200000000000001,0.06930693069306931,1.1,0.9,0.95,38.37,C — Low
Relative Underperformance versus Nifty50 over Half Year (6 Months),trendlyne,technical_momentum,relative_strength,bearish,swing,0.8200000000000001,0.06930693069306931,1.1,0.9,0.95,38.37,C — Low
Relative Underperformance versus Nifty500 over Day,trendlyne,technical_momentum,relative_strength,bearish,swing,0.8200000000000001,0.06930693069306931,1.1,0.9,0.95,38.37,C — Low
Relative Underperformance versus Nifty50 over 3 Years,trendlyne,technical_momentum,relative_strength,bearish,swing,0.8200000000000001,0.06930693069306931,1.1,0.9,0.95,38.37,C — Low
Relative Underperformance versus Sector over 1 Month,trendlyne,technical_momentum,relative_strength,bearish,swing,0.8200000000000001,0.06930693069306931,1.1,0.9,0.95,38.37,C — Low
Relative Underperformance versus Nifty500 over 1 Month,trendlyne,technical_momentum,relative_strength,bearish,swing,0.8200000000000001,0.06930693069306931,1.1,0.9,0.95,38.37,C — Low
Relative Underperformance versus Nifty500 over 1 Week,trendlyne,technical_momentum,relative_strength,bearish,swing,0.8200000000000001,0.06930693069306931,1.1,0.9,0.95,38.37,C — Low
Relative Underperformance versus Nifty500 over Quarter (3 Months),trendlyne,technical_momentum,relative_strength,bearish,swing,0.8200000000000001,0.06930693069306931,1.1,0.9,0.95,38.37,C — Low
Relative Underperformance versus Nifty500 over Half Year (6 Months),trendlyne,technical_momentum,relative_strength,bearish,swing,0.8200000000000001,0.06930693069306931,1.1,0.9,0.95,38.37,C — Low
Relative Underperformance versus Nifty50 over 1 Year,trendlyne,technical_momentum,relative_strength,bearish,swing,0.8200000000000001,0.06930693069306931,1.1,0.9,0.95,38.37,C — Low
Relative Underperformance versus Nifty50 over 10 Years,trendlyne,technical_momentum,relative_strength,bearish,swing,0.8200000000000001,0.06930693069306931,1.1,0.9,0.95,38.37,C — Low
Relative Underperformance versus Nifty50 over 5 Years,trendlyne,technical_momentum,relative_strength,bearish,swing,0.8200000000000001,0.06930693069306931,1.1,0.9,0.95,38.37,C — Low
Relative Underperformance versus Nifty50 over Day,trendlyne,technical_momentum,relative_strength,bearish,swing,0.8200000000000001,0.06930693069306931,1.1,0.9,0.95,38.37,C — Low
Relative Underperformance versus Industry over Quarter (3 Months),trendlyne,technical_momentum,relative_strength,bearish,swing,0.8200000000000001,0.06930693069306931,1.1,0.9,0.95,38.37,C — Low
Relative Underperformance versus Industry over Half Year (6 Months),trendlyne,technical_momentum,relative_strength,bearish,swing,0.8200000000000001,0.06930693069306931,1.1,0.9,0.95,38.37,C — Low
Relative Underperformance versus Sector over 2 Years,trendlyne,technical_momentum,relative_strength,bearish,swing,0.8200000000000001,0.06930693069306931,1.1,0.9,0.95,38.37,C — Low
Relative Underperformance versus Sector over 10 Years,trendlyne,technical_momentum,relative_strength,bearish,swing,0.8200000000000001,0.06930693069306931,1.1,0.9,0.95,38.37,C — Low
Relative Underperformance versus Sector over 1 Year,trendlyne,technical_momentum,relative_strength,bearish,swing,0.8200000000000001,0.06930693069306931,1.1,0.9,0.95,38.37,C — Low
Relative Underperformance versus Sector over Day,trendlyne,technical_momentum,relative_strength,bearish,swing,0.8200000000000001,0.06930693069306931,1.1,0.9,0.95,38.37,C — Low
Month Bollinger Band Breakdown,trendlyne,technical_breakout,price_breakout,bearish,swing,0.74,0.07920792079207921,1.05,0.9,0.95,37.77,C — Low
Momentum Breakdown,moneycontrol,technical_breakout,price_breakout,bearish,swing,0.74,0.07920792079207921,1.05,0.9,0.95,37.77,C — Low
Perfect Sell,moneycontrol,technical_breakout,price_breakout,bearish,swing,0.74,0.07920792079207921,1.05,0.9,0.95,37.77,C — Low
RSI Power Breakdown,moneycontrol,technical_breakout,price_breakout,bearish,swing,0.74,0.07920792079207921,1.05,0.9,0.95,37.77,C — Low
1H Bollinger Band Breakdown,trendlyne,technical_breakout,price_breakout,bearish,swing,0.74,0.07920792079207921,1.05,0.9,0.95,37.77,C — Low
Price Near 52W Low Zone Stocks where price has reached very near to its 52 week low price and indicates a possible breakdown,etnow,technical_breakout,price_breakout,bearish,swing,0.74,0.07920792079207921,1.05,0.9,0.95,37.77,C — Low
Swing Breakdown,moneycontrol,technical_breakout,price_breakout,bearish,swing,0.74,0.07920792079207921,1.05,0.9,0.95,37.77,C — Low
"Close Below Last Month LowDiscover Indian stocks, including Sensex and Nifty, breaking previous month's lows, aiding traders to spot trends and investment opportunities.",etnow,technical_breakout,price_breakout,bearish,swing,0.74,0.07920792079207921,1.05,0.9,0.95,37.77,C — Low
2H Bollinger Band Breakdown,trendlyne,technical_breakout,price_breakout,bearish,swing,0.74,0.07920792079207921,1.05,0.9,0.95,37.77,C — Low
Smart Breakdown,moneycontrol,technical_breakout,price_breakout,bearish,swing,0.74,0.07920792079207921,1.05,0.9,0.95,37.77,C — Low
Negative Momentum Breakdown,trendlyne,technical_breakout,price_breakout,bearish,swing,0.74,0.07920792079207921,1.05,0.9,0.95,37.77,C — Low
Negative Breakouts - Short Trend,trendlyne,technical_breakout,price_breakout,bearish,swing,0.74,0.07920792079207921,1.05,0.9,0.95,37.77,C — Low
Price Below Pivot,trendlyne,technical_breakout,price_breakout,bearish,swing,0.74,0.07920792079207921,1.05,0.9,0.95,37.77,C — Low
Week Bollinger Band Breakdown,trendlyne,technical_breakout,price_breakout,bearish,swing,0.74,0.07920792079207921,1.05,0.9,0.95,37.77,C — Low
2 Year Breakdown,moneycontrol,technical_breakout,price_breakout,bearish,swing,0.74,0.07920792079207921,1.05,0.9,0.95,37.77,C — Low
5 Year Breakdown,moneycontrol,technical_breakout,price_breakout,bearish,swing,0.74,0.07920792079207921,1.05,0.9,0.95,37.77,C — Low
Bearish Breakaway (Daily),moneycontrol,technical_breakout,price_breakout,bearish,swing,0.74,0.07920792079207921,1.05,0.9,0.95,37.77,C — Low
3 Year Breakdown,moneycontrol,technical_breakout,price_breakout,bearish,swing,0.74,0.07920792079207921,1.05,0.9,0.95,37.77,C — Low
Bearish Turtle Trading,moneycontrol,technical_breakout,price_breakout,bearish,swing,0.74,0.07920792079207921,1.05,0.9,0.95,37.77,C — Low
Bollinger Band Breakdown,trendlyne,technical_breakout,price_breakout,bearish,swing,0.74,0.07920792079207921,1.05,0.9,0.95,37.77,C — Low
"Growth Stocks with Strong Cash Flow and Low Price-to-Book (P/B) RatioFocuses on growth-oriented stocks with strong cash flow and attractive valuations, catering to investors seeking growth at reasonable prices. Identifies stocks with EPS growth exceeding 3%, positive Cash from Operations, and TTM Price-to-Book ratio below 1.5.",etnow,valuation,relative_or_absolute_value,neutral,long_term,0.9,0.07920792079207921,1,0.65,1.1,36.59,C — Low
"Low Price-to-Earnings (P/E) Turnaround StocksTargets stocks with potential for turnaround and growth, emphasizing low valuations and positive earnings trends. Filters stocks where Trailing Twelve Months (TTM) Price-to-Earnings ratio is below 10 and EPS growth exceeds 5.",etnow,valuation,relative_or_absolute_value,neutral,long_term,0.9,0.07920792079207921,1,0.65,1.1,36.59,C — Low
Price to Book Value (P/BV) higher than Industry Price to Book Value (P/BV),trendlyne,valuation,relative_or_absolute_value,neutral,long_term,0.9,0.07920792079207921,1,0.65,1.1,36.59,C — Low
Price to Book Value (P/BV) less than Sector Price to Book Value (P/BV),trendlyne,valuation,relative_or_absolute_value,neutral,long_term,0.9,0.07920792079207921,1,0.65,1.1,36.59,C — Low
"Low Price-to-Earnings-to-Growth (PEG) Dividend StocksHighlights dividend stocks with favorable valuations relative to growth potential, catering to income-focused investors. Screens stocks with Trailing Twelve Months (TTM) Price-to-Earnings ratio under 20, PEG Ratio below 1.2, and Dividend Yield above 2.",etnow,valuation,relative_or_absolute_value,neutral,long_term,0.9,0.07920792079207921,1,0.65,1.1,36.59,C — Low
"Value Stocks with Strong Earnings MomentumHighlights value stocks with strong earnings trends, suitable for investors seeking undervalued opportunities with positive earnings momentum. Screens stocks with Trailing Twelve Months (TTM) Price-to-Earnings ratio below 15 and TTM EPS below 15.",etnow,valuation,relative_or_absolute_value,neutral,long_term,0.9,0.07920792079207921,1,0.65,1.1,36.59,C — Low
"Value Stocks with High-Quality Metrics Highlights undervalued stocks that also exhibit strong profitability, appealing to investors seeking both value and financial strength. Screens stocks with Trailing Twelve Months (TTM) Price-to-Earnings ratio below 15 and Return on Equity exceeding 20%.",etnow,valuation,relative_or_absolute_value,neutral,long_term,0.9,0.07920792079207921,1,0.65,1.1,36.59,C — Low
"Value Stocks with Strong Dividend GrowthTargets value-oriented stocks with attractive valuations and strong dividend growth potential, appealing to income and value investors. Screens stocks with Trailing Twelve Months (TTM) Price-to-Earnings ratio below 15 and (Dividend paid - Dividend paid 4 years ago) / Dividend paid 4 years ago exceeding 8.",etnow,valuation,relative_or_absolute_value,neutral,long_term,0.9,0.07920792079207921,1,0.65,1.1,36.59,C — Low
Stocks Near 52W LowList of stocks which have reached very close to their 52 week Low prices,etnow,technical_momentum,price_leadership,bearish,swing,0.74,0.06930693069306931,1.1,0.9,0.95,34.62,C — Low
Quarterly LosersList of stocks which lost more than 20% of their market value in last 3 months,etnow,technical_momentum,price_leadership,bearish,swing,0.74,0.06930693069306931,1.1,0.9,0.95,34.62,C — Low
"Stocks whose current price is 20% higher than week low, and more than previous close",trendlyne,technical_momentum,price_leadership,bearish,swing,0.74,0.06930693069306931,1.1,0.9,0.95,34.62,C — Low
Monthly LosersList of stocks which lost more than 15% of their market value in a months time,etnow,technical_momentum,price_leadership,bearish,swing,0.74,0.06930693069306931,1.1,0.9,0.95,34.62,C — Low
Today's LosersList of stocks which have decreased more than 2% in a single day,etnow,technical_momentum,price_leadership,bearish,swing,0.74,0.06930693069306931,1.1,0.9,0.95,34.62,C — Low
Top Losers of the Day,trendlyne,technical_momentum,price_leadership,bearish,swing,0.74,0.06930693069306931,1.1,0.9,0.95,34.62,C — Low
Top losers of the past 10 years,trendlyne,technical_momentum,price_leadership,bearish,swing,0.74,0.06930693069306931,1.1,0.9,0.95,34.62,C — Low
Top losers of the past 6-months,trendlyne,technical_momentum,price_leadership,bearish,swing,0.74,0.06930693069306931,1.1,0.9,0.95,34.62,C — Low
Top losers of the past 5 years,trendlyne,technical_momentum,price_leadership,bearish,swing,0.74,0.06930693069306931,1.1,0.9,0.95,34.62,C — Low
Top losers of the quarter,trendlyne,technical_momentum,price_leadership,bearish,swing,0.74,0.06930693069306931,1.1,0.9,0.95,34.62,C — Low
Top losers of the week,trendlyne,technical_momentum,price_leadership,bearish,swing,0.74,0.06930693069306931,1.1,0.9,0.95,34.62,C — Low
Top losers of the past 1 year,trendlyne,technical_momentum,price_leadership,bearish,swing,0.74,0.06930693069306931,1.1,0.9,0.95,34.62,C — Low
Top losers of the month,trendlyne,technical_momentum,price_leadership,bearish,swing,0.74,0.06930693069306931,1.1,0.9,0.95,34.62,C — Low
Top losers of the past 3 years,trendlyne,technical_momentum,price_leadership,bearish,swing,0.74,0.06930693069306931,1.1,0.9,0.95,34.62,C — Low
New 52 week low today,trendlyne,technical_momentum,price_leadership,bearish,swing,0.74,0.06930693069306931,1.1,0.9,0.95,34.62,C — Low
New 6-month low today,trendlyne,technical_momentum,price_leadership,bearish,swing,0.74,0.06930693069306931,1.1,0.9,0.95,34.62,C — Low
Near 52 Week Low,trendlyne,technical_momentum,price_leadership,bearish,swing,0.74,0.06930693069306931,1.1,0.9,0.95,34.62,C — Low
New 1 month low today,trendlyne,technical_momentum,price_leadership,bearish,swing,0.74,0.06930693069306931,1.1,0.9,0.95,34.62,C — Low
Bearish Stocks - Stocks with Medium to Low Trendlyne Momentum Score,trendlyne,technical_momentum,relative_strength,bearish,swing,0.74,0.06930693069306931,1.1,0.9,0.95,34.62,C — Low
NSE Stocks at Lower Circuit,trendlyne,technical_momentum,price_leadership,bearish,swing,0.74,0.06930693069306931,1.1,0.9,0.95,34.62,C — Low
NSE Stocks that hit Lower Circuit Today,trendlyne,technical_momentum,price_leadership,bearish,swing,0.74,0.06930693069306931,1.1,0.9,0.95,34.62,C — Low
All Time Low,moneycontrol,technical_momentum,price_leadership,bearish,swing,0.74,0.06930693069306931,1.1,0.9,0.95,34.62,C — Low
Bold Bears,moneycontrol,technical_momentum,price_leadership,bearish,swing,0.74,0.06930693069306931,1.1,0.9,0.95,34.62,C — Low
New 1 week low today,trendlyne,technical_momentum,price_leadership,bearish,swing,0.74,0.06930693069306931,1.1,0.9,0.95,34.62,C — Low
New 10-year low today,trendlyne,technical_momentum,price_leadership,bearish,swing,0.74,0.06930693069306931,1.1,0.9,0.95,34.62,C — Low
Week Stochastic oscillator bearish momentum,trendlyne,technical_momentum,relative_strength,bearish,swing,0.74,0.06930693069306931,1.1,0.9,0.95,34.62,C — Low
New 5-year low today,trendlyne,technical_momentum,price_leadership,bearish,swing,0.74,0.06930693069306931,1.1,0.9,0.95,34.62,C — Low
New 3-year low today,trendlyne,technical_momentum,price_leadership,bearish,swing,0.74,0.06930693069306931,1.1,0.9,0.95,34.62,C — Low
New quarterly low today,trendlyne,technical_momentum,price_leadership,bearish,swing,0.74,0.06930693069306931,1.1,0.9,0.95,34.62,C — Low
52 Week Low,moneycontrol,technical_momentum,price_leadership,bearish,swing,0.74,0.06930693069306931,1.1,0.9,0.95,34.62,C — Low
Month Stochastic oscillator bearish momentum,trendlyne,technical_momentum,relative_strength,bearish,swing,0.74,0.06930693069306931,1.1,0.9,0.95,34.62,C — Low
Weak Stocks,moneycontrol,technical_momentum,price_leadership,bearish,swing,0.74,0.06930693069306931,1.1,0.9,0.95,34.62,C — Low
Good Fundamental Stock Near 52 Week Low,trendlyne,technical_momentum,price_leadership,bearish,swing,0.74,0.06930693069306931,1.1,0.9,0.95,34.62,C — Low
"Nifty50 Daily UnderperformersNifty50 Daily Underperformers are stocks within the Nifty50 index displaying weaker daily performance compared to the overall benchmark, aiding investors in spotting potential opportunities amidst market fluctuations.",etnow,technical_momentum,relative_strength,bearish,swing,0.74,0.06930693069306931,1.1,0.9,0.95,34.62,C — Low
Stochastic oscillator bearish momentum,trendlyne,technical_momentum,relative_strength,bearish,swing,0.74,0.06930693069306931,1.1,0.9,0.95,34.62,C — Low
Annual LosersList of stocks which lost more than 30% of their Market Value in last 12 months,etnow,technical_momentum,price_leadership,bearish,swing,0.74,0.06930693069306931,1.1,0.9,0.95,34.62,C — Low
Weekly Losers List of stocks which have fallen more than 10% in last 7 days,etnow,technical_momentum,price_leadership,bearish,swing,0.74,0.06930693069306931,1.1,0.9,0.95,34.62,C — Low
5X Premium to Book Value,moneycontrol,valuation,relative_or_absolute_value,neutral,long_term,0.8200000000000001,0.07920792079207921,1,0.65,1.1,33.33,C — Low
Undervalued Bluechips Bluest of bluechips available at discounted prices,etnow,valuation,relative_or_absolute_value,neutral,long_term,0.8200000000000001,0.07920792079207921,1,0.65,1.1,33.33,C — Low
Overvalued & Ready to FallStocks with high valuation multiples and weak earnings growth,etnow,valuation,relative_or_absolute_value,neutral,long_term,0.8200000000000001,0.07920792079207921,1,0.65,1.1,33.33,C — Low
"High-Quality Dividend Stocks with Strong Profitability and Low P/E Identifies dividend-paying stocks with strong profitability, appealing to income-oriented investors seeking quality and value. Screens stocks with Dividend Yield above 3%, Net Profit Margin exceeding 20%, and Trailing Twelve Months (TTM) Price-to-Earnings ratio below 15.",etnow,valuation,relative_or_absolute_value,neutral,long_term,0.8200000000000001,0.07920792079207921,1,0.65,1.1,33.33,C — Low
"Best Bargains Screener: Above line growth, Below line valuations",trendlyne,valuation,relative_or_absolute_value,neutral,long_term,0.8200000000000001,0.07920792079207921,1,0.65,1.1,33.33,C — Low
"High-Quality Dividend Stocks with Positive Profit Margin and Low Price-to-Earnings (P/E) RatioIdentifies dividend-paying stocks with strong profit margins and low P/E ratio, appealing to income-oriented investors seeking quality at a reasonable price. Screens stocks with Dividend Yield above 3%, Net Profit Margin surpassing 20%, and Trailing Twelve Months (TTM) P/E ratio below 15%.",etnow,valuation,relative_or_absolute_value,neutral,long_term,0.8200000000000001,0.07920792079207921,1,0.65,1.1,33.33,C — Low
Book Value Bargains,moneycontrol,valuation,relative_or_absolute_value,neutral,long_term,0.8200000000000001,0.07920792079207921,1,0.65,1.1,33.33,C — Low
"Ben Graham Stocks Undervalued stocks meeting the criteria laid down by Father of Investing - ""Benjamin Graham""",etnow,valuation,relative_or_absolute_value,neutral,long_term,0.8200000000000001,0.07920792079207921,1,0.65,1.1,33.33,C — Low
Affordable Stocks - Stocks with Good Trendlyne Valuation Score,trendlyne,valuation,relative_or_absolute_value,neutral,long_term,0.8200000000000001,0.07920792079207921,1,0.65,1.1,33.33,C — Low
"Value Stocks, Under Radar (DVM)",trendlyne,valuation,relative_or_absolute_value,neutral,long_term,0.8200000000000001,0.07920792079207921,1,0.65,1.1,33.33,C — Low
"Small-Cap Value StocksIdentifies lesser-known, undervalued companies with small market capitalizations, potentially offering opportunities for growth at reasonable prices. Filters stocks with Market Cap under INR 7,500 Crores and Trailing Twelve Months (TTM) Price-to-Earnings ratio under 20.",etnow,valuation,relative_or_absolute_value,neutral,long_term,0.8200000000000001,0.07920792079207921,1,0.65,1.1,33.33,C — Low
"Moderate PEExplore data on stocks with moderate Price-to-Earnings (PE) ratios, signifying balanced valuations, where price aligns reasonably with earnings, enticing investors",etnow,valuation,relative_or_absolute_value,neutral,long_term,0.8200000000000001,0.07920792079207921,1,0.65,1.1,33.33,C — Low
"Value-Growth Blend StocksFocuses on stocks that offer both attractive valuations and substantial growth potential, catering to investors seeking a balanced approach. Filters stocks where Trailing Twelve Months (TTM) Price-to-Earnings ratio is under 20 and EPS growth is over 10%.",etnow,valuation,relative_or_absolute_value,neutral,long_term,0.8200000000000001,0.07920792079207921,1,0.65,1.1,33.33,C — Low
"Bullish Cross -SMA 3,5 and 7 Here, two short term moving averages of price i.e. 3day MA and 5day MA both have crossed above the 7day moving average. This is a strong Bullish crossover",etnow,technical_trend,moving_average_trend,bullish,swing,0.8200000000000001,0.0594059405940594,1,1,0.95,33.22,C — Low
"Stocks seeing month price declines, good financial durability, and newly affordable valuations (subscription)",trendlyne,valuation,relative_or_absolute_value,neutral,positional,0.8200000000000001,0.07920792079207921,1,0.65,1.05,31.82,C — Low
Forecaster Consensus Estimates: Stocks with Strong Buy Calls from Analysts,trendlyne,analyst_sentiment,broker_forecast,bullish,long_term,0.9,0.04950495049504951,0.9,1,1.1,31.66,C — Low
15 min Bollinger Band Breakout,trendlyne,technical_breakout,price_breakout,bullish,intraday,0.74,0.07920792079207921,1.05,1,0.7,30.92,C — Low
30 min Bollinger Band Breakout,trendlyne,technical_breakout,price_breakout,bullish,intraday,0.74,0.07920792079207921,1.05,1,0.7,30.92,C — Low
FII Long Term Favourites,moneycontrol,ownership_institutional,institutional_activity,neutral,long_term,0.74,0.06930693069306931,1.15,0.65,1.1,30.27,C — Low
FII Favourites,moneycontrol,ownership_institutional,institutional_activity,neutral,long_term,0.74,0.06930693069306931,1.15,0.65,1.1,30.27,C — Low
Highest FII stock holdings,trendlyne,ownership_institutional,institutional_activity,neutral,long_term,0.74,0.06930693069306931,1.15,0.65,1.1,30.27,C — Low
Insiders sold stocks,trendlyne,ownership_institutional,institutional_activity,neutral,long_term,0.74,0.06930693069306931,1.15,0.65,1.1,30.27,C — Low
Institutions Favourites,moneycontrol,ownership_institutional,institutional_activity,neutral,long_term,0.74,0.06930693069306931,1.15,0.65,1.1,30.27,C — Low
Highest Promoter Holdings,trendlyne,ownership_institutional,institutional_activity,neutral,long_term,0.74,0.06930693069306931,1.15,0.65,1.1,30.27,C — Low
Big Changes up or down in FII holding,trendlyne,ownership_institutional,institutional_activity,neutral,long_term,0.74,0.06930693069306931,1.15,0.65,1.1,30.27,C — Low
DIIs Favourites,moneycontrol,ownership_institutional,institutional_activity,neutral,long_term,0.74,0.06930693069306931,1.15,0.65,1.1,30.27,C — Low
PEG higher than Sector PEG,trendlyne,valuation,relative_or_absolute_value,neutral,long_term,0.74,0.07920792079207921,1,0.65,1.1,30.08,C — Low
PEG lower than Sector PEG,trendlyne,valuation,relative_or_absolute_value,neutral,long_term,0.74,0.07920792079207921,1,0.65,1.1,30.08,C — Low
"BV Increasing, Valuation Low",moneycontrol,valuation,relative_or_absolute_value,neutral,long_term,0.74,0.07920792079207921,1,0.65,1.1,30.08,C — Low
"BV Decreasing, Valuation High",moneycontrol,valuation,relative_or_absolute_value,neutral,long_term,0.74,0.07920792079207921,1,0.65,1.1,30.08,C — Low
Await Turnaround (DVM),trendlyne,valuation,relative_or_absolute_value,neutral,long_term,0.74,0.07920792079207921,1,0.65,1.1,30.08,C — Low
PEG greater than Industry PEG,trendlyne,valuation,relative_or_absolute_value,neutral,long_term,0.74,0.07920792079207921,1,0.65,1.1,30.08,C — Low
Companies whose fixed assets are higher than their market cap,trendlyne,valuation,relative_or_absolute_value,neutral,long_term,0.74,0.07920792079207921,1,0.65,1.1,30.08,C — Low
Benjamin Graham Value Screen,trendlyne,valuation,relative_or_absolute_value,neutral,long_term,0.74,0.07920792079207921,1,0.65,1.1,30.08,C — Low
"Companies with current TTM PE Ratio less than 3 Year, 5 Year and 10 Year PE",trendlyne,valuation,relative_or_absolute_value,neutral,long_term,0.74,0.07920792079207921,1,0.65,1.1,30.08,C — Low
Expensive Stars (DVM),trendlyne,valuation,relative_or_absolute_value,neutral,long_term,0.74,0.07920792079207921,1,0.65,1.1,30.08,C — Low
Companies with improving valuation scores after share price falls,trendlyne,valuation,relative_or_absolute_value,neutral,long_term,0.74,0.07920792079207921,1,0.65,1.1,30.08,C — Low
Expensive Performers (DVM),trendlyne,valuation,relative_or_absolute_value,neutral,long_term,0.74,0.07920792079207921,1,0.65,1.1,30.08,C — Low
"Companies with PE less than Nifty500 PE, Price to Book less than 1",trendlyne,valuation,relative_or_absolute_value,neutral,long_term,0.74,0.07920792079207921,1,0.65,1.1,30.08,C — Low
Expensive Rockets (DVM),trendlyne,valuation,relative_or_absolute_value,neutral,long_term,0.74,0.07920792079207921,1,0.65,1.1,30.08,C — Low
Expert Stock Screener: Benjamin Graham Value Screen,trendlyne,valuation,relative_or_absolute_value,neutral,long_term,0.74,0.07920792079207921,1,0.65,1.1,30.08,C — Low
Re-Rating Candidates,moneycontrol,valuation,relative_or_absolute_value,neutral,long_term,0.74,0.07920792079207921,1,0.65,1.1,30.08,C — Low
Shrinking Book Value,moneycontrol,valuation,relative_or_absolute_value,neutral,long_term,0.74,0.07920792079207921,1,0.65,1.1,30.08,C — Low
Higher DVM Stocks Among Midcaps and Largecaps,trendlyne,valuation,relative_or_absolute_value,neutral,long_term,0.74,0.07920792079207921,1,0.65,1.1,30.08,C — Low
PEG lower than Industry PEG,trendlyne,valuation,relative_or_absolute_value,neutral,long_term,0.74,0.07920792079207921,1,0.65,1.1,30.08,C — Low
Growth Bubble Disguised as attractive but actually overvalued stocks,etnow,valuation,relative_or_absolute_value,neutral,long_term,0.74,0.07920792079207921,1,0.65,1.1,30.08,C — Low
"DVM Performers for All Stocks (weekly, higher risk) - subscription",trendlyne,valuation,relative_or_absolute_value,neutral,long_term,0.74,0.07920792079207921,1,0.65,1.1,30.08,C — Low
Discount to Peers,moneycontrol,valuation,relative_or_absolute_value,neutral,long_term,0.74,0.07920792079207921,1,0.65,1.1,30.08,C — Low
Value Stocks,trendlyne,valuation,relative_or_absolute_value,neutral,long_term,0.74,0.07920792079207921,1,0.65,1.1,30.08,C — Low
Stringent DVM Screener,trendlyne,valuation,relative_or_absolute_value,neutral,long_term,0.74,0.07920792079207921,1,0.65,1.1,30.08,C — Low
Turnaround Potential (DVM),trendlyne,valuation,relative_or_absolute_value,neutral,long_term,0.74,0.07920792079207921,1,0.65,1.1,30.08,C — Low
Top Performer DVM Stocks (subscription),trendlyne,valuation,relative_or_absolute_value,neutral,long_term,0.74,0.07920792079207921,1,0.65,1.1,30.08,C — Low
Stocks with PEG higher than Industry PEG,trendlyne,valuation,relative_or_absolute_value,neutral,long_term,0.74,0.07920792079207921,1,0.65,1.1,30.08,C — Low
Value BargainCompanies whose stocks are available at throwaway prices,etnow,valuation,relative_or_absolute_value,neutral,long_term,0.74,0.07920792079207921,1,0.65,1.1,30.08,C — Low
Top Value PicksSet of top value picks available at decent valuation and an effecient management,etnow,valuation,relative_or_absolute_value,neutral,long_term,0.74,0.07920792079207921,1,0.65,1.1,30.08,C — Low
Premium to Peers,moneycontrol,valuation,relative_or_absolute_value,neutral,long_term,0.74,0.07920792079207921,1,0.65,1.1,30.08,C — Low
Slowing Down Stocks (DVM),trendlyne,valuation,relative_or_absolute_value,neutral,long_term,0.74,0.07920792079207921,1,0.65,1.1,30.08,C — Low
Building MaterialsList of stocks which benefit from initiatives like affordable housing & infrastructure boost by the government,etnow,valuation,relative_or_absolute_value,neutral,long_term,0.74,0.07920792079207921,1,0.65,1.1,30.08,C — Low
Multiyear Discounts,moneycontrol,valuation,relative_or_absolute_value,neutral,long_term,0.74,0.07920792079207921,1,0.65,1.1,30.08,C — Low
PE Century,moneycontrol,valuation,relative_or_absolute_value,neutral,long_term,0.74,0.07920792079207921,1,0.65,1.1,30.08,C — Low
Mid-range Performer (DVM),trendlyne,valuation,relative_or_absolute_value,neutral,long_term,0.74,0.07920792079207921,1,0.65,1.1,30.08,C — Low
Risky Value (DVM),trendlyne,valuation,relative_or_absolute_value,neutral,long_term,0.74,0.07920792079207921,1,0.65,1.1,30.08,C — Low
Sales More than Market Cap,moneycontrol,valuation,relative_or_absolute_value,neutral,long_term,0.74,0.07920792079207921,1,0.65,1.1,30.08,C — Low
Stocks with their EMA100 trading above their EMA200,trendlyne,technical_trend,moving_average_trend,bullish,swing,0.74,0.0594059405940594,1,1,0.95,29.98,C — Low
Golden Cross 5 day over 100 day,trendlyne,technical_trend,moving_average_trend,bullish,swing,0.74,0.0594059405940594,1,1,0.95,29.98,C — Low
Golden Cross 10 day over 150 day,trendlyne,technical_trend,moving_average_trend,bullish,swing,0.74,0.0594059405940594,1,1,0.95,29.98,C — Low
Golden Cross 10 day over 200 day,trendlyne,technical_trend,moving_average_trend,bullish,swing,0.74,0.0594059405940594,1,1,0.95,29.98,C — Low
Golden Cross 20 day over 100 day,trendlyne,technical_trend,moving_average_trend,bullish,swing,0.74,0.0594059405940594,1,1,0.95,29.98,C — Low
Current Price above 12Day EMA,trendlyne,technical_trend,moving_average_trend,bullish,swing,0.74,0.0594059405940594,1,1,0.95,29.98,C — Low
Stocks with their Last Traded Price trading above their SMA10,trendlyne,technical_trend,moving_average_trend,bullish,swing,0.74,0.0594059405940594,1,1,0.95,29.98,C — Low
Stocks with their Last Traded Price trading above their SMA50,trendlyne,technical_trend,moving_average_trend,bullish,swing,0.74,0.0594059405940594,1,1,0.95,29.98,C — Low
Stocks with their Last Traded Price trading above their EMA50,trendlyne,technical_trend,moving_average_trend,bullish,swing,0.74,0.0594059405940594,1,1,0.95,29.98,C — Low
Stocks with their SMA10 trading above their SMA20,trendlyne,technical_trend,moving_average_trend,bullish,swing,0.74,0.0594059405940594,1,1,0.95,29.98,C — Low
Stocks with their SMA10 trading above their SMA30,trendlyne,technical_trend,moving_average_trend,bullish,swing,0.74,0.0594059405940594,1,1,0.95,29.98,C — Low
Stocks with their SMA10 trading above their SMA50,trendlyne,technical_trend,moving_average_trend,bullish,swing,0.74,0.0594059405940594,1,1,0.95,29.98,C — Low
Stocks with their SMA20 trading above their SMA50,trendlyne,technical_trend,moving_average_trend,bullish,swing,0.74,0.0594059405940594,1,1,0.95,29.98,C — Low
Stocks with their SMA5 trading above their SMA30,trendlyne,technical_trend,moving_average_trend,bullish,swing,0.74,0.0594059405940594,1,1,0.95,29.98,C — Low
Stocks with their SMA20 trading above their SMA30,trendlyne,technical_trend,moving_average_trend,bullish,swing,0.74,0.0594059405940594,1,1,0.95,29.98,C — Low
Stocks with their SMA150 trading above their SMA200,trendlyne,technical_trend,moving_average_trend,bullish,swing,0.74,0.0594059405940594,1,1,0.95,29.98,C — Low
Stocks with their SMA100 trading above their SMA200,trendlyne,technical_trend,moving_average_trend,bullish,swing,0.74,0.0594059405940594,1,1,0.95,29.98,C — Low
Stocks with their SMA30 trading above their SMA50,trendlyne,technical_trend,moving_average_trend,bullish,swing,0.74,0.0594059405940594,1,1,0.95,29.98,C — Low
Stocks with their SMA5 trading above their SMA10,trendlyne,technical_trend,moving_average_trend,bullish,swing,0.74,0.0594059405940594,1,1,0.95,29.98,C — Low
Stocks with their SMA5 trading above their SMA20,trendlyne,technical_trend,moving_average_trend,bullish,swing,0.74,0.0594059405940594,1,1,0.95,29.98,C — Low
"Price crossing above SMA20 today, and greater than SMA5",trendlyne,technical_trend,moving_average_trend,bullish,swing,0.74,0.0594059405940594,1,1,0.95,29.98,C — Low
Stocks with their Last Traded Price trading above their SMA20,trendlyne,technical_trend,moving_average_trend,bullish,swing,0.74,0.0594059405940594,1,1,0.95,29.98,C — Low
Stocks with their Last Traded Price trading above their EMA10,trendlyne,technical_trend,moving_average_trend,bullish,swing,0.74,0.0594059405940594,1,1,0.95,29.98,C — Low
Stocks with their Last Traded Price trading above their SMA30,trendlyne,technical_trend,moving_average_trend,bullish,swing,0.74,0.0594059405940594,1,1,0.95,29.98,C — Low
Stocks with their Last Traded Price trading above their SMA5,trendlyne,technical_trend,moving_average_trend,bullish,swing,0.74,0.0594059405940594,1,1,0.95,29.98,C — Low
Stocks with their EMA26 trading above their EMA200,trendlyne,technical_trend,moving_average_trend,bullish,swing,0.74,0.0594059405940594,1,1,0.95,29.98,C — Low
Stocks with their SMA50 trading above their SMA150,trendlyne,technical_trend,moving_average_trend,bullish,swing,0.74,0.0594059405940594,1,1,0.95,29.98,C — Low
Stocks with their SMA50 trading above their SMA100,trendlyne,technical_trend,moving_average_trend,bullish,swing,0.74,0.0594059405940594,1,1,0.95,29.98,C — Low
Stocks with their SMA5 trading above their SMA50,trendlyne,technical_trend,moving_average_trend,bullish,swing,0.74,0.0594059405940594,1,1,0.95,29.98,C — Low
Stocks with their EMA5 trading above their EMA200,trendlyne,technical_trend,moving_average_trend,bullish,swing,0.74,0.0594059405940594,1,1,0.95,29.98,C — Low
Stocks with their EMA20 trading above their EMA100,trendlyne,technical_trend,moving_average_trend,bullish,swing,0.74,0.0594059405940594,1,1,0.95,29.98,C — Low
Stocks with their EMA5 trading above their EMA100,trendlyne,technical_trend,moving_average_trend,bullish,swing,0.74,0.0594059405940594,1,1,0.95,29.98,C — Low
Stocks with their EMA26 trading above their EMA50,trendlyne,technical_trend,moving_average_trend,bullish,swing,0.74,0.0594059405940594,1,1,0.95,29.98,C — Low
Stocks with their EMA20 trading above their EMA50,trendlyne,technical_trend,moving_average_trend,bullish,swing,0.74,0.0594059405940594,1,1,0.95,29.98,C — Low
Stocks with their EMA20 trading above their EMA200,trendlyne,technical_trend,moving_average_trend,bullish,swing,0.74,0.0594059405940594,1,1,0.95,29.98,C — Low
Stocks with their EMA26 trading above their EMA100,trendlyne,technical_trend,moving_average_trend,bullish,swing,0.74,0.0594059405940594,1,1,0.95,29.98,C — Low
Stocks with their EMA12 trading above their EMA100,trendlyne,technical_trend,moving_average_trend,bullish,swing,0.74,0.0594059405940594,1,1,0.95,29.98,C — Low
Stocks with their EMA12 trading above their EMA200,trendlyne,technical_trend,moving_average_trend,bullish,swing,0.74,0.0594059405940594,1,1,0.95,29.98,C — Low
Stocks with their EMA12 trading above their EMA20,trendlyne,technical_trend,moving_average_trend,bullish,swing,0.74,0.0594059405940594,1,1,0.95,29.98,C — Low
Stocks with their EMA12 trading above their EMA50,trendlyne,technical_trend,moving_average_trend,bullish,swing,0.74,0.0594059405940594,1,1,0.95,29.98,C — Low
Stocks with their EMA5 trading above their EMA20,trendlyne,technical_trend,moving_average_trend,bullish,swing,0.74,0.0594059405940594,1,1,0.95,29.98,C — Low
Stocks with their EMA50 trading above their EMA200,trendlyne,technical_trend,moving_average_trend,bullish,swing,0.74,0.0594059405940594,1,1,0.95,29.98,C — Low
Stocks with their EMA10 trading above their EMA100,trendlyne,technical_trend,moving_average_trend,bullish,swing,0.74,0.0594059405940594,1,1,0.95,29.98,C — Low
Stocks with their EMA10 trading above their EMA50,trendlyne,technical_trend,moving_average_trend,bullish,swing,0.74,0.0594059405940594,1,1,0.95,29.98,C — Low
Stocks with their EMA10 trading above their EMA200,trendlyne,technical_trend,moving_average_trend,bullish,swing,0.74,0.0594059405940594,1,1,0.95,29.98,C — Low
Stocks with their EMA10 trading above their EMA20,trendlyne,technical_trend,moving_average_trend,bullish,swing,0.74,0.0594059405940594,1,1,0.95,29.98,C — Low
Golden Cross 30 day over 150 day,trendlyne,technical_trend,moving_average_trend,bullish,swing,0.74,0.0594059405940594,1,1,0.95,29.98,C — Low
Golden Cross 20 day over 200 day,trendlyne,technical_trend,moving_average_trend,bullish,swing,0.74,0.0594059405940594,1,1,0.95,29.98,C — Low
Golden Cross 20 day over 150 day,trendlyne,technical_trend,moving_average_trend,bullish,swing,0.74,0.0594059405940594,1,1,0.95,29.98,C — Low
Stocks with their EMA5 trading above their EMA50,trendlyne,technical_trend,moving_average_trend,bullish,swing,0.74,0.0594059405940594,1,1,0.95,29.98,C — Low
Golden Cross 30 day over 200 day,trendlyne,technical_trend,moving_average_trend,bullish,swing,0.74,0.0594059405940594,1,1,0.95,29.98,C — Low
Stocks with their EMA50 trading above their EMA100,trendlyne,technical_trend,moving_average_trend,bullish,swing,0.74,0.0594059405940594,1,1,0.95,29.98,C — Low
Stocks with their SMA30 trading above their SMA100,trendlyne,technical_trend,moving_average_trend,bullish,swing,0.74,0.0594059405940594,1,1,0.95,29.98,C — Low
Stocks with their SMA100 trading above their SMA150,trendlyne,technical_trend,moving_average_trend,bullish,swing,0.74,0.0594059405940594,1,1,0.95,29.98,C — Low
Stocks with their Last Traded Price trading above their SMA150,trendlyne,technical_trend,moving_average_trend,bullish,swing,0.74,0.0594059405940594,1,1,0.95,29.98,C — Low
Stocks with their Last Traded Price trading above their SMA100,trendlyne,technical_trend,moving_average_trend,bullish,swing,0.74,0.0594059405940594,1,1,0.95,29.98,C — Low
Stocks with their Last Traded Price trading above their SMA200,trendlyne,technical_trend,moving_average_trend,bullish,swing,0.74,0.0594059405940594,1,1,0.95,29.98,C — Low
Stocks with their Last Traded Price trading above their EMA100,trendlyne,technical_trend,moving_average_trend,bullish,swing,0.74,0.0594059405940594,1,1,0.95,29.98,C — Low
Stocks with their Last Traded Price trading above their EMA200,trendlyne,technical_trend,moving_average_trend,bullish,swing,0.74,0.0594059405940594,1,1,0.95,29.98,C — Low
Stocks with their Last Traded Price trading above their EMA5,trendlyne,technical_trend,moving_average_trend,bullish,swing,0.74,0.0594059405940594,1,1,0.95,29.98,C — Low
Stocks with their Last Traded Price trading above their EMA26,trendlyne,technical_trend,moving_average_trend,bullish,swing,0.74,0.0594059405940594,1,1,0.95,29.98,C — Low
Golden Cross 50 day over 200 day,trendlyne,technical_trend,moving_average_trend,bullish,swing,0.74,0.0594059405940594,1,1,0.95,29.98,C — Low
Golden Cross 5 day over 200 day,trendlyne,technical_trend,moving_average_trend,bullish,swing,0.74,0.0594059405940594,1,1,0.95,29.98,C — Low
Golden Cross Made Today,trendlyne,technical_trend,moving_average_trend,bullish,swing,0.74,0.0594059405940594,1,1,0.95,29.98,C — Low
Golden Cross 5 day over 150 day,trendlyne,technical_trend,moving_average_trend,bullish,swing,0.74,0.0594059405940594,1,1,0.95,29.98,C — Low
Stocks with their Last Traded Price trading above their EMA12,trendlyne,technical_trend,moving_average_trend,bullish,swing,0.74,0.0594059405940594,1,1,0.95,29.98,C — Low
Current Price above 5Day EMA,trendlyne,technical_trend,moving_average_trend,bullish,swing,0.74,0.0594059405940594,1,1,0.95,29.98,C — Low
Stocks with their Last Traded Price trading above their EMA20,trendlyne,technical_trend,moving_average_trend,bullish,swing,0.74,0.0594059405940594,1,1,0.95,29.98,C — Low
Current Price above 50Day EMA,trendlyne,technical_trend,moving_average_trend,bullish,swing,0.74,0.0594059405940594,1,1,0.95,29.98,C — Low
Current Price above 100Day EMA,trendlyne,technical_trend,moving_average_trend,bullish,swing,0.74,0.0594059405940594,1,1,0.95,29.98,C — Low
Current Price above 10Day EMA,trendlyne,technical_trend,moving_average_trend,bullish,swing,0.74,0.0594059405940594,1,1,0.95,29.98,C — Low
Significant Change in Promoter Shareholding - Latest Quarter,trendlyne,ownership_institutional,institutional_activity,neutral,positional,0.74,0.06930693069306931,1.15,0.65,1.05,28.89,C — Low
Big changes up or down in public shareholding in the past quarter (QoQ),trendlyne,ownership_institutional,institutional_activity,neutral,positional,0.74,0.06930693069306931,1.15,0.65,1.05,28.89,C — Low
Declining public shareholding in the past quarter (QoQ),trendlyne,ownership_institutional,institutional_activity,neutral,positional,0.74,0.06930693069306931,1.15,0.65,1.05,28.89,C — Low
Forecaster: Analysts estimate positive quarterly revenue growth (YoY),trendlyne,analyst_sentiment,broker_forecast,bullish,long_term,0.8200000000000001,0.04950495049504951,0.9,1,1.1,28.85,C — Low
Forecaster: Analysts Estimate Rising Interest Expense (YoY),trendlyne,analyst_sentiment,broker_forecast,bullish,long_term,0.8200000000000001,0.04950495049504951,0.9,1,1.1,28.85,C — Low
Forecaster: Analysts estimate positive annual revenue and EPS growth,trendlyne,analyst_sentiment,broker_forecast,bullish,long_term,0.8200000000000001,0.04950495049504951,0.9,1,1.1,28.85,C — Low
Forecaster: Analysts estimate positive quarterly EPS growth (YoY),trendlyne,analyst_sentiment,broker_forecast,bullish,long_term,0.8200000000000001,0.04950495049504951,0.9,1,1.1,28.85,C — Low
Forecaster: Analysts estimate positive revenue and EPS growth (QoQ),trendlyne,analyst_sentiment,broker_forecast,bullish,long_term,0.8200000000000001,0.04950495049504951,0.9,1,1.1,28.85,C — Low
Forecaster: Analysts Estimate Positive Capex Growth,trendlyne,analyst_sentiment,broker_forecast,bullish,long_term,0.8200000000000001,0.04950495049504951,0.9,1,1.1,28.85,C — Low
Forecaster: Analysts Estimate Rising Interest Expense (QoQ),trendlyne,analyst_sentiment,broker_forecast,bullish,long_term,0.8200000000000001,0.04950495049504951,0.9,1,1.1,28.85,C — Low
Forecaster Consensus Recommendation is Strong Buy or Buy,trendlyne,analyst_sentiment,broker_forecast,bullish,long_term,0.8200000000000001,0.04950495049504951,0.9,1,1.1,28.85,C — Low
"Forecaster Consensus Recommendation is Strong Buy, and Higher than Consensus View on Industry",trendlyne,analyst_sentiment,broker_forecast,bullish,long_term,0.8200000000000001,0.04950495049504951,0.9,1,1.1,28.85,C — Low
Strong Forecaster EPS Growth Estimates from Analysts,trendlyne,analyst_sentiment,broker_forecast,bullish,long_term,0.8200000000000001,0.04950495049504951,0.9,1,1.1,28.85,C — Low
Street Favorite: High Analyst Rating with at least 20% upside,trendlyne,analyst_sentiment,broker_forecast,bullish,long_term,0.8200000000000001,0.04950495049504951,0.9,1,1.1,28.85,C — Low
Strong Forecaster Revenue Growth Estimates from Analysts,trendlyne,analyst_sentiment,broker_forecast,bullish,long_term,0.8200000000000001,0.04950495049504951,0.9,1,1.1,28.85,C — Low
Forecaster: Analysts estimate positive quarterly revenue and EPS growth (YoY),trendlyne,analyst_sentiment,broker_forecast,bullish,long_term,0.8200000000000001,0.04950495049504951,0.9,1,1.1,28.85,C — Low
Forecaster: Analysts estimate positive EPS growth (QoQ),trendlyne,analyst_sentiment,broker_forecast,bullish,long_term,0.8200000000000001,0.04950495049504951,0.9,1,1.1,28.85,C — Low
Forecaster: Analysts estimate positive revenue growth (QoQ),trendlyne,analyst_sentiment,broker_forecast,bullish,long_term,0.8200000000000001,0.04950495049504951,0.9,1,1.1,28.85,C — Low
DII Buying FII Buying,moneycontrol,ownership_institutional,institutional_activity,neutral,long_term,0.6970000000000001,0.06930693069306931,1.15,0.65,1.1,28.51,C — Low
"FII Selling, DII Buying",moneycontrol,ownership_institutional,institutional_activity,neutral,long_term,0.6970000000000001,0.06930693069306931,1.15,0.65,1.1,28.51,C — Low
"DII Selling, FII Buying",moneycontrol,ownership_institutional,institutional_activity,neutral,long_term,0.6970000000000001,0.06930693069306931,1.15,0.65,1.1,28.51,C — Low
ROC Trending Up,trendlyne,technical_trend,trend_indicator,bullish,swing,0.74,0.0594059405940594,0.95,1,0.95,28.48,C — Low
CCI Trending Up,trendlyne,technical_trend,trend_indicator,bullish,swing,0.74,0.0594059405940594,0.95,1,0.95,28.48,C — Low
2H ROC Trending Up,trendlyne,technical_trend,trend_indicator,bullish,swing,0.74,0.0594059405940594,0.95,1,0.95,28.48,C — Low
2H MACD Crossover Above Signal Line,trendlyne,technical_trend,trend_indicator,bullish,swing,0.74,0.0594059405940594,0.95,1,0.95,28.48,C — Low
Supertrend Signal changed to Buy,trendlyne,technical_trend,trend_indicator,bullish,swing,0.74,0.0594059405940594,0.95,1,0.95,28.48,C — Low
2H Supertrend Signal changed to Buy,trendlyne,technical_trend,trend_indicator,bullish,swing,0.74,0.0594059405940594,0.95,1,0.95,28.48,C — Low
2H CCI Trending Up,trendlyne,technical_trend,trend_indicator,bullish,swing,0.74,0.0594059405940594,0.95,1,0.95,28.48,C — Low
"Long White Candle A Long White Candle is a bullish candle with a long white body, indicating strong buying pressure and a potential uptrend",etnow,technical_trend,trend_indicator,bullish,swing,0.74,0.0594059405940594,0.95,1,0.95,28.48,C — Low
ADX Strong Trending Stocks,trendlyne,technical_trend,trend_indicator,bullish,swing,0.74,0.0594059405940594,0.95,1,0.95,28.48,C — Low
Week ADX Strong Trending Stocks,trendlyne,technical_trend,trend_indicator,bullish,swing,0.74,0.0594059405940594,0.95,1,0.95,28.48,C — Low
Week Supertrend Signal changed to Buy,trendlyne,technical_trend,trend_indicator,bullish,swing,0.74,0.0594059405940594,0.95,1,0.95,28.48,C — Low
Week ROC Trending Up,trendlyne,technical_trend,trend_indicator,bullish,swing,0.74,0.0594059405940594,0.95,1,0.95,28.48,C — Low
Week CCI Trending Up,trendlyne,technical_trend,trend_indicator,bullish,swing,0.74,0.0594059405940594,0.95,1,0.95,28.48,C — Low
2H ADX Strong Trending Stocks,trendlyne,technical_trend,trend_indicator,bullish,swing,0.74,0.0594059405940594,0.95,1,0.95,28.48,C — Low
Week MACD Crossover Above Signal Line,trendlyne,technical_trend,trend_indicator,bullish,swing,0.74,0.0594059405940594,0.95,1,0.95,28.48,C — Low
Trend Rider (Bullish),moneycontrol,technical_trend,trend_indicator,bullish,swing,0.74,0.0594059405940594,0.95,1,0.95,28.48,C — Low
Month MACD Crossover Above Signal Line,trendlyne,technical_trend,trend_indicator,bullish,swing,0.74,0.0594059405940594,0.95,1,0.95,28.48,C — Low
Month ROC Trending Up,trendlyne,technical_trend,trend_indicator,bullish,swing,0.74,0.0594059405940594,0.95,1,0.95,28.48,C — Low
Month ADX Strong Trending Stocks,trendlyne,technical_trend,trend_indicator,bullish,swing,0.74,0.0594059405940594,0.95,1,0.95,28.48,C — Low
Month Supertrend Signal changed to Buy,trendlyne,technical_trend,trend_indicator,bullish,swing,0.74,0.0594059405940594,0.95,1,0.95,28.48,C — Low
MACD Crossover Above Signal Line,trendlyne,technical_trend,trend_indicator,bullish,swing,0.74,0.0594059405940594,0.95,1,0.95,28.48,C — Low
1H ADX Strong Trending Stocks,trendlyne,technical_trend,trend_indicator,bullish,swing,0.74,0.0594059405940594,0.95,1,0.95,28.48,C — Low
1H Supertrend Signal changed to Buy,trendlyne,technical_trend,trend_indicator,bullish,swing,0.74,0.0594059405940594,0.95,1,0.95,28.48,C — Low
1H MACD Crossover Above Signal Line,trendlyne,technical_trend,trend_indicator,bullish,swing,0.74,0.0594059405940594,0.95,1,0.95,28.48,C — Low
1H ROC Trending Up,trendlyne,technical_trend,trend_indicator,bullish,swing,0.74,0.0594059405940594,0.95,1,0.95,28.48,C — Low
1H CCI Trending Up,trendlyne,technical_trend,trend_indicator,bullish,swing,0.74,0.0594059405940594,0.95,1,0.95,28.48,C — Low
30 min Bollinger Band Breakdown,trendlyne,technical_breakout,price_breakout,bearish,intraday,0.74,0.07920792079207921,1.05,0.9,0.7,27.83,C — Low
Open = Low,moneycontrol,technical_breakout,price_breakout,bearish,intraday,0.74,0.07920792079207921,1.05,0.9,0.7,27.83,C — Low
15 min Bollinger Band Breakdown,trendlyne,technical_breakout,price_breakout,bearish,intraday,0.74,0.07920792079207921,1.05,0.9,0.7,27.83,C — Low
Price nearing Supertrend resistance,trendlyne,technical_breakout,price_breakout,neutral,swing,0.74,0.07920792079207921,1.05,0.65,0.95,27.28,C — Low
Price nearing Supertrend support,trendlyne,technical_breakout,price_breakout,neutral,swing,0.74,0.07920792079207921,1.05,0.65,0.95,27.28,C — Low
"Close Crossing Last Month Close From BelowDiscover Indian stock market winners as stocks surpass their prior month's closing price, signaling potential opportunities for traders and investors",etnow,technical_breakout,price_breakout,neutral,swing,0.74,0.07920792079207921,1.05,0.65,0.95,27.28,C — Low
Previous Month Breakout - Down Stocks which have closed below their previous month's low price,etnow,technical_breakout,price_breakout,neutral,swing,0.74,0.07920792079207921,1.05,0.65,0.95,27.28,C — Low
Negative Breakout - Medium Trend,trendlyne,technical_breakout,price_breakout,neutral,swing,0.74,0.07920792079207921,1.05,0.65,0.95,27.28,C — Low
Darvas Scan,trendlyne,technical_breakout,price_breakout,neutral,swing,0.74,0.07920792079207921,1.05,0.65,0.95,27.28,C — Low
Consolidation Range,trendlyne,technical_breakout,price_breakout,neutral,swing,0.74,0.07920792079207921,1.05,0.65,0.95,27.28,C — Low
Rising Three Breakdown,moneycontrol,technical_breakout,price_breakout,neutral,swing,0.74,0.07920792079207921,1.05,0.65,0.95,27.28,C — Low
Previous Day Breakout - Down Stocks which have closed below their previous day's low price,etnow,technical_breakout,price_breakout,neutral,swing,0.74,0.07920792079207921,1.05,0.65,0.95,27.28,C — Low
Rare Multibagger Breakouts,moneycontrol,technical_breakout,price_breakout,neutral,swing,0.74,0.07920792079207921,1.05,0.65,0.95,27.28,C — Low
Stocks with their EMA5 trading below their EMA100,trendlyne,technical_trend,moving_average_trend,bearish,swing,0.74,0.0594059405940594,1,0.9,0.95,26.98,C — Low
Stocks with their EMA26 trading below their EMA200,trendlyne,technical_trend,moving_average_trend,bearish,swing,0.74,0.0594059405940594,1,0.9,0.95,26.98,C — Low
Stocks with their Last Traded Price trading below their SMA10,trendlyne,technical_trend,moving_average_trend,bearish,swing,0.74,0.0594059405940594,1,0.9,0.95,26.98,C — Low
Stocks with their Last Traded Price trading below their SMA30,trendlyne,technical_trend,moving_average_trend,bearish,swing,0.74,0.0594059405940594,1,0.9,0.95,26.98,C — Low
Stocks with their Last Traded Price trading below their SMA5,trendlyne,technical_trend,moving_average_trend,bearish,swing,0.74,0.0594059405940594,1,0.9,0.95,26.98,C — Low
Stocks with their Last Traded Price trading below their EMA20,trendlyne,technical_trend,moving_average_trend,bearish,swing,0.74,0.0594059405940594,1,0.9,0.95,26.98,C — Low
Stocks with their Last Traded Price trading below their EMA200,trendlyne,technical_trend,moving_average_trend,bearish,swing,0.74,0.0594059405940594,1,0.9,0.95,26.98,C — Low
Stocks with their Last Traded Price trading below their EMA26,trendlyne,technical_trend,moving_average_trend,bearish,swing,0.74,0.0594059405940594,1,0.9,0.95,26.98,C — Low
Stocks with their Last Traded Price trading below their EMA5,trendlyne,technical_trend,moving_average_trend,bearish,swing,0.74,0.0594059405940594,1,0.9,0.95,26.98,C — Low
Stocks with their EMA26 trading below their EMA50,trendlyne,technical_trend,moving_average_trend,bearish,swing,0.74,0.0594059405940594,1,0.9,0.95,26.98,C — Low
Stocks with their EMA5 trading below their EMA200,trendlyne,technical_trend,moving_average_trend,bearish,swing,0.74,0.0594059405940594,1,0.9,0.95,26.98,C — Low
Stocks with their EMA5 trading below their EMA50,trendlyne,technical_trend,moving_average_trend,bearish,swing,0.74,0.0594059405940594,1,0.9,0.95,26.98,C — Low
Stocks with their EMA12 trading below their EMA100,trendlyne,technical_trend,moving_average_trend,bearish,swing,0.74,0.0594059405940594,1,0.9,0.95,26.98,C — Low
Stocks with their EMA50 trading below their EMA100,trendlyne,technical_trend,moving_average_trend,bearish,swing,0.74,0.0594059405940594,1,0.9,0.95,26.98,C — Low
Stocks with their Last Traded Price trading below their SMA200,trendlyne,technical_trend,moving_average_trend,bearish,swing,0.74,0.0594059405940594,1,0.9,0.95,26.98,C — Low
Stocks with their Last Traded Price trading below their SMA20,trendlyne,technical_trend,moving_average_trend,bearish,swing,0.74,0.0594059405940594,1,0.9,0.95,26.98,C — Low
Stocks with their EMA100 trading below their EMA200,trendlyne,technical_trend,moving_average_trend,bearish,swing,0.74,0.0594059405940594,1,0.9,0.95,26.98,C — Low
Stocks with their EMA5 trading below their EMA20,trendlyne,technical_trend,moving_average_trend,bearish,swing,0.74,0.0594059405940594,1,0.9,0.95,26.98,C — Low
Stocks with their EMA12 trading below their EMA200,trendlyne,technical_trend,moving_average_trend,bearish,swing,0.74,0.0594059405940594,1,0.9,0.95,26.98,C — Low
Stocks with their Last Traded Price trading below their EMA50,trendlyne,technical_trend,moving_average_trend,bearish,swing,0.74,0.0594059405940594,1,0.9,0.95,26.98,C — Low
Stocks with their EMA12 trading below their EMA20,trendlyne,technical_trend,moving_average_trend,bearish,swing,0.74,0.0594059405940594,1,0.9,0.95,26.98,C — Low
Stocks with their SMA30 trading below their SMA100,trendlyne,technical_trend,moving_average_trend,bearish,swing,0.74,0.0594059405940594,1,0.9,0.95,26.98,C — Low
Stocks with their Last Traded Price trading below their SMA50,trendlyne,technical_trend,moving_average_trend,bearish,swing,0.74,0.0594059405940594,1,0.9,0.95,26.98,C — Low
Stocks with their SMA10 trading below their SMA20,trendlyne,technical_trend,moving_average_trend,bearish,swing,0.74,0.0594059405940594,1,0.9,0.95,26.98,C — Low
Death Cross 30 day below 150 day,trendlyne,technical_trend,moving_average_trend,bearish,swing,0.74,0.0594059405940594,1,0.9,0.95,26.98,C — Low
Death Cross 20 day below 200 day,trendlyne,technical_trend,moving_average_trend,bearish,swing,0.74,0.0594059405940594,1,0.9,0.95,26.98,C — Low
Death Cross 50 day below 200 day,trendlyne,technical_trend,moving_average_trend,bearish,swing,0.74,0.0594059405940594,1,0.9,0.95,26.98,C — Low
Stocks with their SMA50 trading below their SMA150,trendlyne,technical_trend,moving_average_trend,bearish,swing,0.74,0.0594059405940594,1,0.9,0.95,26.98,C — Low
Death Cross 20 day below 150 day,trendlyne,technical_trend,moving_average_trend,bearish,swing,0.74,0.0594059405940594,1,0.9,0.95,26.98,C — Low
Stocks with their SMA100 trading below their SMA150,trendlyne,technical_trend,moving_average_trend,bearish,swing,0.74,0.0594059405940594,1,0.9,0.95,26.98,C — Low
Stocks with their SMA10 trading below their SMA50,trendlyne,technical_trend,moving_average_trend,bearish,swing,0.74,0.0594059405940594,1,0.9,0.95,26.98,C — Low
Stocks with their SMA10 trading below their SMA30,trendlyne,technical_trend,moving_average_trend,bearish,swing,0.74,0.0594059405940594,1,0.9,0.95,26.98,C — Low
Stocks with their SMA50 trading below their SMA100,trendlyne,technical_trend,moving_average_trend,bearish,swing,0.74,0.0594059405940594,1,0.9,0.95,26.98,C — Low
Stocks with their SMA30 trading below their SMA50,trendlyne,technical_trend,moving_average_trend,bearish,swing,0.74,0.0594059405940594,1,0.9,0.95,26.98,C — Low
Stocks with their EMA12 trading below their EMA50,trendlyne,technical_trend,moving_average_trend,bearish,swing,0.74,0.0594059405940594,1,0.9,0.95,26.98,C — Low
Stocks with their SMA150 trading below their SMA200,trendlyne,technical_trend,moving_average_trend,bearish,swing,0.74,0.0594059405940594,1,0.9,0.95,26.98,C — Low
Stocks with their EMA20 trading below their EMA100,trendlyne,technical_trend,moving_average_trend,bearish,swing,0.74,0.0594059405940594,1,0.9,0.95,26.98,C — Low
Stocks with their EMA20 trading below their EMA50,trendlyne,technical_trend,moving_average_trend,bearish,swing,0.74,0.0594059405940594,1,0.9,0.95,26.98,C — Low
Stocks with their EMA20 trading below their EMA200,trendlyne,technical_trend,moving_average_trend,bearish,swing,0.74,0.0594059405940594,1,0.9,0.95,26.98,C — Low
Stocks with their SMA5 trading below their SMA50,trendlyne,technical_trend,moving_average_trend,bearish,swing,0.74,0.0594059405940594,1,0.9,0.95,26.98,C — Low
Stocks with their SMA5 trading below their SMA30,trendlyne,technical_trend,moving_average_trend,bearish,swing,0.74,0.0594059405940594,1,0.9,0.95,26.98,C — Low
Stocks with their Last Traded Price trading below their EMA12,trendlyne,technical_trend,moving_average_trend,bearish,swing,0.74,0.0594059405940594,1,0.9,0.95,26.98,C — Low
Stocks with their Last Traded Price trading below their EMA10,trendlyne,technical_trend,moving_average_trend,bearish,swing,0.74,0.0594059405940594,1,0.9,0.95,26.98,C — Low
Stocks with their Last Traded Price trading below their SMA100,trendlyne,technical_trend,moving_average_trend,bearish,swing,0.74,0.0594059405940594,1,0.9,0.95,26.98,C — Low
Stocks with their Last Traded Price trading below their SMA150,trendlyne,technical_trend,moving_average_trend,bearish,swing,0.74,0.0594059405940594,1,0.9,0.95,26.98,C — Low
Stocks with their EMA50 trading below their EMA200,trendlyne,technical_trend,moving_average_trend,bearish,swing,0.74,0.0594059405940594,1,0.9,0.95,26.98,C — Low
Stocks in downtrend most likely to cross below SMA-200 soon,trendlyne,technical_trend,moving_average_trend,bearish,swing,0.74,0.0594059405940594,1,0.9,0.95,26.98,C — Low
Stocks with their Last Traded Price trading below their EMA100,trendlyne,technical_trend,moving_average_trend,bearish,swing,0.74,0.0594059405940594,1,0.9,0.95,26.98,C — Low
Stocks with their EMA10 trading below their EMA100,trendlyne,technical_trend,moving_average_trend,bearish,swing,0.74,0.0594059405940594,1,0.9,0.95,26.98,C — Low
Stocks with their EMA26 trading below their EMA100,trendlyne,technical_trend,moving_average_trend,bearish,swing,0.74,0.0594059405940594,1,0.9,0.95,26.98,C — Low
Death Cross 20 day below 100 day,trendlyne,technical_trend,moving_average_trend,bearish,swing,0.74,0.0594059405940594,1,0.9,0.95,26.98,C — Low
Current Price below 12Day EMA,trendlyne,technical_trend,moving_average_trend,bearish,swing,0.74,0.0594059405940594,1,0.9,0.95,26.98,C — Low
Current Price below 5Day EMA,trendlyne,technical_trend,moving_average_trend,bearish,swing,0.74,0.0594059405940594,1,0.9,0.95,26.98,C — Low
Stocks with their EMA10 trading below their EMA200,trendlyne,technical_trend,moving_average_trend,bearish,swing,0.74,0.0594059405940594,1,0.9,0.95,26.98,C — Low
Death Cross 10 day below 150 day,trendlyne,technical_trend,moving_average_trend,bearish,swing,0.74,0.0594059405940594,1,0.9,0.95,26.98,C — Low
Death Cross 10 day below 100 day,trendlyne,technical_trend,moving_average_trend,bearish,swing,0.74,0.0594059405940594,1,0.9,0.95,26.98,C — Low
Death Cross 10 day below 200 day,trendlyne,technical_trend,moving_average_trend,bearish,swing,0.74,0.0594059405940594,1,0.9,0.95,26.98,C — Low
Death Cross,trendlyne,technical_trend,moving_average_trend,bearish,swing,0.74,0.0594059405940594,1,0.9,0.95,26.98,C — Low
Current Price below 100Day EMA,trendlyne,technical_trend,moving_average_trend,bearish,swing,0.74,0.0594059405940594,1,0.9,0.95,26.98,C — Low
Current Price below 26Day EMA,trendlyne,technical_trend,moving_average_trend,bearish,swing,0.74,0.0594059405940594,1,0.9,0.95,26.98,C — Low
Death Cross 30 day below 200 day,trendlyne,technical_trend,moving_average_trend,bearish,swing,0.74,0.0594059405940594,1,0.9,0.95,26.98,C — Low
Death Cross 5 day below 100 day,trendlyne,technical_trend,moving_average_trend,bearish,swing,0.74,0.0594059405940594,1,0.9,0.95,26.98,C — Low
Death Cross 5 day below 200 day,trendlyne,technical_trend,moving_average_trend,bearish,swing,0.74,0.0594059405940594,1,0.9,0.95,26.98,C — Low
Death Cross 5 day below 150 day,trendlyne,technical_trend,moving_average_trend,bearish,swing,0.74,0.0594059405940594,1,0.9,0.95,26.98,C — Low
Stocks with their EMA10 trading below their EMA20,trendlyne,technical_trend,moving_average_trend,bearish,swing,0.74,0.0594059405940594,1,0.9,0.95,26.98,C — Low
Stocks with their EMA10 trading below their EMA50,trendlyne,technical_trend,moving_average_trend,bearish,swing,0.74,0.0594059405940594,1,0.9,0.95,26.98,C — Low
Current Price below 10Day EMA,trendlyne,technical_trend,moving_average_trend,bearish,swing,0.74,0.0594059405940594,1,0.9,0.95,26.98,C — Low
Stocks with their SMA5 trading below their SMA10,trendlyne,technical_trend,moving_average_trend,bearish,swing,0.74,0.0594059405940594,1,0.9,0.95,26.98,C — Low
Stocks with their SMA5 trading below their SMA20,trendlyne,technical_trend,moving_average_trend,bearish,swing,0.74,0.0594059405940594,1,0.9,0.95,26.98,C — Low
Stocks with their SMA100 trading below their SMA200,trendlyne,technical_trend,moving_average_trend,bearish,swing,0.74,0.0594059405940594,1,0.9,0.95,26.98,C — Low
Stocks with their SMA20 trading below their SMA30,trendlyne,technical_trend,moving_average_trend,bearish,swing,0.74,0.0594059405940594,1,0.9,0.95,26.98,C — Low
Stocks with their SMA20 trading below their SMA50,trendlyne,technical_trend,moving_average_trend,bearish,swing,0.74,0.0594059405940594,1,0.9,0.95,26.98,C — Low
Rising general industrial stocks with strong Forecaster EPS and revenue growth estimates in FY26,trendlyne,analyst_sentiment,broker_forecast,bullish,long_term,0.74,0.04950495049504951,0.9,1,1.1,26.03,C — Low
PE less than Industry PE and High Forecaster Upside,trendlyne,analyst_sentiment,broker_forecast,bullish,long_term,0.74,0.04950495049504951,0.9,1,1.1,26.03,C — Low
Forecaster Special - Strong sequential growth,trendlyne,analyst_sentiment,broker_forecast,bullish,long_term,0.74,0.04950495049504951,0.9,1,1.1,26.03,C — Low
Stocks with high upside potential by Forecaster with high revenue and EPS growth outlook,trendlyne,analyst_sentiment,broker_forecast,bullish,long_term,0.74,0.04950495049504951,0.9,1,1.1,26.03,C — Low
Forecaster: Analysts Estimate Negative Capex Growth,trendlyne,analyst_sentiment,broker_forecast,bearish,long_term,0.8200000000000001,0.04950495049504951,0.9,0.9,1.1,25.96,C — Low
Forecaster: Analysts estimate negative EPS growth (QoQ),trendlyne,analyst_sentiment,broker_forecast,bearish,long_term,0.8200000000000001,0.04950495049504951,0.9,0.9,1.1,25.96,C — Low
Forecaster: Analysts Estimate Falling Interest Expense (QoQ),trendlyne,analyst_sentiment,broker_forecast,bearish,long_term,0.8200000000000001,0.04950495049504951,0.9,0.9,1.1,25.96,C — Low
Forecaster: Analysts estimate negative annual revenue and EPS growth,trendlyne,analyst_sentiment,broker_forecast,bearish,long_term,0.8200000000000001,0.04950495049504951,0.9,0.9,1.1,25.96,C — Low
Forecaster: Analysts Estimate  Falling Interest Expense (YoY),trendlyne,analyst_sentiment,broker_forecast,bearish,long_term,0.8200000000000001,0.04950495049504951,0.9,0.9,1.1,25.96,C — Low
Forecaster target price below current price,trendlyne,analyst_sentiment,broker_forecast,bearish,long_term,0.8200000000000001,0.04950495049504951,0.9,0.9,1.1,25.96,C — Low
Weak Forecaster EPS Growth Estimates from Analysts,trendlyne,analyst_sentiment,broker_forecast,bearish,long_term,0.8200000000000001,0.04950495049504951,0.9,0.9,1.1,25.96,C — Low
Weak Forecaster Revenue Growth Estimates from Analysts,trendlyne,analyst_sentiment,broker_forecast,bearish,long_term,0.8200000000000001,0.04950495049504951,0.9,0.9,1.1,25.96,C — Low
Forecaster: Analysts estimate negative quarterly EPS growth (YoY),trendlyne,analyst_sentiment,broker_forecast,bearish,long_term,0.8200000000000001,0.04950495049504951,0.9,0.9,1.1,25.96,C — Low
Forecaster: Analysts Estimate Falling Free Cash Flow (YoY),trendlyne,analyst_sentiment,broker_forecast,bearish,long_term,0.8200000000000001,0.04950495049504951,0.9,0.9,1.1,25.96,C — Low
Forecaster: Analysts estimate negative revenue growth (QoQ),trendlyne,analyst_sentiment,broker_forecast,bearish,long_term,0.8200000000000001,0.04950495049504951,0.9,0.9,1.1,25.96,C — Low
Forecaster: Analysts estimate negative quarterly revenue growth (YoY),trendlyne,analyst_sentiment,broker_forecast,bearish,long_term,0.8200000000000001,0.04950495049504951,0.9,0.9,1.1,25.96,C — Low
Forecaster: Analysts estimate negative quarterly revenue and EPS growth (YoY),trendlyne,analyst_sentiment,broker_forecast,bearish,long_term,0.8200000000000001,0.04950495049504951,0.9,0.9,1.1,25.96,C — Low
Insider sells yesterday greater than 0.1% of total shares,trendlyne,ownership_institutional,institutional_activity,neutral,long_term,0.629,0.06930693069306931,1.15,0.65,1.1,25.73,C — Low
Institutional Selling,moneycontrol,ownership_institutional,institutional_activity,neutral,long_term,0.629,0.06930693069306931,1.15,0.65,1.1,25.73,C — Low
Insider and SAST sells yesterday greater than 0.1% of total shares,trendlyne,ownership_institutional,institutional_activity,neutral,long_term,0.629,0.06930693069306931,1.15,0.65,1.1,25.73,C — Low
Buys by Superstar Investors,trendlyne,ownership_institutional,institutional_activity,neutral,long_term,0.629,0.06930693069306931,1.15,0.65,1.1,25.73,C — Low
Sells by Superstar Investors,trendlyne,ownership_institutional,institutional_activity,neutral,long_term,0.629,0.06930693069306931,1.15,0.65,1.1,25.73,C — Low
Bearish PRB (Previous Range Breakout),trendlyne,technical_breakout,price_breakout,neutral,swing,0.6970000000000001,0.07920792079207921,1.05,0.65,0.95,25.69,C — Low
1H ROC Trending Down,trendlyne,technical_trend,trend_indicator,bearish,swing,0.74,0.0594059405940594,0.95,0.9,0.95,25.63,C — Low
2H MACD Crossover below Signal Line,trendlyne,technical_trend,trend_indicator,bearish,swing,0.74,0.0594059405940594,0.95,0.9,0.95,25.63,C — Low
MACD Crossover Below Signal Line,trendlyne,technical_trend,trend_indicator,bearish,swing,0.74,0.0594059405940594,0.95,0.9,0.95,25.63,C — Low
2H Williams Trending Down,trendlyne,technical_trend,trend_indicator,bearish,swing,0.74,0.0594059405940594,0.95,0.9,0.95,25.63,C — Low
1H MACD Crossover below Signal Line,trendlyne,technical_trend,trend_indicator,bearish,swing,0.74,0.0594059405940594,0.95,0.9,0.95,25.63,C — Low
2H CCI Trending Down,trendlyne,technical_trend,trend_indicator,bearish,swing,0.74,0.0594059405940594,0.95,0.9,0.95,25.63,C — Low
Week Supertrend Signal changed to Sell,trendlyne,technical_trend,trend_indicator,bearish,swing,0.74,0.0594059405940594,0.95,0.9,0.95,25.63,C — Low
1H CCI Trending Down,trendlyne,technical_trend,trend_indicator,bearish,swing,0.74,0.0594059405940594,0.95,0.9,0.95,25.63,C — Low
1H Williams Trending Down,trendlyne,technical_trend,trend_indicator,bearish,swing,0.74,0.0594059405940594,0.95,0.9,0.95,25.63,C — Low
Supertrend Signal changed to Sell,trendlyne,technical_trend,trend_indicator,bearish,swing,0.74,0.0594059405940594,0.95,0.9,0.95,25.63,C — Low
CCI Trending Down,trendlyne,technical_trend,trend_indicator,bearish,swing,0.74,0.0594059405940594,0.95,0.9,0.95,25.63,C — Low
Week Williams Trending Down,trendlyne,technical_trend,trend_indicator,bearish,swing,0.74,0.0594059405940594,0.95,0.9,0.95,25.63,C — Low
Month Williams Trending Down,trendlyne,technical_trend,trend_indicator,bearish,swing,0.74,0.0594059405940594,0.95,0.9,0.95,25.63,C — Low
Week ROC Trending Down,trendlyne,technical_trend,trend_indicator,bearish,swing,0.74,0.0594059405940594,0.95,0.9,0.95,25.63,C — Low
Week MACD Crossover Below Signal Line,trendlyne,technical_trend,trend_indicator,bearish,swing,0.74,0.0594059405940594,0.95,0.9,0.95,25.63,C — Low
2H Supertrend Signal changed to Sell,trendlyne,technical_trend,trend_indicator,bearish,swing,0.74,0.0594059405940594,0.95,0.9,0.95,25.63,C — Low
2H ROC Trending Down,trendlyne,technical_trend,trend_indicator,bearish,swing,0.74,0.0594059405940594,0.95,0.9,0.95,25.63,C — Low
Month CCI Trending Down,trendlyne,technical_trend,trend_indicator,bearish,swing,0.74,0.0594059405940594,0.95,0.9,0.95,25.63,C — Low
ROC Trending Down,trendlyne,technical_trend,trend_indicator,bearish,swing,0.74,0.0594059405940594,0.95,0.9,0.95,25.63,C — Low
Month Supertrend Signal changed to Sell,trendlyne,technical_trend,trend_indicator,bearish,swing,0.74,0.0594059405940594,0.95,0.9,0.95,25.63,C — Low
Month MACD Crossover Below Signal Line,trendlyne,technical_trend,trend_indicator,bearish,swing,0.74,0.0594059405940594,0.95,0.9,0.95,25.63,C — Low
Month ROC Trending Down,trendlyne,technical_trend,trend_indicator,bearish,swing,0.74,0.0594059405940594,0.95,0.9,0.95,25.63,C — Low
Williams Trending Down,trendlyne,technical_trend,trend_indicator,bearish,swing,0.74,0.0594059405940594,0.95,0.9,0.95,25.63,C — Low
1H Supertrend Signal changed to Sell,trendlyne,technical_trend,trend_indicator,bearish,swing,0.74,0.0594059405940594,0.95,0.9,0.95,25.63,C — Low
Trend Rider (Bearish),moneycontrol,technical_trend,trend_indicator,bearish,swing,0.74,0.0594059405940594,0.95,0.9,0.95,25.63,C — Low
Week CCI Trending Down,trendlyne,technical_trend,trend_indicator,bearish,swing,0.74,0.0594059405940594,0.95,0.9,0.95,25.63,C — Low
Bargain Buys,moneycontrol,valuation,relative_or_absolute_value,neutral,long_term,0.629,0.07920792079207921,1,0.65,1.1,25.57,C — Low
Multibaggers: stocks with 100%+ returns in one year,trendlyne,technical_momentum,price_leadership,neutral,swing,0.74,0.06930693069306931,1.1,0.65,0.95,25.01,C — Low
Lowest Momentum Scores (Technical Scores),trendlyne,technical_momentum,relative_strength,neutral,swing,0.74,0.06930693069306931,1.1,0.65,0.95,25.01,C — Low
Fast growing companies with steady momentum,trendlyne,technical_momentum,relative_strength,neutral,swing,0.74,0.06930693069306931,1.1,0.65,0.95,25.01,C — Low
Richard Dreihaus Screen: Momentum Driven Strategy,trendlyne,technical_momentum,relative_strength,neutral,swing,0.74,0.06930693069306931,1.1,0.65,0.95,25.01,C — Low
"Low Volatility Momentum Stocks Highlights stocks with upward momentum and reduced market sensitivity, potentially providing growth opportunities with lower risk. Selects stocks where 3-month Beta is under 1 and 6-month returns are above 15%.",etnow,technical_momentum,relative_strength,neutral,swing,0.74,0.06930693069306931,1.1,0.65,0.95,25.01,C — Low
Technical Screener: Momentum Stocks with Significant Volumes,trendlyne,technical_momentum,relative_strength,neutral,swing,0.74,0.06930693069306931,1.1,0.65,0.95,25.01,C — Low
"High volume, Top Losers",trendlyne,technical_momentum,price_leadership,neutral,swing,0.74,0.06930693069306931,1.1,0.65,0.95,25.01,C — Low
Significant Jump in Momentum Score,trendlyne,technical_momentum,relative_strength,neutral,swing,0.74,0.06930693069306931,1.1,0.65,0.95,25.01,C — Low
Companies in BSE Smallcap resilient against rupee depreciation & oil price rise,trendlyne,technical_momentum,price_leadership,neutral,swing,0.74,0.06930693069306931,1.1,0.65,0.95,25.01,C — Low
Downward Momentum - Price & VolumeSudden increase in trading activity with negative weekly returns,etnow,technical_momentum,relative_strength,neutral,swing,0.74,0.06930693069306931,1.1,0.65,0.95,25.01,C — Low
Companies creating new highs,trendlyne,technical_momentum,price_leadership,neutral,swing,0.74,0.06930693069306931,1.1,0.65,0.95,25.01,C — Low
Big Deal (Insider Trades) sells last month greater than 1% of total shares,trendlyne,ownership_institutional,institutional_activity,neutral,positional,0.629,0.06930693069306931,1.15,0.65,1.05,24.56,D — Marginal
Big Deal (Insider Trades) buys last month greater than 1% of total shares,trendlyne,ownership_institutional,institutional_activity,neutral,positional,0.629,0.06930693069306931,1.15,0.65,1.05,24.56,D — Marginal
Week Supertrend Buys,trendlyne,technical_trend,trend_indicator,bullish,swing,0.629,0.0594059405940594,0.95,1,0.95,24.21,D — Marginal
Supertrend Buys,trendlyne,technical_trend,trend_indicator,bullish,swing,0.629,0.0594059405940594,0.95,1,0.95,24.21,D — Marginal
Month Supertrend Buys,trendlyne,technical_trend,trend_indicator,bullish,swing,0.629,0.0594059405940594,0.95,1,0.95,24.21,D — Marginal
2H Supertrend Buys,trendlyne,technical_trend,trend_indicator,bullish,swing,0.629,0.0594059405940594,0.95,1,0.95,24.21,D — Marginal
1H Supertrend Buys,trendlyne,technical_trend,trend_indicator,bullish,swing,0.629,0.0594059405940594,0.95,1,0.95,24.21,D — Marginal
Forecaster: Anlaysts estimate negative revenue and EPS growth (QoQ),trendlyne,analyst_sentiment,broker_forecast,bearish,long_term,0.74,0.04950495049504951,0.9,0.9,1.1,23.43,D — Marginal
Forecaster special - Sell side,trendlyne,analyst_sentiment,broker_forecast,bearish,long_term,0.74,0.04950495049504951,0.9,0.9,1.1,23.43,D — Marginal
52W Low Breakout - Down Stocks where current price has gone below its 52 week low price which indicates a bearish signal,etnow,technical_breakout,price_breakout,neutral,swing,0.629,0.07920792079207921,1.05,0.65,0.95,23.19,D — Marginal
Big Deal (Insider Trades) sells last week greater than 1% of total shares,trendlyne,ownership_institutional,institutional_activity,neutral,swing,0.629,0.06930693069306931,1.15,0.65,0.95,22.22,D — Marginal
Big Deal (Insider Trades) buys last week greater than 1% of total shares,trendlyne,ownership_institutional,institutional_activity,neutral,swing,0.629,0.06930693069306931,1.15,0.65,0.95,22.22,D — Marginal
"Close Within 52 Week Low Zone Close Within 52 Week Low Zone refers to stocks that have recently closed their trading session at a price level that is within the range of their lowest price observed in the past 52 weeks. It suggests that the stock is currently trading near its lowest point in the past year. Utilize this data page to identify stocks that are trading within their 52-week low zone. This information can be useful for investors looking for potential buying opportunities or stocks that may be oversold. However, it is important to conduct further analysis and consider other factors before making investment decisions. Embark on a journey where the whispers of opportunity converge with the depths of the market. Witness the resilience of stocks as they navigate the realm of their 52-week lows, teetering on the precipice of possibility. Explore the hidden potential that lies within these undervalued gems, waiting to be unearthed.",etnow,valuation,relative_or_absolute_value,neutral,swing,0.629,0.07920792079207921,1,0.65,0.95,22.08,D — Marginal
Annual revenue and EPS positive surprise,trendlyne,event_corporate_action,earnings_event,bullish,long_term,0.74,0.0396039603960396,0.95,1,1.1,21.98,D — Marginal
Net Profit Positive Surprise for the Year,trendlyne,event_corporate_action,earnings_event,bullish,long_term,0.74,0.0396039603960396,0.95,1,1.1,21.98,D — Marginal
EPS Positive Surprise for the Year,trendlyne,event_corporate_action,earnings_event,bullish,long_term,0.74,0.0396039603960396,0.95,1,1.1,21.98,D — Marginal
Increase in NPA in Recent Results,trendlyne,event_corporate_action,earnings_event,bullish,long_term,0.74,0.0396039603960396,0.95,1,1.1,21.98,D — Marginal
Results Screener: Stocks with upcoming results which are seeing positive shifts in share price,trendlyne,event_corporate_action,earnings_event,bullish,long_term,0.74,0.0396039603960396,0.95,1,1.1,21.98,D — Marginal
Increase in Provisions in Recent Results,trendlyne,event_corporate_action,earnings_event,bullish,long_term,0.74,0.0396039603960396,0.95,1,1.1,21.98,D — Marginal
Revenue Positive Surprise for the Year,trendlyne,event_corporate_action,earnings_event,bullish,long_term,0.74,0.0396039603960396,0.95,1,1.1,21.98,D — Marginal
Annual revenue and net profit positive surprise,trendlyne,event_corporate_action,earnings_event,bullish,long_term,0.74,0.0396039603960396,0.95,1,1.1,21.98,D — Marginal
"Announced results in last two weeks, with rising operating profit margin and YoY profit growth",trendlyne,event_corporate_action,earnings_event,bullish,long_term,0.74,0.0396039603960396,0.95,1,1.1,21.98,D — Marginal
Strong QoQ EPS Growth in recent results,trendlyne,event_corporate_action,earnings_event,bullish,long_term,0.74,0.0396039603960396,0.95,1,1.1,21.98,D — Marginal
Week Supertrend Sells,trendlyne,technical_trend,trend_indicator,bearish,swing,0.629,0.0594059405940594,0.95,0.9,0.95,21.79,D — Marginal
2H Supertrend Sells,trendlyne,technical_trend,trend_indicator,bearish,swing,0.629,0.0594059405940594,0.95,0.9,0.95,21.79,D — Marginal
Day Supertrend Sells,trendlyne,technical_trend,trend_indicator,bearish,swing,0.629,0.0594059405940594,0.95,0.9,0.95,21.79,D — Marginal
1H Supertrend Sells,trendlyne,technical_trend,trend_indicator,bearish,swing,0.629,0.0594059405940594,0.95,0.9,0.95,21.79,D — Marginal
Month Supertrend Sells,trendlyne,technical_trend,trend_indicator,bearish,swing,0.629,0.0594059405940594,0.95,0.9,0.95,21.79,D — Marginal
Revenue Positive Surprise for the Quarter,trendlyne,event_corporate_action,earnings_event,bullish,positional,0.74,0.0396039603960396,0.95,1,1.05,20.98,D — Marginal
Revenue and net profit positive surprise for the Quarter,trendlyne,event_corporate_action,earnings_event,bullish,positional,0.74,0.0396039603960396,0.95,1,1.05,20.98,D — Marginal
30 min ADX Strong Trending Stocks,trendlyne,technical_trend,trend_indicator,bullish,intraday,0.74,0.0594059405940594,0.95,1,0.7,20.98,D — Marginal
30 min MACD Crossover Above Signal Line,trendlyne,technical_trend,trend_indicator,bullish,intraday,0.74,0.0594059405940594,0.95,1,0.7,20.98,D — Marginal
Potential Outperformers: Upcoming results from high revenue and net profit growth companies in the previous quarter,trendlyne,event_corporate_action,earnings_event,bullish,positional,0.74,0.0396039603960396,0.95,1,1.05,20.98,D — Marginal
Net Profit Positive Surprise for the Quarter,trendlyne,event_corporate_action,earnings_event,bullish,positional,0.74,0.0396039603960396,0.95,1,1.05,20.98,D — Marginal
Upcoming results for rising companies with previous quarter net profit growth greater than 10% YoY,trendlyne,event_corporate_action,earnings_event,bullish,positional,0.74,0.0396039603960396,0.95,1,1.05,20.98,D — Marginal
Revenue and EPS positive surprise for the Quarter,trendlyne,event_corporate_action,earnings_event,bullish,positional,0.74,0.0396039603960396,0.95,1,1.05,20.98,D — Marginal
EPS Positive Surprise for the Quarter,trendlyne,event_corporate_action,earnings_event,bullish,positional,0.74,0.0396039603960396,0.95,1,1.05,20.98,D — Marginal
30 min ROC Trending Up,trendlyne,technical_trend,trend_indicator,bullish,intraday,0.74,0.0594059405940594,0.95,1,0.7,20.98,D — Marginal
30 min Supertrend Signal changed to Buy,trendlyne,technical_trend,trend_indicator,bullish,intraday,0.74,0.0594059405940594,0.95,1,0.7,20.98,D — Marginal
30 min CCI Trending Up,trendlyne,technical_trend,trend_indicator,bullish,intraday,0.74,0.0594059405940594,0.95,1,0.7,20.98,D — Marginal
15 min CCI Trending Up,trendlyne,technical_trend,trend_indicator,bullish,intraday,0.74,0.0594059405940594,0.95,1,0.7,20.98,D — Marginal
15 min Supertrend Signal changed to Buy,trendlyne,technical_trend,trend_indicator,bullish,intraday,0.74,0.0594059405940594,0.95,1,0.7,20.98,D — Marginal
15 min MACD Crossover Above Signal Line,trendlyne,technical_trend,trend_indicator,bullish,intraday,0.74,0.0594059405940594,0.95,1,0.7,20.98,D — Marginal
15 min ROC Trending Up,trendlyne,technical_trend,trend_indicator,bullish,intraday,0.74,0.0594059405940594,0.95,1,0.7,20.98,D — Marginal
15 min ADX Strong Trending Stocks,trendlyne,technical_trend,trend_indicator,bullish,intraday,0.74,0.0594059405940594,0.95,1,0.7,20.98,D — Marginal
Forecaster: Analysts See Consensus Upside to Share Price,trendlyne,analyst_sentiment,broker_forecast,neutral,long_term,0.9,0.04950495049504951,0.9,0.65,1.1,20.58,D — Marginal
Forecaster: Analysts See Consensus Downside to Share Price,trendlyne,analyst_sentiment,broker_forecast,neutral,long_term,0.9,0.04950495049504951,0.9,0.65,1.1,20.58,D — Marginal
Recent Broker Downgrades in Reco or Target Price,trendlyne,analyst_sentiment,broker_forecast,neutral,long_term,0.9,0.04950495049504951,0.9,0.65,1.1,20.58,D — Marginal
Upcoming results with Rising Delivery Volumes,trendlyne,volume_liquidity,volume_delivery,bullish,long_term,0.8200000000000001,0.0297029702970297,1.05,1,1.1,20.19,D — Marginal
"Golden Cross - SMA 50 and 200 Here, the 50 day moving average of price has crossed above the 200 day moving average from below. This crossover indicates a bullish signal and is called Golden Cross",etnow,technical_trend,moving_average_trend,neutral,swing,0.765,0.0594059405940594,1,0.65,0.95,20.14,D — Marginal
"Death Cross - SMA 50 and 200 Here, the 50 day moving average of price has crossed below the 200 day moving average from above. This crossover indicates a bearish signal and is called Death Cross",etnow,technical_trend,moving_average_trend,neutral,swing,0.765,0.0594059405940594,1,0.65,0.95,20.14,D — Marginal
BTST,moneycontrol,technical_breakout,price_breakout,neutral,intraday,0.74,0.07920792079207921,1.05,0.65,0.7,20.1,D — Marginal
STBT,moneycontrol,technical_breakout,price_breakout,neutral,intraday,0.74,0.07920792079207921,1.05,0.65,0.7,20.1,D — Marginal
Oversold on both 1H RSI and 1H MFI,trendlyne,technical_reversal,oscillator_signal,bullish,swing,0.8200000000000001,0.0396039603960396,0.9,1,0.95,19.93,D — Marginal
Oversold on both RSI and MFI,trendlyne,technical_reversal,oscillator_signal,bullish,swing,0.8200000000000001,0.0396039603960396,0.9,1,0.95,19.93,D — Marginal
1H Relative Strength Index (RSI) bullish,trendlyne,technical_reversal,oscillator_signal,bullish,swing,0.8200000000000001,0.0396039603960396,0.9,1,0.95,19.93,D — Marginal
Week Relative Strength Index (RSI) Bullish,trendlyne,technical_reversal,oscillator_signal,bullish,swing,0.8200000000000001,0.0396039603960396,0.9,1,0.95,19.93,D — Marginal
2H Relative Strength Index (RSI) bullish,trendlyne,technical_reversal,oscillator_signal,bullish,swing,0.8200000000000001,0.0396039603960396,0.9,1,0.95,19.93,D — Marginal
Relative Strength Index (RSI) Bullish,trendlyne,technical_reversal,oscillator_signal,bullish,swing,0.8200000000000001,0.0396039603960396,0.9,1,0.95,19.93,D — Marginal
Oversold on both Week RSI and Week MFI,trendlyne,technical_reversal,oscillator_signal,bullish,swing,0.8200000000000001,0.0396039603960396,0.9,1,0.95,19.93,D — Marginal
Month Relative Strength Index (RSI) Bullish,trendlyne,technical_reversal,oscillator_signal,bullish,swing,0.8200000000000001,0.0396039603960396,0.9,1,0.95,19.93,D — Marginal
Oversold on both Month RSI and Month MFI,trendlyne,technical_reversal,oscillator_signal,bullish,swing,0.8200000000000001,0.0396039603960396,0.9,1,0.95,19.93,D — Marginal
Oversold on both 2H RSI and 2H MFI,trendlyne,technical_reversal,oscillator_signal,bullish,swing,0.8200000000000001,0.0396039603960396,0.9,1,0.95,19.93,D — Marginal
Annual revenue and net profit negative surprise,trendlyne,event_corporate_action,earnings_event,bearish,long_term,0.74,0.0396039603960396,0.95,0.9,1.1,19.78,D — Marginal
Revenue Negative Surprise for the Year,trendlyne,event_corporate_action,earnings_event,bearish,long_term,0.74,0.0396039603960396,0.95,0.9,1.1,19.78,D — Marginal
EPS Negative Surprise for the Year,trendlyne,event_corporate_action,earnings_event,bearish,long_term,0.74,0.0396039603960396,0.95,0.9,1.1,19.78,D — Marginal
Annual revenue and EPS negative surprise,trendlyne,event_corporate_action,earnings_event,bearish,long_term,0.74,0.0396039603960396,0.95,0.9,1.1,19.78,D — Marginal
Net Profit Negative Surprise for the Year,trendlyne,event_corporate_action,earnings_event,bearish,long_term,0.74,0.0396039603960396,0.95,0.9,1.1,19.78,D — Marginal
Small Cap Stars,trendlyne,technical_trend,moving_average_trend,neutral,swing,0.74,0.0594059405940594,1,0.65,0.95,19.48,D — Marginal
Growth Stock - Small Cap,trendlyne,technical_trend,moving_average_trend,neutral,swing,0.74,0.0594059405940594,1,0.65,0.95,19.48,D — Marginal
SmallCap StarsBest small cap stocks with promising growth,etnow,technical_trend,moving_average_trend,neutral,swing,0.74,0.0594059405940594,1,0.65,0.95,19.48,D — Marginal
10X Aimers Micro and smallcap stocks having the potential to provide multifold returns,etnow,technical_trend,moving_average_trend,neutral,swing,0.74,0.0594059405940594,1,0.65,0.95,19.48,D — Marginal
Bullish Harami CrossA Bullish Harami Cross is a bullish candlestick pattern indicating a potential reversal to an upward trend,etnow,technical_reversal,candlestick_reversal,bullish,swing,0.9,0.0396039603960396,0.8,1,0.95,19.44,D — Marginal
"Live Results Screener: Companies with rising operating profit margin growth, which declared results in past one week (subscription)",trendlyne,event_corporate_action,earnings_event,bullish,swing,0.74,0.0396039603960396,0.95,1,0.95,18.98,D — Marginal
"Stocks outperforming the index over the week, post results",trendlyne,event_corporate_action,earnings_event,bullish,swing,0.74,0.0396039603960396,0.95,1,0.95,18.98,D — Marginal
15 min Williams Trending Down,trendlyne,technical_trend,trend_indicator,bearish,intraday,0.74,0.0594059405940594,0.95,0.9,0.7,18.88,D — Marginal
30 min CCI Trending Down,trendlyne,technical_trend,trend_indicator,bearish,intraday,0.74,0.0594059405940594,0.95,0.9,0.7,18.88,D — Marginal
15 min CCI Trending Down,trendlyne,technical_trend,trend_indicator,bearish,intraday,0.74,0.0594059405940594,0.95,0.9,0.7,18.88,D — Marginal
30 min Supertrend Signal changed to Sell,trendlyne,technical_trend,trend_indicator,bearish,intraday,0.74,0.0594059405940594,0.95,0.9,0.7,18.88,D — Marginal
30 min MACD Crossover below Signal Line,trendlyne,technical_trend,trend_indicator,bearish,intraday,0.74,0.0594059405940594,0.95,0.9,0.7,18.88,D — Marginal
15 min MACD Crossover below Signal Line,trendlyne,technical_trend,trend_indicator,bearish,intraday,0.74,0.0594059405940594,0.95,0.9,0.7,18.88,D — Marginal
15 min ROC Trending Down,trendlyne,technical_trend,trend_indicator,bearish,intraday,0.74,0.0594059405940594,0.95,0.9,0.7,18.88,D — Marginal
15 min Supertrend Signal changed to Sell,trendlyne,technical_trend,trend_indicator,bearish,intraday,0.74,0.0594059405940594,0.95,0.9,0.7,18.88,D — Marginal
Revenue and EPS negative surprise for the Quarter,trendlyne,event_corporate_action,earnings_event,bearish,positional,0.74,0.0396039603960396,0.95,0.9,1.05,18.88,D — Marginal
Revenue and net profit negative surprise for the Quarter,trendlyne,event_corporate_action,earnings_event,bearish,positional,0.74,0.0396039603960396,0.95,0.9,1.05,18.88,D — Marginal
Revenue Negative Surprise for the Quarter,trendlyne,event_corporate_action,earnings_event,bearish,positional,0.74,0.0396039603960396,0.95,0.9,1.05,18.88,D — Marginal
30 min ROC Trending Down,trendlyne,technical_trend,trend_indicator,bearish,intraday,0.74,0.0594059405940594,0.95,0.9,0.7,18.88,D — Marginal
30 min Williams Trending Down,trendlyne,technical_trend,trend_indicator,bearish,intraday,0.74,0.0594059405940594,0.95,0.9,0.7,18.88,D — Marginal
EPS Negative Surprise for the Quarter,trendlyne,event_corporate_action,earnings_event,bearish,positional,0.74,0.0396039603960396,0.95,0.9,1.05,18.88,D — Marginal
Net Profit Negative Surprise for the Quarter,trendlyne,event_corporate_action,earnings_event,bearish,positional,0.74,0.0396039603960396,0.95,0.9,1.05,18.88,D — Marginal
Forecaster: Analysts Estimate Dividend Yield Growth (YoY),trendlyne,analyst_sentiment,broker_forecast,neutral,long_term,0.8200000000000001,0.04950495049504951,0.9,0.65,1.1,18.75,D — Marginal
Highest Upside in Target Price Estimates - Forecaster,trendlyne,analyst_sentiment,broker_forecast,neutral,long_term,0.8200000000000001,0.04950495049504951,0.9,0.65,1.1,18.75,D — Marginal
Forecaster: Analysts Estimate Dividend Yield Decline (YoY),trendlyne,analyst_sentiment,broker_forecast,neutral,long_term,0.8200000000000001,0.04950495049504951,0.9,0.65,1.1,18.75,D — Marginal
Brokers upgraded recommendation or target price in the past three months,trendlyne,analyst_sentiment,broker_forecast,neutral,long_term,0.8200000000000001,0.04950495049504951,0.9,0.65,1.1,18.75,D — Marginal
Broker Reco and Target Upgrades in the Past Six Months,trendlyne,analyst_sentiment,broker_forecast,neutral,long_term,0.8200000000000001,0.04950495049504951,0.9,0.65,1.1,18.75,D — Marginal
Week ADX Trending Stocks,trendlyne,technical_trend,trend_indicator,neutral,swing,0.74,0.0594059405940594,0.95,0.65,0.95,18.51,D — Marginal
2H ADX Trending Stocks,trendlyne,technical_trend,trend_indicator,neutral,swing,0.74,0.0594059405940594,0.95,0.65,0.95,18.51,D — Marginal
2H ADX Mild Trending Stocks,trendlyne,technical_trend,trend_indicator,neutral,swing,0.74,0.0594059405940594,0.95,0.65,0.95,18.51,D — Marginal
1H ADX Trending Stocks,trendlyne,technical_trend,trend_indicator,neutral,swing,0.74,0.0594059405940594,0.95,0.65,0.95,18.51,D — Marginal
Week ADX Mild Trending Stocks,trendlyne,technical_trend,trend_indicator,neutral,swing,0.74,0.0594059405940594,0.95,0.65,0.95,18.51,D — Marginal
Month ADX Trending Stocks,trendlyne,technical_trend,trend_indicator,neutral,swing,0.74,0.0594059405940594,0.95,0.65,0.95,18.51,D — Marginal
ADX Mild Trending Stocks,trendlyne,technical_trend,trend_indicator,neutral,swing,0.74,0.0594059405940594,0.95,0.65,0.95,18.51,D — Marginal
1H ADX Mild Trending Stocks,trendlyne,technical_trend,trend_indicator,neutral,swing,0.74,0.0594059405940594,0.95,0.65,0.95,18.51,D — Marginal
Month ADX Mild Trending Stocks,trendlyne,technical_trend,trend_indicator,neutral,swing,0.74,0.0594059405940594,0.95,0.65,0.95,18.51,D — Marginal
ADX Trending Stocks,trendlyne,technical_trend,trend_indicator,neutral,swing,0.74,0.0594059405940594,0.95,0.65,0.95,18.51,D — Marginal
Bearish Cross - SMA 5 and 20This crossover indicates a bearish signal where 5 day moving average of price has crossed below the 20 day moving average from above,etnow,technical_trend,moving_average_trend,neutral,swing,0.6970000000000001,0.0594059405940594,1,0.65,0.95,18.35,D — Marginal
Bearish Cross - SMA 7 and 14This crossover indicates a bearish signal where 7 day moving average of price has crossed below 14 day moving average from above,etnow,technical_trend,moving_average_trend,neutral,swing,0.6970000000000001,0.0594059405940594,1,0.65,0.95,18.35,D — Marginal
Bullish Cross - SMA 5 and 20This crossover indicates a bullish signal where 5 day moving average of price has crossed above 20 day moving average from below,etnow,technical_trend,moving_average_trend,neutral,swing,0.6970000000000001,0.0594059405940594,1,0.65,0.95,18.35,D — Marginal
Bullish Cross - SMA 5 and 10This crossover indicates a bullish signal where 5 day moving average of price has crossed above 10 day moving average from below,etnow,technical_trend,moving_average_trend,neutral,swing,0.6970000000000001,0.0594059405940594,1,0.65,0.95,18.35,D — Marginal
Bullish Cross - SMA 7 and 14This crossover indicates a bullish signal where 7 day moving average of price has crossed above 14 day moving average from below,etnow,technical_trend,moving_average_trend,neutral,swing,0.6970000000000001,0.0594059405940594,1,0.65,0.95,18.35,D — Marginal
Bearish Cross - SMA 3 and 7This crossover indicates a bearish signal where 3 day moving average has crossed below 7 day moving average from above,etnow,technical_trend,moving_average_trend,neutral,swing,0.6970000000000001,0.0594059405940594,1,0.65,0.95,18.35,D — Marginal
"Bearish Cross - SMA 3 and 5Stocks where 3day moving average has crossed below 5 day moving average from above, indicating a bullish signal",etnow,technical_trend,moving_average_trend,neutral,swing,0.6970000000000001,0.0594059405940594,1,0.65,0.95,18.35,D — Marginal
"Bearish Cross -SMA 3,5 and 7Here, two short term moving averages of price i.e. 3day MA and 5day MA both have crossed below the 7day moving average. This is a strong Bearish crossover",etnow,technical_trend,moving_average_trend,neutral,swing,0.6970000000000001,0.0594059405940594,1,0.65,0.95,18.35,D — Marginal
Bearish Cross - SMA 5 and 10This crossover indicates a bearish signal where 5 day moving average of price has crossed below the 10 day moving average from above,etnow,technical_trend,moving_average_trend,neutral,swing,0.6970000000000001,0.0594059405940594,1,0.65,0.95,18.35,D — Marginal
Bullish Cross - SMA 7 and 26This crossover indicates a bullish signal where 7 day moving average of price has crossed above 26 day moving average from below,etnow,technical_trend,moving_average_trend,neutral,swing,0.6970000000000001,0.0594059405940594,1,0.65,0.95,18.35,D — Marginal
Bearish Cross - SMA 7 and 26This crossover indicates a bearish signal where 7 day moving average of price has crossed below 26 day moving average from above,etnow,technical_trend,moving_average_trend,neutral,swing,0.6970000000000001,0.0594059405940594,1,0.65,0.95,18.35,D — Marginal
Bullish Cross - SMA 3 and 5 List of stocks where 3 day moving average has crossed the 5 day moving average from below. This crossover indicates a bullish trend,etnow,technical_trend,moving_average_trend,neutral,swing,0.6970000000000001,0.0594059405940594,1,0.65,0.95,18.35,D — Marginal
Bullish Cross - SMA 3 and 7This crossover indicates a bullish signal where 3 day moving average has crossed above 7 day moving average from below,etnow,technical_trend,moving_average_trend,neutral,swing,0.6970000000000001,0.0594059405940594,1,0.65,0.95,18.35,D — Marginal
"High volume, High Gain",trendlyne,volume_liquidity,volume_delivery,bullish,long_term,0.74,0.0297029702970297,1.05,1,1.1,18.22,D — Marginal
high volume high growth,trendlyne,volume_liquidity,volume_delivery,bullish,long_term,0.74,0.0297029702970297,1.05,1,1.1,18.22,D — Marginal
"High Current RatioExplore a financial world of strength: High Current Ratio identifies firms with robust liquidity, excelling in short-term obligation handling",etnow,volume_liquidity,balance_sheet_quality,bullish,long_term,0.74,0.0297029702970297,1.05,1,1.1,18.22,D — Marginal
High Delivery Percentage,trendlyne,volume_liquidity,volume_delivery,bullish,long_term,0.74,0.0297029702970297,1.05,1,1.1,18.22,D — Marginal
"Cash-Rich StocksTargets stocks of companies with strong liquidity positions, appealing to investors seeking companies with the ability to cover short-term obligations. Filters stocks where Current Ratio is greater than 2 and Quick Ratio is over 1.",etnow,volume_liquidity,balance_sheet_quality,bullish,long_term,0.74,0.0297029702970297,1.05,1,1.1,18.22,D — Marginal
Week Williams %R Bullish,trendlyne,technical_reversal,oscillator_signal,bullish,swing,0.74,0.0396039603960396,0.9,1,0.95,17.99,D — Marginal
CCI Bullish,trendlyne,technical_reversal,oscillator_signal,bullish,swing,0.74,0.0396039603960396,0.9,1,0.95,17.99,D — Marginal
CCI crossed above 100,trendlyne,technical_reversal,oscillator_signal,bullish,swing,0.74,0.0396039603960396,0.9,1,0.95,17.99,D — Marginal
2H CCI crossed above 100,trendlyne,technical_reversal,oscillator_signal,bullish,swing,0.74,0.0396039603960396,0.9,1,0.95,17.99,D — Marginal
Week Stochastic oscillator bullish crossover,trendlyne,technical_reversal,oscillator_signal,bullish,swing,0.74,0.0396039603960396,0.9,1,0.95,17.99,D — Marginal
Week Williams %R crossed -80 from above,trendlyne,technical_reversal,oscillator_signal,bullish,swing,0.74,0.0396039603960396,0.9,1,0.95,17.99,D — Marginal
1H Williams %R crossed -80 from above,trendlyne,technical_reversal,oscillator_signal,bullish,swing,0.74,0.0396039603960396,0.9,1,0.95,17.99,D — Marginal
2H CCI Bullish,trendlyne,technical_reversal,oscillator_signal,bullish,swing,0.74,0.0396039603960396,0.9,1,0.95,17.99,D — Marginal
Month CCI Bullish,trendlyne,technical_reversal,oscillator_signal,bullish,swing,0.74,0.0396039603960396,0.9,1,0.95,17.99,D — Marginal
2H Williams %R crossed -80 from above,trendlyne,technical_reversal,oscillator_signal,bullish,swing,0.74,0.0396039603960396,0.9,1,0.95,17.99,D — Marginal
Stochastic oscillator bullish crossover,trendlyne,technical_reversal,oscillator_signal,bullish,swing,0.74,0.0396039603960396,0.9,1,0.95,17.99,D — Marginal
Month Williams %R crossed -80 from above,trendlyne,technical_reversal,oscillator_signal,bullish,swing,0.74,0.0396039603960396,0.9,1,0.95,17.99,D — Marginal
1H CCI Bullish,trendlyne,technical_reversal,oscillator_signal,bullish,swing,0.74,0.0396039603960396,0.9,1,0.95,17.99,D — Marginal
1H CCI crossed above 100,trendlyne,technical_reversal,oscillator_signal,bullish,swing,0.74,0.0396039603960396,0.9,1,0.95,17.99,D — Marginal
1H Williams %R Bullish,trendlyne,technical_reversal,oscillator_signal,bullish,swing,0.74,0.0396039603960396,0.9,1,0.95,17.99,D — Marginal
Month CCI crossed above 100,trendlyne,technical_reversal,oscillator_signal,bullish,swing,0.74,0.0396039603960396,0.9,1,0.95,17.99,D — Marginal
Week CCI Bullish,trendlyne,technical_reversal,oscillator_signal,bullish,swing,0.74,0.0396039603960396,0.9,1,0.95,17.99,D — Marginal
Week CCI crossed above 100,trendlyne,technical_reversal,oscillator_signal,bullish,swing,0.74,0.0396039603960396,0.9,1,0.95,17.99,D — Marginal
Month Stochastic oscillator bullish crossover,trendlyne,technical_reversal,oscillator_signal,bullish,swing,0.74,0.0396039603960396,0.9,1,0.95,17.99,D — Marginal
Month Williams %R Bullish,trendlyne,technical_reversal,oscillator_signal,bullish,swing,0.74,0.0396039603960396,0.9,1,0.95,17.99,D — Marginal
Williams %R crossed -80 from above,trendlyne,technical_reversal,oscillator_signal,bullish,swing,0.74,0.0396039603960396,0.9,1,0.95,17.99,D — Marginal
Williams %R Bullish,trendlyne,technical_reversal,oscillator_signal,bullish,swing,0.74,0.0396039603960396,0.9,1,0.95,17.99,D — Marginal
2H Williams %R Bullish,trendlyne,technical_reversal,oscillator_signal,bullish,swing,0.74,0.0396039603960396,0.9,1,0.95,17.99,D — Marginal
Overbought on both 1H MFI and 1H RSI,trendlyne,technical_reversal,oscillator_signal,bearish,swing,0.8200000000000001,0.0396039603960396,0.9,0.9,0.95,17.94,D — Marginal
Overbought on both Month MFI and Month RSI,trendlyne,technical_reversal,oscillator_signal,bearish,swing,0.8200000000000001,0.0396039603960396,0.9,0.9,0.95,17.94,D — Marginal
Month Relative Strength Index (RSI) Bearish,trendlyne,technical_reversal,oscillator_signal,bearish,swing,0.8200000000000001,0.0396039603960396,0.9,0.9,0.95,17.94,D — Marginal
Overbought on both Week MFI and Week RSI,trendlyne,technical_reversal,oscillator_signal,bearish,swing,0.8200000000000001,0.0396039603960396,0.9,0.9,0.95,17.94,D — Marginal
1H Relative Strength Index (RSI) Bearish,trendlyne,technical_reversal,oscillator_signal,bearish,swing,0.8200000000000001,0.0396039603960396,0.9,0.9,0.95,17.94,D — Marginal
Overbought on both 2H MFI and 2H RSI,trendlyne,technical_reversal,oscillator_signal,bearish,swing,0.8200000000000001,0.0396039603960396,0.9,0.9,0.95,17.94,D — Marginal
2H Relative Strength Index (RSI) Bearish,trendlyne,technical_reversal,oscillator_signal,bearish,swing,0.8200000000000001,0.0396039603960396,0.9,0.9,0.95,17.94,D — Marginal
Relative Strength Index (RSI) Bearish,trendlyne,technical_reversal,oscillator_signal,bearish,swing,0.8200000000000001,0.0396039603960396,0.9,0.9,0.95,17.94,D — Marginal
Overbought on both MFI and RSI,trendlyne,technical_reversal,oscillator_signal,bearish,swing,0.8200000000000001,0.0396039603960396,0.9,0.9,0.95,17.94,D — Marginal
Broker price or reco upgrades in last month,trendlyne,analyst_sentiment,broker_forecast,neutral,positional,0.8200000000000001,0.04950495049504951,0.9,0.65,1.05,17.9,D — Marginal
30 min Supertrend Buys,trendlyne,technical_trend,trend_indicator,bullish,intraday,0.629,0.0594059405940594,0.95,1,0.7,17.84,D — Marginal
15 min Supertrend Buys,trendlyne,technical_trend,trend_indicator,bullish,intraday,0.629,0.0594059405940594,0.95,1,0.7,17.84,D — Marginal
Bullish Harami  (Bullish Reversal),trendlyne,technical_reversal,candlestick_reversal,bullish,swing,0.8200000000000001,0.0396039603960396,0.8,1,0.95,17.72,D — Marginal
Bullish Kicking (Bullish Reversal),trendlyne,technical_reversal,candlestick_reversal,bullish,swing,0.8200000000000001,0.0396039603960396,0.8,1,0.95,17.72,D — Marginal
Abandoned Baby Bottom or Bullish Abandoned Baby (Bullish Reversal),trendlyne,technical_reversal,candlestick_reversal,bullish,swing,0.8200000000000001,0.0396039603960396,0.8,1,0.95,17.72,D — Marginal
Hammer (Bullish Reversal),trendlyne,technical_reversal,candlestick_reversal,bullish,swing,0.8200000000000001,0.0396039603960396,0.8,1,0.95,17.72,D — Marginal
Inverted Hammer (Bullish Reversal),trendlyne,technical_reversal,candlestick_reversal,bullish,swing,0.8200000000000001,0.0396039603960396,0.8,1,0.95,17.72,D — Marginal
Three White Soldiers (Bullish Reversal),trendlyne,technical_reversal,candlestick_reversal,bullish,swing,0.8200000000000001,0.0396039603960396,0.8,1,0.95,17.72,D — Marginal
Bullish Engulfing Pattern (Bullish Reversal),trendlyne,technical_reversal,candlestick_reversal,bullish,swing,0.8200000000000001,0.0396039603960396,0.8,1,0.95,17.72,D — Marginal
White Marubozu Candlestick (Bullish),trendlyne,technical_reversal,candlestick_reversal,bullish,swing,0.8200000000000001,0.0396039603960396,0.8,1,0.95,17.72,D — Marginal
Morning Star (Bullish Reversal),trendlyne,technical_reversal,candlestick_reversal,bullish,swing,0.8200000000000001,0.0396039603960396,0.8,1,0.95,17.72,D — Marginal
Piercing Line (Bullish Reversal),trendlyne,technical_reversal,candlestick_reversal,bullish,swing,0.8200000000000001,0.0396039603960396,0.8,1,0.95,17.72,D — Marginal
Dragonfly Doji (Bullish Reversal),trendlyne,technical_reversal,candlestick_reversal,bullish,swing,0.8200000000000001,0.0396039603960396,0.8,1,0.95,17.72,D — Marginal
Upside Tasuki Gap (Bullish Continuation),trendlyne,technical_reversal,candlestick_reversal,bullish,swing,0.8200000000000001,0.0396039603960396,0.8,1,0.95,17.72,D — Marginal
Bullish Harami Cross (Bullish Reversal),trendlyne,technical_reversal,candlestick_reversal,bullish,swing,0.8200000000000001,0.0396039603960396,0.8,1,0.95,17.72,D — Marginal
Forecaster Consensus Estimates: Stocks with Sell or Strong Sell Calls from Analysts,trendlyne,analyst_sentiment,broker_forecast,neutral,long_term,0.765,0.04950495049504951,0.9,0.65,1.1,17.49,D — Marginal
"Forecaster Consensus Recommendation is Strong Sell, and Weaker than Analyst View on Industry",trendlyne,analyst_sentiment,broker_forecast,neutral,long_term,0.765,0.04950495049504951,0.9,0.65,1.1,17.49,D — Marginal
"Rising Delivery Percentage Compared to Previous Day and Month, Strong Volumes",trendlyne,volume_liquidity,volume_delivery,bullish,swing,0.8200000000000001,0.0297029702970297,1.05,1,0.95,17.44,D — Marginal
Week Willaims %R in Oversold zone,trendlyne,technical_reversal,oscillator_reversal,bullish,swing,0.74,0.0396039603960396,0.85,1,0.95,16.99,D — Marginal
2H ADX Bullish Divergence,trendlyne,technical_reversal,oscillator_reversal,bullish,swing,0.74,0.0396039603960396,0.85,1,0.95,16.99,D — Marginal
1H CCI Oversold,trendlyne,technical_reversal,oscillator_reversal,bullish,swing,0.74,0.0396039603960396,0.85,1,0.95,16.99,D — Marginal
Oversold by 2H Money Flow Index (MFI),trendlyne,technical_reversal,oscillator_reversal,bullish,swing,0.74,0.0396039603960396,0.85,1,0.95,16.99,D — Marginal
CCI Oversold,trendlyne,technical_reversal,oscillator_reversal,bullish,swing,0.74,0.0396039603960396,0.85,1,0.95,16.99,D — Marginal
Buy on DipsQuality stocks one should accumulate on significant price falls,etnow,technical_reversal,oscillator_reversal,bullish,swing,0.74,0.0396039603960396,0.85,1,0.95,16.99,D — Marginal
2H Willaims %R in Oversold zone,trendlyne,technical_reversal,oscillator_reversal,bullish,swing,0.74,0.0396039603960396,0.85,1,0.95,16.99,D — Marginal
Stochastic oscillator oversold,trendlyne,technical_reversal,oscillator_reversal,bullish,swing,0.74,0.0396039603960396,0.85,1,0.95,16.99,D — Marginal
1H ADX Bullish Divergence,trendlyne,technical_reversal,oscillator_reversal,bullish,swing,0.74,0.0396039603960396,0.85,1,0.95,16.99,D — Marginal
Month CCI Oversold,trendlyne,technical_reversal,oscillator_reversal,bullish,swing,0.74,0.0396039603960396,0.85,1,0.95,16.99,D — Marginal
ADX Bullish Divergence,trendlyne,technical_reversal,oscillator_reversal,bullish,swing,0.74,0.0396039603960396,0.85,1,0.95,16.99,D — Marginal
Oversold by Money Flow Index (MFI),trendlyne,technical_reversal,oscillator_reversal,bullish,swing,0.74,0.0396039603960396,0.85,1,0.95,16.99,D — Marginal
2H CCI Oversold,trendlyne,technical_reversal,oscillator_reversal,bullish,swing,0.74,0.0396039603960396,0.85,1,0.95,16.99,D — Marginal
Oversold by Month Money Flow Index (MFI),trendlyne,technical_reversal,oscillator_reversal,bullish,swing,0.74,0.0396039603960396,0.85,1,0.95,16.99,D — Marginal
Willaims %R in Oversold zone,trendlyne,technical_reversal,oscillator_reversal,bullish,swing,0.74,0.0396039603960396,0.85,1,0.95,16.99,D — Marginal
Week CCI Oversold,trendlyne,technical_reversal,oscillator_reversal,bullish,swing,0.74,0.0396039603960396,0.85,1,0.95,16.99,D — Marginal
Week Stochastic oscillator oversold,trendlyne,technical_reversal,oscillator_reversal,bullish,swing,0.74,0.0396039603960396,0.85,1,0.95,16.99,D — Marginal
Oversold by 1H Money Flow Index (MFI),trendlyne,technical_reversal,oscillator_reversal,bullish,swing,0.74,0.0396039603960396,0.85,1,0.95,16.99,D — Marginal
Month ADX Bullish Divergence,trendlyne,technical_reversal,oscillator_reversal,bullish,swing,0.74,0.0396039603960396,0.85,1,0.95,16.99,D — Marginal
Month Willaims %R in Oversold zone,trendlyne,technical_reversal,oscillator_reversal,bullish,swing,0.74,0.0396039603960396,0.85,1,0.95,16.99,D — Marginal
Month Stochastic oscillator oversold,trendlyne,technical_reversal,oscillator_reversal,bullish,swing,0.74,0.0396039603960396,0.85,1,0.95,16.99,D — Marginal
1H Willaims %R in Oversold zone,trendlyne,technical_reversal,oscillator_reversal,bullish,swing,0.74,0.0396039603960396,0.85,1,0.95,16.99,D — Marginal
Oversold by Week Money Flow Index (MFI),trendlyne,technical_reversal,oscillator_reversal,bullish,swing,0.74,0.0396039603960396,0.85,1,0.95,16.99,D — Marginal
Week ADX Bullish Divergence,trendlyne,technical_reversal,oscillator_reversal,bullish,swing,0.74,0.0396039603960396,0.85,1,0.95,16.99,D — Marginal
Oversold by Rate of Change (ROC),trendlyne,technical_reversal,oscillator_reversal,bullish,swing,0.74,0.0396039603960396,0.85,1,0.95,16.99,D — Marginal
Highest Long Term Growth Estimates - Forecaster,trendlyne,analyst_sentiment,broker_forecast,neutral,long_term,0.74,0.04950495049504951,0.9,0.65,1.1,16.92,D — Marginal
Nifty 500 - Brokers' top picks,trendlyne,analyst_sentiment,broker_forecast,neutral,long_term,0.74,0.04950495049504951,0.9,0.65,1.1,16.92,D — Marginal
Lowest Long Term Growth Estimates - Forecaster,trendlyne,analyst_sentiment,broker_forecast,neutral,long_term,0.74,0.04950495049504951,0.9,0.65,1.1,16.92,D — Marginal
Highest Capex Growth Estimates - Forecaster,trendlyne,analyst_sentiment,broker_forecast,neutral,long_term,0.74,0.04950495049504951,0.9,0.65,1.1,16.92,D — Marginal
Highest Dividend Yield Estimates - Forecaster,trendlyne,analyst_sentiment,broker_forecast,neutral,long_term,0.74,0.04950495049504951,0.9,0.65,1.1,16.92,D — Marginal
"Low Current Ratio A low Current Ratio data page focuses on stocks with a ratio below the industry average, indicating possible liquidity challenges. Investors use it to assess risk and find investment opportunities.",etnow,volume_liquidity,balance_sheet_quality,bearish,long_term,0.74,0.0297029702970297,1.05,0.9,1.1,16.4,D — Marginal
High Dividend Yield Stocks High Dividend Yield Stocks,etnow,income_dividend,dividend_income,bullish,long_term,0.8200000000000001,0.0297029702970297,0.85,1,1.1,16.35,D — Marginal
1H CCI crossed below -100,trendlyne,technical_reversal,oscillator_signal,bearish,swing,0.74,0.0396039603960396,0.9,0.9,0.95,16.19,D — Marginal
1H CCI Bearish,trendlyne,technical_reversal,oscillator_signal,bearish,swing,0.74,0.0396039603960396,0.9,0.9,0.95,16.19,D — Marginal
Week Williams %R Bearish,trendlyne,technical_reversal,oscillator_signal,bearish,swing,0.74,0.0396039603960396,0.9,0.9,0.95,16.19,D — Marginal
Week Stochastic oscillator bearish crossover,trendlyne,technical_reversal,oscillator_signal,bearish,swing,0.74,0.0396039603960396,0.9,0.9,0.95,16.19,D — Marginal
CCI crossed below -100,trendlyne,technical_reversal,oscillator_signal,bearish,swing,0.74,0.0396039603960396,0.9,0.9,0.95,16.19,D — Marginal
Williams %R crossed -20 from below,trendlyne,technical_reversal,oscillator_signal,bearish,swing,0.74,0.0396039603960396,0.9,0.9,0.95,16.19,D — Marginal
Month Williams %R crossed -20 from below,trendlyne,technical_reversal,oscillator_signal,bearish,swing,0.74,0.0396039603960396,0.9,0.9,0.95,16.19,D — Marginal
Month CCI Bearish,trendlyne,technical_reversal,oscillator_signal,bearish,swing,0.74,0.0396039603960396,0.9,0.9,0.95,16.19,D — Marginal
Stochastic oscillator bearish crossover,trendlyne,technical_reversal,oscillator_signal,bearish,swing,0.74,0.0396039603960396,0.9,0.9,0.95,16.19,D — Marginal
2H Williams %R Bearish,trendlyne,technical_reversal,oscillator_signal,bearish,swing,0.74,0.0396039603960396,0.9,0.9,0.95,16.19,D — Marginal
2H Williams %R crossed -20 from below,trendlyne,technical_reversal,oscillator_signal,bearish,swing,0.74,0.0396039603960396,0.9,0.9,0.95,16.19,D — Marginal
Week CCI crossed below -100,trendlyne,technical_reversal,oscillator_signal,bearish,swing,0.74,0.0396039603960396,0.9,0.9,0.95,16.19,D — Marginal
CCI Bearish,trendlyne,technical_reversal,oscillator_signal,bearish,swing,0.74,0.0396039603960396,0.9,0.9,0.95,16.19,D — Marginal
2H CCI crossed below -100,trendlyne,technical_reversal,oscillator_signal,bearish,swing,0.74,0.0396039603960396,0.9,0.9,0.95,16.19,D — Marginal
1H Williams %R crossed -20 from below,trendlyne,technical_reversal,oscillator_signal,bearish,swing,0.74,0.0396039603960396,0.9,0.9,0.95,16.19,D — Marginal
2H CCI Bearish,trendlyne,technical_reversal,oscillator_signal,bearish,swing,0.74,0.0396039603960396,0.9,0.9,0.95,16.19,D — Marginal
1H Williams %R Bearish,trendlyne,technical_reversal,oscillator_signal,bearish,swing,0.74,0.0396039603960396,0.9,0.9,0.95,16.19,D — Marginal
Month Williams %R Bearish,trendlyne,technical_reversal,oscillator_signal,bearish,swing,0.74,0.0396039603960396,0.9,0.9,0.95,16.19,D — Marginal
Month CCI crossed below -100,trendlyne,technical_reversal,oscillator_signal,bearish,swing,0.74,0.0396039603960396,0.9,0.9,0.95,16.19,D — Marginal
Williams %R Bearish,trendlyne,technical_reversal,oscillator_signal,bearish,swing,0.74,0.0396039603960396,0.9,0.9,0.95,16.19,D — Marginal
Week CCI Bearish,trendlyne,technical_reversal,oscillator_signal,bearish,swing,0.74,0.0396039603960396,0.9,0.9,0.95,16.19,D — Marginal
Month Stochastic oscillator bearish crossover,trendlyne,technical_reversal,oscillator_signal,bearish,swing,0.74,0.0396039603960396,0.9,0.9,0.95,16.19,D — Marginal
Broker Upgrades: Stocks where brokers upgraded recommendation or price target in the past one month,trendlyne,analyst_sentiment,broker_forecast,neutral,positional,0.74,0.04950495049504951,0.9,0.65,1.05,16.15,D — Marginal
Broker downgrades in price or recommendation in the past one month,trendlyne,analyst_sentiment,broker_forecast,neutral,positional,0.74,0.04950495049504951,0.9,0.65,1.05,16.15,D — Marginal
30 min Supertrend Sells,trendlyne,technical_trend,trend_indicator,bearish,intraday,0.629,0.0594059405940594,0.95,0.9,0.7,16.05,D — Marginal
15 min Supertrend Sells,trendlyne,technical_trend,trend_indicator,bearish,intraday,0.629,0.0594059405940594,0.95,0.9,0.7,16.05,D — Marginal
Rising Three Candle Pattern (Daily),moneycontrol,technical_reversal,candlestick_reversal,bullish,swing,0.74,0.0396039603960396,0.8,1,0.95,15.99,D — Marginal
"White Spinning TopA White Spinning Top is a candle with a small body and long upper and lower shadows, indicating indecision in the market. It may suggest a potential reversal in an uptrend.",etnow,technical_reversal,candlestick_reversal,bullish,swing,0.74,0.0396039603960396,0.8,1,0.95,15.99,D — Marginal
"White Marubozu The White Marubozu is a bullish candle with a long white body and no shadows, indicating strong buying pressure and a potential uptrend",etnow,technical_reversal,candlestick_reversal,bullish,swing,0.74,0.0396039603960396,0.8,1,0.95,15.99,D — Marginal
Shooting Star (Bearish Reversal),trendlyne,technical_reversal,candlestick_reversal,bearish,swing,0.8200000000000001,0.0396039603960396,0.8,0.9,0.95,15.94,D — Marginal
Bearish Engulfing (Bearish Reversal),trendlyne,technical_reversal,candlestick_reversal,bearish,swing,0.8200000000000001,0.0396039603960396,0.8,0.9,0.95,15.94,D — Marginal
Bearish Harami (Bearish Reversal),trendlyne,technical_reversal,candlestick_reversal,bearish,swing,0.8200000000000001,0.0396039603960396,0.8,0.9,0.95,15.94,D — Marginal
Darkcloud cover (Bearish Reversal),trendlyne,technical_reversal,candlestick_reversal,bearish,swing,0.8200000000000001,0.0396039603960396,0.8,0.9,0.95,15.94,D — Marginal
Downside Tasuki Gap (Bearish Continuation),trendlyne,technical_reversal,candlestick_reversal,bearish,swing,0.8200000000000001,0.0396039603960396,0.8,0.9,0.95,15.94,D — Marginal
Bearish Harami Cross (Bearish Reversal),trendlyne,technical_reversal,candlestick_reversal,bearish,swing,0.8200000000000001,0.0396039603960396,0.8,0.9,0.95,15.94,D — Marginal
Hanging Man (Bearish Reversal),trendlyne,technical_reversal,candlestick_reversal,bearish,swing,0.8200000000000001,0.0396039603960396,0.8,0.9,0.95,15.94,D — Marginal
Abandoned Baby Top or Bearish Abandoned Baby (Bearish Reversal),trendlyne,technical_reversal,candlestick_reversal,bearish,swing,0.8200000000000001,0.0396039603960396,0.8,0.9,0.95,15.94,D — Marginal
Rising Delivery Percentage Compared to Prev Day,trendlyne,volume_liquidity,volume_delivery,bullish,swing,0.74,0.0297029702970297,1.05,1,0.95,15.74,D — Marginal
"Long Black CandleA Long Black Candle is a bearish candle with a long black body, indicating strong selling pressure and a potential downtrend",etnow,technical_trend,trend_indicator,neutral,swing,0.629,0.0594059405940594,0.95,0.65,0.95,15.73,D — Marginal
Bullish MACD CrossoverList of stocks where the MACD line crosses from below to above the signal line. This crossover is considered bullish,etnow,technical_trend,trend_indicator,neutral,swing,0.629,0.0594059405940594,0.95,0.65,0.95,15.73,D — Marginal
Bearish MACD CrossoverList of stocks where the MACD line crosses from above to above the signal line. This crossover is considered bearish,etnow,technical_trend,trend_indicator,neutral,swing,0.629,0.0594059405940594,0.95,0.65,0.95,15.73,D — Marginal
Securities seeing short covering,trendlyne,derivatives_positioning,open_interest,bullish,long_term,0.74,0.0297029702970297,0.9,1,1.1,15.62,D — Marginal
Securities seeing a long buildup,trendlyne,derivatives_positioning,open_interest,bullish,long_term,0.74,0.0297029702970297,0.9,1,1.1,15.62,D — Marginal
Stochastic oscillator overbought,trendlyne,technical_reversal,oscillator_reversal,bearish,swing,0.74,0.0396039603960396,0.85,0.9,0.95,15.29,D — Marginal
Month Stochastic oscillator overbought,trendlyne,technical_reversal,oscillator_reversal,bearish,swing,0.74,0.0396039603960396,0.85,0.9,0.95,15.29,D — Marginal
"Contrarian StocksSpotlights stocks with negative one-year returns, appealing to contrarian investors looking for potential rebound opportunities. Screens stocks where 1-year returns are below -20%.",etnow,technical_reversal,oscillator_reversal,bearish,swing,0.74,0.0396039603960396,0.85,0.9,0.95,15.29,D — Marginal
2H Williams %R in Overbought zone,trendlyne,technical_reversal,oscillator_reversal,bearish,swing,0.74,0.0396039603960396,0.85,0.9,0.95,15.29,D — Marginal
Month ADX Bearish Divergence,trendlyne,technical_reversal,oscillator_reversal,bearish,swing,0.74,0.0396039603960396,0.85,0.9,0.95,15.29,D — Marginal
1H CCI Overbought,trendlyne,technical_reversal,oscillator_reversal,bearish,swing,0.74,0.0396039603960396,0.85,0.9,0.95,15.29,D — Marginal
1H ADX Bearish Divergence,trendlyne,technical_reversal,oscillator_reversal,bearish,swing,0.74,0.0396039603960396,0.85,0.9,0.95,15.29,D — Marginal
Week Williams %R in Overbought zone,trendlyne,technical_reversal,oscillator_reversal,bearish,swing,0.74,0.0396039603960396,0.85,0.9,0.95,15.29,D — Marginal
Overbought by 1H Money Flow Index (MFI),trendlyne,technical_reversal,oscillator_reversal,bearish,swing,0.74,0.0396039603960396,0.85,0.9,0.95,15.29,D — Marginal
Week Stochastic oscillator overbought,trendlyne,technical_reversal,oscillator_reversal,bearish,swing,0.74,0.0396039603960396,0.85,0.9,0.95,15.29,D — Marginal
CCI Overbought,trendlyne,technical_reversal,oscillator_reversal,bearish,swing,0.74,0.0396039603960396,0.85,0.9,0.95,15.29,D — Marginal
2H ADX Bearish Divergence,trendlyne,technical_reversal,oscillator_reversal,bearish,swing,0.74,0.0396039603960396,0.85,0.9,0.95,15.29,D — Marginal
Week ADX Bearish Divergence,trendlyne,technical_reversal,oscillator_reversal,bearish,swing,0.74,0.0396039603960396,0.85,0.9,0.95,15.29,D — Marginal
Week CCI Overbought,trendlyne,technical_reversal,oscillator_reversal,bearish,swing,0.74,0.0396039603960396,0.85,0.9,0.95,15.29,D — Marginal
Overbought by Month Money Flow Index (MFI),trendlyne,technical_reversal,oscillator_reversal,bearish,swing,0.74,0.0396039603960396,0.85,0.9,0.95,15.29,D — Marginal
Overbought by Money Flow Index (MFI),trendlyne,technical_reversal,oscillator_reversal,bearish,swing,0.74,0.0396039603960396,0.85,0.9,0.95,15.29,D — Marginal
Overbought by Week Money Flow Index (MFI),trendlyne,technical_reversal,oscillator_reversal,bearish,swing,0.74,0.0396039603960396,0.85,0.9,0.95,15.29,D — Marginal
Month Williams %R in Overbought zone,trendlyne,technical_reversal,oscillator_reversal,bearish,swing,0.74,0.0396039603960396,0.85,0.9,0.95,15.29,D — Marginal
Overbought by 2H Money Flow Index (MFI),trendlyne,technical_reversal,oscillator_reversal,bearish,swing,0.74,0.0396039603960396,0.85,0.9,0.95,15.29,D — Marginal
Williams %R in Overbought zone,trendlyne,technical_reversal,oscillator_reversal,bearish,swing,0.74,0.0396039603960396,0.85,0.9,0.95,15.29,D — Marginal
ADX Bearish Divergence,trendlyne,technical_reversal,oscillator_reversal,bearish,swing,0.74,0.0396039603960396,0.85,0.9,0.95,15.29,D — Marginal
1H Williams %R in Overbought zone,trendlyne,technical_reversal,oscillator_reversal,bearish,swing,0.74,0.0396039603960396,0.85,0.9,0.95,15.29,D — Marginal
2H CCI Overbought,trendlyne,technical_reversal,oscillator_reversal,bearish,swing,0.74,0.0396039603960396,0.85,0.9,0.95,15.29,D — Marginal
Month CCI Overbought,trendlyne,technical_reversal,oscillator_reversal,bearish,swing,0.74,0.0396039603960396,0.85,0.9,0.95,15.29,D — Marginal
"Inverted HammerThe Inverted Hammer is a bullish reversal pattern in a downtrend, with a small body and a long upper shadow, indicating bears may be losing control",etnow,technical_reversal,candlestick_reversal,bullish,swing,0.6970000000000001,0.0396039603960396,0.8,1,0.95,15.06,D — Marginal
"Morning StarThe Morning Star is a bullish reversal pattern in a downtrend, with a long black candle followed by a small-bodied candle and a long white candle, indicating bears may be losing control.",etnow,technical_reversal,candlestick_reversal,bullish,swing,0.6970000000000001,0.0396039603960396,0.8,1,0.95,15.06,D — Marginal
Morning Doji StarThe Morning Doji Star is a bullish reversal pattern that appears in a downtrend. It suggests that bears are losing control and bulls may take over.,etnow,technical_reversal,candlestick_reversal,bullish,swing,0.6970000000000001,0.0396039603960396,0.8,1,0.95,15.06,D — Marginal
"Bullish Harami The Bullish Harami is a bullish reversal pattern in a downtrend, with a large black candle followed by a small white candle contained within it, indicating bears may be losing control",etnow,technical_reversal,candlestick_reversal,bullish,swing,0.6970000000000001,0.0396039603960396,0.8,1,0.95,15.06,D — Marginal
"HammerThe Hammer is a bullish reversal pattern that appears on a chart in the context of a downtrend. It is a candle with a small body and a long lower shadow, suggesting that bears are losing control and bulls may take over",etnow,technical_reversal,candlestick_reversal,bullish,swing,0.6970000000000001,0.0396039603960396,0.8,1,0.95,15.06,D — Marginal
"Bullish Doji StarThe Bullish Doji Star is a three-candle bullish reversal pattern in a downtrend, with a long black candle followed by a Doji and a long white candle, indicating bears may be losing control",etnow,technical_reversal,candlestick_reversal,bullish,swing,0.6970000000000001,0.0396039603960396,0.8,1,0.95,15.06,D — Marginal
"Blue Chip Favorites Focuses on well-established, large-cap stocks with reliable dividends, appealing to investors seeking stable returns. Filters stocks with Market Cap exceeding $50,000 million and Dividend Yield above 2%.",etnow,income_dividend,dividend_income,bullish,long_term,0.74,0.0297029702970297,0.85,1,1.1,14.75,D — Marginal
"Balanced Growth and Income Highlights stocks offering a mix of growth potential and dividend income, suitable for investors seeking both capital appreciation and regular cash flow. Filters stocks with EPS growth over 3% and Dividend Yield above 2.5%.",etnow,income_dividend,dividend_income,bullish,long_term,0.74,0.0297029702970297,0.85,1,1.1,14.75,D — Marginal
"Dividend Stocks with Strong Price Performance and Positive Cash FlowFocuses on dividend-paying stocks with strong recent price performance and positive cash flow, catering to income and stability seekers. Screens stocks with Dividend Yield above 3%, 1-year Returns exceeding 10%, and positive Cash from Operations.",etnow,income_dividend,dividend_income,bullish,long_term,0.74,0.0297029702970297,0.85,1,1.1,14.75,D — Marginal
"Dividend Stocks with Strong Price PerformanceFocuses on dividend-paying stocks with strong recent price performance, catering to investors seeking income along with capital appreciation. Targets stocks with Dividend Yield above 3% and 1-year Returns exceeding 15%.",etnow,income_dividend,dividend_income,bullish,long_term,0.74,0.0297029702970297,0.85,1,1.1,14.75,D — Marginal
"Dividend Stocks with Strong Price PerformanceHighlights dividend-paying stocks with recent strong price performance, catering to investors seeking income along with capital appreciation. Filters stocks with Dividend Yield above 3% and 1-year Returns exceeding 10%.",etnow,income_dividend,dividend_income,bullish,long_term,0.74,0.0297029702970297,0.85,1,1.1,14.75,D — Marginal
"Dividend Stocks with Strong Profit MarginTargets dividend-paying stocks from companies with robust profit margins, appealing to income-oriented investors seeking quality and stability. Selects stocks with Dividend Yield above 3% and Net Profit Margin exceeding 20%.",etnow,income_dividend,dividend_income,bullish,long_term,0.74,0.0297029702970297,0.85,1,1.1,14.75,D — Marginal
International Vacation BasketFulfill your travel goals with these cash flow generating stocks with a positive dividend history,etnow,income_dividend,dividend_income,bullish,long_term,0.74,0.0297029702970297,0.85,1,1.1,14.75,D — Marginal
"International Growth Dividend StocksFocuses on dividend-paying stocks from international markets with growth potential, catering to investors seeking income and expansion. Filters stocks with Dividend Yield above 2.5%.",etnow,income_dividend,dividend_income,bullish,long_term,0.74,0.0297029702970297,0.85,1,1.1,14.75,D — Marginal
"Cash-Rich Dividend StocksIdentifies dividend-paying stocks with robust liquidity, appealing to income-focused investors seeking companies capable of sustaining dividends. Screens stocks where Dividend Yield is over 3% and Current Ratio is above 2.",etnow,income_dividend,dividend_income,bullish,long_term,0.74,0.0297029702970297,0.85,1,1.1,14.75,D — Marginal
"Dividend Stocks with Strong Price Performance Highlights dividend-paying stocks with strong recent price performance, catering to investors seeking income along with capital appreciation. Targets stocks with Dividend Yield above 3% and 1-year Returns exceeding 15%.",etnow,income_dividend,dividend_income,bullish,long_term,0.74,0.0297029702970297,0.85,1,1.1,14.75,D — Marginal
"Dividend Stocks with Strong Growth Momentum Targets dividend-paying stocks with high growth potential and strong financial performance, appealing to both growth and income investors. Selects stocks with Dividend Yield above 2.5% and EPS growth exceeding 15%.",etnow,income_dividend,dividend_income,bullish,long_term,0.74,0.0297029702970297,0.85,1,1.1,14.75,D — Marginal
"Dividend StocksFocuses on dividend-paying stocks from markets, catering to investors seeking income from diverse sources. Screens stocks where Dividend Yield is above 2.5%.",etnow,income_dividend,dividend_income,bullish,long_term,0.74,0.0297029702970297,0.85,1,1.1,14.75,D — Marginal
"Dividend Stocks with Strong ProfitabilityTargets dividend-paying stocks from companies with strong profitability, appealing to income-oriented investors seeking quality and stability. Selects stocks with Dividend Yield above 3% and Net Profit Margin exceeding 20%.",etnow,income_dividend,dividend_income,bullish,long_term,0.74,0.0297029702970297,0.85,1,1.1,14.75,D — Marginal
"Dividend Stocks with Strong ProfitabilityIdentifies dividend-paying stocks from highly profitable companies, catering to income-focused investors seeking stability and income. Selects stocks with Dividend Yield above 3% and Net Profit Margin surpassing 20%.",etnow,income_dividend,dividend_income,bullish,long_term,0.74,0.0297029702970297,0.85,1,1.1,14.75,D — Marginal
"Emerging Market Dividend OpportunitiesFocuses on dividend-paying stocks from emerging markets, catering to investors seeking income opportunities in rapidly growing economies. Selects stocks with Dividend Yield above 3%.",etnow,income_dividend,dividend_income,bullish,long_term,0.74,0.0297029702970297,0.85,1,1.1,14.75,D — Marginal
"Dividend Stocks with Strong Profit MarginHighlights dividend-paying stocks from companies with strong profit margins, catering to income-oriented investors seeking quality and stability. Targets stocks with Dividend Yield above 3% and Net Profit Margin exceeding 20%.",etnow,income_dividend,dividend_income,bullish,long_term,0.74,0.0297029702970297,0.85,1,1.1,14.75,D — Marginal
"Dividend Stocks with Strong Price PerformanceHighlights dividend-paying stocks with strong recent price performance, catering to investors seeking income along with capital appreciation. Targets stocks with Dividend Yield above 3% and 1-year Returns exceeding 10%.",etnow,income_dividend,dividend_income,bullish,long_term,0.74,0.0297029702970297,0.85,1,1.1,14.75,D — Marginal
"Dividend Stocks with Strong Profit Margin Identifies dividend-paying stocks from companies with strong profit margins, appealing to income-oriented investors seeking financial strength. Screens stocks with Dividend Yield above 3% and Net Profit Margin surpassing 15%.",etnow,income_dividend,dividend_income,bullish,long_term,0.74,0.0297029702970297,0.85,1,1.1,14.75,D — Marginal
"High Dividend Yield StocksIdentifies stocks with significant dividend payouts relative to their stock price, indicating potential income generation for investors. Screens for stocks where Dividend Yield is greater than 4%.",etnow,income_dividend,dividend_income,bullish,long_term,0.74,0.0297029702970297,0.85,1,1.1,14.75,D — Marginal
High Dividend Stocks High Dividend Stocks,etnow,income_dividend,dividend_income,bullish,long_term,0.74,0.0297029702970297,0.85,1,1.1,14.75,D — Marginal
"Income and Growth BlendIdentifies stocks that offer both dividends and growth potential, catering to investors seeking a mix of income and capital appreciation. Screens stocks with Dividend Yield above 2.5% and EPS growth over 4%.",etnow,income_dividend,dividend_income,bullish,long_term,0.74,0.0297029702970297,0.85,1,1.1,14.75,D — Marginal
"High-Quality Dividend StocksIdentifies dividend-paying stocks with strong financials and high profitability, appealing to investors seeking both income and stability. Selects stocks where Dividend Yield is over 3% and Return on Equity is above 20.",etnow,income_dividend,dividend_income,bullish,long_term,0.74,0.0297029702970297,0.85,1,1.1,14.75,D — Marginal
"High-Quality Dividend Stocks with Strong Profit Margin and Positive Price PerformanceFocuses on dividend-paying stocks with strong profit margins and positive price performance, catering to income and stability seekers. Targets stocks with Dividend Yield above 3%, Net Profit Margin surpassing 20%, and 1-year Returns above 5%.",etnow,income_dividend,dividend_income,bullish,long_term,0.74,0.0297029702970297,0.85,1,1.1,14.75,D — Marginal
"High-Quality Dividend Stocks with Positive Cash FlowIdentifies dividend-paying stocks with strong financials and positive cash flow, appealing to income-oriented investors seeking stability. Filters stocks with Dividend Yield above 3% and positive Cash from Operations.",etnow,income_dividend,dividend_income,bullish,long_term,0.74,0.0297029702970297,0.85,1,1.1,14.75,D — Marginal
"High-Quality Dividend Stocks with Positive Cash Flow Identifies dividend-paying stocks with strong financials and positive cash flow, appealing to income-oriented investors seeking stability. Filters stocks with Dividend Yield above 3% and positive Cash from Operations.",etnow,income_dividend,dividend_income,bullish,long_term,0.74,0.0297029702970297,0.85,1,1.1,14.75,D — Marginal
"Dividend Stocks with Strong Profit Margin and Positive Earnings MomentumTargets dividend-paying stocks with strong profit margins and earnings momentum, appealing to income-oriented investors seeking stability and growth. Selects stocks with Dividend Yield above 3%, Net Profit Margin surpassing 18%, and EPS growth exceeding 15%.",etnow,income_dividend,dividend_income,bullish,long_term,0.74,0.0297029702970297,0.85,1,1.1,14.75,D — Marginal
"Stable Dividend StocksIdentifies stocks from stable companies that offer consistent dividend income, appealing to investors seeking regular cash flow. Screens stocks where Dividend Yield is above 3%.",etnow,income_dividend,dividend_income,bullish,long_term,0.74,0.0297029702970297,0.85,1,1.1,14.75,D — Marginal
Stocks with strong dividend yields in FY25 and healthy growth over 5 years,trendlyne,income_dividend,dividend_income,bullish,long_term,0.74,0.0297029702970297,0.85,1,1.1,14.75,D — Marginal
15 min Relative Strength Index (RSI) bullish,trendlyne,technical_reversal,oscillator_signal,bullish,intraday,0.8200000000000001,0.0396039603960396,0.9,1,0.7,14.69,D — Marginal
Oversold on both 30 min RSI and 30 min MFI,trendlyne,technical_reversal,oscillator_signal,bullish,intraday,0.8200000000000001,0.0396039603960396,0.9,1,0.7,14.69,D — Marginal
30 min Relative Strength Index (RSI) bullish,trendlyne,technical_reversal,oscillator_signal,bullish,intraday,0.8200000000000001,0.0396039603960396,0.9,1,0.7,14.69,D — Marginal
Oversold on both 15 min RSI and 15 min MFI,trendlyne,technical_reversal,oscillator_signal,bullish,intraday,0.8200000000000001,0.0396039603960396,0.9,1,0.7,14.69,D — Marginal
Black Marubozu (Bearish),trendlyne,technical_reversal,candlestick_reversal,bearish,swing,0.74,0.0396039603960396,0.8,0.9,0.95,14.39,D — Marginal
"Black Spinning Top The Black Spinning Top is a candle with a small body and long upper and lower shadows, indicating indecision in the market. It may suggest a potential reversal in a downtrend",etnow,technical_reversal,candlestick_reversal,bearish,swing,0.74,0.0396039603960396,0.8,0.9,0.95,14.39,D — Marginal
Identical Three Crows (Bearish Reversal),trendlyne,technical_reversal,candlestick_reversal,bearish,swing,0.74,0.0396039603960396,0.8,0.9,0.95,14.39,D — Marginal
"30 Day SMA crossing over 200 Day SMA, and current price greater than open",trendlyne,technical_trend,moving_average_trend,neutral,intraday,0.74,0.0594059405940594,1,0.65,0.7,14.36,D — Marginal
"Results declared today, with net profit and revenue growth YoY and QoQ",trendlyne,event_corporate_action,earnings_event,neutral,long_term,0.74,0.0396039603960396,0.95,0.65,1.1,14.29,D — Marginal
"Results declared today, with declining net profits (YoY OR QoQ)",trendlyne,event_corporate_action,earnings_event,neutral,long_term,0.74,0.0396039603960396,0.95,0.65,1.1,14.29,D — Marginal
Results declared today,trendlyne,event_corporate_action,earnings_event,neutral,long_term,0.74,0.0396039603960396,0.95,0.65,1.1,14.29,D — Marginal
Turnaround Champs Stocks which have shown promising results after prolonged time of losses,etnow,event_corporate_action,earnings_event,neutral,long_term,0.74,0.0396039603960396,0.95,0.65,1.1,14.29,D — Marginal
Results in the last two days with YoY and QoQ Net Profit Growth,trendlyne,event_corporate_action,earnings_event,neutral,long_term,0.74,0.0396039603960396,0.95,0.65,1.1,14.29,D — Marginal
Upcoming Dividends,trendlyne,event_corporate_action,earnings_event,neutral,long_term,0.74,0.0396039603960396,0.95,0.65,1.1,14.29,D — Marginal
"Degrowth in Revenue, Profits and Operating Profit Margin in recent results (QoQ)",trendlyne,event_corporate_action,earnings_event,neutral,long_term,0.74,0.0396039603960396,0.95,0.65,1.1,14.29,D — Marginal
Companies with Upcoming Results,trendlyne,event_corporate_action,earnings_event,neutral,long_term,0.74,0.0396039603960396,0.95,0.65,1.1,14.29,D — Marginal
Good quarterly growth in the recent results,trendlyne,event_corporate_action,earnings_event,neutral,long_term,0.74,0.0396039603960396,0.95,0.65,1.1,14.29,D — Marginal
Good dividend stocks with positive dividend yield in last 1 year,trendlyne,income_dividend,dividend_income,bullish,positional,0.74,0.0297029702970297,0.85,1,1.05,14.08,D — Marginal
Upcoming results for Nifty500 companies with previous quarter net profit growth greater than 10% YoY and QoQ,trendlyne,event_corporate_action,earnings_event,neutral,positional,0.74,0.0396039603960396,0.95,0.65,1.05,13.64,D — Marginal
15 min ADX Mild Trending Stocks,trendlyne,technical_trend,trend_indicator,neutral,intraday,0.74,0.0594059405940594,0.95,0.65,0.7,13.64,D — Marginal
15 min ADX Trending Stocks,trendlyne,technical_trend,trend_indicator,neutral,intraday,0.74,0.0594059405940594,0.95,0.65,0.7,13.64,D — Marginal
30 min ADX Trending Stocks,trendlyne,technical_trend,trend_indicator,neutral,intraday,0.74,0.0594059405940594,0.95,0.65,0.7,13.64,D — Marginal
30 min ADX Mild Trending Stocks,trendlyne,technical_trend,trend_indicator,neutral,intraday,0.74,0.0594059405940594,0.95,0.65,0.7,13.64,D — Marginal
"Bullish Belt HoldThe Bullish Belt Hold is a bullish reversal pattern in a downtrend, with a small body and a long lower shadow, indicating bears may be losing control",etnow,technical_reversal,candlestick_reversal,bullish,swing,0.629,0.0396039603960396,0.8,1,0.95,13.59,D — Marginal
"Bearish HaramiThe Bearish Harami is a bearish reversal pattern in an uptrend, with a large white candle followed by a small black candle contained within it, indicating bulls may be losing control",etnow,technical_reversal,candlestick_reversal,bearish,swing,0.6970000000000001,0.0396039603960396,0.8,0.9,0.95,13.55,D — Marginal
"Bearish EngulfingBearish Engulfing is a bearish reversal pattern in an uptrend, with a small white candle followed by a large black candle that fully ""engulfs"" it, suggesting bears are gaining control.",etnow,technical_reversal,candlestick_reversal,bearish,swing,0.6970000000000001,0.0396039603960396,0.8,0.9,0.95,13.55,D — Marginal
"Hanging ManThe Hanging Man is a bearish reversal pattern that appears on a chart in the context of an uptrend. It is a candle with a small body, long lower shadow, and little or no upper shadow, suggesting that bulls may be losing control and bears may take over",etnow,technical_reversal,candlestick_reversal,bearish,swing,0.6970000000000001,0.0396039603960396,0.8,0.9,0.95,13.55,D — Marginal
"Bearish Doji StarBearish Doji Star is a 3-candle pattern in an uptrend, signalling bearish reversal. It has a long white candle, followed by a Doji, and a long black candle.",etnow,technical_reversal,candlestick_reversal,bearish,swing,0.6970000000000001,0.0396039603960396,0.8,0.9,0.95,13.55,D — Marginal
"Bearish Harami CrossThe Bearish Harami Cross is a bearish reversal pattern in an uptrend, with a large white candle followed by a small black candle contained within it, indicating bulls may be losing control",etnow,technical_reversal,candlestick_reversal,bearish,swing,0.6970000000000001,0.0396039603960396,0.8,0.9,0.95,13.55,D — Marginal
"Dark Cover CloudThe Dark Cloud Cover is a bearish reversal pattern in an uptrend, with a long white candle followed by a black candle that opens above it and closes within it, indicating bears may be gaining control",etnow,technical_reversal,candlestick_reversal,bearish,swing,0.6970000000000001,0.0396039603960396,0.8,0.9,0.95,13.55,D — Marginal
"Evening Doji StarThe Evening Doji Star is a bearish reversal pattern in an uptrend, with a long white candle followed by a Doji, then a long black candle, suggesting bulls may be losing control.",etnow,technical_reversal,candlestick_reversal,bearish,swing,0.6970000000000001,0.0396039603960396,0.8,0.9,0.95,13.55,D — Marginal
"Evening StarThe Evening Star is a bearish reversal pattern in an uptrend, with a long white candle followed by a small-bodied candle and a long black candle, indicating bulls may be losing control.",etnow,technical_reversal,candlestick_reversal,bearish,swing,0.6970000000000001,0.0396039603960396,0.8,0.9,0.95,13.55,D — Marginal
"One Candle Shooting StarThe One Candle Shooting Star is a bearish reversal pattern that appears on a chart in the context of an uptrend. It is a tall candle with a small body and a long upper shadow, suggesting that bulls may be losing control and bears may take over.",etnow,technical_reversal,candlestick_reversal,bearish,swing,0.6970000000000001,0.0396039603960396,0.8,0.9,0.95,13.55,D — Marginal
15 min Williams %R Bullish,trendlyne,technical_reversal,oscillator_signal,bullish,intraday,0.74,0.0396039603960396,0.9,1,0.7,13.25,D — Marginal
15 min CCI Bullish,trendlyne,technical_reversal,oscillator_signal,bullish,intraday,0.74,0.0396039603960396,0.9,1,0.7,13.25,D — Marginal
15 min CCI crossed above 100,trendlyne,technical_reversal,oscillator_signal,bullish,intraday,0.74,0.0396039603960396,0.9,1,0.7,13.25,D — Marginal
15 min Williams %R crossed -80 from above,trendlyne,technical_reversal,oscillator_signal,bullish,intraday,0.74,0.0396039603960396,0.9,1,0.7,13.25,D — Marginal
30 min CCI crossed above 100,trendlyne,technical_reversal,oscillator_signal,bullish,intraday,0.74,0.0396039603960396,0.9,1,0.7,13.25,D — Marginal
30 min Williams %R crossed -80 from above,trendlyne,technical_reversal,oscillator_signal,bullish,intraday,0.74,0.0396039603960396,0.9,1,0.7,13.25,D — Marginal
30 min Williams %R Bullish,trendlyne,technical_reversal,oscillator_signal,bullish,intraday,0.74,0.0396039603960396,0.9,1,0.7,13.25,D — Marginal
30 min CCI Bullish,trendlyne,technical_reversal,oscillator_signal,bullish,intraday,0.74,0.0396039603960396,0.9,1,0.7,13.25,D — Marginal
Overbought on both 30 min MFI and 30 min RSI,trendlyne,technical_reversal,oscillator_signal,bearish,intraday,0.8200000000000001,0.0396039603960396,0.9,0.9,0.7,13.22,D — Marginal
30 min Relative Strength Index (RSI) Bearish,trendlyne,technical_reversal,oscillator_signal,bearish,intraday,0.8200000000000001,0.0396039603960396,0.9,0.9,0.7,13.22,D — Marginal
15 min Relative Strength Index (RSI) Bearish,trendlyne,technical_reversal,oscillator_signal,bearish,intraday,0.8200000000000001,0.0396039603960396,0.9,0.9,0.7,13.22,D — Marginal
Overbought on both 15 min MFI and 15 min RSI,trendlyne,technical_reversal,oscillator_signal,bearish,intraday,0.8200000000000001,0.0396039603960396,0.9,0.9,0.7,13.22,D — Marginal
"High Relative Strength StocksHighlights stocks showing strong recent price performance, potentially indicating short-term overbought conditions. Selects stocks where Relative Strength Index (RSI) is currently above 70.",etnow,technical_reversal,oscillator_signal,neutral,swing,0.8200000000000001,0.0396039603960396,0.9,0.65,0.95,12.95,D — Marginal
RSI Crossover - Oversold Zone Stocks where the Relative Strength Index (RSI) has just crossed below 25 and entered into the oversold zone,etnow,technical_reversal,oscillator_signal,neutral,swing,0.8200000000000001,0.0396039603960396,0.9,0.65,0.95,12.95,D — Marginal
RSI Crossover - Overbought ZoneStocks where the Relative Strength Index (RSI) has just crossed above 75 and entered into the overbought zone,etnow,technical_reversal,oscillator_signal,neutral,swing,0.8200000000000001,0.0396039603960396,0.9,0.65,0.95,12.95,D — Marginal
"Low Beta Dividend StocksTargets dividend stocks with low market volatility, appealing to income-oriented investors who seek steadier performance. Filters stocks where Dividend Yield is over 3% and 3-month Beta is under 0.6.",etnow,income_dividend,dividend_income,bearish,positional,0.74,0.0297029702970297,0.85,0.9,1.05,12.67,D — Marginal
"Low Volatility Defensive Stocks Targets stocks with both reduced market volatility and dividend income, appealing to risk-averse investors. Screens stocks where 3-month Beta is under 0.6 and Dividend Yield is over 2.",etnow,income_dividend,dividend_income,bearish,positional,0.74,0.0297029702970297,0.85,0.9,1.05,12.67,D — Marginal
"Defensive Dividend StocksFocuses on dividend-paying stocks with low market sensitivity, appealing to investors aiming for stable income and reduced risk. Selects stocks where Dividend Yield is over 3% and 3-month Beta is under 0.7.",etnow,income_dividend,dividend_income,bearish,positional,0.74,0.0297029702970297,0.85,0.9,1.05,12.67,D — Marginal
15 min CCI Oversold,trendlyne,technical_reversal,oscillator_reversal,bullish,intraday,0.74,0.0396039603960396,0.85,1,0.7,12.52,D — Marginal
30 min CCI Oversold,trendlyne,technical_reversal,oscillator_reversal,bullish,intraday,0.74,0.0396039603960396,0.85,1,0.7,12.52,D — Marginal
30 min Willaims %R in Oversold zone,trendlyne,technical_reversal,oscillator_reversal,bullish,intraday,0.74,0.0396039603960396,0.85,1,0.7,12.52,D — Marginal
Oversold by 30 min Money Flow Index (MFI),trendlyne,technical_reversal,oscillator_reversal,bullish,intraday,0.74,0.0396039603960396,0.85,1,0.7,12.52,D — Marginal
Oversold by 15 min Money Flow Index (MFI),trendlyne,technical_reversal,oscillator_reversal,bullish,intraday,0.74,0.0396039603960396,0.85,1,0.7,12.52,D — Marginal
15 min ADX Bullish Divergence,trendlyne,technical_reversal,oscillator_reversal,bullish,intraday,0.74,0.0396039603960396,0.85,1,0.7,12.52,D — Marginal
30 min ADX Bullish Divergence,trendlyne,technical_reversal,oscillator_reversal,bullish,intraday,0.74,0.0396039603960396,0.85,1,0.7,12.52,D — Marginal
15 min Willaims %R in Oversold zone,trendlyne,technical_reversal,oscillator_reversal,bullish,intraday,0.74,0.0396039603960396,0.85,1,0.7,12.52,D — Marginal
Rapid Business CycleCompanies with low inventory days and high asset turnover,etnow,volume_liquidity,capital_efficiency,neutral,long_term,0.74,0.0297029702970297,1.1,0.65,1.1,12.41,D — Marginal
Upcoming Results for Nifty500 with Declining Share Price Over the Week,trendlyne,event_corporate_action,earnings_event,neutral,swing,0.74,0.0396039603960396,0.95,0.65,0.95,12.34,D — Marginal
"Companies that Declared Results in Past One Week, Showing Declining Net Profit YoY OR QoQ (subscription)",trendlyne,event_corporate_action,earnings_event,neutral,swing,0.74,0.0396039603960396,0.95,0.65,0.95,12.34,D — Marginal
Best results last week in YoY net profit and revenue growth,trendlyne,event_corporate_action,earnings_event,neutral,swing,0.74,0.0396039603960396,0.95,0.65,0.95,12.34,D — Marginal
"Black MarubozuThe Black Marubozu is a bearish candle with a long black body and no shadows, indicating strong selling pressure and a potential downtrend",etnow,technical_reversal,candlestick_reversal,bearish,swing,0.629,0.0396039603960396,0.8,0.9,0.95,12.23,D — Marginal
"Bearish Belt HoldThe Bearish Belt Hold is a bearish reversal pattern in an uptrend, with a small body and a long upper shadow, indicating bulls may be losing control",etnow,technical_reversal,candlestick_reversal,bearish,swing,0.629,0.0396039603960396,0.8,0.9,0.95,12.23,D — Marginal
"Bearish Strong LineThe Bearish Strong Line is a bearish reversal pattern in an uptrend, with a long black candle and a small or no shadow, indicating bears may be taking control",etnow,technical_reversal,candlestick_reversal,bearish,swing,0.629,0.0396039603960396,0.8,0.9,0.95,12.23,D — Marginal
30 min Williams %R Bearish,trendlyne,technical_reversal,oscillator_signal,bearish,intraday,0.74,0.0396039603960396,0.9,0.9,0.7,11.93,D — Marginal
30 min CCI crossed below -100,trendlyne,technical_reversal,oscillator_signal,bearish,intraday,0.74,0.0396039603960396,0.9,0.9,0.7,11.93,D — Marginal
15 min CCI Bearish,trendlyne,technical_reversal,oscillator_signal,bearish,intraday,0.74,0.0396039603960396,0.9,0.9,0.7,11.93,D — Marginal
30 min CCI Bearish,trendlyne,technical_reversal,oscillator_signal,bearish,intraday,0.74,0.0396039603960396,0.9,0.9,0.7,11.93,D — Marginal
15 min Williams %R crossed -20 from below,trendlyne,technical_reversal,oscillator_signal,bearish,intraday,0.74,0.0396039603960396,0.9,0.9,0.7,11.93,D — Marginal
30 min Williams %R crossed -20 from below,trendlyne,technical_reversal,oscillator_signal,bearish,intraday,0.74,0.0396039603960396,0.9,0.9,0.7,11.93,D — Marginal
15 min Williams %R Bearish,trendlyne,technical_reversal,oscillator_signal,bearish,intraday,0.74,0.0396039603960396,0.9,0.9,0.7,11.93,D — Marginal
15 min CCI crossed below -100,trendlyne,technical_reversal,oscillator_signal,bearish,intraday,0.74,0.0396039603960396,0.9,0.9,0.7,11.93,D — Marginal
"Moderate Current RatioExplore a data page highlighting stocks or firms with a moderate current ratio, signaling a balanced liquidity position compared to peers",etnow,volume_liquidity,balance_sheet_quality,neutral,long_term,0.74,0.0297029702970297,1.05,0.65,1.1,11.84,D — Marginal
Price Volume Action,trendlyne,volume_liquidity,volume_delivery,neutral,long_term,0.74,0.0297029702970297,1.05,0.65,1.1,11.84,D — Marginal
Volume Shockers,trendlyne,volume_liquidity,volume_delivery,neutral,long_term,0.74,0.0297029702970297,1.05,0.65,1.1,11.84,D — Marginal
Upcoming Bonus/Split,trendlyne,event_corporate_action,corporate_action,neutral,long_term,0.8200000000000001,0.0396039603960396,0.7,0.65,1.1,11.67,D — Marginal
Stocks rising sharply on very low month volumes,trendlyne,volume_liquidity,volume_delivery,neutral,positional,0.74,0.0297029702970297,1.05,0.65,1.05,11.31,D — Marginal
15 min Williams %R in Overbought zone,trendlyne,technical_reversal,oscillator_reversal,bearish,intraday,0.74,0.0396039603960396,0.85,0.9,0.7,11.26,D — Marginal
15 min ADX Bearish Divergence,trendlyne,technical_reversal,oscillator_reversal,bearish,intraday,0.74,0.0396039603960396,0.85,0.9,0.7,11.26,D — Marginal
Overbought by 15 min Money Flow Index (MFI),trendlyne,technical_reversal,oscillator_reversal,bearish,intraday,0.74,0.0396039603960396,0.85,0.9,0.7,11.26,D — Marginal
30 min ADX Bearish Divergence,trendlyne,technical_reversal,oscillator_reversal,bearish,intraday,0.74,0.0396039603960396,0.85,0.9,0.7,11.26,D — Marginal
30 min Williams %R in Overbought zone,trendlyne,technical_reversal,oscillator_reversal,bearish,intraday,0.74,0.0396039603960396,0.85,0.9,0.7,11.26,D — Marginal
Overbought by 30 min Money Flow Index (MFI),trendlyne,technical_reversal,oscillator_reversal,bearish,intraday,0.74,0.0396039603960396,0.85,0.9,0.7,11.26,D — Marginal
15 min CCI Overbought,trendlyne,technical_reversal,oscillator_reversal,bearish,intraday,0.74,0.0396039603960396,0.85,0.9,0.7,11.26,D — Marginal
30 min CCI Overbought,trendlyne,technical_reversal,oscillator_reversal,bearish,intraday,0.74,0.0396039603960396,0.85,0.9,0.7,11.26,D — Marginal
Stocks that are at the risk of entering a trade ban by the exchanges in the FnO market,trendlyne,derivatives_positioning,open_interest,neutral,long_term,0.8200000000000001,0.0297029702970297,0.9,0.65,1.1,11.25,D — Marginal
Stocks that are currently under trade ban by the exchanges in the FnO market,trendlyne,derivatives_positioning,open_interest,neutral,long_term,0.8200000000000001,0.0297029702970297,0.9,0.65,1.1,11.25,D — Marginal
FnO (Futures and Options) stocks list,trendlyne,derivatives_positioning,open_interest,neutral,long_term,0.8200000000000001,0.0297029702970297,0.9,0.65,1.1,11.25,D — Marginal
"Bullish Abandoned BabyIt is a bullish reversal pattern in a downtrend, with a Doji gap down below the previous candle, then a white candle that gaps up, suggesting bulls may be taking control.",etnow,technical_reversal,candlestick_reversal,bullish,intraday,0.6970000000000001,0.0396039603960396,0.8,1,0.7,11.1,D — Marginal
Negative Turnaround Companies that took a solid U-turn after strong phase of earnings,etnow,technical_reversal,oscillator_reversal,neutral,swing,0.74,0.0396039603960396,0.85,0.65,0.95,11.04,D — Marginal
Turnaround Stories,moneycontrol,technical_reversal,oscillator_reversal,neutral,swing,0.74,0.0396039603960396,0.85,0.65,0.95,11.04,D — Marginal
Turnaround Companies: Loss to Profit QoQ,trendlyne,technical_reversal,oscillator_reversal,neutral,swing,0.74,0.0396039603960396,0.85,0.65,0.95,11.04,D — Marginal
Dividend ChampionsHigh Dividend yield stocks paying dividend on a consistent basis,etnow,income_dividend,dividend_income,neutral,long_term,0.8200000000000001,0.0297029702970297,0.85,0.65,1.1,10.63,D — Marginal
"High Leverage""High Leverage signifies a company's substantial debt compared to its equity or assets, showing reliance on borrowed funds for operations. Investors use this data for assessing a company's debt levels and financial stability, but thorough analysis and other factors are vital for investment decisions",etnow,risk_red_flags,financial_or_governance_risk,bullish,long_term,0.74,0.0297029702970297,0.6,1,1.1,10.41,D — Marginal
"High Pledge""High Pledge signifies a company using a significant share or asset portion as loan collateral, suggesting financial challenges or capital needs. Investors, assess risk by identifying high pledge ratios, but consider other indicators. Companies pledge assets to realize ambitions amidst financial commitments",etnow,risk_red_flags,financial_or_governance_risk,bullish,long_term,0.74,0.0297029702970297,0.6,1,1.1,10.41,D — Marginal
Companies Increasing Debt as per Annual Report,trendlyne,risk_red_flags,financial_or_governance_risk,bullish,long_term,0.74,0.0297029702970297,0.6,1,1.1,10.41,D — Marginal
Promoters increased pledged shares QoQ,trendlyne,risk_red_flags,financial_or_governance_risk,bullish,long_term,0.74,0.0297029702970297,0.6,1,1.1,10.41,D — Marginal
Debt Trap Stocks with increasing high debt and slow business operations,etnow,risk_red_flags,financial_or_governance_risk,bullish,long_term,0.74,0.0297029702970297,0.6,1,1.1,10.41,D — Marginal
"Increasing PledgeRising Pledge signifies a company gradually increasing assets pledged for loans, suggesting financial pressure or capital needs. Analyze pledge trends for risk, but evaluate other factors for investment decisions",etnow,risk_red_flags,financial_or_governance_risk,bullish,long_term,0.74,0.0297029702970297,0.6,1,1.1,10.41,D — Marginal
Red Flag: High Interest Payments Compared to Earnings,trendlyne,risk_red_flags,financial_or_governance_risk,bullish,long_term,0.74,0.0297029702970297,0.6,1,1.1,10.41,D — Marginal
Increasing Debt to Equity,moneycontrol,risk_red_flags,financial_or_governance_risk,bullish,long_term,0.74,0.0297029702970297,0.6,1,1.1,10.41,D — Marginal
Companies with High Debt,trendlyne,risk_red_flags,financial_or_governance_risk,bullish,long_term,0.74,0.0297029702970297,0.6,1,1.1,10.41,D — Marginal
"Decreasing PledgeDecreasing Pledge signifies a company's gradual reduction in collateral for loans, showing financial improvement. Use this data to spot responsible financial management in companies. However, exercise caution and analyze more indicators before investing. Witness the journey of companies shedding financial obligations for stability",etnow,risk_red_flags,financial_or_governance_risk,bearish,long_term,0.8200000000000001,0.0297029702970297,0.6,0.9,1.1,10.38,D — Marginal
Delivery Screener: 20% Higher Delivery over the Week compared to Month,trendlyne,volume_liquidity,volume_delivery,neutral,swing,0.74,0.0297029702970297,1.05,0.65,0.95,10.23,D — Marginal
Stocks traded in the FnO market,trendlyne,derivatives_positioning,open_interest,neutral,long_term,0.74,0.0297029702970297,0.9,0.65,1.1,10.15,D — Marginal
"Bearish Abandoned BabyIt is a bearish reversal pattern in an uptrend, with a Doji gap up above the previous candle, then a black candle that gaps down, indicating bears may be taking control",etnow,technical_reversal,candlestick_reversal,bearish,intraday,0.6970000000000001,0.0396039603960396,0.8,0.9,0.7,9.99,D — Marginal
Dividend Champions,moneycontrol,income_dividend,dividend_income,neutral,long_term,0.74,0.0297029702970297,0.85,0.65,1.1,9.59,D — Marginal
Dividend yield less than sector dividend yield,trendlyne,income_dividend,dividend_income,neutral,long_term,0.74,0.0297029702970297,0.85,0.65,1.1,9.59,D — Marginal
Dividend yield greater than industry dividend yield,trendlyne,income_dividend,dividend_income,neutral,long_term,0.74,0.0297029702970297,0.85,0.65,1.1,9.59,D — Marginal
Dividend yield less than industry dividend yield,trendlyne,income_dividend,dividend_income,neutral,long_term,0.74,0.0297029702970297,0.85,0.65,1.1,9.59,D — Marginal
"Dividend Stocks with Low DebtIdentifies dividend-paying stocks from financially sound companies, offering income potential without excessive debt risk. Screens stocks with Dividend Yield above 3% and Debt-to-Equity ratio below 0.4.",etnow,income_dividend,dividend_income,neutral,long_term,0.74,0.0297029702970297,0.85,0.65,1.1,9.59,D — Marginal
"International Dividend Opportunities Focuses on dividend-paying stocks from international markets, catering to investors seeking income from diverse sources. Selects stocks where Dividend Yield is over 3%.",etnow,income_dividend,dividend_income,neutral,long_term,0.74,0.0297029702970297,0.85,0.65,1.1,9.59,D — Marginal
Highest Dividend Yields,moneycontrol,income_dividend,dividend_income,neutral,long_term,0.74,0.0297029702970297,0.85,0.65,1.1,9.59,D — Marginal
"High-Quality Dividend Stocks with Strong Price Performance and Low DebtTargets dividend-paying stocks with strong price performance and low debt, catering to income-oriented investors seeking quality and stability. Highlights stocks with Dividend Yield above 3%, 1-year Returns surpassing 10%, and Debt-to-Equity ratio below 0.4.",etnow,income_dividend,dividend_income,neutral,long_term,0.74,0.0297029702970297,0.85,0.65,1.1,9.59,D — Marginal
"Small-Cap Dividend Stocks with Low Debt Focuses on small-cap dividend stocks with both income and financial stability, catering to investors seeking growth and income potential. Screens stocks with Market Cap under $7,500 million, Dividend Yield above 3%, and Debt-to-Equity ratio below 0.4.",etnow,income_dividend,dividend_income,neutral,long_term,0.74,0.0297029702970297,0.85,0.65,1.1,9.59,D — Marginal
"High-Quality Dividend Stocks with Low DebtIdentifies dividend-paying stocks with strong financials, appealing to income-oriented investors seeking stability and quality. Filters stocks with Dividend Yield above 3%, Return on Equity over 18%, and Debt-to-Equity ratio below 0.4.",etnow,income_dividend,dividend_income,neutral,long_term,0.74,0.0297029702970297,0.85,0.65,1.1,9.59,D — Marginal
"Small-Cap Dividend StarsHighlights dividend-paying stocks with small market capitalizations, appealing to investors seeking both income and growth potential. Targets stocks with Market Cap under INR 7,500 Crores and Dividend Yield exceeding 3%.",etnow,income_dividend,dividend_income,neutral,long_term,0.74,0.0297029702970297,0.85,0.65,1.1,9.59,D — Marginal
Dividend yield greater than sector dividend yield,trendlyne,income_dividend,dividend_income,neutral,long_term,0.74,0.0297029702970297,0.85,0.65,1.1,9.59,D — Marginal
"Stocks with high FnO put to call ratio or PCR, indicating a bearish sentiment",trendlyne,derivatives_positioning,open_interest,neutral,long_term,0.6970000000000001,0.0297029702970297,0.9,0.65,1.1,9.56,D — Marginal
"Stocks with low FnO put to call ratio or PCR, indicating a bullish sentiment",trendlyne,derivatives_positioning,open_interest,neutral,long_term,0.6970000000000001,0.0297029702970297,0.9,0.65,1.1,9.56,D — Marginal
Oversold - RSI below 30 Stocks having RSI below 30 and considered oversold. Indication of a bullish signal,etnow,technical_reversal,oscillator_reversal,neutral,swing,0.629,0.0396039603960396,0.85,0.65,0.95,9.39,D — Marginal
Overbought - RSI above 75Stocks having RSI above 75 and considered overbought. Indication of a bearish signal,etnow,technical_reversal,oscillator_reversal,neutral,swing,0.629,0.0396039603960396,0.85,0.65,0.95,9.39,D — Marginal
Low DVM Stocks - Stocks to Exercise Caution On,trendlyne,risk_red_flags,financial_or_governance_risk,bearish,long_term,0.74,0.0297029702970297,0.6,0.9,1.1,9.37,D — Marginal
"Decreasing Quarterly LossesIdentify firms with improving financial performance through decreasing quarterly losses. Valuable for investors, consider other factors before investment decisions",etnow,risk_red_flags,financial_or_governance_risk,bearish,long_term,0.74,0.0297029702970297,0.6,0.9,1.1,9.37,D — Marginal
Decreasing ROCE,moneycontrol,risk_red_flags,financial_or_governance_risk,bearish,long_term,0.74,0.0297029702970297,0.6,0.9,1.1,9.37,D — Marginal
Decreasing ROE,moneycontrol,risk_red_flags,financial_or_governance_risk,bearish,long_term,0.74,0.0297029702970297,0.6,0.9,1.1,9.37,D — Marginal
Consistently Decreasing EPS,moneycontrol,risk_red_flags,financial_or_governance_risk,bearish,long_term,0.74,0.0297029702970297,0.6,0.9,1.1,9.37,D — Marginal
Declining profitability: Falling ROCE,trendlyne,risk_red_flags,financial_or_governance_risk,bearish,long_term,0.74,0.0297029702970297,0.6,0.9,1.1,9.37,D — Marginal
"Four Price DojiA Four Price Doji is a rare candlestick pattern where the open, high, low, and close prices are all the same. It indicates indecision in the market and can be a sign of a potential trend reversal",etnow,technical_reversal,candlestick_reversal,neutral,intraday,0.9,0.0396039603960396,0.8,0.65,0.7,9.31,D — Marginal
"Low Volatility Dividend StocksHighlights dividend-paying stocks with stable price movements, suitable for income-oriented investors who value reduced risk. Selects stocks where Dividend Yield is above 2.5% and 3-month Beta is under 0.8.",etnow,income_dividend,dividend_income,neutral,positional,0.74,0.0297029702970297,0.85,0.65,1.05,9.15,D — Marginal
"Dividend Stocks with Positive Earnings Momentum and Low Beta Identifies dividend-paying stocks with strong earnings momentum and lower market volatility, appealing to income and risk-conscious investors. Screens stocks with Dividend Yield above 3%, EPS growth exceeding 15%, and 3-month Beta below 0.7.",etnow,income_dividend,dividend_income,neutral,positional,0.74,0.0297029702970297,0.85,0.65,1.05,9.15,D — Marginal
"High Dividend Yield, Low Volatility StocksIdentifies dividend-paying stocks with attractive yields and reduced market sensitivity, appealing to income-oriented investors seeking stability. Screens stocks with Dividend Yield above 4% and 3-month Beta under 0.8.",etnow,income_dividend,dividend_income,neutral,positional,0.74,0.0297029702970297,0.85,0.65,1.05,9.15,D — Marginal
"Defensive Dividend Stocks with Low VolatilityHighlights dividend-paying stocks with both income and low market volatility, appealing to risk-averse income-oriented investors. Screens stocks with Dividend Yield above 3% and 3-month Beta under 0.7.",etnow,income_dividend,dividend_income,neutral,positional,0.74,0.0297029702970297,0.85,0.65,1.05,9.15,D — Marginal
"Defensive StocksFocuses on stocks that tend to be less sensitive to market fluctuations, suitable for investors aiming to preserve capital with steady dividends. Selects stocks where 3-month Beta is below 0.5 and Dividend Yield is above 3.",etnow,income_dividend,dividend_income,neutral,positional,0.74,0.0297029702970297,0.85,0.65,1.05,9.15,D — Marginal
pledged shares increased in past week,trendlyne,risk_red_flags,financial_or_governance_risk,bullish,swing,0.74,0.0297029702970297,0.6,1,0.95,8.99,D — Marginal
Companies impacted by rising crude oil prices,trendlyne,sector_theme,sector_or_theme,bullish,long_term,0.8200000000000001,0.0198019801980198,0.7,1,1.1,8.97,D — Marginal
Securities seeing a short build-up,trendlyne,derivatives_positioning,open_interest,neutral,long_term,0.629,0.0297029702970297,0.9,0.65,1.1,8.63,D — Marginal
Banking & finance stocks that saw rising net profit and revenue in the most recent quarter,trendlyne,sector_theme,sector_or_theme,bullish,positional,0.8200000000000001,0.0198019801980198,0.7,1,1.05,8.57,D — Marginal
"DojiThe Doji is a candle with an open and close at the same price, indicating indecision in the market and potentially a reversal",etnow,technical_reversal,candlestick_reversal,neutral,intraday,0.8200000000000001,0.0396039603960396,0.8,0.65,0.7,8.48,D — Marginal
ASM (Additional Surveillance Measure)/GSM (Graded Surveillance Measure) stock list,trendlyne,risk_red_flags,financial_or_governance_risk,neutral,long_term,0.9,0.0297029702970297,0.6,0.65,1.1,8.23,D — Marginal
Crushed By Crude Companies which have to take a hit with increasing crude prices,etnow,sector_theme,sector_or_theme,bullish,long_term,0.74,0.0198019801980198,0.7,1,1.1,8.1,D — Marginal
Beneficiaries - Increasing Gold PricesList of stocks which tends to benefit from increase in gold prices,etnow,sector_theme,sector_or_theme,bullish,long_term,0.74,0.0198019801980198,0.7,1,1.1,8.1,D — Marginal
Economic MoatCompanies having strong pricing power and a competitive edge over their peers,etnow,sector_theme,sector_or_theme,bullish,long_term,0.74,0.0198019801980198,0.7,1,1.1,8.1,D — Marginal
Indian companies with high revenue exposure to the US market,trendlyne,sector_theme,sector_or_theme,bullish,long_term,0.74,0.0198019801980198,0.7,1,1.1,8.1,D — Marginal
IT stocks that saw rising net profit and revenue in the most recent quarter,trendlyne,sector_theme,sector_or_theme,bullish,positional,0.74,0.0198019801980198,0.7,1,1.05,7.73,D — Marginal
Price crossed above Week Bollinger Band Central Line,trendlyne,volatility,volatility_range,bullish,swing,0.74,0.0198019801980198,0.75,1,0.95,7.49,D — Marginal
Price crossed above Bollinger Band Central Line,trendlyne,volatility,volatility_range,bullish,swing,0.74,0.0198019801980198,0.75,1,0.95,7.49,D — Marginal
"High Beta StocksHigh beta stocks are stocks with a high volatility, meaning they are more likely to fluctuate in value. This makes them a more risky but potentially more profitable investment option",etnow,volatility,volatility_range,bullish,swing,0.74,0.0198019801980198,0.75,1,0.95,7.49,D — Marginal
Price crossed above Month Bollinger Band Central Line,trendlyne,volatility,volatility_range,bullish,swing,0.74,0.0198019801980198,0.75,1,0.95,7.49,D — Marginal
High Volatility StocksStocks with high fluctuation on a daily basis and often considered to be risky but potentially more profitable investment option,etnow,volatility,volatility_range,bullish,swing,0.74,0.0198019801980198,0.75,1,0.95,7.49,D — Marginal
Price crossed above 1H Bollinger Band Central Line,trendlyne,volatility,volatility_range,bullish,swing,0.74,0.0198019801980198,0.75,1,0.95,7.49,D — Marginal
Price crossed above Month Bollinger Band,trendlyne,volatility,volatility_range,bullish,swing,0.74,0.0198019801980198,0.75,1,0.95,7.49,D — Marginal
Price crossed above Week Bollinger Band,trendlyne,volatility,volatility_range,bullish,swing,0.74,0.0198019801980198,0.75,1,0.95,7.49,D — Marginal
"High Beta StocksTargets stocks with higher volatility compared to the market, offering potential for amplified returns but also heightened risk. Filters stocks with 3-month Beta greater than 1.5.",etnow,volatility,volatility_range,bullish,swing,0.74,0.0198019801980198,0.75,1,0.95,7.49,D — Marginal
Price crossed above 2H Bollinger Band Central Line,trendlyne,volatility,volatility_range,bullish,swing,0.74,0.0198019801980198,0.75,1,0.95,7.49,D — Marginal
Price crossed above 2H Bollinger Band,trendlyne,volatility,volatility_range,bullish,swing,0.74,0.0198019801980198,0.75,1,0.95,7.49,D — Marginal
Price crossed above 1H Bollinger Band,trendlyne,volatility,volatility_range,bullish,swing,0.74,0.0198019801980198,0.75,1,0.95,7.49,D — Marginal
Price crossed above Bollinger Band,trendlyne,volatility,volatility_range,bullish,swing,0.74,0.0198019801980198,0.75,1,0.95,7.49,D — Marginal
"Low Volatility StocksIdentifies stocks with relatively stable price movements, appealing to risk-averse investors looking for steadier investment options. Screens stocks where Average True Range (ATR) is below 2.",etnow,volatility,volatility_range,bearish,swing,0.8200000000000001,0.0198019801980198,0.75,0.9,0.95,7.47,D — Marginal
Stocks affected by weak monsoons,trendlyne,sector_theme,sector_or_theme,bearish,long_term,0.74,0.0198019801980198,0.7,0.9,1.1,7.29,D — Marginal
"Low LeverageLow leverage signifies a company's reliance on minimal debt in comparison to equity or assets, suggesting lower financial risk. Investors benefit from identifying such companies for stability, especially during economic downturns. Prioritize financial prudence and resilience when considering investments.",etnow,sector_theme,sector_or_theme,bearish,long_term,0.74,0.0198019801980198,0.7,0.9,1.1,7.29,D — Marginal
Pesticides & Agro ChemicalsCompanies that help in improving agricultural productivity and potential beneficiaries of capex by the government in Agro sector,etnow,sector_theme,sector_or_theme,neutral,long_term,0.98,0.0198019801980198,0.7,0.65,1.1,6.97,D — Marginal
Value Trap (DVM),trendlyne,risk_red_flags,financial_or_governance_risk,neutral,long_term,0.74,0.0297029702970297,0.6,0.65,1.1,6.77,D — Marginal
Wealth Destroyers In The Past six Months,trendlyne,risk_red_flags,financial_or_governance_risk,neutral,long_term,0.74,0.0297029702970297,0.6,0.65,1.1,6.77,D — Marginal
Red Flag: Auditor Resignation,trendlyne,risk_red_flags,financial_or_governance_risk,neutral,long_term,0.74,0.0297029702970297,0.6,0.65,1.1,6.77,D — Marginal
Profit to Loss Companies,trendlyne,risk_red_flags,financial_or_governance_risk,neutral,long_term,0.74,0.0297029702970297,0.6,0.65,1.1,6.77,D — Marginal
"Increasing Trading Activity with Negative Weekly returns - Mid CapDiscover mid-cap stocks experiencing increased trading activity despite weekly losses, offering insight for engaged traders and investors seeking opportunities.",etnow,risk_red_flags,financial_or_governance_risk,neutral,long_term,0.74,0.0297029702970297,0.6,0.65,1.1,6.77,D — Marginal
US FDA Warning Letter,trendlyne,risk_red_flags,financial_or_governance_risk,neutral,long_term,0.74,0.0297029702970297,0.6,0.65,1.1,6.77,D — Marginal
Distressed Operations Track stocks with consistent decline in key business ratios,etnow,risk_red_flags,financial_or_governance_risk,neutral,long_term,0.74,0.0297029702970297,0.6,0.65,1.1,6.77,D — Marginal
Increasing Trading Activity with Negative Weekly returns - Large CapDiscovering Momentum in Large-Cap Stocks Amidst Weekly Losses: Identifying High Trading Activity Despite Negative Returns - Valuable Insights for Investors.,etnow,risk_red_flags,financial_or_governance_risk,neutral,long_term,0.74,0.0297029702970297,0.6,0.65,1.1,6.77,D — Marginal
Red Flags: Weakening Technicals and Share Price Decline,trendlyne,risk_red_flags,financial_or_governance_risk,neutral,long_term,0.74,0.0297029702970297,0.6,0.65,1.1,6.77,D — Marginal
Red Flags: Firms linked to ongoing regulatory investigations/legal cases,trendlyne,risk_red_flags,financial_or_governance_risk,neutral,long_term,0.74,0.0297029702970297,0.6,0.65,1.1,6.77,D — Marginal
"Increasing Trading Activity with Negative Weekly returns - Micro CapAmidst weekly losses, micro-cap stocks exhibit increased trading, reflecting investor interest. Use this data for monitoring, but conduct thorough research before investing.",etnow,risk_red_flags,financial_or_governance_risk,neutral,long_term,0.74,0.0297029702970297,0.6,0.65,1.1,6.77,D — Marginal
Operations Unsuccessful,moneycontrol,risk_red_flags,financial_or_governance_risk,neutral,long_term,0.74,0.0297029702970297,0.6,0.65,1.1,6.77,D — Marginal
"18. Low Debt Stocks: Query: Identifies stocks from financially stable companies with minimal debt levels, suitable for investors concerned about the risks associated with high debt. Screens stocks where Debt-to-Equity ratio is less than 0.3.",etnow,risk_red_flags,financial_or_governance_risk,neutral,long_term,0.74,0.0297029702970297,0.6,0.65,1.1,6.77,D — Marginal
Debt Load,moneycontrol,risk_red_flags,financial_or_governance_risk,neutral,long_term,0.74,0.0297029702970297,0.6,0.65,1.1,6.77,D — Marginal
Red Flag: Companies undergoing forensic audit ordered by SEBI,trendlyne,risk_red_flags,financial_or_governance_risk,neutral,long_term,0.74,0.0297029702970297,0.6,0.65,1.1,6.77,D — Marginal
"Moderate PledgeThe Moderate Pledge signifies a company using a reasonable portion of assets or shares as loan collateral, suggesting financial commitment. Assess wisely.",etnow,risk_red_flags,financial_or_governance_risk,neutral,long_term,0.74,0.0297029702970297,0.6,0.65,1.1,6.77,D — Marginal
Stocks where top management is under dispute,trendlyne,risk_red_flags,financial_or_governance_risk,neutral,long_term,0.74,0.0297029702970297,0.6,0.65,1.1,6.77,D — Marginal
Momentum Trap (DVM),trendlyne,risk_red_flags,financial_or_governance_risk,neutral,long_term,0.74,0.0297029702970297,0.6,0.65,1.1,6.77,D — Marginal
Value TrapBeware of these sub-standard undervalued stocks,etnow,risk_red_flags,financial_or_governance_risk,neutral,long_term,0.74,0.0297029702970297,0.6,0.65,1.1,6.77,D — Marginal
Pledges today more than 1% of total shares,trendlyne,risk_red_flags,financial_or_governance_risk,neutral,long_term,0.74,0.0297029702970297,0.6,0.65,1.1,6.77,D — Marginal
Price crossed below Week Bollinger Band,trendlyne,volatility,volatility_range,bearish,swing,0.74,0.0198019801980198,0.75,0.9,0.95,6.74,D — Marginal
"Low Beta Stocks Low beta stocks are stocks with a low volatility, meaning they are less likely to fluctuate in value. This makes them a less risky investment option",etnow,volatility,volatility_range,bearish,swing,0.74,0.0198019801980198,0.75,0.9,0.95,6.74,D — Marginal
Price crossed below 1H Bollinger Band Central Line,trendlyne,volatility,volatility_range,bearish,swing,0.74,0.0198019801980198,0.75,0.9,0.95,6.74,D — Marginal
Price crossed below 1H Bollinger Band,trendlyne,volatility,volatility_range,bearish,swing,0.74,0.0198019801980198,0.75,0.9,0.95,6.74,D — Marginal
Price crossed below 2H Bollinger Band,trendlyne,volatility,volatility_range,bearish,swing,0.74,0.0198019801980198,0.75,0.9,0.95,6.74,D — Marginal
Price crossed below Bollinger Band,trendlyne,volatility,volatility_range,bearish,swing,0.74,0.0198019801980198,0.75,0.9,0.95,6.74,D — Marginal
Price crossed below 2H Bollinger Band Central Line,trendlyne,volatility,volatility_range,bearish,swing,0.74,0.0198019801980198,0.75,0.9,0.95,6.74,D — Marginal
Price crossed below Bollinger Band Central Line,trendlyne,volatility,volatility_range,bearish,swing,0.74,0.0198019801980198,0.75,0.9,0.95,6.74,D — Marginal
Price crossed below Month Bollinger Band,trendlyne,volatility,volatility_range,bearish,swing,0.74,0.0198019801980198,0.75,0.9,0.95,6.74,D — Marginal
Low Volatility StocksStocks with low fluctuation on a daily basis and often considered to be a more stable and reliable investment option.,etnow,volatility,volatility_range,bearish,swing,0.74,0.0198019801980198,0.75,0.9,0.95,6.74,D — Marginal
"Turtle StocksSafe, low volatility stocks available at attractive prices",etnow,volatility,volatility_range,bearish,swing,0.74,0.0198019801980198,0.75,0.9,0.95,6.74,D — Marginal
Price crossed below Week Bollinger Band Central Line,trendlyne,volatility,volatility_range,bearish,swing,0.74,0.0198019801980198,0.75,0.9,0.95,6.74,D — Marginal
Price crossed below Month Bollinger Band Central Line,trendlyne,volatility,volatility_range,bearish,swing,0.74,0.0198019801980198,0.75,0.9,0.95,6.74,D — Marginal
"PSU stocks list - includes banks, infra, and more",trendlyne,sector_theme,sector_or_theme,neutral,long_term,0.9,0.0198019801980198,0.7,0.65,1.1,6.4,D — Marginal
Godrej group companies - Listed companies & share prices,trendlyne,sector_theme,sector_or_theme,neutral,long_term,0.9,0.0198019801980198,0.7,0.65,1.1,6.4,D — Marginal
Agriculture and Allied ServicesStocks in agriculture and livestock space which tend to benefit from government spending on agriculture sector,etnow,sector_theme,sector_or_theme,neutral,long_term,0.9,0.0198019801980198,0.7,0.65,1.1,6.4,D — Marginal
Agriculture/Horticulture/Livestock Stocks Agriculture/Horticulture/Livestock Stocks,etnow,sector_theme,sector_or_theme,neutral,long_term,0.9,0.0198019801980198,0.7,0.65,1.1,6.4,D — Marginal
Aditya Birla Group companies,trendlyne,sector_theme,sector_or_theme,neutral,long_term,0.9,0.0198019801980198,0.7,0.65,1.1,6.4,D — Marginal
Murugappa group companies & their share prices,trendlyne,sector_theme,sector_or_theme,neutral,long_term,0.9,0.0198019801980198,0.7,0.65,1.1,6.4,D — Marginal
Conglomerate of Aditya Birla GroupInvest in these companies to become a part of the legendary Birla group,etnow,sector_theme,sector_or_theme,neutral,long_term,0.9,0.0198019801980198,0.7,0.65,1.1,6.4,D — Marginal
Jindal group companies & their share prices,trendlyne,sector_theme,sector_or_theme,neutral,long_term,0.9,0.0198019801980198,0.7,0.65,1.1,6.4,D — Marginal
Hinduja Group companies & their share prices,trendlyne,sector_theme,sector_or_theme,neutral,long_term,0.9,0.0198019801980198,0.7,0.65,1.1,6.4,D — Marginal
Petrochemicals Stocks Petrochemicals Stocks,etnow,sector_theme,sector_or_theme,neutral,long_term,0.8200000000000001,0.0198019801980198,0.7,0.65,1.1,5.83,D — Marginal
Financial Services StocksFinancial Services Stocks,etnow,sector_theme,sector_or_theme,neutral,long_term,0.8200000000000001,0.0198019801980198,0.7,0.65,1.1,5.83,D — Marginal
Tata Group stocks - List of all Tata companies & share prices,trendlyne,sector_theme,sector_or_theme,neutral,long_term,0.8200000000000001,0.0198019801980198,0.7,0.65,1.1,5.83,D — Marginal
Pesticides/Agro Chemicals Stocks Pesticides/Agro Chemicals Stocks,etnow,sector_theme,sector_or_theme,neutral,long_term,0.8200000000000001,0.0198019801980198,0.7,0.65,1.1,5.83,D — Marginal
Sin Goods List of best stocks from the Tobacco & Alcoholic Beverages sector,etnow,sector_theme,sector_or_theme,neutral,long_term,0.8200000000000001,0.0198019801980198,0.7,0.65,1.1,5.83,D — Marginal
The Vedanta GroupList of companies constituting the well known Vedanta group,etnow,sector_theme,sector_or_theme,neutral,long_term,0.8200000000000001,0.0198019801980198,0.7,0.65,1.1,5.83,D — Marginal
"The Tata Empire Companies part of TATA group, a global enterprise with stellar reputation & legacy of 150+ years",etnow,sector_theme,sector_or_theme,neutral,long_term,0.8200000000000001,0.0198019801980198,0.7,0.65,1.1,5.83,D — Marginal
Fertiliser stocksCompanies manufacturing fertilizers which will eventually benefit from governments initiative towards agriculture push,etnow,sector_theme,sector_or_theme,neutral,long_term,0.8200000000000001,0.0198019801980198,0.7,0.65,1.1,5.83,D — Marginal
FMCG TrackerCompanies to efficiently track and invest in the FMCG sector,etnow,sector_theme,sector_or_theme,neutral,long_term,0.8200000000000001,0.0198019801980198,0.7,0.65,1.1,5.83,D — Marginal
The Ambani Group Invest in these companies to become a part of the legendary Ambani group,etnow,sector_theme,sector_or_theme,neutral,long_term,0.8200000000000001,0.0198019801980198,0.7,0.65,1.1,5.83,D — Marginal
Auto Pack - Full ThrottleCompanies to efficiently track and invest in the auto sector,etnow,sector_theme,sector_or_theme,neutral,long_term,0.8200000000000001,0.0198019801980198,0.7,0.65,1.1,5.83,D — Marginal
IT Enabled Services StocksIT Enabled Services Stocks,etnow,sector_theme,sector_or_theme,neutral,long_term,0.8200000000000001,0.0198019801980198,0.7,0.65,1.1,5.83,D — Marginal
India DefenceCompanies in the defence sector which are beneficiaries of governments capex on India's defence,etnow,sector_theme,sector_or_theme,neutral,long_term,0.8200000000000001,0.0198019801980198,0.7,0.65,1.1,5.83,D — Marginal
Adani Group share prices & companies list,trendlyne,sector_theme,sector_or_theme,neutral,long_term,0.8200000000000001,0.0198019801980198,0.7,0.65,1.1,5.83,D — Marginal
Irrigation Stocks Companies manufacturing irrigation pumps & micro irrigation systems which will eventually benefit from governments initiative towards agriculture push,etnow,sector_theme,sector_or_theme,neutral,long_term,0.8200000000000001,0.0198019801980198,0.7,0.65,1.1,5.83,D — Marginal
Electrifying India Top stocks to invest in the Indian Power sector,etnow,sector_theme,sector_or_theme,neutral,long_term,0.8200000000000001,0.0198019801980198,0.7,0.65,1.1,5.83,D — Marginal
The Mahindra Group List of companies part of the Mahindra Group,etnow,sector_theme,sector_or_theme,neutral,long_term,0.8200000000000001,0.0198019801980198,0.7,0.65,1.1,5.83,D — Marginal
Protecting our CropsTop players from the Agro industry protecting our crops from decay,etnow,sector_theme,sector_or_theme,neutral,long_term,0.8200000000000001,0.0198019801980198,0.7,0.65,1.1,5.83,D — Marginal
Powerhouse of OP JindalList of companies part of the OP Jindal group,etnow,sector_theme,sector_or_theme,neutral,long_term,0.8200000000000001,0.0198019801980198,0.7,0.65,1.1,5.83,D — Marginal
Pharma TrackerCompanies to efficiently track and invest in the pharma sector,etnow,sector_theme,sector_or_theme,neutral,long_term,0.8200000000000001,0.0198019801980198,0.7,0.65,1.1,5.83,D — Marginal
Summer KingsCompanies from the consumer durables sector with seasonal business cycles,etnow,sector_theme,sector_or_theme,neutral,long_term,0.8200000000000001,0.0198019801980198,0.7,0.65,1.1,5.83,D — Marginal
Cement StocksCement manufacturing companies that tend to benefit from major infra related capex by government,etnow,sector_theme,sector_or_theme,neutral,long_term,0.8200000000000001,0.0198019801980198,0.7,0.65,1.1,5.83,D — Marginal
Banking TrackerCompanies to efficiently track and invest in the banking sector,etnow,sector_theme,sector_or_theme,neutral,long_term,0.8200000000000001,0.0198019801980198,0.7,0.65,1.1,5.83,D — Marginal
Mahindra Group share prices & stock performance,trendlyne,sector_theme,sector_or_theme,neutral,long_term,0.8200000000000001,0.0198019801980198,0.7,0.65,1.1,5.83,D — Marginal
The Adani Universe Invest in these companies and become a part of the Adani Group’s growth journey,etnow,sector_theme,sector_or_theme,neutral,long_term,0.8200000000000001,0.0198019801980198,0.7,0.65,1.1,5.83,D — Marginal
"House of BajajCompanies part of the Bajaj group, with footprint across a range of sectors",etnow,sector_theme,sector_or_theme,neutral,long_term,0.8200000000000001,0.0198019801980198,0.7,0.65,1.1,5.83,D — Marginal
Hospitals & Allied Services StocksHospitals & Allied Services Stocks,etnow,sector_theme,sector_or_theme,neutral,long_term,0.8200000000000001,0.0198019801980198,0.7,0.65,1.1,5.83,D — Marginal
"Hinduja GroupCompanies part of Hinduja group, with footprint across a range of sectors",etnow,sector_theme,sector_or_theme,neutral,long_term,0.8200000000000001,0.0198019801980198,0.7,0.65,1.1,5.83,D — Marginal
Green Energy List of companies which tends to benefit from development of the renewable energy sector,etnow,sector_theme,sector_or_theme,neutral,long_term,0.8200000000000001,0.0198019801980198,0.7,0.65,1.1,5.83,D — Marginal
Hospital & Allied servicesPotential beneficiaries of government's spending on healthcare initiatives,etnow,sector_theme,sector_or_theme,neutral,long_term,0.8200000000000001,0.0198019801980198,0.7,0.65,1.1,5.83,D — Marginal
Reliance Group share prices & companies list,trendlyne,sector_theme,sector_or_theme,neutral,long_term,0.8200000000000001,0.0198019801980198,0.7,0.65,1.1,5.83,D — Marginal
Irrigation & Allied Services StocksIrrigation & Allied Services Stocks,etnow,sector_theme,sector_or_theme,neutral,long_term,0.8200000000000001,0.0198019801980198,0.7,0.65,1.1,5.83,D — Marginal
Price crossed above 30 min Bollinger Band,trendlyne,volatility,volatility_range,bullish,intraday,0.74,0.0198019801980198,0.75,1,0.7,5.52,D — Marginal
Price crossed above 15 min Bollinger Band,trendlyne,volatility,volatility_range,bullish,intraday,0.74,0.0198019801980198,0.75,1,0.7,5.52,D — Marginal
Price crossed above 30 min Bollinger Band Central Line,trendlyne,volatility,volatility_range,bullish,intraday,0.74,0.0198019801980198,0.75,1,0.7,5.52,D — Marginal
Price crossed above 15 min Bollinger Band Central Line,trendlyne,volatility,volatility_range,bullish,intraday,0.74,0.0198019801980198,0.75,1,0.7,5.52,D — Marginal
Net Profit Per Employee: Banks,trendlyne,sector_theme,sector_or_theme,neutral,long_term,0.74,0.0198019801980198,0.7,0.65,1.1,5.26,D — Marginal
Leaders of TomorrowCompanies that have the potential to be industry leaders in large sectors and markets,etnow,sector_theme,sector_or_theme,neutral,long_term,0.74,0.0198019801980198,0.7,0.65,1.1,5.26,D — Marginal
Leather StocksLeather Stocks,etnow,sector_theme,sector_or_theme,neutral,long_term,0.74,0.0198019801980198,0.7,0.65,1.1,5.26,D — Marginal
Learning & Education StocksLearning & Education Stocks,etnow,sector_theme,sector_or_theme,neutral,long_term,0.74,0.0198019801980198,0.7,0.65,1.1,5.26,D — Marginal
Agro Processing Stocks Agro Processing Stocks,etnow,sector_theme,sector_or_theme,neutral,long_term,0.74,0.0198019801980198,0.7,0.65,1.1,5.26,D — Marginal
Transporting IndiaLogistics companies which are potential beneficiaries of government's commitment towards creating a better supply chain in India,etnow,sector_theme,sector_or_theme,neutral,long_term,0.74,0.0198019801980198,0.7,0.65,1.1,5.26,D — Marginal
Too Big to Fail Collapse of these stocks will lead to a turmoil in the banking system and economy of India.,etnow,sector_theme,sector_or_theme,neutral,long_term,0.74,0.0198019801980198,0.7,0.65,1.1,5.26,D — Marginal
Top Consumer Favorites Top brands loved by consumers at large,etnow,sector_theme,sector_or_theme,neutral,long_term,0.74,0.0198019801980198,0.7,0.65,1.1,5.26,D — Marginal
Tourism & Hospitality Stocks Tourism & Hospitality Stocks,etnow,sector_theme,sector_or_theme,neutral,long_term,0.74,0.0198019801980198,0.7,0.65,1.1,5.26,D — Marginal
Renewable EnergyList of stocks working towards renewable energy generation which are potential beneficiaries of governments commitment towards a green & carbon free India,etnow,sector_theme,sector_or_theme,neutral,long_term,0.74,0.0198019801980198,0.7,0.65,1.1,5.26,D — Marginal
Real Estate StocksReal Estate Stocks,etnow,sector_theme,sector_or_theme,neutral,long_term,0.74,0.0198019801980198,0.7,0.65,1.1,5.26,D — Marginal
Fertilisers StocksFertilisers Stocks,etnow,sector_theme,sector_or_theme,neutral,long_term,0.74,0.0198019801980198,0.7,0.65,1.1,5.26,D — Marginal
Consumer Durables StocksConsumer Durables Stocks,etnow,sector_theme,sector_or_theme,neutral,long_term,0.74,0.0198019801980198,0.7,0.65,1.1,5.26,D — Marginal
Private Banks Screener,trendlyne,sector_theme,sector_or_theme,neutral,long_term,0.74,0.0198019801980198,0.7,0.65,1.1,5.26,D — Marginal
International Education Basket List of stocks having the potential to generate long wealth to ensure your child's studies at one of the top universities in the world,etnow,sector_theme,sector_or_theme,neutral,long_term,0.74,0.0198019801980198,0.7,0.65,1.1,5.26,D — Marginal
Insuring IndiaTop players from the Insurance sector,etnow,sector_theme,sector_or_theme,neutral,long_term,0.74,0.0198019801980198,0.7,0.65,1.1,5.26,D — Marginal
Infrastructure StocksInfrastructure Stocks,etnow,sector_theme,sector_or_theme,neutral,long_term,0.74,0.0198019801980198,0.7,0.65,1.1,5.26,D — Marginal
FMCG StocksFMCG Stocks,etnow,sector_theme,sector_or_theme,neutral,long_term,0.74,0.0198019801980198,0.7,0.65,1.1,5.26,D — Marginal
PE higher than sector PE,trendlyne,sector_theme,sector_or_theme,neutral,long_term,0.74,0.0198019801980198,0.7,0.65,1.1,5.26,D — Marginal
PE higher than Industry PE,trendlyne,sector_theme,sector_or_theme,neutral,long_term,0.74,0.0198019801980198,0.7,0.65,1.1,5.26,D — Marginal
Gems and Jewellery StocksGems and Jewellery Stocks,etnow,sector_theme,sector_or_theme,neutral,long_term,0.74,0.0198019801980198,0.7,0.65,1.1,5.26,D — Marginal
Plastics StocksPlastics Stocks,etnow,sector_theme,sector_or_theme,neutral,long_term,0.74,0.0198019801980198,0.7,0.65,1.1,5.26,D — Marginal
Rubber Stocks Rubber Stocks,etnow,sector_theme,sector_or_theme,neutral,long_term,0.74,0.0198019801980198,0.7,0.65,1.1,5.26,D — Marginal
Shipping StocksShipping Stocks,etnow,sector_theme,sector_or_theme,neutral,long_term,0.74,0.0198019801980198,0.7,0.65,1.1,5.26,D — Marginal
Retail StocksRetail Stocks,etnow,sector_theme,sector_or_theme,neutral,long_term,0.74,0.0198019801980198,0.7,0.65,1.1,5.26,D — Marginal
Gold stocks in India,trendlyne,sector_theme,sector_or_theme,neutral,long_term,0.74,0.0198019801980198,0.7,0.65,1.1,5.26,D — Marginal
Services StocksServices Stocks,etnow,sector_theme,sector_or_theme,neutral,long_term,0.74,0.0198019801980198,0.7,0.65,1.1,5.26,D — Marginal
Packaging Stocks Packaging Stocks,etnow,sector_theme,sector_or_theme,neutral,long_term,0.74,0.0198019801980198,0.7,0.65,1.1,5.26,D — Marginal
Screener for stocks benefiting from lower oil prices,trendlyne,sector_theme,sector_or_theme,neutral,long_term,0.74,0.0198019801980198,0.7,0.65,1.1,5.26,D — Marginal
Handpicked PSU GemsList of top PSU stocks from all sectors,etnow,sector_theme,sector_or_theme,neutral,long_term,0.74,0.0198019801980198,0.7,0.65,1.1,5.26,D — Marginal
Pharmaceuticals StocksPharmaceuticals Stocks,etnow,sector_theme,sector_or_theme,neutral,long_term,0.74,0.0198019801980198,0.7,0.65,1.1,5.26,D — Marginal
Power StocksPower Stocks,etnow,sector_theme,sector_or_theme,neutral,long_term,0.74,0.0198019801980198,0.7,0.65,1.1,5.26,D — Marginal
Paper Stocks Paper Stocks,etnow,sector_theme,sector_or_theme,neutral,long_term,0.74,0.0198019801980198,0.7,0.65,1.1,5.26,D — Marginal
Gas & Petroleum StocksGas & Petroleum Stocks,etnow,sector_theme,sector_or_theme,neutral,long_term,0.74,0.0198019801980198,0.7,0.65,1.1,5.26,D — Marginal
PE less than Industry PE,trendlyne,sector_theme,sector_or_theme,neutral,long_term,0.74,0.0198019801980198,0.7,0.65,1.1,5.26,D — Marginal
PE less than sector PE,trendlyne,sector_theme,sector_or_theme,neutral,long_term,0.74,0.0198019801980198,0.7,0.65,1.1,5.26,D — Marginal
Glass StocksGlass Stocks,etnow,sector_theme,sector_or_theme,neutral,long_term,0.74,0.0198019801980198,0.7,0.65,1.1,5.26,D — Marginal
TVS GroupRide along the growth journey of the reputed TVS group of companies,etnow,sector_theme,sector_or_theme,neutral,long_term,0.74,0.0198019801980198,0.7,0.65,1.1,5.26,D — Marginal
Metals - Ferrous StocksMetals - Ferrous Stocks,etnow,sector_theme,sector_or_theme,neutral,long_term,0.74,0.0198019801980198,0.7,0.65,1.1,5.26,D — Marginal
Monsoon stocks,trendlyne,sector_theme,sector_or_theme,neutral,long_term,0.74,0.0198019801980198,0.7,0.65,1.1,5.26,D — Marginal
Apparels StocksApparels Stocks,etnow,sector_theme,sector_or_theme,neutral,long_term,0.74,0.0198019801980198,0.7,0.65,1.1,5.26,D — Marginal
Metals - Non Ferrous StocksMetals - Non Ferrous Stocks,etnow,sector_theme,sector_or_theme,neutral,long_term,0.74,0.0198019801980198,0.7,0.65,1.1,5.26,D — Marginal
Cables StocksCables Stocks,etnow,sector_theme,sector_or_theme,neutral,long_term,0.74,0.0198019801980198,0.7,0.65,1.1,5.26,D — Marginal
Chemicals StocksChemicals Stocks,etnow,sector_theme,sector_or_theme,neutral,long_term,0.74,0.0198019801980198,0.7,0.65,1.1,5.26,D — Marginal
Construction StocksConstruction Stocks,etnow,sector_theme,sector_or_theme,neutral,long_term,0.74,0.0198019801980198,0.7,0.65,1.1,5.26,D — Marginal
Building Materials StocksBuilding Materials Stocks,etnow,sector_theme,sector_or_theme,neutral,long_term,0.74,0.0198019801980198,0.7,0.65,1.1,5.26,D — Marginal
Beverages - Alcoholic StocksBeverages - Alcoholic Stocks,etnow,sector_theme,sector_or_theme,neutral,long_term,0.74,0.0198019801980198,0.7,0.65,1.1,5.26,D — Marginal
Media & Entertainment StocksMedia & Entertainment Stocks,etnow,sector_theme,sector_or_theme,neutral,long_term,0.74,0.0198019801980198,0.7,0.65,1.1,5.26,D — Marginal
Silver stocks in India,trendlyne,sector_theme,sector_or_theme,neutral,long_term,0.74,0.0198019801980198,0.7,0.65,1.1,5.26,D — Marginal
Infrastructure Boost List of stocks which tends to benefit on major infrastructure spending in the upcoming union budget,etnow,sector_theme,sector_or_theme,neutral,long_term,0.74,0.0198019801980198,0.7,0.65,1.1,5.26,D — Marginal
InvIT Stocks InvIT Stocks,etnow,sector_theme,sector_or_theme,neutral,long_term,0.74,0.0198019801980198,0.7,0.65,1.1,5.26,D — Marginal
AI stocks in India,trendlyne,sector_theme,sector_or_theme,neutral,long_term,0.74,0.0198019801980198,0.7,0.65,1.1,5.26,D — Marginal
Logistics StocksLogistics Stocks,etnow,sector_theme,sector_or_theme,neutral,long_term,0.74,0.0198019801980198,0.7,0.65,1.1,5.26,D — Marginal
IT Software Stocks IT Software Stocks,etnow,sector_theme,sector_or_theme,neutral,long_term,0.74,0.0198019801980198,0.7,0.65,1.1,5.26,D — Marginal
IT Tracker Companies to efficiently track and invest in the IT sector,etnow,sector_theme,sector_or_theme,neutral,long_term,0.74,0.0198019801980198,0.7,0.65,1.1,5.26,D — Marginal
IT - Hardware Stocks IT - Hardware Stocks,etnow,sector_theme,sector_or_theme,neutral,long_term,0.74,0.0198019801980198,0.7,0.65,1.1,5.26,D — Marginal
Holding Company StocksHolding Company Stocks,etnow,sector_theme,sector_or_theme,neutral,long_term,0.74,0.0198019801980198,0.7,0.65,1.1,5.26,D — Marginal
Battery stocks - featuring battery manufacturers in India,trendlyne,sector_theme,sector_or_theme,neutral,long_term,0.74,0.0198019801980198,0.7,0.65,1.1,5.26,D — Marginal
Bajaj companies list & share prices,trendlyne,sector_theme,sector_or_theme,neutral,long_term,0.74,0.0198019801980198,0.7,0.65,1.1,5.26,D — Marginal
Companies Benefiting From Government PLI Schemes,trendlyne,sector_theme,sector_or_theme,neutral,long_term,0.74,0.0198019801980198,0.7,0.65,1.1,5.26,D — Marginal
Industrial Consumables Stocks Industrial Consumables Stocks,etnow,sector_theme,sector_or_theme,neutral,long_term,0.74,0.0198019801980198,0.7,0.65,1.1,5.26,D — Marginal
Crude ConnectionList of companies directly impacted with the fluctuation in crude prices,etnow,sector_theme,sector_or_theme,neutral,long_term,0.74,0.0198019801980198,0.7,0.65,1.1,5.26,D — Marginal
Defence Stocks Defence Stocks,etnow,sector_theme,sector_or_theme,neutral,long_term,0.74,0.0198019801980198,0.7,0.65,1.1,5.26,D — Marginal
Electric/Electronics Stocks Electric/Electronics Stocks,etnow,sector_theme,sector_or_theme,neutral,long_term,0.74,0.0198019801980198,0.7,0.65,1.1,5.26,D — Marginal
Engineering Stocks Engineering Stocks,etnow,sector_theme,sector_or_theme,neutral,long_term,0.74,0.0198019801980198,0.7,0.65,1.1,5.26,D — Marginal
Diversified Stocks Diversified Stocks,etnow,sector_theme,sector_or_theme,neutral,long_term,0.74,0.0198019801980198,0.7,0.65,1.1,5.26,D — Marginal
Industrial Equipment Stocks Industrial Equipment Stocks,etnow,sector_theme,sector_or_theme,neutral,long_term,0.74,0.0198019801980198,0.7,0.65,1.1,5.26,D — Marginal
EV stocks in India,trendlyne,sector_theme,sector_or_theme,neutral,long_term,0.74,0.0198019801980198,0.7,0.65,1.1,5.26,D — Marginal
QSR stocks,trendlyne,sector_theme,sector_or_theme,neutral,long_term,0.74,0.0198019801980198,0.7,0.65,1.1,5.26,D — Marginal
Sugar StocksSugar Stocks,etnow,sector_theme,sector_or_theme,neutral,long_term,0.74,0.0198019801980198,0.7,0.65,1.1,5.26,D — Marginal
Tea / Coffee StocksTea / Coffee Stocks,etnow,sector_theme,sector_or_theme,neutral,long_term,0.74,0.0198019801980198,0.7,0.65,1.1,5.26,D — Marginal
Telecommunications StocksTelecommunications Stocks,etnow,sector_theme,sector_or_theme,neutral,long_term,0.74,0.0198019801980198,0.7,0.65,1.1,5.26,D — Marginal
Mining StocksMining Stocks,etnow,sector_theme,sector_or_theme,neutral,long_term,0.74,0.0198019801980198,0.7,0.65,1.1,5.26,D — Marginal
Auto Ancillaries StocksAuto Ancillaries Stocks,etnow,sector_theme,sector_or_theme,neutral,long_term,0.74,0.0198019801980198,0.7,0.65,1.1,5.26,D — Marginal
Aquaculture StocksAquaculture Stocks,etnow,sector_theme,sector_or_theme,neutral,long_term,0.74,0.0198019801980198,0.7,0.65,1.1,5.26,D — Marginal
NBFC Stocks NBFC Stocks,etnow,sector_theme,sector_or_theme,neutral,long_term,0.74,0.0198019801980198,0.7,0.65,1.1,5.26,D — Marginal
Airlines Stocks Airlines Stocks,etnow,sector_theme,sector_or_theme,neutral,long_term,0.74,0.0198019801980198,0.7,0.65,1.1,5.26,D — Marginal
Cement StocksCement Stocks,etnow,sector_theme,sector_or_theme,neutral,long_term,0.74,0.0198019801980198,0.7,0.65,1.1,5.26,D — Marginal
Auto StocksAuto Stocks,etnow,sector_theme,sector_or_theme,neutral,long_term,0.74,0.0198019801980198,0.7,0.65,1.1,5.26,D — Marginal
Banks Stocks Banks Stocks,etnow,sector_theme,sector_or_theme,neutral,long_term,0.74,0.0198019801980198,0.7,0.65,1.1,5.26,D — Marginal
Stocks with Quarter Change % less than Industry,trendlyne,sector_theme,sector_or_theme,neutral,positional,0.74,0.0198019801980198,0.7,0.65,1.05,5.02,D — Marginal
Price crossed below 15 min Bollinger Band,trendlyne,volatility,volatility_range,bearish,intraday,0.74,0.0198019801980198,0.75,0.9,0.7,4.97,D — Marginal
Price crossed below 15 min Bollinger Band Central Line,trendlyne,volatility,volatility_range,bearish,intraday,0.74,0.0198019801980198,0.75,0.9,0.7,4.97,D — Marginal
Price crossed below 30 min Bollinger Band,trendlyne,volatility,volatility_range,bearish,intraday,0.74,0.0198019801980198,0.75,0.9,0.7,4.97,D — Marginal
Price crossed below 30 min Bollinger Band Central Line,trendlyne,volatility,volatility_range,bearish,intraday,0.74,0.0198019801980198,0.75,0.9,0.7,4.97,D — Marginal
"Quality Low Beta stocks High quality, low on volatility with high passive returns",etnow,volatility,volatility_range,neutral,swing,0.74,0.0198019801980198,0.75,0.65,0.95,4.87,D — Marginal
Gap down opening in price screener,trendlyne,volatility,volatility_range,neutral,intraday,0.74,0.0198019801980198,0.75,0.65,0.7,3.59,D — Marginal
Gap up opening in price screener,trendlyne,volatility,volatility_range,neutral,intraday,0.74,0.0198019801980198,0.75,0.65,0.7,3.59,D — Marginal
52 wk high large cap stocks52 wk high large cap stocks,etnow,market_cap_style,size_style,bullish,long_term,0.74,0.009900990099009901,0.6,1,1.1,3.47,D — Marginal
"Increasing Trading Activity with Positive Weekly returns - Large CapDiscover the synergy of rising trading activity and weekly gains in Large Cap stocks, offering opportunities for informed investors. Explore now!",etnow,market_cap_style,size_style,bullish,long_term,0.74,0.009900990099009901,0.6,1,1.1,3.47,D — Marginal
Increasing Trading Activity with Positive Weekly returns - Mid CapDiscover Mid-Cap Stocks: Rising Trading Activity & Weekly Profits. Identify investment potential but research thoroughly before diving into this exciting world.,etnow,market_cap_style,size_style,bullish,long_term,0.74,0.009900990099009901,0.6,1,1.1,3.47,D — Marginal
The Trillionare Club List of curated stocks having reached the INR 1 trillion mark and still going,etnow,market_cap_style,size_style,neutral,long_term,0.74,0.009900990099009901,0.6,0.65,1.1,2.26,D — Marginal
SME stocks list,trendlyne,market_cap_style,size_style,neutral,long_term,0.74,0.009900990099009901,0.6,0.65,1.1,2.26,D — Marginal
Textile Penny Stocks Textile Penny Stocks,etnow,market_cap_style,size_style,neutral,long_term,0.74,0.009900990099009901,0.6,0.65,1.1,2.26,D — Marginal
Penny Stocks Under Rs 10,trendlyne,market_cap_style,size_style,neutral,long_term,0.74,0.009900990099009901,0.6,0.65,1.1,2.26,D — Marginal
Top Penny Stocks Under Rs 5,trendlyne,market_cap_style,size_style,neutral,long_term,0.74,0.009900990099009901,0.6,0.65,1.1,2.26,D — Marginal
"Large-Cap Stocks Focuses on stocks of well-established, financially stable companies with a large market capitalization, often considered more stable investments. Screens stocks where Market Capitalization is greater than INR 50,000 Croroes",etnow,market_cap_style,size_style,neutral,long_term,0.74,0.009900990099009901,0.6,0.65,1.1,2.26,D — Marginal
Nanocap ChampsNanocap companies with market value under 500 crores having potential to grow their earnings and market share,etnow,market_cap_style,size_style,neutral,long_term,0.74,0.009900990099009901,0.6,0.65,1.1,2.26,D — Marginal
Vinod always,trendlyne,other,uncategorized,neutral,long_term,0,0,0,0.65,1.1,0,F — Excluded
"my version  , Deepak sTOCKS",trendlyne,other,uncategorized,neutral,long_term,0,0,0,0.65,1.1,0,F — Excluded
Miscellaneous Stocks Miscellaneous Stocks,etnow,other,uncategorized,neutral,long_term,0,0,0,0.65,1.1,0,F — Excluded
