sid,name,slug,sector,ticker,marketCap,price,change,turnover
POLI,PB Fintech Ltd,/stocks/pb-fintech-POLI,Online Services,POLICYBZR,Midcap,1591.199951,-5.400000095,36938928128
MCEI,Multi Commodity Exchange of India Ltd,/stocks/multi-commodity-exchange-of-india-MCEI,Stock Exchanges & Ratings,MCX,Midcap,2814,-3.74000001,11170311168
LOD,Lodha Developers Ltd,/stocks/macrotech-developers-LOD,Real Estate,LODHA,Midcap,1057,5.050000191,8205596160
PERS,Persistent Systems Ltd,/stocks/persistent-systems-PERS,Software Services,PERSISTENT,Midcap,4682.700195,2.230000019,7310350336
AEGS,Aegis Logistics Ltd,/stocks/aegis-logistics-AEGS,Oil & Gas - Storage & Transportation,AEGISLOG,Midcap,1325.400024,0.25999999,6033021440
COFO,Coforge Ltd,/stocks/coforge-COFO,IT Services & Consulting,COFORGE,Midcap,1464,1.529999971,5967328256
LAUL,Laurus Labs Ltd,/stocks/laurus-labs-LAUL,Pharmaceuticals,LAURUSLABS,Midcap,1542.300049,0.939999998,5134387712
DIXO,Dixon Technologies (India) Ltd,/stocks/dixon-technologies-india-DIXO,Home Electronics & Appliances,DIXON,Midcap,12456,0.670000017,4323451904
DELH,Delhivery Ltd,/stocks/delhivery-DELH,Logistics,DELHIVERY,Midcap,507.4500122,-0.360000014,4263751680
NALU,National Aluminium Co Ltd,/stocks/national-aluminium-co-NALU,Metals - Aluminium,NATIONALUM,Midcap,347.6000061,4.619999886,4229267456
APAR,Apar Industries Ltd,/stocks/apar-industries-APAR,Electrical Components & Equipments,APARINDS,Midcap,14174,-6.139999866,4171068416
SUZL,Suzlon Energy Ltd,/stocks/suzlon-energy-SUZL,Renewable Energy Equipment & Services,SUZLON,Midcap,56.86999893,-1.389999986,4038009088
LEN,Lenskart Solutions Ltd,/stocks/lenskart-solutions-LEN,Retail - Speciality,LENSKART,Midcap,533,0.49000001,3756373504
INBK,Indusind Bank Ltd,/stocks/indusind-bank-INBK,Private Banks,INDUSINDBK,Midcap,974.3499756,3.269999981,3678616576
ARBN,Aurobindo Pharma Ltd,/stocks/aurobindo-pharma-ARBN,Pharmaceuticals,AUROPHARMA,Midcap,1620.5,3.809999943,3543837184
BARA,Bharat Dynamics Ltd,/stocks/bharat-dynamics-BARA,Aerospace & Defense Equipments,BDL,Midcap,1388.199951,0.239999995,3514405888
BAJAH,Bajaj Housing Finance Ltd,/stocks/bajaj-housing-finance-BAJAH,Consumer Finance,BAJAJHFL,Midcap,91.34999847,3.049999952,3474962432
VDAN,Vedanta Ltd,/stocks/vedanta-VDAN,Metals - Diversified,VEDL,Midcap,280.3999939,1.559999943,3456345600
ASOK,Ashok Leyland Ltd,/stocks/ashok-leyland-ASOK,Trucks & Buses,ASHOKLEY,Midcap,164.3500061,-0.230000004,3453272064
ORCL,Oracle Financial Services Software Ltd,/stocks/oracle-financial-services-software-ORCL,Software Services,OFSS,Midcap,11248,2.380000114,3437156096
MMFS,Mahindra and Mahindra Financial Services Ltd,/stocks/mahindra-and-mahindra-financial-services-MMFS,Consumer Finance,M&MFIN,Midcap,334.0499878,5.050000191,3387981568
PAY,One 97 Communications Ltd,/stocks/one-97-communications-PAY,Online Services,PAYTM,Midcap,1221.400024,0.660000026,3330070016
ALKE,Alkem Laboratories Ltd,/stocks/alkem-laboratories-ALKE,Pharmaceuticals,ALKEM,Midcap,5562.5,1.129999995,3168750848
MBFL,Mphasis Ltd,/stocks/mphasis-MBFL,IT Services & Consulting,MPHASIS,Midcap,2296.600098,2.279999971,3126412288
ATHER,Ather Energy Ltd,/stocks/ather-energy-ATHER,Two Wheelers,ATHERENERG,Midcap,1130,-1.139999986,2963544320
SAIL,Steel Authority of India Ltd,/stocks/steel-authority-of-india-SAIL,Iron & Steel,SAIL,Midcap,169.8800049,1.049999952,2916450560
IHTL,Indian Hotels Company Ltd,/stocks/indian-hotels-company-IHTL,"Hotels, Resorts & Cruise Lines",INDHOTEL,Midcap,728.5999756,1.100000024,2916267264
LTFH,L&T Finance Ltd,/stocks/landt-finance-holdings-LTFH,Consumer Finance,LTF,Midcap,327,3.730000019,2860856576
APLA,APL Apollo Tubes Ltd,/stocks/apl-apollo-tubes-APLA,Building Products - Pipes,APLAPOLLO,Midcap,1788,-0.02,2836159744
BION,Biocon Ltd,/stocks/biocon-BION,Biotechnology,BIOCON,Midcap,426.7999878,1.960000038,2724105728
ABUJ,Ambuja Cements Ltd,/stocks/ambuja-cements-ABUJ,Cement,AMBUJACEM,Midcap,443.3999939,3.369999886,2702936320
ADTB,Aditya Birla Capital Ltd,/stocks/aditya-birla-capital-ADTB,Diversified Financials,ABCAPITAL,Midcap,401.25,2.109999895,2630700288
BHRI,Indus Towers Ltd,/stocks/bharti-infratel-BHRI,Telecom Infrastructure,INDUSTOWER,Midcap,383.2999878,-0.119999997,2620848128
RECM,REC Ltd,/stocks/rec-RECM,Specialized Finance,RECLTD,Midcap,365.1499939,-1.200000048,2606672896
SWIG,Swiggy Ltd,/stocks/swiggy-SWIG,Online Services,SWIGGY,Midcap,248.2700043,-0.289999992,2521288448
HROM,Hero MotoCorp Ltd,/stocks/hero-motocorp-HROM,Two Wheelers,HEROMOTOCO,Midcap,4852.600098,-0.300000012,2466537472
LUPN,Lupin Ltd,/stocks/lupin-LUPN,Pharmaceuticals,LUPIN,Midcap,2476,3.180000067,2311609088
MEES,Meesho Ltd,/stocks/meesho-MEES,Retail - Online,MEESHO,Midcap,186.6799927,-2.24000001,2277261312
MAZ,Mazagon Dock Shipbuilders Ltd,/stocks/mazagon-dock-shipbuilders-MAZ,Shipbuilding,MAZDOCK,Midcap,2543.600098,-0.449999988,2274891776
WAARE,Waaree Energies Ltd,/stocks/waaree-energies-WAARE,Renewable Energy Equipment & Services,WAAREEENER,Midcap,2859.199951,-0.709999979,2202345728
MRF,MRF Ltd,/stocks/mrf-MRF,Tires & Rubber,MRF,Midcap,134655,1.960000038,2150465024
COCH,Cochin Shipyard Ltd,/stocks/cochin-shipyard-COCH,Shipbuilding,COCHINSHIP,Midcap,1524.099976,0.319999993,2134177152
HCPR,Hindustan Copper Ltd,/stocks/hindustan-copper-HCPR,Mining - Copper,HINDCOPPER,Midcap,499.2000122,0.860000014,2121944960
CADI,Zydus Lifesciences Ltd,/stocks/cadila-healthcare-CADI,Pharmaceuticals,ZYDUSLIFE,Midcap,1140.599976,3.710000038,2101788032
YESB,Yes Bank Ltd,/stocks/yes-bank-YESB,Private Banks,YESBANK,Midcap,24.38999939,0.579999983,2096120064
INED,Info Edge (India) Ltd,/stocks/info-edge-india-INED,Online Services,NAUKRI,Midcap,1034.650024,0.829999983,2093238144
NAFL,Navin Fluorine International Ltd,/stocks/navin-fluorine-international-NAFL,Specialty Chemicals,NAVINFLUOR,Midcap,7552.5,-1.230000019,2066323840
OILI,Oil India Ltd,/stocks/oil-india-OILI,Oil & Gas - Exploration & Production,OIL,Midcap,422.1000061,0.449999988,2008098688
IDFB,IDFC First Bank Ltd,/stocks/idfc-first-bank-IDFB,Private Banks,IDFCFIRSTB,Midcap,80.45999908,1.179999948,1999051648
GODR,Godrej Properties Ltd,/stocks/godrej-properties-GODR,Real Estate,GODREJPROP,Midcap,1996.400024,1.409999967,1997457024
RATB,RBL Bank Ltd,/stocks/rbl-bank-RATB,Private Banks,RBLBANK,Midcap,361.1000061,1.580000043,1981322368
UPLL,UPL Ltd,/stocks/upl-UPLL,Fertilizers & Agro Chemicals,UPL,Midcap,607.4000244,3.170000076,1939281920
KALYA,Kalyan Jewellers India Ltd,/stocks/kalyan-jewellers-india-KALYA,"Precious Metals, Jewellery & Watches",KALYANKJIL,Midcap,382.0499878,-1.559999943,1925130240
AUFI,AU Small Finance Bank Ltd,/stocks/au-small-finance-bank-AUFI,Consumer Finance,AUBANK,Midcap,1058.400024,0.129999995,1853657472
TBEI,Tube Investments of India Ltd,/stocks/tube-investments-of-india-TBEI,Cycles,TIINDIA,Midcap,2975.800049,-3.710000038,1788092800
FED,Federal Bank Ltd,/stocks/federal-bank-FED,Private Banks,FEDERALBNK,Midcap,327.3999939,-1.090000033,1787557632
JSWE,JSW Energy Ltd,/stocks/jsw-energy-JSWE,Power Generation,JSWENERGY,Midcap,550.2000122,-2.680000067,1775843072
PREG,Prestige Estates Projects Ltd,/stocks/prestige-estates-projects-PREG,Real Estate,PRESTIGE,Midcap,1668,-0.360000014,1752904832
OEBO,Oberoi Realty Ltd,/stocks/oberoi-realty-OEBO,Real Estate,OBEROIRLTY,Midcap,1934.400024,3.74000001,1725968640
TACN,Tata Consumer Products Ltd,/stocks/tata-consumer-products-TACN,Tea & Coffee,TATACONSUM,Midcap,1116.699951,0.860000014,1715162752
MAXE,Max Healthcare Institute Ltd,/stocks/max-healthcare-institute-MAXE,Hospitals & Diagnostic Centres,MAXHEALTH,Midcap,1153.400024,2.309999943,1672374528
PHOE,Phoenix Mills Ltd,/stocks/phoenix-mills-PHOE,Real Estate,PHOENIXLTD,Midcap,2047.599976,1.74000001,1635960320
HUDC,Housing and Urban Development Corporation Ltd,/stocks/housing-and-urban-development-corporation-HUDC,Specialized Finance,HUDCO,Midcap,215.5599976,4.21999979,1600252544
NYK,FSN E-Commerce Ventures Ltd,/stocks/fsn-e-commerce-ventures-NYK,Wellness Services,NYKAA,Midcap,310.2999878,-1.179999948,1593167616
WGSR,Welspun Corp Ltd,/stocks/welspun-corp-WGSR,Iron & Steel,WELCORP,Midcap,1439.300049,-3.970000029,1583966848
IIFW,360 One Wam Ltd,/stocks/iifl-wealth-management-IIFW,Investment Banking & Brokerage,360ONE,Midcap,1109.5,3.690000057,1456828800
BMBK,Bank of Maharashtra Ltd,/stocks/bank-of-maharashtra-BMBK,Public Banks,MAHABANK,Midcap,88.52999878,-2.75999999,1442799104
SRFL,SRF Ltd,/stocks/srf-SRFL,Diversified Chemicals,SRF,Midcap,2794.5,-0.180000007,1427303808
NARY,Narayana Hrudayalaya Ltd,/stocks/narayana-hrudayalaya-NARY,Hospitals & Diagnostic Centres,NH,Midcap,2002.800049,0.839999974,1415196288
ICIR,ICICI Prudential Life Insurance Company Ltd,/stocks/icici-prudential-life-insurance-company-ICIR,Insurance,ICICIPRULI,Midcap,485.25,-2.160000086,1403462144
GLEN,Glenmark Pharmaceuticals Ltd,/stocks/glenmark-pharmaceuticals-GLEN,Pharmaceuticals,GLENMARK,Midcap,2211,0.680000007,1402041472
VMM,Vishal Mega Mart Ltd,/stocks/vishal-mega-mart-VMM,FMCG - Foods,VMM,Midcap,120.5699997,-0.720000029,1338401792
GLAN,Gland Pharma Ltd,/stocks/gland-pharma-GLAN,Pharmaceuticals,GLAND,Midcap,2462.300049,0.660000026,1299898752
THMX,Thermax Limited,/stocks/thermax-THMX,Industrial Machinery,THERMAX,Midcap,4607.5,-6.289999962,1281028608
NHPC,NHPC Ltd,/stocks/nhpc-NHPC,Renewable Energy,NHPC,Midcap,80.52999878,-0.07,1267098496
KEIN,KEI Industries Ltd,/stocks/kei-industries-KEIN,Cables,KEI,Midcap,5270.5,-0.109999999,1201268224
NMDC,NMDC Ltd,/stocks/nmdc-NMDC,Mining - Iron Ore,NMDC,Midcap,85.40000153,-0.200000003,1195020544
BOI,Bank of India Ltd,/stocks/bank-of-india-BOI,Public Banks,BANKINDIA,Midcap,144.0500031,-0.629999995,1170005888
BFRG,Bharat Forge Ltd,/stocks/bharat-forge-BFRG,Iron & Steel,BHARATFORG,Midcap,2136.699951,-0.569999993,1155559424
PAGE,Page Industries Ltd,/stocks/page-industries-PAGE,Apparel & Accessories,PAGEIND,Midcap,42800,-0.200000003,1122769408
FOHE,Fortis Healthcare Ltd,/stocks/fortis-healthcare-FOHE,Hospitals & Diagnostic Centres,FORTIS,Midcap,974.5999756,-0.039999999,1111341568
LRTI,LTM Ltd,/stocks/larsen-and-toubro-infotech-LRTI,IT Services & Consulting,LTM,Midcap,3757.800049,2.089999914,1072038272
VOLT,Voltas Ltd,/stocks/voltas-VOLT,Home Electronics & Appliances,VOLTAS,Midcap,1280.199951,-0.810000002,1049115584
HPCL,Hindustan Petroleum Corp Ltd,/stocks/hindustan-petroleum-corp-HPCL,Oil & Gas - Refining & Marketing,HINDPETRO,Midcap,399.25,-0.079999998,1019832640
IPCA,IPCA Laboratories Ltd,/stocks/ipca-laboratories-IPCA,Pharmaceuticals,IPCALAB,Midcap,1778.900024,3.460000038,1008160384
JNSP,Jindal Steel Ltd,/stocks/jindal-steel-and-power-JNSP,Iron & Steel,JINDALSTEL,Midcap,1054,0.980000019,991059136
MANKI,Mankind Pharma Ltd,/stocks/mankind-pharma-MANKI,Pharmaceuticals,MANKIND,Midcap,2528.600098,1.679999948,984468352
UNSP,United Spirits Ltd,/stocks/united-spirits-UNSP,Alcoholic Beverages,UNITDSPR,Midcap,1393.300049,1.450000048,978224000
PIIL,PI Industries Ltd,/stocks/pi-industries-PIIL,Diversified Chemicals,PIIND,Midcap,2646.100098,1.440000057,943797440
ADAG,Adani Total Gas Ltd,/stocks/adani-gas-ADAG,Gas Distribution,ATGL,Midcap,721.75,-1.600000024,918358592
DABU,Dabur India Ltd,/stocks/dabur-india-DABU,FMCG - Personal Products,DABUR,Midcap,444.3500061,-0.589999974,916980864
PREMI,Premier Energies Ltd,/stocks/premier-energies-PREMI,Renewable Energy,PREMIERENE,Midcap,1046.800049,-0.310000002,901412736
BHARI,Bharti Hexacom Ltd,/stocks/bharti-hexacom-BHARI,Telecom Services,BHARTIHEXA,Midcap,1454.099976,0.939999998,898771776
TATA,Tata Communications Ltd,/stocks/tata-communications-TATA,Telecom Services,TATACOMM,Midcap,1906.699951,-1.620000005,869989056
LLO,Lloyds Metals and Energy Ltd,/stocks/lloyds-metals-and-energy-LLO,Mining - Iron Ore,LLOYDSME,Midcap,1777,-1.929999948,855953408
MOFS,Motilal Oswal Financial Services Ltd,/stocks/motilal-oswal-financial-services-MOFS,Diversified Financials,MOTILALOFS,Midcap,968.3499756,1.200000048,849642112
SONAC,Sona BLW Precision Forgings Ltd,/stocks/sona-blw-precision-forgings-SONAC,Auto Parts,SONACOMS,Midcap,660.0999756,-0.330000013,818297728
RADC,Radico Khaitan Ltd,/stocks/radico-khaitan-RADC,Alcoholic Beverages,RADICO,Midcap,3892.300049,-2.019999981,800728192
LGE,LG Electronics India Ltd,/stocks/lg-electronics-india-LGE,Home Electronics & Appliances,LGEINDIA,Midcap,1547.5,-1.299999952,799041088
JSW,JSW Infrastructure Ltd,/stocks/jsw-infrastructure-JSW,Ports,JSWINFRA,Midcap,326.0499878,-0.439999998,785204032
MAGM,Poonawalla Fincorp Ltd,/stocks/magma-fincorp-MAGM,Consumer Finance,POONAWALLA,Midcap,460.9500122,0.889999986,782313344
ICIL,ICICI Lombard General Insurance Company Ltd,/stocks/icici-lombard-general-insurance-company-ICIL,Insurance,ICICIGI,Midcap,1772.800049,0.670000017,723111872
ASPT,Astral Ltd,/stocks/astral-poly-technik-ASPT,Building Products - Pipes,ASTRAL,Midcap,1385,1.600000024,693099392
MNDA,UNO Minda Ltd,/stocks/minda-industries-MNDA,Auto Parts,UNOMINDA,Midcap,1126.099976,0.449999988,669602304
MAXI,Max Financial Services Ltd,/stocks/max-financial-services-MAXI,Insurance,MFSL,Midcap,1596.599976,-1.340000033,634908480
TOPO,Torrent Power Ltd,/stocks/torrent-power-TOPO,Power Transmission & Distribution,TORNTPOWER,Midcap,1366.5,-1.99000001,606939136
RAIV,Rail Vikas Nigam Ltd,/stocks/rail-vikas-nigam-RAIV,Specialized Finance,RVNL,Midcap,235.7700043,-0.460000008,583139392
SHCM,Shree Cement Ltd,/stocks/shree-cement-SHCM,Cement,SHREECEM,Midcap,26765,2.079999924,574413760
NLCI,NLC India Ltd,/stocks/nlc-india-NLCI,Metals - Diversified,NLCINDIA,Midcap,313.5,-0.479999989,562573504
HVEL,Havells India Ltd,/stocks/havells-india-HVEL,Electrical Components & Equipments,HAVELLS,Midcap,1181.099976,-0.469999999,560172352
CORF,Coromandel International Ltd,/stocks/coromandel-international-CORF,Fertilizers & Agro Chemicals,COROMANDEL,Midcap,2034.300049,1.399999976,545883392
ABOT,Abbott India Ltd,/stocks/abbott-india-ABOT,Pharmaceuticals,ABBOTINDIA,Midcap,25895,0.660000026,544029376
RCSY,Patanjali Foods Ltd,/stocks/ruchi-soya-industries-RCSY,Packaged Foods & Meats,PATANJALI,Midcap,413.9500122,0.119999997,543315968
JKCE,J K Cement Ltd,/stocks/j-k-cement-JKCE,Cement,JKCEMENT,Midcap,5495.5,-0.649999976,518680800
GUJL,Gujarat Fluorochemicals Ltd,/stocks/gujarat-fluorochemicals-GUJL,Specialty Chemicals,FLUOROCHEM,Midcap,3965.5,-0.180000007,512674656
PLNG,Petronet LNG Ltd,/stocks/petronet-lng-PLNG,Oil & Gas - Storage & Transportation,PETRONET,Midcap,275.9500122,0.270000011,492571456
AIAE,AIA Engineering Ltd,/stocks/aia-engineering-AIAE,Industrial Machinery,AIAENG,Midcap,4754.5,-0.949999988,490654752
IDBI,IDBI Bank Ltd,/stocks/idbi-bank-IDBI,Private Banks,IDBI,Midcap,83.83999634,-0.680000007,482802464
CPP,Aditya Infotech Ltd,/stocks/aditya-infotech-CPP,Electronic Equipments,CPPLUS,Midcap,3588.399902,3.109999895,481472160
TMIN,3M India Ltd,/stocks/3m-india-TMIN,Stationery,3MINDIA,Midcap,35235,3.75,472729952
NIPF,Nippon Life India Asset Management Ltd,/stocks/nippon-life-india-asset-management-NIPF,Asset Management,NAM-INDIA,Midcap,1218.199951,0.409999996,462554752
PWL,Physicswallah Ltd,/stocks/physicswallah-PWL,Education Services,PWL,Midcap,130.1600037,-2.380000114,451097280
KPRM,KPR Mill Ltd,/stocks/kpr-mill-KPRM,Textiles,KPRMILL,Midcap,1184.5,0.310000002,417776064
SUPI,Supreme Industries Ltd,/stocks/supreme-industries-SUPI,Plastic Products,SUPREMEIND,Midcap,3228.699951,-1.429999948,381782720
HDB,HDB Financial Services Ltd,/stocks/hdb-financial-services-HDB,Consumer Finance,HDBFS,Midcap,747.0499878,0.930000007,353412864
ITCH,ITC Hotels Ltd,/stocks/itc-hotels-ITCH,"Hotels, Resorts & Cruise Lines",ITCHOTELS,Midcap,178.6199951,0.930000007,337793632
JIST,Jindal Stainless Ltd,/stocks/jindal-stainless-JIST,Iron & Steel,JSL,Midcap,698.1500244,0.970000029,334503488
INIR,Indian Railway Catering and Tourism Corporation Ltd,/stocks/indian-railway-catering-and-tourism-corporation-INIR,Online Services,IRCTC,Midcap,509.9500122,0.74000001,304116416
AJPH,Ajanta Pharma Ltd,/stocks/ajanta-pharma-AJPH,Pharmaceuticals,AJANTPHARM,Midcap,3326.300049,-0.569999993,281304992
COLG,Colgate-Palmolive (India) Ltd,/stocks/colgate-palmolive-india-COLG,FMCG - Personal Products,COLPAL,Midcap,2047,-0.699999988,280610944
ATRD,Aster DM Healthcare Ltd,/stocks/aster-dm-healthcare-ATRD,Hospitals & Diagnostic Centres,ASTERDM,Midcap,793.2000122,0.280000001,277453376
SBIC,SBI Cards and Payment Services Ltd,/stocks/sbi-cards-and-payment-services-SBIC,Payment Infrastructure,SBICARD,Midcap,603.7999878,-0.119999997,262018304
BRGR,Berger Paints India Ltd,/stocks/berger-paints-india-BRGR,Paints,BERGEPAINT,Midcap,519.4500122,-0.25,256229536
JBCH,J B Chemicals and Pharmaceuticals Ltd,/stocks/j-b-chemicals-and-pharmaceuticals-JBCH,Pharmaceuticals,JBCHEPHARM,Midcap,2364.600098,1.870000005,255288896
ANTH,Anthem Biosciences Ltd,/stocks/anthem-biosciences-ANTH,Biotechnology,ANTHEM,Midcap,770.9000244,-0.189999998,250404352
NTP,Ntpc Green Energy Ltd,/stocks/ntpc-green-energy-NTP,Renewable Energy,NTPCGREEN,Midcap,95.44000244,-1.070000052,233780208
SCHE,Schaeffler India Ltd,/stocks/schaeffler-india-SCHE,Auto Parts,SCHAEFFLER,Midcap,4162.100098,1.340000033,202306240
EMBA,Embassy Office Parks REIT,/stocks/embassy-office-parks-reit-EMBA,Real Estate,EMBASSY,Midcap,446.8699951,-0.140000001,184035440
FCTL,Fertilisers And Chemicals Travancore Ltd,/stocks/fertilisers-and-chemicals-travancore-FCTL,Fertilizers & Agro Chemicals,FACT,Midcap,883.2999878,0.699999988,182046432
SNFN,Sundaram Finance Ltd,/stocks/sundaram-finance-SNFN,Consumer Finance,SUNDARMFIN,Midcap,4575.399902,-0.300000012,150534160
BLKI,Balkrishna Industries Ltd,/stocks/balkrishna-industries-BLKI,Tires & Rubber,BALKRISIND,Midcap,2220.399902,-0.439999998,146861424
GLAX,GlaxoSmithKline Pharmaceuticals Ltd,/stocks/glaxosmithkline-pharmaceuticals-GLAX,Pharmaceuticals,GLAXO,Midcap,2395.5,-0.839999974,137146048
GODI,Godrej Industries Ltd,/stocks/godrej-industries-GODI,Diversified Chemicals,GODREJIND,Midcap,1209.800049,-0.170000002,135517728
ENDU,Endurance Technologies Ltd,/stocks/endurance-technologies-cn-ENDU,Auto Parts,ENDURANCE,Midcap,2640.800049,-0.829999983,132935376
KRT,Knowledge Realty Trust,/stocks/knowledge-realty-trust-KRT,Real Estate,KRT,Midcap,114.9599991,-0.419999987,129069032
GENA,General Insurance Corporation of India,/stocks/general-insurance-corporation-of-india-GENA,Insurance,GICRE,Midcap,360.9500122,0.360000014,128644976
TOW,Altius Telecom Infrastructure Trust,/stocks/tower-infrastructure-trust-TOW,Telecom Infrastructure,ALTIUSINVIT,Midcap,169.5,,118657000
IOBK,Indian Overseas Bank,/stocks/indian-overseas-bank-IOBK,Public Banks,IOB,Midcap,34.36999893,-0.25999999,93845184
LIND,Linde India Ltd,/stocks/linde-india-LIND,Commodity Chemicals,LINDEINDIA,Midcap,7178.5,-0.170000002,78579584
AII,Authum Investment & Infrastructure Ltd,/stocks/authum-investment-and-infrastructure-AII,Specialized Finance,AIIL,Midcap,524.75,0.330000013,76752464
ZENT,Zensar Technologies Ltd,/stocks/zensar-technologies-ZENT,IT Services & Consulting,ZENSARTECH,Smallcap,516.0999756,10.43000031,30824062976
APLL,Apollo Micro Systems Ltd,/stocks/apollo-micro-systems-APLL,Electronic Equipments,APOLLO,Smallcap,450.0499878,2.390000105,16133103616
SUMH,Sumitomo Chemical India Ltd,/stocks/sumitomo-chemical-india-SUMH,Commodity Chemicals,SUMICHEM,Smallcap,502.2999878,13.85000038,14372459520
VOG,Vedanta Oil and Gas Ltd,/stocks/vedanta-oil-and-gas-VOG,Oil & Gas - Exploration & Production,VOGL,Smallcap,42.79000092,-4.039999962,12076150784
VISL,Vedanta Iron And Steel Limited,/stocks/vedanta-iron-and-steel-VISL,Iron & Steel,VISL,Smallcap,40.52000046,-4.989999771,12038877184
PCJE,PC Jeweller Ltd,/stocks/pc-jeweller-PCJE,"Precious Metals, Jewellery & Watches",PCJEWELLER,Smallcap,10.30000019,4.570000172,10340807680
KAYN,Kaynes Technology India Ltd,/stocks/kaynes-technology-india-KAYN,Electrical Components & Equipments,KAYNES,Smallcap,3333.800049,5.550000191,8551383552
IKI,IKIO Technologies Ltd,/stocks/ikio-lighting-IKI,Electrical Components & Equipments,IKIO,Smallcap,202.8200073,19.13999939,8339277312
VEDP,Vedanta Power Ltd,/stocks/vedanta-power-VEDP,Power Generation,VEDPOWER,Smallcap,45.70999908,-6.019999981,7399351296
PPL,Piramal Pharma Ltd (Mumbai),/stocks/piramal-pharma-PPL,Pharmaceuticals,PPLPHARMA,Smallcap,175.9499969,4.550000191,5886977536
CUCO,Cupid Ltd,/stocks/cupid-CUCO,FMCG - Personal Products,CUPID,Smallcap,198.8399963,3.529999971,5604178944
HIMD,Himadri Speciality Chemical Ltd,/stocks/himadri-speciality-chemical-HIMD,Commodity Chemicals,HSCL,Smallcap,680.6500244,2.720000029,4768697344
OLAE,Ola Electric Mobility Ltd,/stocks/ola-electric-mobility-OLAE,Two Wheelers,OLAELEC,Smallcap,44.47999954,-2.25999999,4315817472
HFCL,HFCL Ltd,/stocks/hfcl-HFCL,Telecom Equipments,HFCL,Smallcap,214.4799957,4.829999924,4142936320
NUVA,Nuvama Wealth Management Ltd,/stocks/nuvama-wealth-management-NUVA,Diversified Financials,NUVAMA,Smallcap,1887.5,3.75999999,3713143552
FORC,Force Motors Ltd,/stocks/force-motors-FORC,Four Wheelers,FORCEMOT,Smallcap,18804,-2.910000086,3468636928
SUVP,Suven Life Sciences Ltd,/stocks/suven-life-sciences-SUVP,Pharmaceuticals,SUVEN,Smallcap,327.6000061,9.949999809,3468126464
EIE,Enviro Infra Engineers Ltd,/stocks/enviro-infra-engineers-EIE,Water Management,EIEL,Smallcap,235.4600067,3.079999924,3465297920
RAYMO,Raymond Realty Ltd,/stocks/raymond-realty-RAYMO,Real Estate,RAYMONDREL,Smallcap,676,6.849999905,3372518144
MOS,Moschip Technologies Ltd,/stocks/moschip-technologies-MOS,Software Services,MOSCHIP,Smallcap,223.5500031,7.210000038,3244588800
CCRI,Container Corporation of India Ltd,/stocks/container-corporation-of-india-CCRI,Logistics,CONCOR,Smallcap,488.2000122,2.25,3239825920
NETWE,Netweb Technologies India Ltd,/stocks/netweb-technologies-india-NETWE,IT Services & Consulting,NETWEB,Smallcap,4427.399902,-0.170000002,3217027328
AWL,AWL Agri Business Ltd,/stocks/adani-wilmar-AWL,FMCG - Foods,AWL,Smallcap,191.1100006,3.890000105,2943809024
ANGE,Angel One Ltd,/stocks/angel-broking-ANGE,Investment Banking & Brokerage,ANGELONE,Smallcap,352.25,1.75999999,2931998976
TDPS,TD Power Systems Ltd,/stocks/td-power-systems-TDPS,Heavy Electrical Equipments,TDPOWERSYS,Smallcap,1091.800049,-8.329999924,2795958784
DATAP,Data Patterns (India) Ltd,/stocks/data-patterns-india-DATAP,Aerospace & Defense Equipments,DATAPATTNS,Smallcap,4507,-3.210000038,2763323392
SAKS,Saksoft Ltd,/stocks/saksoft-SAKS,IT Services & Consulting,SAKSOFT,Smallcap,178.9799957,-0.49000001,2727774208
RMCS,Ramco Systems Ltd,/stocks/ramco-systems-RMCS,IT Services & Consulting,RAMCOSYS,Smallcap,799.5999756,0.400000006,2727093248
BELR,Belrise Industries Ltd,/stocks/belrise-industries-BELR,Auto Parts,BELRISE,Smallcap,230.7400055,-3.130000114,2637880576
CMP,Central Mine Planning & Design Institute Ltd,/stocks/central-mine-planning-and-design-institute-CMP,Mining - Diversified,CMPDI,Smallcap,277.5,3.720000029,2582003712
PARAD,Paradeep Phosphates Ltd,/stocks/paradeep-phosphates-PARAD,Fertilizers & Agro Chemicals,PARADEEP,Smallcap,146.5899963,4.460000038,2579081984
PARAS,Paras Defence and Space Technologies Ltd,/stocks/paras-defence-and-space-technologies-PARAS,Aerospace & Defense Equipments,PARAS,Smallcap,1294,-3.710000038,2576685056
SOLAW,Solarworld Energy Solutions Ltd,/stocks/solarworld-energy-solutions-SOLAW,Renewable Energy,SOLARWORLD,Smallcap,209.5099945,13.02000046,2563471104
BLSE,BLS E-Services Ltd,/stocks/bls-e-services-BLSE,IT Services & Consulting,BLSE,Smallcap,265.1099854,4.929999828,2492780032
AEQ,Aequs Ltd,/stocks/aequs-AEQ,Aerospace & Defense Equipments,AEQUS,Smallcap,236.5399933,2.650000095,2486320384
VATE,Va Tech Wabag Ltd,/stocks/va-tech-wabag-VATE,Water Management,WABAG,Smallcap,2080.899902,-4.989999771,2348280064
STTE,Sterlite Technologies Ltd,/stocks/sterlite-technologies-STTE,Telecom Equipments,STLTECH,Smallcap,576.7999878,2.519999981,2345865216
KPIE,KPIT Technologies Ltd,/stocks/kpit-technologies-KPIE,IT Services & Consulting,KPITTECH,Smallcap,558.6500244,-0.029999999,2331973632
OLEC,Olectra Greentech Ltd,/stocks/olectra-greentech-OLEC,Electrical Components & Equipments,OLECTRA,Smallcap,1490,-3.109999895,2315460608
ANRA,Anant Raj Ltd,/stocks/anant-raj-ANRA,Real Estate,ANANTRAJ,Smallcap,554.7000122,3.170000076,2246307328
AZA,Azad Engineering Ltd,/stocks/azad-engineering-AZA,Renewable Energy Equipment & Services,AZAD,Smallcap,2149.100098,3.619999886,2122969600
ORRE,RHI Magnesita India Ltd,/stocks/orient-refractories-ORRE,Cement,RHIM,Smallcap,384.2999878,-4.690000057,2051854336
TRNF,Transformers and Rectifiers (India) Ltd,/stocks/transformers-and-rectifiers-india-TRNF,Heavy Electrical Equipments,TARIL,Smallcap,336.75,-5.739999771,2014053888
ASTM,Astra Microwave Products Ltd,/stocks/astra-micro-wave-products-ASTM,Communication & Networking,ASTRAMICRO,Smallcap,1848.5,2.940000057,1989798272
ECLE,eClerx Services Ltd,/stocks/eclerx-services-ECLE,Outsourced services,ECLERX,Smallcap,1488.800049,7.010000229,1940835200
ZEE,Zee Entertainment Enterprises Ltd,/stocks/zee-entertainment-enterprises-ZEE,TV Channels & Broadcasters,ZEEL,Smallcap,105.0899963,-1.929999948,1937337984
GEOE,Genus Power Infrastructures Ltd,/stocks/genus-power-infrastructures-GEOE,Electronic Equipments,GENUSPOWER,Smallcap,321.4500122,2.549999952,1849556480
AEG,Aegis Vopak Terminals Ltd,/stocks/aegis-vopak-terminals-AEG,Oil & Gas - Storage & Transportation,AEGISVOPAK,Smallcap,257.4299927,9.670000076,1846353920
MNFL,Manappuram Finance Ltd,/stocks/manappuram-finance-MNFL,Consumer Finance,MANAPPURAM,Smallcap,328.2000122,1.580000043,1801253760
INDOI,Indo Farm Equipment Ltd,/stocks/indo-farm-equipment-INDOI,Agricultural & Farm Machinery,INDOFARM,Smallcap,163.6100006,12.10999966,1777343744
UJJI,Ujjivan Small Finance Bank Ltd,/stocks/ujjivan-small-finance-bank-UJJI,Private Banks,UJJIVANSFB,Smallcap,59.59999847,-2.930000067,1758822400
MTA,MTAR Technologies Ltd,/stocks/mtar-technologies-MTA,Industrial Machinery,MTARTECH,Smallcap,7033.5,-4.960000038,1737397888
SYR,Syrma SGS Technology Ltd,/stocks/syrma-sgs-technology-SYR,Electronic Equipments,SYRMA,Smallcap,1376,-1.590000033,1697828480
THNG,Thangamayil Jewellery Ltd,/stocks/thanga-mayil-jewellery-THNG,"Precious Metals, Jewellery & Watches",THANGAMAYL,Smallcap,6159.5,-2.470000029,1695937536
EXID,Exide Industries Ltd,/stocks/exide-industries-EXID,Batteries,EXIDEIND,Smallcap,416.6000061,-0.660000026,1579542272
CENA,Central Depository Services (India) Ltd,/stocks/central-depository-services-india-CENA,Stock Exchanges & Ratings,CDSL,Smallcap,1350.599976,-0.01,1550899584
DIGIT,Digitide Solutions Ltd,/stocks/digitide-solutions-DIGIT,IT Services & Consulting,DIGITIDE,Smallcap,102.2200012,15.36999989,1518350464
AMBE,Amber Enterprises India Ltd,/stocks/amber-enterprises-india-AMBE,Home Electronics & Appliances,AMBER,Smallcap,7484.5,1.090000033,1510194048
GRSE,Garden Reach Shipbuilders & Engineers Ltd,/stocks/garden-reach-shipbuilders-and-engineers-GRSE,Shipbuilding,GRSE,Smallcap,2748.5,-0.819999993,1471018752
ANAND,Anand Rathi Wealth Ltd,/stocks/anand-rathi-wealth-ANAND,Asset Management,ANANDRATHI,Smallcap,2061.699951,3.619999886,1425403520
NEUL,Neuland Laboratories Ltd,/stocks/neuland-laboratories-NEUL,Pharmaceuticals,NEULANDLAB,Smallcap,18944,-0.230000004,1425374848
SEIN,Schneider Electric Infrastructure Ltd,/stocks/schneider-electric-infrastructure-SEIN,Heavy Electrical Equipments,SCHNEIDER,Smallcap,1481.599976,1.909999967,1411308416
INBF,Sammaan Capital Ltd,/stocks/indiabulls-housing-finance-INBF,Home Financing,SAMMAANCAP,Smallcap,175.6399994,0.980000019,1407081600
DWNH,Piramal Finance Ltd,/stocks/dewan-housing-finance-corporation-DWNH,Home Financing,PIRAMALFIN,Smallcap,2137.699951,-2,1395414528
GANS,Ganesha Ecosphere Ltd,/stocks/ganesha-ecosphere-GANS,Textiles,GANECOS,Smallcap,1027.75,11.81999969,1390043008
RPOL,Reliance Power Ltd,/stocks/reliance-power-RPOL,Power Generation,RPOWER,Smallcap,25.70000076,-3.019999981,1351308928
PINEL,Pine Labs Ltd,/stocks/pine-labs-PINEL,Software Services,PINELABS,Smallcap,156.1199951,-2.329999924,1348669440
PNBH,PNB Housing Finance Ltd,/stocks/pnb-housing-finance-PNBH,Home Financing,PNBHOUSING,Smallcap,1064.400024,0.829999983,1332739840
PISA,Paisalo Digital Ltd,/stocks/paisalo-digital-PISA,Consumer Finance,PAISALO,Smallcap,71.87000275,-0.07,1328503424
CHOI,Choice International Ltd,/stocks/choice-international-CHOI,Investment Banking & Brokerage,CHOICEIN,Smallcap,800.0499878,2.539999962,1302467712
CYI,Cyient DLM Ltd,/stocks/cyient-dlm-CYI,Industrial Machinery,CYIENTDLM,Smallcap,509.3999939,7.960000038,1289681024
IFCI,IFCI Ltd,/stocks/ifci-IFCI,Specialized Finance,IFCI,Smallcap,75.91000366,-1.169999957,1276545792
WCKH,Wockhardt Ltd,/stocks/wockhardt-WCKH,Pharmaceuticals,WOCKPHARMA,Smallcap,1938.5,-0.589999974,1249239040
SIKA,Sika Interplant Systems Ltd,/stocks/sika-interplant-systems-SIKA,Aerospace & Defense Equipments,SIKA,Smallcap,1220.699951,-2.710000038,1242285568
KIRO,Kirloskar Oil Engines Ltd,/stocks/kirloskar-oil-engines-KIRO,Industrial Machinery,KIRLOSENG,Smallcap,2230.800049,-3.900000095,1209847808
PRMR,Premier Explosives Ltd,/stocks/premier-explosives-PRMR,Commodity Chemicals,PREMEXPLN,Smallcap,782.0499878,0.479999989,1183503616
INEE,Intellect Design Arena Ltd,/stocks/intellect-design-arena-INEE,Software Services,INTELLECT,Smallcap,787,4.179999828,1162770560
BHARS,Bharat Seats Ltd,/stocks/bharat-seats-BHARS,Auto Parts,BHARATSE,Smallcap,239.7299957,-0.430000007,1153279872
TTEX,Tata Elxsi Ltd,/stocks/tata-elxsi-TTEX,Software Services,TATAELXSI,Smallcap,3678.899902,0.209999993,1143204608
SHBC,Shivalik Bimetal Controls Ltd,/stocks/shivalik-bimetal-controls-SHBC,Iron & Steel,SBCL,Smallcap,794.0499878,4.039999962,1126942720
CAMC,Computer Age Management Services Ltd,/stocks/computer-age-management-services-CAMC,Diversified Financials,CAMS,Smallcap,798.3499756,0.029999999,1123110400
BANH,Bandhan Bank Ltd,/stocks/bandhan-bank-BANH,Private Banks,BANDHANBNK,Smallcap,200.6000061,-2.190000057,1122045312
AMIO,Acutaas Chemicals Ltd,/stocks/ami-organics-AMIO,Biotechnology,ACUTAAS,Smallcap,3694.800049,0.079999998,1098879104
GRAN,Granules India Ltd,/stocks/granules-india-GRAN,Pharmaceuticals,GRANULES,Smallcap,833.7999878,0.980000019,1084670464
DENTA,Denta Water and Infra Solutions Ltd,/stocks/denta-water-and-infra-solutions-DENTA,Water Management,DENTA,Smallcap,352.8999939,6.360000134,1081099520
DIAC,Diamond Power Infrastructure Ltd,/stocks/diamond-power-infrastructure-DIAC,Electrical Components & Equipments,DIACABS,Smallcap,198.8899994,-5.420000076,1072739904
JYOTC,Jyoti CNC Automation Ltd,/stocks/jyoti-cnc-automation-JYOTC,Industrial Machinery,JYOTICNC,Smallcap,770.3499756,-1.210000038,1048499328
MCLO,Magellanic Cloud Ltd,/stocks/magellanic-cloud-MCLO,IT Services & Consulting,MCLOUD,Smallcap,31.90999985,0.540000021,1044484416
CART,Cartrade Tech Ltd,/stocks/cartrade-tech-CART,Online Services,CARTRADE,Smallcap,2699.600098,-1.549999952,1037981440
BIRS,Birlasoft Ltd,/stocks/birlasoft-BIRS,IT Services & Consulting,BSOFT,Smallcap,282.5499878,0.230000004,1007537984
ITCM,Cemindia Projects Ltd,/stocks/itd-cementation-india-ITCM,Construction & Engineering,CEMPRO,Smallcap,1449,1.230000019,1002673088
EXI,Exicom Tele-Systems Ltd,/stocks/exicom-tele-systems-EXI,Electronic Equipments,EXICOM,Smallcap,178.0099945,3.690000057,973658304
BHARC,Bharat Coking Coal Ltd,/stocks/bharat-coking-coal-BHARC,Mining - Coal,BHARATCOAL,Smallcap,39.18000031,-2.119999886,968950784
EMMV,Emmvee Photovoltaic Power Ltd,/stocks/emmvee-photovoltaic-power-EMMV,Renewable Energy Equipment & Services,EMMVEE,Smallcap,358.9500122,-0.910000026,962836800
TEJS,Tejas Networks Ltd,/stocks/tejas-networks-TEJS,Telecom Equipments,TEJASNET,Smallcap,593.5999756,-1.460000038,961356352
RRK,R R Kabel Ltd,/stocks/r-r-kabel-RRK,Cables,RRKABEL,Smallcap,2343.300049,-2.099999905,929650944
CRDE,CreditAccess Grameen Ltd,/stocks/creditaccess-grameen-CRDE,Consumer Finance,CREDITACC,Smallcap,1557.400024,0.910000026,884172992
COMS,Commercial Syn Bags Ltd,/stocks/commercial-syn-bags-COMS,Packaging,COMSYN,Smallcap,200.3099976,7.260000229,880894464
ZETE,Zen Technologies Ltd,/stocks/zen-technologies-ZETE,Electronic Equipments,ZENTEC,Smallcap,1746.699951,-1.49000001,874028608
IKS,Inventurus Knowledge Solutions Ltd,/stocks/inventurus-knowledge-solutions-IKS,Health Care Equipment & Supplies,IKS,Smallcap,1861.199951,1.289999962,839883904
AADH,Aadhar Housing Finance Ltd,/stocks/aadhar-housing-finance-AADH,Consumer Finance,AADHARHFC,Smallcap,555.5999756,3.710000038,839693184
PACED,Pace Digitek Ltd,/stocks/pace-digitek-PACED,Power Transmission & Distribution,PACEDIGITK,Smallcap,214.8000031,0.709999979,832599616
SENO,Senores Pharmaceuticals Ltd,/stocks/senores-pharmaceuticals-SENO,Pharmaceuticals,SENORES,Smallcap,1381.900024,3.400000095,827704320
DLPA,Dr. Lal PathLabs Ltd,/stocks/dr-lal-pathlabs-DLPA,Hospitals & Diagnostic Centres,LALPATHLAB,Smallcap,1645.699951,-0.280000001,817544064
SHAIL,Shaily Engineering Plastics Ltd,/stocks/shaily-engineering-plastics-SHAIL,Industrial Machinery,SHAILY,Smallcap,2901.600098,-1.320000052,812173312
MAPM,CE Info Systems Ltd,/stocks/ce-info-systems-MAPM,Software Services,MAPMYINDIA,Smallcap,938.3499756,2.619999886,802828352
CAPG,Capri Global Capital Ltd,/stocks/capri-global-capital-CAPG,Consumer Finance,CGCL,Smallcap,233.8699951,2.680000067,788097664
SHME,Shilpa Medicare Ltd,/stocks/shilpa-medicare-SHME,Pharmaceuticals,SHILPAMED,Smallcap,608.9500122,1.350000024,782078656
GRAI,Gravita India Ltd,/stocks/gravita-india-GRAI,Metals - Lead,GRAVITA,Smallcap,1724.400024,2.190000057,774823744
NBCC,NBCC (India) Ltd,/stocks/nbcc-india-NBCC,Construction & Engineering,NBCC,Smallcap,102.3600006,-0.680000007,771048512
SIBK,South Indian Bank Ltd,/stocks/south-indian-bank-SIBK,Private Banks,SOUTHBANK,Smallcap,46.09999847,1.230000019,757724416
JKBK,Jammu and Kashmir Bank Ltd,/stocks/jammu-and-kashmir-bank-JKBK,Private Banks,J&KBANK,Smallcap,165.1999969,0.300000012,749930560
HEXT,Hexaware Technologies Ltd,/stocks/hexaware-technologies-HEXT,IT Services & Consulting,HEXT,Smallcap,546.5999756,-1.539999962,745464064
KISS,OnEMI Technology Solutions Ltd,/stocks/onemi-technology-solutions-KISS,Consumer Finance,KISSHT,Smallcap,311.6000061,-1.659999967,745287680
GCS,Gretex Corporate Services Ltd,/stocks/gretex-corporate-services-GCS,Investment Banking & Brokerage,GCSL,Smallcap,490.4500122,6.610000134,729584704
FUS,Fusion Finance Ltd,/stocks/fusion-micro-finance-FUS,Consumer Finance,FUSION,Smallcap,229.3999939,6.099999905,728279296
GOLI,Goldiam International Ltd,/stocks/goldiam-international-GOLI,"Precious Metals, Jewellery & Watches",GOLDIAM,Smallcap,480.3999939,6.769999981,724209280
ONMO,Onmobile Global Ltd,/stocks/onmobile-global-ONMO,Software Services,ONMOBILE,Smallcap,80.02999878,3.029999971,718621568
SKY,Sky Gold and Diamonds Ltd,/stocks/sky-gold-SKY,"Precious Metals, Jewellery & Watches",SKYGOLD,Smallcap,560,-1.559999943,706838592
RPT,Rashi Peripherals Ltd,/stocks/rashi-peripherals-RPT,Technology Hardware,RPTECH,Smallcap,757.9500122,-4.920000076,689828672
CEAT,CEAT Ltd,/stocks/ceat-CEAT,Tires & Rubber,CEATLTD,Smallcap,3799.399902,-0.170000002,687267648
GRVL,Greaves Cotton Ltd,/stocks/greaves-cotton-GRVL,Industrial Machinery,GREAVESCOT,Smallcap,226.5700073,-1.929999948,685776320
INWN,Inox Wind Ltd,/stocks/inox-wind-INWN,Heavy Electrical Equipments,INOXWIND,Smallcap,88,-2.180000067,685414400
TIME,Time Technoplast Ltd,/stocks/time-technoplast-TIME,Plastic Products,TIMETECHNO,Smallcap,181.0399933,-1.440000057,684006528
IIFL,IIFL Finance Ltd,/stocks/iifl-finance-IIFL,Investment Banking & Brokerage,IIFL,Smallcap,519.5499878,0.159999996,679805952
TMB,Tamilnad Mercantile Bank Ltd,/stocks/tamilnad-mercantile-bank-TMB,Private Banks,TMB,Smallcap,778.6500244,4.360000134,679206336
INOXI,INOX India Ltd,/stocks/inox-india-INOXI,Industrial Machinery,INOXINDIA,Smallcap,1871,-1.889999986,678135104
KSHI,KSH International Ltd,/stocks/ksh-international-KSHI,Electrical Components & Equipments,KSHINTL,Smallcap,847.5499878,0.680000007,677120192
EMS,EMS Ltd,/stocks/ems-EMS,Construction & Engineering,EMSLIMITED,Smallcap,427.6499939,0.980000019,672439232
EENE,E2E Networks Ltd,/stocks/e2e-networks-EENE,Software Services,E2E,Smallcap,382,-1.600000024,667932160
DECN,Deccan Gold Mines Ltd,/stocks/deccan-gold-mines-DECN,Mining - Diversified,DECNGOLD,Smallcap,195.4600067,7,664704640
AER,Aeroflex Industries Ltd,/stocks/aeroflex-industries-AER,Iron & Steel,AEROFLEX,Smallcap,456.25,-4.630000114,662856576
SAGI,Sagility Ltd,/stocks/sagility-india-SAGI,Specialized Finance,SAGILITY,Smallcap,40.97999954,-0.649999976,660878720
EMI,Electronics Mart India Ltd,/stocks/electronics-mart-india-EMI,Home Electronics & Appliances,EMIL,Smallcap,140.6799927,2.75999999,656564608
SANS,Sansera Engineering Ltd,/stocks/sansera-engineering-SANS,Auto Parts,SANSERA,Smallcap,3251.5,0.980000019,653218752
KMIL,Kernex Microsystems (India) Ltd,/stocks/kernex-microsystems-india-KMIL,Software Services,KERNEX,Smallcap,2378.800049,-0.430000007,649571456
JTL,JTL Industries Ltd,/stocks/jtl-infra-JTL,Iron & Steel,JTLIND,Smallcap,82.29000092,2.700000048,643887168
TATAT,Tata Technologies Ltd,/stocks/tata-technologies-TATAT,IT Services & Consulting,TATATECH,Smallcap,715.4000244,0.419999987,640707072
MSTC,MSTC Ltd,/stocks/mstc-MSTC,Commodities Trading,MSTCLTD,Smallcap,715.7000122,2.960000038,638947584
RUCL,Rupa & Company Ltd,/stocks/rupa-and-company-RUCL,Apparel & Accessories,RUPA,Smallcap,175.5299988,4.070000172,637410112
DALB,Dalmia Bharat Ltd,/stocks/dalmia-bharat-DALB,Cement,DALBHARAT,Smallcap,1765.099976,0.980000019,635030912
ENGI,Engineers India Ltd,/stocks/engineers-india-ENGI,Construction & Engineering,ENGINERSIN,Smallcap,237.4900055,1.399999976,634285312
GDFR,Godfrey Phillips India Ltd,/stocks/godfrey-phillips-india-GDFR,FMCG - Tobacco,GODFRYPHLP,Smallcap,2170.100098,-0.059999999,631812224
WHEL,Wheels India Ltd,/stocks/wheels-india-WHEL,Auto Parts,WHEELS,Smallcap,1491.599976,-8.159999847,629220416
FIVES,Five-Star Business Finance Ltd,/stocks/five-star-business-finance-FIVES,Consumer Finance,FIVESTAR,Smallcap,550.4000244,1.200000048,628177920
BLUSP,Bluspring Enterprises Ltd,/stocks/bluspring-enterprises-BLUSP,Business Support Services,BLUSPRING,Smallcap,123.6100006,3.150000095,625658944
IOLC,IOL Chemicals and Pharmaceuticals Ltd,/stocks/iol-chemicals-and-pharmaceuticals-IOLC,Commodity Chemicals,IOLCP,Smallcap,142.9600067,-4.889999866,623836736
PATER,Patel Retail Ltd,/stocks/patel-retail-PATER,Retail - Speciality,PATELRMART,Smallcap,236.3200073,9.949999809,620040384
CNFH,Can Fin Homes Ltd,/stocks/can-fin-homes-CNFH,Home Financing,CANFINHOME,Smallcap,900.0999756,1.99000001,616007168
HEX,Hexagon Nutrition Ltd,/stocks/hexagon-nutrition-HEX,FMCG - Foods,HEXAGON,Smallcap,73.38999939,1.929999948,610824064
SGL,Standard Engineering Technology Ltd,/stocks/standard-glass-lining-technology-SGL,Specialty Chemicals,SETL,Smallcap,281.75,-4.989999771,607074112
ONE,Onesource Specialty Pharma Ltd,/stocks/onesource-specialty-pharma-ONE,Biotechnology,ONESOURCE,Smallcap,1669,-1.100000024,600538816
NAZ,Nazara Technologies Ltd,/stocks/nazara-technologies-NAZ,Theme Parks & Gaming,NAZARA,Smallcap,305.6499939,0.129999995,597158720
JAPR,Jaiprakash Power Ventures Ltd,/stocks/jaiprakash-power-ventures-JAPR,Renewable Energy,JPPOWER,Smallcap,17.79999924,-0.340000004,596924288
CNTY,Aditya Birla Real Estate Ltd,/stocks/century-textile-and-industries-CNTY,Textiles,ABREL,Smallcap,1405.599976,-1.299999952,592854016
GMDC,Gujarat Mineral Development Corporation Ltd,/stocks/gujarat-mineral-development-corporation-GMDC,Mining - Diversified,GMDCLTD,Smallcap,603.0999756,-0.939999998,591011264
STALL,Stallion India Fluorochemicals Ltd,/stocks/stallion-india-fluorochemicals-STALL,Specialty Chemicals,STALLION,Smallcap,195.7799988,5.650000095,589171904
SCI,Shipping Corporation of India Ltd,/stocks/shipping-corporation-of-india-SCI,Logistics,SCI,Smallcap,301.75,-0.589999974,584912960
BRIG,Brigade Enterprises Ltd,/stocks/brigade-enterprises-BRIG,Real Estate,BRIGADE,Smallcap,513.8499756,2.50999999,581202240
SOFT,Sonata Software Ltd,/stocks/sonata-software-SOFT,IT Services & Consulting,SONATSOFTW,Smallcap,278,1.570000052,576813632
JBMA,JBM Auto Ltd,/stocks/jbm-auto-JBMA,Auto Parts,JBMA,Smallcap,703.5499878,-1.230000019,573200832
ICNT,Indo Count Industries Ltd,/stocks/indo-count-industries-ICNT,Textiles,ICIL,Smallcap,426.5,-3.299999952,571660608
MORL,Morepen Laboratories Ltd,/stocks/morepen-laboratories-MORL,Pharmaceuticals,MOREPENLAB,Smallcap,59.06999969,-1.200000048,566284608
BEML,BEML Ltd,/stocks/beml-BEML,Rail,BEML,Smallcap,1864.699951,-0.119999997,566093568
HON,Honasa Consumer Ltd,/stocks/honasa-consumer-HON,FMCG - Personal Products,HONASA,Smallcap,461.75,-1.649999976,564727360
HCNS,Hindustan Construction Company Ltd,/stocks/hindustan-construction-company-HCNS,Construction & Engineering,HCC,Smallcap,24.82999992,-2.890000105,564382976
TTCH,Tata Chemicals Ltd,/stocks/tata-chemicals-TTCH,Diversified Chemicals,TATACHEM,Smallcap,693.0999756,0.629999995,558727936
CMRG,CMR Green Technologies Ltd,/stocks/cmr-green-technologies-CMRG,Metals - Diversified,CMRGREEN,Smallcap,243.6999969,-0.159999996,556702464
KARU,Karur Vysya Bank Ltd,/stocks/karur-vysya-bank-KARU,Private Banks,KARURVYSYA,Smallcap,291.7999878,-0.730000019,555387968
UNIE,Unicommerce eSolutions Ltd,/stocks/unicommerce-esolutions-UNIE,Software Services,UNIECOM,Smallcap,91.02999878,5.25,553197376
RATE,Rategain Travel Technologies Ltd,/stocks/rategain-travel-technologies-RATE,Software Services,RATEGAIN,Smallcap,941.0499878,-0.439999998,551771776
KFI,Kfin Technologies Ltd,/stocks/kfin-technologies-KFI,Business Support Services,KFINTECH,Smallcap,880.0499878,1.269999981,551397184
LICH,LIC Housing Finance Ltd,/stocks/lic-housing-finance-LICH,Home Financing,LICHSGFIN,Smallcap,553.7000122,0.140000001,550390848
LSIL,Lloyds Engineering Works Ltd,/stocks/lloyds-steels-industries-LSIL,Industrial Machinery,LLOYDSENGG,Smallcap,83.94000244,0.800000012,539548864
LTEH,L&T Technology Services Ltd,/stocks/landt-technology-services-LTEH,Software Services,LTTS,Smallcap,3206.199951,1.24000001,539374080
JMSH,JM Financial Ltd,/stocks/jm-financial-JMSH,Investment Banking & Brokerage,JMFINANCIL,Smallcap,130.6600037,1.080000043,538381824
EDEL,Edelweiss Financial Services Ltd,/stocks/edelweiss-financial-services-EDEL,Diversified Financials,EDELWEISS,Smallcap,124.3300018,0.360000014,537901696
KME,Knowledge Marine & Engineering Works Ltd,/stocks/knowledge-marine-and-engineering-works-KME,Dredging,KMEW,Smallcap,2256.5,-1.149999976,530051168
IIAB,Indiabulls Ltd,/stocks/indiabulls-integrated-services-IIAB,Retail - Online,IBULLSLTD,Smallcap,29.29999924,4.909999847,530048800
ADIA,Aditya Birla Fashion and Retail Ltd,/stocks/aditya-birla-fashion-and-retail-ADIA,Retail - Apparel,ABFRL,Smallcap,62.47000122,0.949999988,528109728
JAINR,Jain Resource Recycling Ltd,/stocks/jain-resource-recycling-JAINR,Metals - Diversified,JAINREC,Smallcap,364.2999878,1.720000029,523769152
AMAR,Amara Raja Energy & Mobility Ltd,/stocks/amara-raja-batteries-AMAR,Batteries,ARE&M,Smallcap,855.1500244,-0.879999995,520557376
PLMD,Poly Medicure Ltd,/stocks/poly-medicure-PLMD,Health Care Equipment & Supplies,POLYMED,Smallcap,1677.800049,-3.150000095,518374528
JKIN,JK Tyre & Industries Ltd,/stocks/jk-tyre-and-industries-JKIN,Tires & Rubber,JKTYRE,Smallcap,412.5499878,-0.949999988,508423808
KRBR,Kirloskar Brothers Ltd,/stocks/kirloskar-brothers-KRBR,Industrial Machinery,KIRLOSBROS,Smallcap,1852.5,-3.420000076,507848160
WLSP,Welspun Living Ltd,/stocks/welspun-india-WLSP,Textiles,WELSPUNLIV,Smallcap,170.9299927,2.460000038,507803616
PGEL,PG Electroplast Ltd,/stocks/pg-electroplast-PGEL,Electronic Equipments,PGEL,Smallcap,562.5,0.25,507261216
JUBI,Jubilant Foodworks Ltd,/stocks/jubilant-foodworks-JUBI,Restaurants & Cafes,JUBLFOOD,Smallcap,429.6000061,-0.460000008,502037088
CRAF,Craftsman Automation Ltd,/stocks/craftsman-automation-CRAF,Industrial Machinery,CRAFTSMAN,Smallcap,9119,-1.690000057,501764704
PARKO,Park Medi World Ltd,/stocks/park-medi-world-PARKO,Hospitals & Diagnostic Centres,PARKHOSPS,Smallcap,294.7999878,2.380000114,499389408
PICC,Piccadily Agro Industries Ltd,/stocks/piccadily-agro-industries-PICC,Sugar,PICCADIL,Smallcap,647.3499756,3.710000038,498925696
IFGL,IFGL Refractories Ltd,/stocks/ifgl-refractories-IFGL,Industrial Machinery,IFGLEXPOR,Smallcap,221.4600067,5.989999771,493776000
PRCO,Pricol Ltd,/stocks/pricol-PRCO,Auto Parts,PRICOLLTD,Smallcap,621.7000122,0.219999999,481369696
APLO,Apollo Tyres Ltd,/stocks/apollo-tyres-APLO,Tires & Rubber,APOLLOTYRE,Smallcap,448.5,-1.769999981,480002976
PON,Pondy Oxides and Chemicals Ltd,/stocks/pondy-oxides-and-chemicals-PON,Commodity Chemicals,POCL,Smallcap,1420.400024,2.190000057,479903680
HBLS,HBL Engineering Ltd,/stocks/hbl-power-systems-HBLS,Batteries,HBLENGINE,Smallcap,816.9500122,-0.829999983,478047968
VIKRM,Vikram Solar Ltd,/stocks/vikram-solar-VIKRM,Renewable Energy Equipment & Services,VIKRAMSOLR,Smallcap,188.8699951,-1.610000014,477520320
KIMS,Krishna Institute of Medical Sciences Ltd,/stocks/krishna-institute-of-medical-sciences-KIMS,Hospitals & Diagnostic Centres,KIMS,Smallcap,850.6500244,1.519999981,477112352
RITS,RITES Ltd,/stocks/rites-RITS,Business Support Services,RITES,Smallcap,218.1699982,-3.00999999,473560352
RAID,Rain Industries Ltd,/stocks/rain-industries-RAID,Commodity Chemicals,RAIN,Smallcap,187.7400055,-0.589999974,466870496
ACMES,ACME Solar Holdings Ltd,/stocks/acme-solar-holdings-ACMES,Renewable Energy,ACMESOLAR,Smallcap,383.25,-2.539999962,464838176
USBL,Usha Martin Ltd,/stocks/usha-martin-USBL,Iron & Steel,USHAMART,Smallcap,514.0999756,2.329999924,463013120
ACC,ACC Ltd,/stocks/acc-ACC,Cement,ACC,Smallcap,1393.800049,3.190000057,460731840
STEN,Sterling and Wilson Renewable Energy Ltd,/stocks/sterling-and-wilson-solar-STEN,Renewable Energy Equipment & Services,SWSOLAR,Smallcap,246.8999939,-0.029999999,460612608
AET,Aether Industries Ltd,/stocks/aether-industries-AET,Specialty Chemicals,AETHER,Smallcap,1359.599976,-0.930000007,460238976
AFC,AFCOM Holdings Ltd,/stocks/afcom-holdings-AFC,Airlines,AFCOM,Smallcap,1370,6.78000021,459849376
DPFE,Deepak Fertilisers and Petrochemicals Corp Ltd,/stocks/deepak-fertilisers-and-petrochemicals-corp-DPFE,Fertilizers & Agro Chemicals,DEEPAKFERT,Smallcap,1649.300049,-0.899999976,458173056
WESL,Websol Energy System Ltd,/stocks/websol-energy-system-WESL,Renewable Energy Equipment & Services,WEBELSOLAR,Smallcap,106.8099976,0.839999974,456929824
SYNN,Syngene International Ltd,/stocks/syngene-international-SYNN,Labs & Life Sciences Services,SYNGENE,Smallcap,440,0.02,455421568
SEQU,Viyash Scientific Ltd,/stocks/sequent-scientific-SEQU,Pharmaceuticals,VIYASH,Smallcap,294.1499939,0.579999983,455386176
FNXC,Finolex Cables Ltd,/stocks/finolex-cables-FNXC,Cables,FINCABLES,Smallcap,1100.099976,-2.630000114,451332288
ITSL,Indo Thai Securities Ltd,/stocks/indo-thai-securities-ITSL,Investment Banking & Brokerage,INDOTHAI,Smallcap,253.3800049,1.99000001,450933792
FISO,Firstsource Solutions Ltd,/stocks/firstsource-solutions-FISO,Outsourced services,FSL,Smallcap,240.3300018,0.660000026,450345248
KECL,KEC International Ltd,/stocks/kec-international-KECL,Construction & Engineering,KEC,Smallcap,511,-0.829999983,449567520
MALO,Mahindra Logistics Ltd,/stocks/mahindra-logistics-MALO,Logistics,MAHLOG,Smallcap,394.6000061,2.119999886,447082976
REDI,Redington Ltd,/stocks/redington-india-REDI,Technology Hardware,REDINGTON,Smallcap,275,-1.5,445589216
AVAL,Avalon Technologies Ltd,/stocks/avalon-technologies-AVAL,Electronic Equipments,AVALON,Smallcap,1788.300049,-0.629999995,444451360
GARWR,Garware Hi-Tech Films Ltd,/stocks/garware-polyester-GARWR,Commodity Chemicals,GRWRHITECH,Smallcap,6875,-0.860000014,434533952
SED,SEDEMAC Mechatronics Ltd,/stocks/sedemac-mechatronics-SED,Auto Parts,SEDEMAC,Smallcap,2865.199951,1.399999976,434457696
MSU,Motherson Sumi Wiring India Ltd,/stocks/motherson-sumi-wiring-india-MSU,Cables,MSUMI,Smallcap,41.29999924,-0.409999996,433119616
RUBI,Rubicon Research Ltd,/stocks/rubicon-research-RUBI,Pharmaceuticals,RUBICON,Smallcap,1307,-4.889999866,432954176
SKIP,Skipper Ltd,/stocks/skipper-SKIP,Power Infrastructure,SKIPPER,Smallcap,574.9500122,1.570000052,427587232
BUTT,Butterfly Gandhimathi Appliances Ltd,/stocks/butterfly-gandhimathi-appliances-BUTT,Home Electronics & Appliances,BUTTERFLY,Smallcap,712.7000122,9.109999657,427506208
PTC,PTC Industries Ltd,/stocks/ptc-industries-PTC,Iron & Steel,PTCIL,Smallcap,17763,1.580000043,427097248
SPAD,Spandana Sphoorty Financial Ltd,/stocks/spandana-sphoorty-financial-SPAD,Consumer Finance,SPANDANA,Smallcap,301.7999878,6.380000114,426210368
IRE,Indian Renewable Energy Development Agency Ltd,/stocks/indian-renewable-energy-development-agency-IRE,Specialized Finance,IREDA,Smallcap,128.4900055,-0.07,425923040
OMNO,Omnitech Engineering Ltd,/stocks/omnitech-engineering-OMNO,Industrial Machinery,OMNI,Smallcap,508.6499939,-5,423171072
KWI,Kwality Wall's (India) Ltd,/stocks/kwality-walls-india-KWI,FMCG - Foods,KWIL,Smallcap,33.93999863,-0.090000004,420769760
NACL,NACL Industries Ltd,/stocks/nacl-industries-NACL,Fertilizers & Agro Chemicals,NACLIND,Smallcap,218.3999939,1.710000038,420756576
ZYDS,Zydus Wellness Ltd,/stocks/zydus-wellness-ZYDS,FMCG - Foods,ZYDUSWELL,Smallcap,598.2999878,0.649999976,420131392
KBNK,Karnataka Bank Ltd,/stocks/karnataka-bank-KBNK,Private Banks,KTKBANK,Smallcap,263.3999939,-1.549999952,419905632
BLUS,Blue Star Ltd,/stocks/blue-star-BLUS,Home Electronics & Appliances,BLUESTARCO,Smallcap,1583.199951,-0.99000001,417518560
AGCN,Black Box Ltd,/stocks/agc-networks-AGCN,Software Services,BBOX,Smallcap,994.9500122,0.649999976,416407296
CBI,Central Bank of India Ltd,/stocks/central-bank-of-india-CBI,Public Banks,CENTRALBK,Smallcap,32.79999924,0.769999981,415803936
SHYAE,Shyam Metalics and Energy Ltd,/stocks/shyam-metalics-and-energy-SHYAE,Iron & Steel,SHYAMMETL,Smallcap,955.0999756,-0.75,411790432
SBC,SBC Exports Ltd,/stocks/sbc-exports-SBC,Apparel & Accessories,SBC,Smallcap,42.13999939,0.07,408694752
YAT,Yatharth Hospital & Trauma Care Services Ltd,/stocks/yatharth-hospital-and-trauma-care-services-YAT,Hospitals & Diagnostic Centres,YATHARTH,Smallcap,865.5499878,0.340000004,407533888
TREI,Triveni Engineering and Industries Ltd,/stocks/triveni-engineering-and-industries-TREI,Sugar,TRIVENI,Smallcap,458.6499939,-2.059999943,407322560
EMAM,Emami Ltd,/stocks/emami-EMAM,FMCG - Personal Products,EMAMILTD,Smallcap,420.0499878,0.769999981,403708544
RISHA,Rishabh Instruments Ltd,/stocks/rishabh-instruments-RISHA,Electrical Components & Equipments,RISHABH,Smallcap,649.4500122,0.569999993,402291072
VOTL,Voltamp Transformers Ltd,/stocks/voltamp-transformers-VOTL,Heavy Electrical Equipments,VOLTAMP,Smallcap,9702,-1.570000052,400680544
IGLY,India Glycols Ltd,/stocks/india-glycols-IGLY,Commodity Chemicals,INDIAGLYCO,Smallcap,1075.75,0.039999999,396655104
GDPI,Godawari Power and Ispat Ltd,/stocks/godawari-power-and-ispat-GDPI,Iron & Steel,GPIL,Smallcap,254.5,-0.99000001,396642272
NSD,National Securities Depository Ltd,/stocks/national-securities-depository-NSD,Stock Exchanges & Ratings,NSDL,Smallcap,856.0999756,0.330000013,393779680
TITW,Titagarh Rail Systems Ltd,/stocks/titagarh-wagons-TITW,Rail,TITAGARH,Smallcap,877.25,-0.720000029,390495680
RYMD,Raymond Ltd,/stocks/raymond-RYMD,Apparel & Accessories,RAYMOND,Smallcap,607.9000244,2.970000029,388850496
SHPU,Shakti Pumps (India) Ltd,/stocks/shakti-pumps-india-SHPU,Industrial Machinery,SHAKTIPUMP,Smallcap,574.0999756,-0.059999999,388495296
AFFL,Affle 3i Ltd,/stocks/affle-india-AFFL,Advertising,AFFLE,Smallcap,1464.599976,0.439999998,387920384
QUADF,Quadrant Future Tek Ltd,/stocks/quadrant-future-tek-QUADF,Communication & Networking,QUADFUTURE,Smallcap,469.7999878,3.380000114,387267392
CEBB,Jupiter Wagons Ltd,/stocks/commercial-engineers-and-body-builders-co-CEBB,Rail,JWL,Smallcap,262.2999878,-1.559999943,385624928
TRVT,Triveni Turbine Ltd,/stocks/triveni-turbine-TRVT,Heavy Electrical Equipments,TRITURBINE,Smallcap,657.9000244,-1.039999962,385213536
BORO,Borosil Renewables Ltd,/stocks/borosil-renewables-BORO,Housewares,BORORENEW,Smallcap,621.7000122,-0.119999997,376114016
SPAP,S.P.Apparels Ltd,/stocks/s-p-apparels-SPAP,Apparel & Accessories,SPAL,Smallcap,1118.599976,1.24000001,372844928
AMIR,Amir Chand Jagdish Kumar (Exports) Ltd,/stocks/amir-chand-jagdish-kumar-exports-AMIR,FMCG - Foods,AMIRCHAND,Smallcap,162.1499939,9.949999809,371864512
GABR,Gabriel India Ltd,/stocks/gabriel-india-GABR,Auto Parts,GABRIEL,Smallcap,1231.800049,-0.829999983,370487392
SAILI,Sai Life Sciences Ltd,/stocks/sai-life-sciences-SAILI,Biotechnology,SAILIFE,Smallcap,1257.300049,1.559999943,367540128
PHIL,PCBL Chemical Ltd,/stocks/phillips-carbon-black-PHIL,Commodity Chemicals,PCBL,Smallcap,321.1499939,0.860000014,366715808
CHPC,Chennai Petroleum Corporation Ltd,/stocks/chennai-petroleum-corporation-CHPC,Oil & Gas - Refining & Marketing,CHENNPETRO,Smallcap,1125.800049,-0.730000019,365743104
DSHM,Dishman Carbogen Amcis Ltd,/stocks/dishman-carbogen-amcis-DSHM,Labs & Life Sciences Services,DCAL,Smallcap,196.5399933,4.679999828,363097824
SHREG,Shreeji Shipping Global Ltd,/stocks/shreeji-shipping-global-SHREG,Logistics,SHREEJISPG,Smallcap,520.7999878,1.139999986,362654304
SOBH,Sobha Ltd,/stocks/sobha-SOBH,Real Estate,SOBHA,Smallcap,1442.900024,0.579999983,360021664
FRAC,Fractal Analytics Ltd,/stocks/fractal-analytics-FRAC,IT Services & Consulting,FRACTAL,Smallcap,881.2000122,-1.789999962,358636960
BAMN,Balaji Amines Ltd,/stocks/balaji-amines-BAMN,Specialty Chemicals,BALAMINES,Smallcap,2194.199951,-1.659999967,357968128
FIRS,Brainbees Solutions Ltd,/stocks/brainbees-solutions-FIRS,Retail - Apparel,FIRSTCRY,Smallcap,219.2599945,-3.109999895,355514016
IFIB,Avenuesai Ltd,/stocks/infibeam-avenues-IFIB,Payment Infrastructure,CCAVENUE,Smallcap,17.07999992,-1.669999957,352388160
BNCO,Banco Products (India) Ltd,/stocks/banco-products-india-BNCO,Auto Parts,BANCOINDIA,Smallcap,689.0999756,1.379999995,350187904
SPAC,Vintage Coffee and Beverages Ltd,/stocks/spaceage-products-SPAC,Tea & Coffee,VINCOFE,Smallcap,154.2700043,-1.769999981,350035680
SHRIM,Shringar House of Mangalsutra Ltd,/stocks/shringar-house-of-mangalsutra-SHRIM,"Precious Metals, Jewellery & Watches",SHRINGARMS,Smallcap,231.3600006,1.590000033,349886496
SEI,Shanti Educational Initiatives Ltd,/stocks/shanti-educational-initiatives-SEI,Education Services,SEIL,Smallcap,234.0800018,6.869999886,348007200
IHME,Indian Hume Pipe Company Ltd,/stocks/indian-hume-pipe-company-IHME,Water Management,INDIANHUME,Smallcap,348.25,3.910000086,346816000
MARK,Marksans Pharma Ltd,/stocks/marksans-pharma-MARK,Pharmaceuticals,MARKSANS,Smallcap,264.4500122,-1.029999971,345858784
ESSL,EPL Ltd,/stocks/epl-ESSL,Packaging,EPL,Smallcap,237.1699982,2.730000019,344131008
AMRN,ADF Foods Ltd,/stocks/adf-foods-AMRN,Packaged Foods & Meats,ADFFOODS,Smallcap,320.3999939,1.039999962,343159040
JAYN,Jayaswal Neco Industries Ltd,/stocks/jayaswal-neco-industries-JAYN,Iron & Steel,JAYNECOIND,Smallcap,90.98999786,0.74000001,342856832
GLST,Goodluck India Ltd,/stocks/goodluck-india-GLST,Iron & Steel,GOODLUCK,Smallcap,1490.199951,-0.029999999,342221056
ISLB,IND Swift Laboratories Ltd,/stocks/ind-swift-laboratories-ISLB,Pharmaceuticals,INDSWFTLAB,Smallcap,214.1600037,3.849999905,341067520
VART,Vardhman Textiles Ltd,/stocks/vardhman-textiles-VART,Textiles,VTL,Smallcap,666.25,1.309999943,340524192
SUDE,Sudeep Pharma Ltd,/stocks/sudeep-pharma-SUDE,Pharmaceuticals,SUDEEPPHRM,Smallcap,868.0499878,1.269999981,340214912
GESC,Great Eastern Shipping Company Ltd,/stocks/great-eastern-shipping-company-GESC,Oil & Gas - Storage & Transportation,GESHIP,Smallcap,1440.400024,1.299999952,340088768
GEPO,Ge Power India Ltd,/stocks/ge-power-india-GEPO,Construction & Engineering,GVPIL,Smallcap,873.75,-5,338344000
THEE,New India Assurance Company Ltd,/stocks/new-india-assurance-company-THEE,Insurance,NIACL,Smallcap,185.8200073,-0.99000001,336938720
KAJR,Kajaria Ceramics Ltd,/stocks/kajaria-ceramics-KAJR,Building Products - Ceramics,KAJARIACER,Smallcap,1202.300049,-0.140000001,335089568
ARVN,Arvind Ltd,/stocks/arvind-ARVN,Apparel & Accessories,ARVIND,Smallcap,569.0499878,0.180000007,333944224
JSLL,Jeena Sikho Lifecare Ltd,/stocks/jeena-sikho-lifecare-JSLL,Pharmaceuticals,JSLL,Smallcap,576.0499878,0.289999992,333118848
CLEA,Clean Max Enviro Energy Solutions Ltd,/stocks/clean-max-enviro-energy-solutions-CLEA,Renewable Energy,CLEANMAX,Smallcap,1256.699951,-6.360000134,332287904
EASE,Easy Trip Planners Ltd,/stocks/easy-trip-planners-EASE,Tour & Travel Services,EASEMYTRIP,Smallcap,7,-2.910000086,332123840
DCX,DCX Systems Ltd,/stocks/dcx-systems-DCX,Cables,DCXINDIA,Smallcap,204.8800049,0.660000026,331417472
CHMB,Chambal Fertilisers and Chemicals Ltd,/stocks/chambal-fertilisers-and-chemicals-CHMB,Fertilizers & Agro Chemicals,CHAMBLFERT,Smallcap,481.5499878,0.939999998,331285664
IGAS,Indraprastha Gas Ltd,/stocks/indraprastha-gas-IGAS,Gas Distribution,IGL,Smallcap,153.9900055,-1.159999967,330936000
CONF,Confidence Petroleum India Ltd,/stocks/confidence-petroleum-india-CONF,Oil & Gas - Storage & Transportation,CONFIPET,Smallcap,74.16999817,-4.199999809,330196992
SHADO,Shadowfax Technologies Ltd,/stocks/shadowfax-technologies-SHADO,Logistics,SHADOWFAX,Smallcap,225.4499969,-2.180000067,327637568
RSYS,R Systems International Ltd,/stocks/r-systems-international-RSYS,IT Services & Consulting,RSYSTEMS,Smallcap,220.1600037,-3.940000057,327496544
HAPP,Happiest Minds Technologies Ltd,/stocks/happiest-minds-technologies-HAPP,IT Services & Consulting,HAPPSTMNDS,Smallcap,350.0499878,-0.540000021,327194112
SAEM,Sarda Energy & Minerals Ltd,/stocks/sarda-energy-and-minerals-SAEM,Iron & Steel,SARDAEN,Smallcap,508,1.50999999,325156832
FABT,Fabtech Technologies Ltd,/stocks/fabtech-technologies-FABT,Pharmaceuticals,FABTECH,Smallcap,166.1100006,2.75999999,324031584
CSFL,Cosmo First Ltd,/stocks/cosmo-films-CSFL,Packaging,COSMOFIRST,Smallcap,853.0999756,6.070000172,323714560
BLIS,Bliss GVS Pharma Ltd,/stocks/bliss-gvs-pharma-BLIS,Pharmaceuticals,BLISSGVS,Smallcap,505.9500122,-4.010000229,322051104
CTBK,City Union Bank Ltd,/stocks/city-union-bank-CTBK,Private Banks,CUB,Smallcap,216.7599945,-0.479999989,321602208
EUROP,Euro Pratik Sales Ltd,/stocks/euro-pratik-sales-EUROP,Building Products - Laminates,EUROPRATIK,Smallcap,306.25,1.190000057,320896224
CAPL,Caplin Point Laboratories Ltd,/stocks/caplin-point-laboratories-CAPL,Pharmaceuticals,CAPLIPOINT,Smallcap,2538.100098,,317729536
MRPL,Mangalore Refinery and Petrochemicals Ltd,/stocks/mangalore-refinery-and-petrochemicals-MRPL,Oil & Gas - Refining & Marketing,MRPL,Smallcap,150.1900024,0.129999995,315713088
KGK,Kirloskar Pneumatic Company Ltd,/stocks/kirloskar-pneumatic-company-KGK,Industrial Machinery,KIRLPNU,Smallcap,1825.900024,-2.019999981,312751584
ARS,Anand Rathi Share and Stock Brokers Ltd,/stocks/anand-rathi-share-and-stock-brokers-ARS,Investment Banking & Brokerage,ARSSBL,Smallcap,562.7000122,-1.070000052,310902048
FINE,Fineotex Chemical Ltd,/stocks/fineotex-chemical-FINE,Specialty Chemicals,FCL,Smallcap,39.11999893,-1.929999948,310876512
EBG,GNG Electronics Ltd,/stocks/gng-electronics-EBG,Electronic Equipments,EBGNG,Smallcap,641.1500244,-4.989999771,310163328
ABS,Aditya Birla Sun Life AMC Ltd,/stocks/aditya-birla-sun-life-amc-ABS,Asset Management,ABSLAMC,Smallcap,1178.400024,-1.080000043,309200448
UTI,UTI Asset Management Company Ltd,/stocks/uti-asset-management-company-UTI,Asset Management,UTIAMC,Smallcap,976.3499756,3.329999924,308664448
TENN,Tenneco Clean Air India Ltd,/stocks/tenneco-clean-air-india-TENN,Auto Parts,TENNIND,Smallcap,607,0.180000007,306183680
JIND,Jindal SAW Ltd,/stocks/jindal-saw-JIND,Building Products - Pipes,JINDALSAW,Smallcap,260.9500122,-0.74000001,304814112
VREL,V2 Retail Ltd,/stocks/v2-retail-VREL,Retail - Apparel,V2RETAIL,Smallcap,230.3699951,0.25,302434048
LEMO,Lemon Tree Hotels Ltd,/stocks/lemon-tree-hotels-LEMO,"Hotels, Resorts & Cruise Lines",LEMONTREE,Smallcap,118.9499969,-0.029999999,302301728
AXIT,Axiscades Technologies Ltd,/stocks/axiscades-technologies-AXIT,Construction & Engineering,AXISCADES,Smallcap,1648.800049,-1.889999986,300364736
ARTI,Aarti Industries Ltd,/stocks/aarti-industries-ARTI,Specialty Chemicals,AARTIIND,Smallcap,487.7000122,1.169999957,295672160
IIAN,Indian Energy Exchange Ltd,/stocks/indian-energy-exchange-IIAN,Power Trading & Consultancy,IEX,Smallcap,123.9400024,0.360000014,295070976
MANCR,Mangal Credit and Fincorp Ltd,/stocks/mangal-credit-and-fincorp-MANCR,Consumer Finance,MANCREDIT,Smallcap,245.3300018,3.829999924,295014112
SHCR,Sharda Cropchem Ltd,/stocks/sharda-cropchem-SHCR,Fertilizers & Agro Chemicals,SHARDACROP,Smallcap,910.6500244,2.230000019,294490912
ION,Ion Exchange (India) Ltd,/stocks/ion-exchange-india-ION,Environmental Services,IONEXCHANG,Smallcap,418.3500061,0.349999994,290700160
HAR,Hardwyn India Ltd,/stocks/hardwyn-india-HAR,Building Products - Glass,HARDWYN,Smallcap,24.75,1.309999943,290244192
KRISN,Krishna Defence & Allied Industries Ltd,/stocks/krishna-defence-and-allied-industries-KRISN,Industrial Machinery,KRISHNADEF,Smallcap,1253.199951,3.25,287216800
VSTI,VST Industries Ltd,/stocks/vst-industries-VSTI,FMCG - Tobacco,VSTIND,Smallcap,268.3999939,2.440000057,286717920
JMNA,Jamna Auto Industries Ltd,/stocks/jamna-auto-industries-JMNA,Auto Parts,JAMNAAUTO,Smallcap,138.75,-0.50999999,285406144
NEWG,Newgen Software Technologies Ltd,/stocks/newgen-software-technologies-NEWG,Software Services,NEWGEN,Smallcap,481.8999939,0.209999993,283509024
GOKL,Gokaldas Exports Ltd,/stocks/gokaldas-exports-GOKL,Apparel & Accessories,GOKEX,Smallcap,858.9000244,-2.049999952,283185600
HEMI,Hemisphere Properties India Ltd,/stocks/hemisphere-properties-india-HEMI,Real Estate,HEMIPROP,Smallcap,142.9400024,2.029999971,281949120
PVRL,PVR INOX Ltd,/stocks/pvr-PVRL,Theatres,PVRINOX,Smallcap,1001.25,1.610000014,277131072
SURR,Surya Roshni Ltd,/stocks/surya-roshni-SURR,Iron & Steel,SURYAROSNI,Smallcap,263.2999878,2.190000057,275563008
STARH,Star Health and Allied Insurance Company Ltd,/stocks/star-health-and-allied-insurance-company-STARH,Insurance,STARHEALTH,Smallcap,580.2999878,-1.389999986,275197696
AMAN,EFC (I) Ltd,/stocks/amani-trading-and-exports-AMAN,Real Estate,EFCIL,Smallcap,204.6999969,5.949999809,274576960
POMP,Power Mech Projects Ltd,/stocks/power-mech-projects-POMP,Construction & Engineering,POWERMECH,Smallcap,2631.300049,-3.950000048,274369440
BLSN,Bls International Services Ltd,/stocks/bls-international-services-BLSN,Outsourced services,BLS,Smallcap,253.6000061,0.360000014,272524960
NBEA,NRB Bearings Ltd,/stocks/nrb-bearings-NBEA,Industrial Machinery,NRBBEARING,Smallcap,423.1499939,-3.349999905,272167808
DIVG,Divgi TorqTransfer Systems Ltd,/stocks/divgi-torqtransfer-systems-DIVG,Industrial Machinery,DIVGIITTS,Smallcap,1021.5,4.150000095,271276640
ABD,Allied Blenders and Distillers Ltd,/stocks/allied-blenders-and-distillers-ABD,Alcoholic Beverages,ABDL,Smallcap,655.1500244,-2.650000095,270808160
HITC,Hi-Tech Pipes Ltd,/stocks/hi-tech-pipes-HITC,Building Products - Pipes,HITECH,Smallcap,89.44000244,4.010000229,270157088
RSTC,Rashtriya Chemicals and Fertilizers Ltd,/stocks/rashtriya-chemicals-and-fertilizers-RSTC,Fertilizers & Agro Chemicals,RCF,Smallcap,132.9799957,0.189999998,268797792
IGTR,IndiGrid Infrastructure Trust,/stocks/india-grid-trust-IGTR,Power Transmission & Distribution,INDIGRID,Smallcap,178.9299927,-0.370000005,268078992
EPAC,EPack Prefab Technologies Ltd,/stocks/epack-prefab-technologies-EPAC,Building Products - Prefab Structures,EPACKPEB,Smallcap,260.3699951,0.829999983,268071984
POW,Powerica Ltd,/stocks/powerica-POW,Power Generation,POWERICA,Smallcap,567.2999878,-5,268071776
FLTX,Filatex India Ltd,/stocks/filatex-india-FLTX,Textiles,FILATEX,Smallcap,55.95000076,6.730000019,265021696
DCWL,DCW Ltd,/stocks/dcw-DCWL,Commodity Chemicals,DCW,Smallcap,50.40999985,5.389999866,264470512
SNTL,Sandhar Technologies Ltd,/stocks/sandhar-technologies-SNTL,Auto Parts,SANDHAR,Smallcap,699.3499756,-3.829999924,264131952
SAKA,Sakar Healthcare Ltd,/stocks/sakar-healthcare-SAKA,Pharmaceuticals,SAKAR,Smallcap,848.7999878,1.75,263307312
PGIN,Powergrid Infrastructure Investment Trust,/stocks/powergrid-infrastructure-investment-trust-PGIN,Power Transmission & Distribution,PGINVIT,Smallcap,94.01000214,0.119999997,261637216
SIN,Sindhu Trade Links Ltd,/stocks/sindhu-trade-links-SIN,Logistics,SINDHUTRAD,Smallcap,27.65999985,5.650000095,260111072
MGLC,Mangalam Cement Ltd,/stocks/mangalam-cement-MGLC,Cement,MANGLMCEM,Smallcap,926.4000244,2.809999943,257712416
QUEC,Quess Corp Ltd,/stocks/quess-corp-QUEC,Employment Services,QUESS,Smallcap,290.8500061,2.569999933,256169440
QPO,Quality Power Electrical Equipments Ltd,/stocks/quality-power-electrical-equipments-QPO,Power Trading & Consultancy,QPOWER,Smallcap,1132.099976,-3.880000114,253677792
AGI,AGI Infra Ltd,/stocks/agi-infra-AGI,Real Estate,AGIIL,Smallcap,354.0499878,-0.980000019,250287440
BLUEJ,Blue Jet Healthcare Ltd,/stocks/blue-jet-healthcare-BLUEJ,Pharmaceuticals,BLUEJET,Smallcap,556,-2.150000095,250190240
APTU,Aptus Value Housing Finance India Ltd,/stocks/aptus-value-housing-finance-india-APTU,Home Financing,APTUS,Smallcap,287.8500061,-0.379999995,249633376
SDCH,Sudarshan Chemical Industries Ltd,/stocks/sudarshan-chemical-industries-SDCH,Diversified Chemicals,SUDARSCHEM,Smallcap,910.3499756,1.519999981,249118240
IXI,Le Travenues Technology Ltd,/stocks/le-travenues-technology-IXI,Online Services,IXIGO,Smallcap,222.2299957,2.380000114,248251904
CRSL,CRISIL Ltd,/stocks/crisil-CRSL,Stock Exchanges & Ratings,CRISIL,Smallcap,4017.199951,-1.580000043,247983536
TIM,Timex Group India Ltd,/stocks/timex-group-india-TIM,"Precious Metals, Jewellery & Watches",TIMEX,Smallcap,524.4500122,-0.860000014,247628448
NSLN,NMDC Steel Ltd,/stocks/nmdc-steel-NSLN,Iron & Steel,NSLNISP,Smallcap,44.45999908,1.210000038,246916544
CYIE,Cyient Ltd,/stocks/cyient-CYIE,Software Services,CYIENT,Smallcap,890.3499756,1.24000001,246311376
AVA,Avantel Ltd,/stocks/avantel-AVA,Communication & Networking,AVANTEL,Smallcap,177.9799957,-1.220000029,245703568
GNFC,Gujarat Narmada Valley Fertilizers & Chemicals Ltd,/stocks/gujarat-narmada-valley-fertilizers-and-chemicals-GNFC,Fertilizers & Agro Chemicals,GNFC,Smallcap,529.2000122,-0.930000007,245426800
JSWC,JSW Cement Ltd,/stocks/jsw-cement-JSWC,Cement,JSWCEMENT,Smallcap,136.5700073,0.239999995,245284992
ESCO,Escorts Kubota Ltd,/stocks/escorts-ESCO,Tractors,ESCORTS,Smallcap,2964.899902,0.529999971,244359456
YASHH,Yash Highvoltage Ltd,/stocks/yash-highvoltage-YASHH,Electrical Components & Equipments,YASHHV,Smallcap,822.75,-5.880000114,243672496
TURT,Turtlemint Fintech Solutions Ltd,/stocks/turtlemint-fintech-solutions-TURT,Business Support Services,TURTLEMINT,Smallcap,138.6199951,-0.430000007,243577728
MUT,Muthoot Microfin Ltd,/stocks/muthoot-microfin-MUT,Specialized Finance,MUTHOOTMF,Smallcap,221.4700012,2.390000105,243040032
CROP,Crompton Greaves Consumer Electricals Ltd,/stocks/crompton-greaves-consumer-electricals-CROP,Home Electronics & Appliances,CROMPTON,Smallcap,270.7999878,-1.220000029,241901888
SKME,SKM Egg Products Export India Ltd,/stocks/skm-egg-products-export-india-SKME,Packaged Foods & Meats,SKMEGGPROD,Smallcap,314.6000061,0.400000006,239936768
MEDA,Global Health Ltd,/stocks/global-health-MEDA,Hospitals & Diagnostic Centres,MEDANTA,Smallcap,1350.699951,0.400000006,239571360
WEW,WeWork India Management Ltd,/stocks/wework-india-management-WEW,Real Estate,WEWORK,Smallcap,739.6500244,-0.340000004,238086896
ANUR,Anupam Rasayan India Ltd,/stocks/anupam-rasayan-india-ANUR,Specialty Chemicals,ANURAS,Smallcap,1269.900024,-0.300000012,237917568
WALC,Walchandnagar Industries Ltd,/stocks/walchandnagar-industries-WALC,Industrial Machinery,WALCHANNAG,Smallcap,243.5500031,-1.299999952,237834000
CSBB,CSB Bank Ltd,/stocks/csb-bank-CSBB,Private Banks,CSBBANK,Smallcap,352.2000122,0.200000003,237538032
ADEN,Advanced Enzyme Technologies Ltd,/stocks/advanced-enzyme-technologies-ADEN,Specialty Chemicals,ADVENZYMES,Smallcap,317.6000061,1.320000052,236502016
SHRG,Lloyds Enterprises Ltd,/stocks/shree-global-tradefin-SHRG,Iron & Steel,LLOYDSENT,Smallcap,75.34999847,2.25,236268544
SMLI,SML Mahindra Ltd,/stocks/sml-isuzu-SMLI,Trucks & Buses,SMLMAH,Smallcap,3957.600098,-1.220000029,234763632
JUB,Jubilant Ingrevia Ltd,/stocks/jubilant-ingrevia-JUB,Specialty Chemicals,JUBLINGREA,Smallcap,678.9500122,1.210000038,234017776
AVNT,Avanti Feeds Ltd,/stocks/avanti-feeds-AVNT,Packaged Foods & Meats,AVANTIFEED,Smallcap,955.5999756,0.870000005,234003824
SPRC,Sun Pharma Advanced Research Co Ltd,/stocks/sun-pharma-advanced-research-co-SPRC,Pharmaceuticals,SPARC,Smallcap,239.3699951,0.02,232965280
KKCL,Kewal Kiran Clothing Ltd,/stocks/kewal-kiran-clothing-KKCL,Apparel & Accessories,KKCL,Smallcap,512.75,2.579999924,231677488
IFOB,Infobeans Technologies Ltd,/stocks/infobeans-technologies-IFOB,Software Services,INFOBEAN,Smallcap,166.4900055,4.409999847,231451248
IMFA,Indian Metals and Ferro Alloys Ltd,/stocks/indian-metals-and-ferro-alloys-IMFA,Iron & Steel,IMFA,Smallcap,1374.5,1.190000057,228185824
GRM,GRM Overseas Ltd,/stocks/grm-overseas-GRM,Packaged Foods & Meats,GRMOVER,Smallcap,98.76000214,4.920000076,226033456
HEGL,HEG Ltd,/stocks/heg-HEGL,Electrical Components & Equipments,HEG,Smallcap,526.9000244,0.949999988,225752592
UDS,Updater Services Ltd,/stocks/updater-services-UDS,Business Support Services,UDS,Smallcap,194.3200073,2.589999914,225085760
SENC,Senco Gold Ltd,/stocks/senco-gold-SENC,"Precious Metals, Jewellery & Watches",SENCO,Smallcap,326.0499878,-1.730000019,224746144
ROUT,Route Mobile Ltd,/stocks/route-mobile-ROUT,IT Services & Consulting,ROUTE,Smallcap,553.4500122,1.899999976,224479120
PLYP,Polyplex Corp Ltd,/stocks/polyplex-corp-PLYP,Commodity Chemicals,POLYPLEX,Smallcap,1017.150024,2.619999886,224288128
YATR,Yatra Online Ltd,/stocks/yatra-online-YATR,Online Services,YATRA,Smallcap,116.9100037,0.569999993,224240944
IRBI,IRB Infrastructure Developers Ltd,/stocks/irb-infrastructure-developers-IRBI,Construction & Engineering,IRB,Smallcap,21.29999924,-0.560000002,223627536
GRPH,Graphite India Ltd,/stocks/graphite-india-GRPH,Electrical Components & Equipments,GRAPHITE,Smallcap,627.7999878,-0.02,222294864
UNVR,Universal Cables Ltd,/stocks/universal-cables-UNVR,Cables,UNIVCABLES,Smallcap,1170.900024,-4.199999809,220292176
ATLAN,Atlanta Electricals Ltd,/stocks/atlanta-electricals-ATLAN,Electrical Components & Equipments,ATLANTAELE,Smallcap,1688.400024,-4.360000134,219875520
TFCI,Tourism Finance Corporation of India Ltd,/stocks/tourism-finance-corporation-of-india-TFCI,Specialized Finance,TFCILTD,Smallcap,79.23999786,1.679999948,217240160
MANO,Manorama Industries Ltd,/stocks/manorama-industries-MANO,Packaged Foods & Meats,MANORAMA,Smallcap,1562.400024,-1.190000057,215993088
BANSA,Bansal Wire Industries Ltd,/stocks/bansal-wire-industries-BANSA,Iron & Steel,BANSALWIRE,Smallcap,365.7999878,6.239999771,215429456
SUS,Susan Electricals India Ltd,/stocks/susan-electricals-india-SUS,Cables,SUSAN,Smallcap,240.9499969,-5.880000114,214064992
REFE,Refex Industries Ltd,/stocks/refex-industries-REFE,Commodity Chemicals,REFEX,Smallcap,358.3999939,-1.659999967,213978848
TNSL,Tanla Platforms Ltd,/stocks/tanla-platforms-TNSL,Software Services,TANLA,Smallcap,539.0499878,1.110000014,212304960
ACEL,Action Construction Equipment Ltd,/stocks/action-construction-equipment-ACEL,Heavy Machinery,ACE,Smallcap,989.9000244,-2.640000105,211108304
SUIN,Sumeet Industries Ltd,/stocks/sumeet-industries-SUIN,Textiles,SUMEETINDS,Smallcap,30.05999947,0.769999981,210468928
HRCT,Hind Rectifiers Ltd,/stocks/hind-rectifiers-HRCT,Electrical Components & Equipments,HIRECT,Smallcap,1092.199951,-4.300000191,210442320
NIB,Nibe Ltd,/stocks/nibe-NIB,Aerospace & Defense Equipments,NIBE,Smallcap,1648,-0.479999989,209945344
KPOC,Kothari Petrochemicals Ltd,/stocks/kothari-petrochemicals-KPOC,Commodity Chemicals,KOTHARIPET,Smallcap,131.9499969,6.489999771,208562864
AHC,Anlon Healthcare Ltd,/stocks/anlon-healthcare-AHC,Pharmaceuticals,AHCL,Smallcap,15.86999989,-0.189999998,208309040
CAPE,Capacite Infraprojects Ltd,/stocks/capacite-infraprojects-CAPE,Construction & Engineering,CAPACITE,Smallcap,248.9499969,-2.789999962,207425488
VIJAY,Vijaya Diagnostic Centre Ltd,/stocks/vijaya-diagnostic-centre-VIJAY,Hospitals & Diagnostic Centres,VIJAYA,Smallcap,1365.199951,-2.329999924,207261088
HOM,Home First Finance Company India Ltd,/stocks/home-first-finance-company-india-HOM,Home Financing,HOMEFIRST,Smallcap,1205.199951,0.340000004,206093328
QLI,Q-Line Biotech Ltd,/stocks/q-line-biotech-QLI,Biotechnology,QLINE,Smallcap,572.9500122,1.090000033,204496992
TRANI,Transrail Lighting Ltd,/stocks/transrail-lighting-TRANI,Power Infrastructure,TRANSRAILL,Smallcap,518.75,-0.730000019,204401216
SNGM,Sanghvi Movers Ltd,/stocks/sanghvi-movers-SNGM,Business Support Services,SANGHVIMOV,Smallcap,463.25,1.980000019,203974464
CONP,Control Print Ltd,/stocks/control-print-CONP,Electronic Equipments,CONTROLPR,Smallcap,687.0999756,-3.440000057,203013152
TRIE,Trident Ltd,/stocks/trident-TRIE,Textiles,TRIDENT,Smallcap,26.72999954,-0.25999999,201610208
LATE,Latent View Analytics Ltd,/stocks/latent-view-analytics-LATE,IT Services & Consulting,LATENTVIEW,Smallcap,280.8500061,0.680000007,200959872
NELC,Nelco Ltd,/stocks/nelco-NELC,Communication & Networking,NELCO,Smallcap,929.5499878,0.200000003,200045280
NATP,Natco Pharma Ltd,/stocks/natco-pharma-NATP,Pharmaceuticals,NATCOPHARM,Smallcap,931.4000244,-0.330000013,199269712
INDGN,Indegene Ltd,/stocks/indegene-INDGN,Business Support Services,INDGN,Smallcap,508.2999878,-1.200000048,199213888
ARF,Arfin India Ltd,/stocks/arfin-india-ARF,Metals - Aluminium,ARFIN,Smallcap,92.05999756,-0.519999981,198894288
DPNT,Deepak Nitrite Ltd,/stocks/deepak-nitrite-DPNT,Commodity Chemicals,DEEPAKNTR,Smallcap,1558.099976,-0.910000026,198213984
BUR,Restaurant Brands Asia Ltd,/stocks/burger-king-india-BUR,Restaurants & Cafes,RBA,Smallcap,75.72000122,-2.369999886,197250752
KPI,KPI Green Energy Ltd,/stocks/k-p-i-global-infrastructure-KPI,Renewable Energy,KPIGREEN,Smallcap,404.2999878,0.430000007,193724880
ELGE,Elgi Equipments Ltd,/stocks/elgi-equipments-ELGE,Industrial Machinery,ELGIEQUIP,Smallcap,578.5499878,-2.599999905,193199840
GNAA,GNA Axles Ltd,/stocks/gna-axles-GNAA,Auto Parts,GNA,Smallcap,466,-0.790000021,192705920
BEC,Mrs. Bectors Food Specialities Ltd,/stocks/mrs-bectors-food-specialities-BEC,FMCG - Foods,BECTORFOOD,Smallcap,176.6100006,-1.980000019,191883888
SUPRI,Supriya Lifescience Ltd,/stocks/supriya-lifescience-SUPRI,Pharmaceuticals,SUPRIYA,Smallcap,978.9000244,-1.620000005,191669136
MAXES,Max Estates Ltd,/stocks/max-estates-MAXES,Real Estate,MAXESTATES,Smallcap,432.6499939,2.769999981,190983008
MARN,Marine Electricals (India) Ltd,/stocks/marine-electricals-india-MARN,Electrical Components & Equipments,MARINE,Smallcap,280.2999878,-1.370000005,190177200
UCBK,UCO Bank,/stocks/uco-bank-UCBK,Public Banks,UCOBANK,Smallcap,26.95999908,-0.699999988,189226880
MEDIS,Medi Assist Healthcare Services Ltd,/stocks/medi-assist-healthcare-services-MEDIS,Insurance,MEDIASSIST,Smallcap,374.7000122,-0.330000013,187656272
TPLP,TPL Plastech Ltd,/stocks/tpl-plastech-TPLP,Plastic Products,TPLPLASTEH,Smallcap,87.16000366,19.65999985,186867904
SAR,Waaree Renewable Technologies Ltd,/stocks/sangam-renewables-SAR,Renewable Energy,WAAREERTL,Smallcap,1020.299988,-0.920000017,186169792
INRL,Embassy Developments Ltd,/stocks/indiabulls-real-estate-INRL,Real Estate,EMBDL,Smallcap,63.02000046,-0.939999998,186075104
OPTI,Optiemus Infracom Ltd,/stocks/optiemus-infracom-OPTI,Technology Hardware,OPTIEMUS,Smallcap,521.5499878,3.369999886,185301296
STWH,Steel Strips Wheels Ltd,/stocks/steel-strips-wheels-STWH,Auto Parts,SSWL,Smallcap,252.3699951,1.74000001,185264736
ASHM,Ashapura Minechem Ltd,/stocks/ashapura-minechem-ASHM,Metals - Diversified,ASHAPURMIN,Smallcap,645.5999756,-2.630000114,185088000
TEXA,Texmaco Rail & Engineering Ltd,/stocks/texmaco-rail-and-engineering-TEXA,Rail,TEXRAIL,Smallcap,113.1999969,0.699999988,184636336
MMFO,MM Forgings Ltd,/stocks/mm-forgings-MMFO,Iron & Steel,MMFL,Smallcap,502.1000061,3.269999981,184042320
NCCL,NCC Ltd,/stocks/ncc-NCCL,Construction & Engineering,NCC,Smallcap,149.5099945,-0.709999979,183972368
SUVH,Cohance Lifesciences Ltd,/stocks/suven-pharmaceuticals-SUVH,Pharmaceuticals,COHANCE,Smallcap,454.5,0.419999987,183928432
THOM,Thomas Cook (India) Ltd,/stocks/thomas-cook-india-THOM,Tour & Travel Services,THOMASCOOK,Smallcap,104.1699982,-2.130000114,183628128
JKLC,JK Lakshmi Cement Ltd,/stocks/jk-lakshmi-cement-JKLC,Cement,JKLAKSHMI,Smallcap,579.4500122,1.389999986,183425424
BACO,Bajaj Consumer Care Ltd,/stocks/bajaj-consumer-care-BACO,FMCG - Personal Products,BAJAJCON,Smallcap,616.2000122,0.689999998,181765744
MOO,SG Finserve Ltd,/stocks/moongipa-securities-MOO,Specialized Finance,SGFIN,Smallcap,673.7999878,1.919999957,181678816
MAYU,Mayur Uniquoters Ltd,/stocks/mayur-uniquoters-MAYU,Textiles,MAYURUNIQ,Smallcap,882.1500244,-0.189999998,181102960
BACH,Balrampur Chini Mills Ltd,/stocks/balrampur-chini-mills-BACH,Sugar,BALRAMCHIN,Smallcap,562.4500122,-0.839999974,179446304
ROLE,Rolex Rings Ltd,/stocks/rolex-rings-ROLE,Industrial Machinery,ROLEXRINGS,Smallcap,142.0200043,-5.170000076,179415888
PENG,Patel Engineering Ltd,/stocks/patel-engineering-PENG,Construction & Engineering,PATELENG,Smallcap,34.00999832,-1.190000057,178665984
OSWAP,Oswal Pumps Ltd,/stocks/oswal-pumps-OSWAP,Industrial Machinery,OSWALPUMPS,Smallcap,409.4500122,-2.029999971,178433968
DEED,DEE Development Engineers Ltd,/stocks/dee-development-engineers-DEED,Iron & Steel,DEEDEV,Smallcap,704.3499756,-0.699999988,177911200
GHC,GHCL Textiles Ltd,/stocks/ghcl-textiles-GHC,Textiles,GHCLTEXTIL,Smallcap,106.75,2.589999914,177719760
GOC,Go Fashion (India) Ltd,/stocks/go-fashion-india-GOC,Apparel & Accessories,GOCOLORS,Smallcap,359.6499939,-0.100000001,177554144
KAPT,Kalpataru Projects International Ltd,/stocks/kalpataru-power-transmission-KAPT,Power Infrastructure,KPIL,Smallcap,1384,1.00999999,176707776
KRPH,Krishana Phoschem Ltd,/stocks/krishana-phoschem-KRPH,Fertilizers & Agro Chemicals,KRISHANA,Smallcap,151.8500061,6.409999847,176413776
SANDU,Sandur Manganese and Iron Ores Ltd,/stocks/sandur-manganese-and-iron-ores-SANDU,Mining - Diversified,SANDUMA,Smallcap,209.7299957,1.289999962,176241280
SAIP,Sai Parenteral's Ltd,/stocks/sai-parenterals-SAIP,Pharmaceuticals,SAIPARENT,Smallcap,618.5999756,-0.829999983,175782832
TIMK,Timken India Ltd,/stocks/timken-india-TIMK,Industrial Machinery,TIMKEN,Smallcap,3401.199951,-2.660000086,175271872
MINC,Minda Corporation Ltd,/stocks/minda-corporation-MINC,Auto Parts,MINDACORP,Smallcap,703.1500244,-0.829999983,174048736
SIGNA,Signatureglobal (India) Ltd,/stocks/signatureglobal-india-SIGNA,Real Estate,SIGNATURE,Smallcap,757.6500244,-0.769999981,171550480
AMAZ,Balu Forge Industries Ltd,/stocks/amaze-entertech-AMAZ,Construction & Engineering,BALUFORGE,Smallcap,465.7000122,-0.949999988,171418688
SATR,Satin Creditcare Network Ltd,/stocks/satin-creditcare-network-SATR,Consumer Finance,SATIN,Smallcap,254.8000031,-1.879999995,171078160
TTKL,TTK Prestige Ltd,/stocks/ttk-prestige-TTKL,Home Electronics & Appliances,TTKPRESTIG,Smallcap,624.25,-3.359999895,170939184
IGI,International Gemological Institute Ltd,/stocks/international-gemmological-institute-india-IGI,Education Services,IGIL,Smallcap,359.5,-0.50999999,170664896
ROSST,Rossell Techsys Ltd,/stocks/rossell-techsys-ROSST,Aerospace & Defense Equipments,ROSSTECH,Smallcap,981.0999756,-1.850000024,169871952
SAMBH,Sambhv Steel Tubes Ltd,/stocks/sambhv-steel-tubes-SAMBH,Building Products - Pipes,SAMBHV,Smallcap,115.0400009,-0.200000003,169120992
MISR,Mishra Dhatu Nigam Ltd,/stocks/mishra-dhatu-nigam-MISR,Metals - Diversified,MIDHANI,Smallcap,427.8500061,-0.49000001,168332960
NOCI,Nocil Ltd,/stocks/nocil-NOCI,Commodity Chemicals,NOCIL,Smallcap,184.2400055,2.839999914,168326672
ZAG,Zaggle Prepaid Ocean Services Ltd,/stocks/zaggle-prepaid-ocean-services-ZAG,Software Services,ZAGGLE,Smallcap,212.9499969,0.5,167121024
MSFT,Sigma Advanced Systems Ltd,/stocks/megasoft-MSFT,Aerospace & Defense Equipments,SIGMAADV,Smallcap,548.4000244,-2.25,166872624
WABC,ZF Commercial Vehicle Control Systems India Ltd,/stocks/wabco-india-WABC,Auto Parts,ZFCVINDIA,Smallcap,2416.399902,-0.689999998,166355808
CEIG,Ceigall India Ltd,/stocks/ceigall-india-CEIG,Construction & Engineering,CEIGALL,Smallcap,364.1000061,-5.550000191,164828048
DELT,Delta Corp Ltd,/stocks/delta-corp-DELT,Theme Parks & Gaming,DELTACORP,Smallcap,66.33000183,-2.279999971,163324560
METP,Metropolis Healthcare Ltd,/stocks/metropolis-healthcare-METP,Hospitals & Diagnostic Centres,METROPOLIS,Smallcap,556,2.150000095,163190592
BBJL,Bharat Bijlee Ltd,/stocks/bharat-bijlee-BBJL,Heavy Electrical Equipments,BBL,Smallcap,2718.199951,-3.079999924,163080880
ZUAR,Zuari Agro Chemicals Ltd,/stocks/zuari-agro-chemicals-ZUAR,Fertilizers & Agro Chemicals,ZUARI,Smallcap,241.1999969,3.99000001,162880352
STOVE,Stove Kraft Ltd,/stocks/stove-kraft-STOVE,Home Electronics & Appliances,STOVEKRAFT,Smallcap,781.8499756,1.029999971,162542128
WELS,Welspun Enterprises Limited,/stocks/welspun-enterprises-WELS,Construction & Engineering,WELENT,Smallcap,603.25,-1.470000029,162353264
DLLA,Dollar Industries Ltd,/stocks/dollar-industries-DLLA,Apparel & Accessories,DOLLAR,Smallcap,276.7999878,2.880000114,161837680
IRSY,Indo Rama Synthetics (India) Ltd,/stocks/indo-rama-synthetics-india-IRSY,Textiles,INDORAMA,Smallcap,50.38000107,10.18999958,161528720
HARS,Harsha Engineers International Ltd,/stocks/harsha-engineers-international-HARS,Industrial Machinery,HARSHA,Smallcap,417.5499878,0.460000008,161013696
PRAJ,Praj Industries Ltd,/stocks/praj-industries-PRAJ,Construction & Engineering,PRAJIND,Smallcap,353.7000122,-1.720000029,160840288
TEEC,Techno Electric & Engineering Company Ltd,/stocks/techno-electric-and-engineering-company-TEEC,Construction & Engineering,TECHNOE,Smallcap,1081.800049,-0.409999996,160722688
TALB,Talbros Automotive Components Ltd,/stocks/talbros-automotive-components-TALB,Auto Parts,TALBROAUTO,Smallcap,412.1000061,-4.199999809,159616800
MANI,Man Infraconstruction Ltd,/stocks/man-infraconstruction-MANI,Construction & Engineering,MANINFRA,Smallcap,105.3499985,-0.379999995,159576432
VIPL,Vipul Ltd,/stocks/vipul-VIPL,Real Estate,VIPULLTD,Smallcap,15.34000015,-0.779999971,158868288
CRIL,Cantabil Retail India Ltd,/stocks/cantabil-retail-india-CRIL,Apparel & Accessories,CANTABIL,Smallcap,263.8999939,-2.029999971,157680784
TBO,Tbo Tek Ltd,/stocks/tbo-tek-TBO,Tour & Travel Services,TBOTEK,Smallcap,1522.099976,-0.280000001,157553968
CMS,CMS Info Systems Ltd,/stocks/cms-info-systems-CMS,Software Services,CMSINFO,Smallcap,274.5499878,-0.360000014,155731840
INTT,Indo Tech Transformers Ltd,/stocks/indo-tech-transformers-INTT,Heavy Electrical Equipments,INDOTECH,Smallcap,3136.699951,-2.380000114,154046048
UTLS,Fujiyama Power Systems Ltd,/stocks/fujiyama-power-systems-UTLS,Renewable Energy Equipment & Services,UTLSOLAR,Smallcap,342.75,-1.470000029,153977136
XPRO,Xpro India Ltd,/stocks/xpro-india-XPRO,Plastic Products,XPROINDIA,Smallcap,1495,-0.569999993,153600208
NSEN,Nesco Ltd,/stocks/nesco-NSEN,Real Estate,NESCO,Smallcap,1125.099976,0.75999999,152104768
JYBM,Jay Bharat Maruti Ltd,/stocks/jay-bharat-maruti-JYBM,Auto Parts,JAYBARMARU,Smallcap,171.5500031,0.569999993,151092176
PNG,P N Gadgil Jewellers Ltd,/stocks/p-n-gadgil-jewellers-PNG,"Precious Metals, Jewellery & Watches",PNGJL,Smallcap,569.3499756,1.620000005,150648112
PFIZ,Pfizer Ltd,/stocks/pfizer-PFIZ,Pharmaceuticals,PFIZER,Smallcap,4568.600098,2.910000086,150438416
EQU,Equitas Small Finance Bank Ltd,/stocks/equitas-small-finance-bank-EQU,Private Banks,EQUITASBNK,Smallcap,76.30000305,-1.480000019,149933632
FINX,Finolex Industries Ltd,/stocks/finolex-industries-FINX,Building Products - Pipes,FINPIPE,Smallcap,174.7700043,-0.870000005,148850864
ELCN,Elecon Engineering Company Ltd,/stocks/elecon-engineering-company-ELCN,Heavy Electrical Equipments,ELECON,Smallcap,526.7000122,-2.549999952,148767728
CONCO,Concord Biotech Ltd,/stocks/concord-biotech-CONCO,Pharmaceuticals,CONCORDBIO,Smallcap,1274.900024,-0.870000005,148307632
TIRF,Tirupati Forge Ltd,/stocks/tirupati-forge-TIRF,Auto Parts,TIRUPATIFL,Smallcap,66.81999969,-3.880000114,147625136
INOX,Inox Green Energy Services Ltd,/stocks/inox-green-energy-services-INOX,Heavy Electrical Equipments,INOXGREEN,Smallcap,199.9400024,-0.039999999,146958800
DCBA,DCB Bank Ltd,/stocks/dcb-bank-DCBA,Private Banks,DCBBANK,Smallcap,189.2700043,-2.180000067,146033216
IRCN,Ircon International Ltd,/stocks/ircon-international-IRCN,Construction & Engineering,IRCON,Smallcap,134.1399994,-0.300000012,145835072
SATI,Aeroflex Enterprises Ltd,/stocks/sat-industries-SATI,Plastic Products,AEROENTER,Smallcap,130.6499939,-4.400000095,145695568
AVL,Aditya Vision Ltd,/stocks/aditya-vision-AVL,Retail - Speciality,AVL,Smallcap,638.5499878,-0.280000001,145177840
BLUE,Blue Cloud Softech Solutions Ltd,/stocks/blue-cloud-softech-solutions-BLUE,Software Services,BLUECLOUDS,Smallcap,21.45000076,-2.190000057,144597536
ATAL,Atal Realtech Ltd,/stocks/atal-realtech-ATAL,Construction & Engineering,ATALREAL,Smallcap,28.05999947,-0.180000007,144585408
GILE,Gillette India Ltd,/stocks/gillette-india-GILE,FMCG - Personal Products,GILLETTE,Smallcap,7610.5,-0.039999999,144199648
TILK,Tilaknagar Industries Ltd,/stocks/tilaknagar-industries-TILK,Alcoholic Beverages,TI,Smallcap,451.75,-0.579999983,144122576
ALKY,Alkyl Amines Chemicals Ltd,/stocks/alkyl-amines-chemicals-ALKY,Specialty Chemicals,ALKYLAMINE,Smallcap,1827,-0.050000001,144043824
FAIC,Privi Speciality Chemicals Ltd,/stocks/privi-speciality-chemicals-FAIC,Specialty Chemicals,PRIVISCL,Smallcap,3694.899902,-1.49000001,143968784
VIKRN,Vikran Engineering Ltd,/stocks/vikran-engineering-VIKRN,Power Transmission & Distribution,VIKRAN,Smallcap,74.54000092,-0.370000005,143474336
SHANG,Shanti Gold International Ltd,/stocks/shanti-gold-international-SHANG,"Precious Metals, Jewellery & Watches",SHANTIGOLD,Smallcap,221.8399963,0.819999993,142316592
AKZO,JSW Dulux Ltd,/stocks/akzo-nobel-india-AKZO,Paints,JSWDULUX,Smallcap,3276.600098,0.519999981,141802192
NORTH,Northern ARC Capital Ltd,/stocks/northern-arc-capital-NORTH,Diversified Financials,NORTHARC,Smallcap,307.25,-0.949999988,140440352
STYL,Baazar Style Retail Ltd,/stocks/baazar-style-retail-STYL,Retail - Speciality,STYLEBAAZA,Smallcap,323.1499939,4.989999771,140272880
ASGI,Asian Granito India Ltd,/stocks/asian-granito-india-ASGI,Building Products - Granite,ASIANTILES,Smallcap,50,-3.99000001,139262192
NDRA,NDR Auto Components Ltd,/stocks/ndr-auto-components-NDRA,Auto Parts,NDRAUTO,Smallcap,887.7999878,-0.370000005,139166624
PAMF,Parag Milk Foods Ltd,/stocks/parag-milk-foods-PAMF,FMCG - Foods,PARAGMILK,Smallcap,238.1199951,1.789999962,138583680
PROT,Protean eGov Technologies Ltd,/stocks/protean-egov-technologies-PROT,IT Services & Consulting,PROTEAN,Smallcap,598.9000244,-0.439999998,138394896
INMR,Indiamart Intermesh Ltd,/stocks/indiamart-intermesh-INMR,Online Services,INDIAMART,Smallcap,1879.199951,-0.930000007,137926272
ATLP,Atul Ltd,/stocks/atul-ATLP,Diversified Chemicals,ATUL,Smallcap,6556.5,1.340000033,137495408
PGIL,Pearl Global Industries Ltd,/stocks/pearl-global-industries-PGIL,Apparel & Accessories,PGIL,Smallcap,2016.300049,-2.829999924,136866704
PCML,Paramount Communications Ltd,/stocks/paramount-communications-PCML,Cables,PARACABLES,Smallcap,71.12000275,-1.039999962,135795584
RAUT,Rico Auto Industries Ltd,/stocks/rico-auto-industries-RAUT,Auto Parts,RICOAUTO,Smallcap,137.1499939,-0.720000029,135775248
CLE,Clean Science and Technology Ltd,/stocks/clean-science-and-technology-CLE,Specialty Chemicals,CLEAN,Smallcap,773.2999878,-0.50999999,135239088
CHOL,Cholamandalam Financial Holdings Ltd,/stocks/cholamandalam-financial-holdings-CHOL,Diversified Financials,CHOLAHLDNG,Smallcap,1673.900024,-0.779999971,134728464
CRBR,Carborundum Universal Ltd,/stocks/carborundum-universal-CRBR,Industrial Machinery,CARBORUNIV,Smallcap,1139.599976,-0.180000007,134680128
JNK,JNK India Ltd,/stocks/jnk-india-JNK,Construction & Engineering,JNKINDIA,Smallcap,483.75,1.590000033,134626272
SCP,Sheetal Cool Products Ltd,/stocks/sheetal-cool-products-SCP,FMCG - Foods,SCPL,Smallcap,561.3499756,1.169999957,133796960
RATNA,Ratnaveer Precision Engineering Ltd,/stocks/ratnaveer-precision-engineering-RATNA,Industrial Machinery,RATNAVEER,Smallcap,173.5599976,-1.950000048,133409152
URBA,Urban Company Ltd,/stocks/urban-company-URBA,Online Services,URBANCO,Smallcap,131.8999939,0.01,132947680
KSBL,Ksb Ltd,/stocks/ksb-KSBL,Industrial Machinery,KSB,Smallcap,936.0999756,-1.070000052,132382000
MOBI,One MobiKwik Systems Ltd,/stocks/one-mobikwik-systems-MOBI,Payment Infrastructure,MOBIKWIK,Smallcap,202.7100067,-1.320000052,131963496
UNIP,Uniparts India Ltd,/stocks/uniparts-india-UNIP,Industrial Machinery,UNIPARTS,Smallcap,652.4500122,-0.639999986,131321552
CARR,Carraro India Ltd,/stocks/carraro-india-CARR,Agricultural & Farm Machinery,CARRARO,Smallcap,553.0999756,0.430000007,131075232
SWAN,Swan Corp Ltd,/stocks/swan-energy-SWAN,Textiles,SWANCORP,Smallcap,310.8999939,-0.479999989,130875568
VIDY,Vidya Wires Ltd,/stocks/vidya-wires-VIDY,Cables,VIDYAWIRES,Smallcap,99.01999664,-1.070000052,130819064
DYNM,Dynamatic Technologies Ltd,/stocks/dynamatic-technologies-DYNM,Auto Parts,DYNAMATECH,Smallcap,10288,-1.299999952,130318512
SHEF,Sheela Foam Ltd,/stocks/sheela-foam-SHEF,Home Furnishing,SFL,Smallcap,766.5499878,0.469999999,129578248
EIDP,E I D-Parry (India) Ltd,/stocks/eid-parry-india-EIDP,Sugar,EIDPARRY,Smallcap,742.4000244,0.970000029,129490920
SJVN,SJVN Ltd,/stocks/sjvn-SJVN,Renewable Energy,SJVN,Smallcap,72.55000305,-0.01,129297064
MMTC,MMTC Ltd,/stocks/mmtc-MMTC,Commodities Trading,MMTC,Smallcap,67.13999939,-0.899999976,129163640
CAPIL,Capillary Technologies India Ltd,/stocks/capillary-technologies-india-CAPIL,Software Services,CAPILLARY,Smallcap,515.0499878,1.360000014,128958000
MOIL,Moil Ltd,/stocks/moil-MOIL,Mining - Manganese,MOIL,Smallcap,282.2000122,1.840000033,128825392
THYO,Thyrocare Technologies Ltd,/stocks/thyrocare-technologies-THYO,Hospitals & Diagnostic Centres,THYROCARE,Smallcap,555.5999756,-0.289999992,128724944
DYN,Dynamic Cables Ltd,/stocks/dynamic-cables-DYN,Cables,DYCL,Smallcap,362.8999939,-0.49000001,128356088
IDE,ideaForge Technology Ltd,/stocks/ideaforge-technology-IDE,Aerospace & Defense Equipments,IDEAFORGE,Smallcap,821.5999756,-3,128188872
EMC,Emcure Pharmaceuticals Ltd,/stocks/emcure-pharmaceuticals-EMC,Pharmaceuticals,EMCURE,Smallcap,1839.099976,-0.939999998,127927128
AKM,Aayush Art and Bullion Ltd,/stocks/akm-lace-and-embrotex-AKM,"Precious Metals, Jewellery & Watches",AAYUSHBULL,Smallcap,1161,0.230000004,127087168
SJS,SJS Enterprises Ltd,/stocks/s-j-s-enterprises-SJS,Auto Parts,SJS,Smallcap,2187.399902,-1.769999981,126839120
CCLP,CCL Products (India) Ltd,/stocks/ccl-products-india-CCLP,Tea & Coffee,CCL,Smallcap,1173,-1.129999995,126334184
BAGM,Bagmane Prime Office REIT,/stocks/bagmane-prime-office-reit-BAGM,Real Estate,BAGMANE,Smallcap,103.4800034,-0.289999992,125277392
DLIL,D-link (India) Ltd,/stocks/d-link-india-DLIL,Technology Hardware,DLINKINDIA,Smallcap,524.75,0.189999998,124949192
ORIE,Orient Technologies Ltd,/stocks/orient-technologies-ORIE,IT Services & Consulting,ORIENTTECH,Smallcap,264.1700134,0.239999995,124421464
SHKE,S H Kelkar and Company Ltd,/stocks/s-h-kelkar-and-company-SHKE,Specialty Chemicals,SHK,Smallcap,132.3800049,1.840000033,123765000
TRCE,Ramco Cements Ltd,/stocks/ramco-cements-TRCE,Cement,RAMCOCEM,Smallcap,947.5499878,0.469999999,123637248
NIIT,NIIT Ltd,/stocks/niit-NIIT,Education Services,NIITLTD,Smallcap,103.4800034,-1.080000043,123437224
MADY,Madhya Bharat Agro Products Ltd,/stocks/madhya-bharat-agro-products-MADY,Fertilizers & Agro Chemicals,MBAPL,Smallcap,125.1500015,3.549999952,122184296
AIMT,Aimtron Electronics Ltd,/stocks/aimtron-electronics-AIMT,Electronic Equipments,AIMTRON,Smallcap,1312.650024,5.579999924,121815120
NCOT,Nitco Ltd,/stocks/nitco-NCOT,Building Products - Ceramics,NITCO,Smallcap,116.3899994,-0.779999971,121737272
DRDG,Dredging Corporation of India Ltd,/stocks/dredging-corporation-of-india-DRDG,Dredging,DREDGECORP,Smallcap,1077.5,-2.470000029,121657656
CAST,Castrol India Ltd,/stocks/castrol-india-CAST,Commodity Chemicals,CASTROLIND,Smallcap,184.3699951,-0.039999999,121483352
TINV,Tata Investment Corporation Ltd,/stocks/tata-investment-corporation-TINV,Asset Management,TATAINVEST,Smallcap,667.2999878,-0.039999999,121418168
GRNN,Grindwell Norton Ltd,/stocks/grindwell-norton-GRNN,Industrial Machinery,GRINDWELL,Smallcap,2088.5,-3.900000095,121155600
UTK,Utkarsh Small Finance Bank Ltd,/stocks/utkarsh-small-finance-bank-UTK,Diversified Financials,UTKARSHBNK,Smallcap,15.06999969,-0.460000008,120694784
JSF,Jana Small Finance Bank Ltd,/stocks/jana-small-finance-bank-JSF,Private Banks,JSFB,Smallcap,469.2999878,-2.049999952,120571056
MTC,Markolines Pavement Technologies Ltd,/stocks/markolines-traffic-controls-MTC,Power Infrastructure,MARKOLINES,Smallcap,187.6199951,-0.449999988,120556840
SUTV,Sun Tv Network Ltd,/stocks/sun-tv-network-SUTV,TV Channels & Broadcasters,SUNTV,Smallcap,515.2999878,0.079999998,120540232
GPPL,Gujarat Pipavav Port Ltd,/stocks/gujarat-pipavav-port-GPPL,Ports,GPPL,Smallcap,154.6900024,0.639999986,120068888
RAIL,Railtel Corporation of India Ltd,/stocks/railtel-corporation-of-india-RAIL,Communication & Networking,RAILTEL,Smallcap,314.5,-0.360000014,119509616
CENC,Centrum Capital Ltd,/stocks/centrum-capital-CENC,Diversified Financials,CENTRUM,Smallcap,26.13999939,3.480000019,119016040
SKFB,SKF India Ltd,/stocks/skf-india-SKFB,Industrial Machinery,SKFINDIA,Smallcap,1632.5,-2.710000038,118446392
ELST,Electrosteel Castings Ltd,/stocks/electrosteel-castings-ELST,Building Products - Pipes,ELECTCAST,Smallcap,77.83000183,-0.49000001,118016512
SURYO,Suryoday Small Finance Bank Ltd,/stocks/suryoday-small-finance-bank-SURYO,Private Banks,SURYODAY,Smallcap,182.1499939,-0.839999974,117909504
IIFS,IIFL Capital Services Ltd,/stocks/iifl-securities-IIFS,Diversified Financials,IIFLCAPS,Smallcap,340.1499939,0.460000008,117709600
MGAS,Mahanagar Gas Ltd,/stocks/mahanagar-gas-MGAS,Gas Distribution,MGL,Smallcap,1128.599976,-1.289999962,117640776
APSL,Aurionpro Solutions Ltd,/stocks/aurionpro-solutions-APSL,IT Services & Consulting,AURIONPRO,Smallcap,879.6500244,-0.899999976,117399200
BARBE,United Foodbrands Ltd,/stocks/barbeque-nation-hospitality-BARBE,Restaurants & Cafes,UFBL,Smallcap,706.4500122,4.989999771,117387824
EXCES,Excelsoft Technologies Ltd,/stocks/excelsoft-technologies-EXCES,Software Services,EXCELSOFT,Smallcap,83.44000244,2.029999971,117355904
CESC,CESC Ltd,/stocks/cesc-CESC,Power Generation,CESC,Smallcap,169.6999969,-0.289999992,117313680
ROT,Roto Pumps Ltd,/stocks/roto-pumps-ROT,Industrial Machinery,ROTO,Smallcap,71.23000336,0.300000012,117147288
ALEM,Alembic Pharmaceuticals Ltd,/stocks/alembic-pharmaceuticals-ALEM,Pharmaceuticals,APLLTD,Smallcap,823.7000122,0.660000026,117133712
AART,Aarti Pharmalabs Ltd,/stocks/aarti-pharmalabs-AART,Labs & Life Sciences Services,AARTIPHARM,Smallcap,706.3499756,1.309999943,116740056
PROC,Procter & Gamble Hygiene and Health Care Ltd,/stocks/procter-and-gamble-hygiene-and-health-care-PROC,FMCG - Personal Products,PGHH,Smallcap,8902,0.180000007,115722192
IVA,iValue Infosolutions Ltd,/stocks/ivalue-infosolutions-IVA,Software Services,IVALUE,Smallcap,270.9500122,-4.050000191,115711584
INDIG,Indigo Paints Ltd,/stocks/indigo-paints-INDIG,Paints,INDIGOPNTS,Smallcap,1065.900024,-1.039999962,115191440
VENR,Venus Remedies Ltd,/stocks/venus-remedies-VENR,Pharmaceuticals,VENUSREM,Smallcap,1720.900024,-1.899999976,114907368
JYOI,Jyothy Labs Ltd,/stocks/jyothy-labs-JYOI,FMCG - Household Products,JYOTHYLAB,Smallcap,192.1300049,-0.920000017,114848944
SKFI,SKF India (Industrial) Ltd,/stocks/skf-india-industrial-SKFI,Industrial Machinery,SKFINDUS,Smallcap,2825.800049,0.310000002,113979936
SIGNP,Signpost India Ltd,/stocks/signpost-india-SIGNP,Advertising,SIGNPOST,Smallcap,299.7000122,0.689999998,113856752
NXS,Nexus Select Trust,/stocks/nexus-select-trust-NXS,Real Estate,NXST,Smallcap,162.9600067,-0.829999983,113793872
REMI,Welspun Specialty Solutions Ltd,/stocks/welspun-specialty-solutions-REMI,Iron & Steel,WELSPLSOL,Smallcap,52.93999863,0.670000017,113514920
SARE,Saregama India Ltd,/stocks/saregama-india-SARE,Movies & TV Serials,SAREGAMA,Smallcap,485.75,-1.730000019,113215624
RELG,Religare Enterprises Ltd,/stocks/religare-enterprises-RELG,Investment Banking & Brokerage,RELIGARE,Smallcap,262.8500061,0.079999998,112849472
GUFI,Gufic Biosciences Ltd,/stocks/gufic-biosciences-GUFI,Pharmaceuticals,GUFICBIO,Smallcap,389.9500122,1.120000005,111660472
THEL,Leela Palaces Hotels & Resorts Ltd,/stocks/schloss-bangalore-THEL,"Hotels, Resorts & Cruise Lines",THELEELA,Smallcap,475.7000122,-0.119999997,111440600
TRUA,TruAlt Bioenergy Ltd,/stocks/trualt-bioenergy-TRUA,FMCG - Foods,TRUALT,Smallcap,470.3999939,-0.400000006,110575456
LTOL,LT Foods Ltd,/stocks/lt-foods-LTOL,Packaged Foods,LTFOODS,Smallcap,379.1499939,-0.129999995,110169680
ADVA,Advait Energy Transitions Ltd,/stocks/advait-infratech-ADVA,Electronic Equipments,ADVAIT,Smallcap,2188.199951,-3.279999971,109890744
GALAP,Gala Precision Engineering Ltd,/stocks/gala-precision-engineering-GALAP,Industrial Machinery,GALAPREC,Smallcap,1183.400024,0.469999999,109540608
SOCE,Somany Ceramics Ltd,/stocks/somany-ceramics-SOCE,Building Products - Ceramics,SOMANYCERA,Smallcap,537.2000122,0.289999992,109371376
PENN,Pennar Industries Ltd,/stocks/pennar-industries-PENN,Iron & Steel,PENIND,Smallcap,171.3300018,1.75999999,109338584
VARE,Varroc Engineering Ltd,/stocks/varroc-engineering-VARE,Auto Parts,VARROC,Smallcap,667.5499878,1.710000038,108941224
SRID,Strides Pharma Science Ltd,/stocks/strides-pharma-science-SRID,Pharmaceuticals,STAR,Smallcap,1126.800049,0.039999999,108698064
ICRA,ICRA Ltd,/stocks/icra-ICRA,Stock Exchanges & Ratings,ICRA,Smallcap,5286.5,-0.649999976,108497752
RHFL,Repco Home Finance Ltd,/stocks/repco-home-finance-RHFL,Consumer Finance,REPCOHOME,Smallcap,433.3500061,1.879999995,107379808
BLUES,Bluestone Jewellery and Lifestyle Ltd,/stocks/bluestone-jewellery-and-lifestyle-BLUES,"Precious Metals, Jewellery & Watches",BLUESTONE,Smallcap,569.6500244,-0.180000007,107292704
HIGHW,Vertis Infrastructure Trust,/stocks/highways-infrastructure-trust-HIGHW,Roads,VERTIS,Smallcap,110.0500031,0.050000001,107230496
KIRI,Kiri Industries Ltd,/stocks/kiri-industries-KIRI,Specialty Chemicals,KIRIINDUS,Smallcap,381.6000061,0.25999999,107069616
RAINB,Rainbow Children's Medicare Ltd,/stocks/rainbow-childrens-medicare-RAINB,Hospitals & Diagnostic Centres,RAINBOW,Smallcap,1440,1.350000024,106734984
EPA,Epack Durable Ltd,/stocks/epack-durable-EPA,Home Electronics & Appliances,EPACK,Smallcap,238.4400024,0.430000007,105929552
AMAG,Amagi Media Labs Ltd,/stocks/amagi-media-labs-AMAG,Online Services,AMAGI,Smallcap,532.5999756,-1.279999971,105869616
ENTE,Entero Healthcare Solutions Ltd,/stocks/entero-healthcare-solutions-ENTE,Pharmaceuticals,ENTERO,Smallcap,1212.400024,1.519999981,105573568
VENUS,Venus Pipes and Tubes Ltd,/stocks/venus-pipes-and-tubes-VENUS,Iron & Steel,VENUSPIPES,Smallcap,1783.199951,0.02,104882496
ORCE,Orient Cement Ltd,/stocks/orient-cement-ORCE,Cement,ORIENTCEM,Smallcap,142.2899933,4.300000191,104758808
MIND,Man Industries (India) Ltd,/stocks/man-industries-india-MIND,Building Products - Pipes,MANINDS,Smallcap,582.5499878,-2.440000057,104570072
SEAM,Seamec Ltd,/stocks/seamec-SEAM,Oil & Gas - Equipment & Services,SEAMECLTD,Smallcap,1431.699951,-1.679999948,104469008
VIPI,V I P Industries Ltd,/stocks/v-i-p-industries-VIPI,Apparel & Accessories,VIPIND,Smallcap,308.3500061,-1.779999971,104151952
SAMH,Samhi Hotels Ltd,/stocks/samhi-hotels-SAMH,"Hotels, Resorts & Cruise Lines",SAMHI,Smallcap,177.9499969,1.330000043,103947992
SAAT,Saatvik Green Energy Ltd,/stocks/saatvik-green-energy-SAAT,Renewable Energy Equipment & Services,SAATVIKGL,Smallcap,440.2000122,-2.960000038,103728928
ICMN,India Cements Ltd,/stocks/india-cements-ICMN,Cement,INDIACEM,Smallcap,385.2999878,0.670000017,103609376
FEDF,Fedbank Financial Services Ltd,/stocks/fedbank-financial-services-FEDF,Diversified Financials,FEDFINA,Smallcap,152.9700012,0.709999979,102241520
AVIE,Avience Biomedicals Ltd,/stocks/avience-biomedicals-AVIE,Health Care Equipment & Supplies,AVIENCE,Smallcap,322.2999878,-4.670000076,101270088
CANH,Canara HSBC Life Insurance Company Ltd,/stocks/canara-hsbc-life-insurance-company-CANH,Insurance,CANHLIFE,Smallcap,142.2400055,0.300000012,101050696
RKFO,Ramkrishna Forgings Ltd,/stocks/ramkrishna-forgings-RKFO,Rail,RKFORGE,Smallcap,577.3499756,0.419999987,100959440
HONE,Honeywell Automation India Ltd,/stocks/honeywell-automation-india-HONE,Electronic Equipments,HONAUT,Smallcap,39515,-0.079999998,100795992
SANOF,Sanofi Consumer Healthcare India Ltd,/stocks/sanofi-consumer-healthcare-india-SANOF,Pharmaceuticals,SANOFICONR,Smallcap,4624.700195,0.180000007,100645456
GAME,Gujarat Ambuja Exports Ltd,/stocks/gujarat-ambuja-exports-GAME,Agro Products,GAEL,Smallcap,164.5200043,-0.5,100055624
GSP,GSP Crop Science Ltd,/stocks/gsp-crop-science-GSP,Fertilizers & Agro Chemicals,GSPCROP,Smallcap,403.7999878,2.089999914,99921648
SHIL,Shilchar Technologies Ltd,/stocks/shilchar-technologies-SHIL,Electrical Components & Equipments,SHILCTECH,Smallcap,4389.299805,-2.430000067,99722592
BLACK,Blackbuck Ltd,/stocks/zinka-logistics-solutions-BLACK,Logistics,BLACKBUCK,Smallcap,549,-0.300000012,99166664
SELA,Antelopus Selan Energy Ltd,/stocks/selan-exploration-technology-SELA,Oil & Gas - Exploration & Production,ANTELOPUS,Smallcap,802.3499756,-0.779999971,98873136
GSFC,Gujarat State Fertilizers & Chemicals Ltd,/stocks/gujarat-state-fertilizers-and-chemicals-GSFC,Fertilizers & Agro Chemicals,GSFC,Smallcap,162.3800049,1.269999981,98843272
ATUL,Atul Auto Ltd,/stocks/atul-auto-ATUL,Three Wheelers,ATULAUTO,Smallcap,489.8999939,-0.930000007,98557720
AYE,Aye Finance Ltd,/stocks/aye-finance-AYE,Consumer Finance,AYE,Smallcap,176.0599976,-3.690000057,97678592
WHIR,Whirlpool of India Ltd,/stocks/whirlpool-of-india-WHIR,Home Electronics & Appliances,WHIRLPOOL,Smallcap,808.1500244,-0.379999995,97597408
MOT,Motisons Jewellers Ltd,/stocks/motisons-jewellers-MOT,"Precious Metals, Jewellery & Watches",MOTISONS,Smallcap,14.17000008,,97541264
VOE,Virtuoso Optoelectronics Ltd,/stocks/virtuoso-optoelectronics-VOE,Home Electronics & Appliances,VOEPL,Smallcap,469.3500061,7.070000172,97252280
SWAR,Swaraj Engines Ltd,/stocks/swaraj-engines-SWAR,Tractors,SWARAJENG,Smallcap,3939.899902,-3.99000001,97209664
LUAT,Lumax AutoTechnologies Ltd,/stocks/lumax-autotechnologies-LUAT,Auto Parts,LUMAXTECH,Smallcap,1524.5,0.109999999,97163776
HAP,Happy Forgings Ltd,/stocks/happy-forgings-HAP,Heavy Machinery,HAPPYFORGE,Smallcap,1499.099976,-2.789999962,97100160
CENT,Centum Electronics Ltd,/stocks/centum-electronics-CENT,Electronic Equipments,CENTUM,Smallcap,3627,-1.809999943,97069864
CORON,Corona Remedies Ltd,/stocks/corona-remedies-CORON,Pharmaceuticals,CORONA,Smallcap,2037.900024,1.440000057,97021240
PNCA,Panacea Biotec Ltd,/stocks/panacea-biotec-PNCA,Biotechnology,PANACEABIO,Smallcap,551.2000122,0.540000021,96704240
HSNT,AGI Greenpac Ltd,/stocks/hsil-HSNT,Packaging,AGI,Smallcap,707.4500122,0.680000007,96693368
PRWR,Precision Wires India Ltd,/stocks/precision-wires-india-PRWR,Electrical Components & Equipments,PRECWIRE,Smallcap,400.75,-1.129999995,96692320
ARVF,Arvind Fashions Ltd,/stocks/arvind-fashions-ARVF,Textiles,ARVINDFASN,Smallcap,470.1499939,-0.939999998,96672312
NEOE,Neogen Chemicals Ltd,/stocks/neogen-chemicals-NEOE,Specialty Chemicals,NEOGEN,Smallcap,1968.300049,-0.119999997,96383464
SOLA,Solara Active Pharma Sciences Ltd,/stocks/solara-active-pharma-sciences-SOLA,Pharmaceuticals,SOLARA,Smallcap,575.8499756,0.680000007,96259480
FIS,Fischer Medical Ventures Ltd,/stocks/fischer-chemic-FIS,Health Care Equipment & Supplies,FISCHER,Smallcap,39.29000092,1.129999995,95959560
KROS,Kross Ltd,/stocks/kross-KROS,Auto Parts,KROSS,Smallcap,182.0200043,-2.00999999,94917360
JTEK,JTEKT India Ltd,/stocks/jtekt-india-JTEK,Auto Parts,JTEKTINDIA,Smallcap,146.9199982,-3.00999999,94471984
CRIZ,Crizac Ltd,/stocks/crizac-CRIZ,Education Services,CRIZAC,Smallcap,198.9499969,-0.560000002,93788272
TIPS,Tips Music Ltd,/stocks/tips-industries-TIPS,Movies & TV Serials,TIPSMUSIC,Smallcap,684.6500244,1.120000005,93681296
RAMD,Rane (Madras) Ltd,/stocks/rane-madras-RAMD,Auto Parts,RML,Smallcap,1206.800049,1.039999962,93562096
GHFC,Ganesh Housing Ltd,/stocks/ganesh-housing-corp-GHFC,Real Estate,GANESHHOU,Smallcap,810.5,3.839999914,92420352
ASIAO,Asian Energy Services Ltd,/stocks/asian-oilfield-services-ASIAO,Oil & Gas - Exploration & Production,ASIANENE,Smallcap,332.5,-4.190000057,92406384
TAA,TAAL Tech Ltd,/stocks/taal-enterprises-TAA,IT Services & Consulting,TAALTECH,Smallcap,3991.600098,10.18999958,92088584
HFDS,Hindustan Foods Ltd,/stocks/hindustan-foods-HFDS,FMCG - Foods,HNDFDS,Smallcap,551.0499878,-1.909999967,91938304
ADOR,Ador Welding Ltd,/stocks/ador-welding-ADOR,Industrial Machinery,ADOR,Smallcap,1317.800049,2.460000038,91845256
NUV,Nuvoco Vistas Corporation Ltd,/stocks/nuvoco-vistas-corporation-NUV,Cement,NUVOCO,Smallcap,322.3500061,2.069999933,91726304
RLXO,Relaxo Footwears Ltd,/stocks/relaxo-footwears-RLXO,Footwear,RELAXO,Smallcap,397.1499939,-2.049999952,91585256
GLS,Alivus Life Sciences Ltd,/stocks/glenmark-life-sciences-GLS,Pharmaceuticals,ALIVUS,Smallcap,1157.699951,-0.129999995,91577776
NAFT,National Fertilizers Ltd,/stocks/national-fertilizers-NAFT,Fertilizers & Agro Chemicals,NFL,Smallcap,75.62999725,0.439999998,91575176
GHCH,GHCL Ltd,/stocks/ghcl-GHCH,Commodity Chemicals,GHCL,Smallcap,430.1499939,-1.409999967,91431120
SKCT,Sasken Technologies Ltd,/stocks/sasken-technologies-SKCT,Software Services,SASKEN,Smallcap,2094,-3.029999971,91322568
IGAM,Igarashi Motors India Ltd,/stocks/igarashi-motors-india-IGAM,Auto Parts,IGARASHI,Smallcap,493.75,2.269999981,90798352
NPS,Network People Services Technologies Ltd,/stocks/network-people-services-technologies-NPS,Software Services,NPST,Smallcap,1744,2.869999886,90152912
UNIMC,Unimech Aerospace and Manufacturing Ltd,/stocks/unimech-aerospace-and-manufacturing-UNIMC,Aerospace & Defense Equipments,UNIMECH,Smallcap,1155.400024,-1.629999995,90121224
LANDA,Landmark Cars Ltd,/stocks/landmark-cars-LANDA,Retail - Speciality,LANDMARK,Smallcap,449.3999939,2.970000029,90094928
FDC,F D C Ltd,/stocks/f-d-c-FDC,Pharmaceuticals,FDC,Smallcap,433.7999878,-0.100000001,90027728
BIRE,Brookfield India Real Estate Trust,/stocks/brookfield-india-real-estate-trust-BIRE,Real Estate,BIRET,Smallcap,336.9899902,-0.01,89986848
ANUE,Anup Engineering Ltd,/stocks/anup-engineering-ANUE,Textiles,ANUP,Smallcap,2313.399902,2.019999981,89916264
CC,C2C Advanced Systems Ltd,/stocks/c2c-advanced-systems-CC,Software Services,C2C,Smallcap,405.0499878,7.170000076,89824368
CIA,Cian Agro Industries & Infrastructure Ltd,/stocks/cian-agro-industries-and-infrastructure-CIA,Agro Products,CIANAGRO,Smallcap,1623,-2.220000029,89758368
BAYE,Bayer Cropscience Ltd,/stocks/bayer-cropscience-BAYE,Fertilizers & Agro Chemicals,BAYERCROP,Smallcap,4135.600098,-0.49000001,89705336
VIML,Vimta Labs Ltd,/stocks/vimta-labs-VIML,Labs & Life Sciences Services,VIMTALABS,Smallcap,585.4500122,-0.200000003,89680720
ELTH,Electrotherm (India) Ltd,/stocks/electrotherm-india-ELTH,Iron & Steel,ELECTHERM,Smallcap,1200.300049,10,89266112
ACR,Carysil Ltd,/stocks/acrysil-ACR,Home Furnishing,CARYSIL,Smallcap,1162.099976,-1.769999981,89013264
RALL,Rallis India Ltd,/stocks/rallis-india-RALL,Fertilizers & Agro Chemicals,RALLIS,Smallcap,228.1399994,0.379999995,88587256
KVRI,Kaveri Seed Company Ltd,/stocks/kaveri-seed-company-KVRI,Seeds,KSCL,Smallcap,919.2000122,0.550000012,88066824
DNBK,Dhanlaxmi Bank Ltd,/stocks/dhanlaxmi-bank-DNBK,Private Banks,DHANBANK,Smallcap,34.09000015,1.610000014,87678568
MODIM,Modi's Navnirman Ltd,/stocks/modis-navnirman-MODIM,Real Estate,MODIS,Smallcap,335.1499939,0.449999988,87577424
DJM,DJ Mediaprint & Logistics Ltd,/stocks/dj-mediaprint-and-logistics-DJM,Logistics,DJML,Smallcap,121.8700027,2.569999933,87407632
AMIC,AMIC Forging Ltd,/stocks/amic-forging-AMIC,Industrial Machinery,AMIC,Smallcap,1830,2,87289952
EUREK,Eureka Forbes Ltd,/stocks/eureka-forbes-EUREK,Home Electronics & Appliances,EUREKAFORB,Smallcap,476,-1.019999981,87161056
PRFO,Prime Focus Ltd,/stocks/prime-focus-PRFO,Animation,PFOCUS,Smallcap,235.9900055,-3,87096592
NABV,Nava Limited,/stocks/nava-bharat-ventures-NABV,Iron & Steel,NAVA,Smallcap,622.3499756,0.360000014,87083024
GJIP,Gujarat Industries Power Company Ltd,/stocks/gujarat-industries-power-company-GJIP,Power Generation,GIPCL,Smallcap,162.3399963,2.970000029,86883072
JSHE,Jash Engineering Ltd,/stocks/jash-engineering-JSHE,Construction & Engineering,JASH,Smallcap,492,-2.769999981,86760920
PURA,Puravankara Ltd,/stocks/puravankara-PURA,Real Estate,PURVA,Smallcap,221.5700073,2.960000038,86476008
DEVY,Devyani International Ltd,/stocks/devyani-international-DEVY,Restaurants & Cafes,DEVYANI,Smallcap,114.1900024,-0.100000001,86343248
ALOK,Alok Industries Ltd,/stocks/alok-industries-ALOK,Textiles,ALOKINDS,Smallcap,13.14999962,-0.899999976,85842408
ETH,Ethos Ltd,/stocks/ethos-ETH,"Precious Metals, Jewellery & Watches",ETHOSLTD,Smallcap,2494.800049,-0.360000014,85476256
ACA,Archean Chemical Industries Ltd,/stocks/archean-chemical-industries-ACA,Commodity Chemicals,ACI,Smallcap,539.6500244,1.5,85460640
BJHN,Bajaj Hindusthan Sugar Ltd,/stocks/bajaj-hindusthan-sugar-BJHN,Sugar,BAJAJHIND,Smallcap,17.87999916,-1.110000014,85401640
RPE,Raghav Productivity Enhancers Ltd,/stocks/raghav-productivity-enhancers-RPE,Specialty Chemicals,RPEL,Smallcap,1261.5,-2.579999924,85275616
OMAX,Omaxe Ltd,/stocks/omaxe-OMAX,Real Estate,OMAXE,Smallcap,79.5,1.710000038,84990896
RSPO,Responsive Industries Ltd,/stocks/responsive-industries-RSPO,Building Products - Granite,RESPONIND,Smallcap,212.8699951,5.489999771,84921056
AJME,Ajmera Realty & Infra India Ltd,/stocks/ajmera-realty-and-infra-india-AJME,Real Estate,AJMERA,Smallcap,136.3000031,0.959999979,84890552
ABL,Aditya Birla Lifestyle Brands Ltd,/stocks/aditya-birla-lifestyle-brands-ABL,Retail - Apparel,ABLBL,Smallcap,97.88999939,-0.409999996,84839952
VGUA,V Guard Industries Ltd,/stocks/v-guard-industries-VGUA,Electrical Components & Equipments,VGUARD,Smallcap,302.8999939,-2.710000038,84283336
PTCI,PTC India Ltd,/stocks/ptc-india-PTCI,Power Trading & Consultancy,PTC,Smallcap,177.6600037,0.209999993,84251584
AVAS,Aavas Financiers Ltd,/stocks/aavas-financiers-AVAS,Home Financing,AAVAS,Smallcap,1506.099976,0.150000006,83174696
TVS,TVS Supply Chain Solutions Ltd,/stocks/tvs-supply-chain-solutions-TVS,Logistics,TVSSCS,Smallcap,136.4100037,-0.579999983,83052952
KIRL,Kirloskar Industries Ltd,/stocks/kirloskar-industries-KIRL,Investment Banking & Brokerage,KIRLOSIND,Smallcap,4099.899902,0.07,82927336
RELV,Swan Defence and Heavy Industries Ltd,/stocks/swan-defence-and-heavy-industries-ltd-RELV,Shipbuilding,SWANDEF,Smallcap,2339.800049,-0.170000002,82522048
BML,Bio Medica Laboratories Ltd,/stocks/bio-medica-laboratories-BML,Pharmaceuticals,BMLL,Smallcap,140,0.109999999,82396440
SHRI,SEPC Ltd,/stocks/shriram-epc-SHRI,Construction & Engineering,SEPC,Smallcap,6.690000057,0.75,82253264
ZOTA,Zota Health Care Ltd,/stocks/zota-health-care-ZOTA,Pharmaceuticals,ZOTA,Smallcap,1444.900024,0.439999998,81878536
FRE,Fredun Pharmaceuticals Ltd,/stocks/fredun-pharmaceuticals-FRE,Pharmaceuticals,FREDUN,Smallcap,2588.800049,-6.159999847,81601744
BDYN,Bombay Dyeing and Mfg Co Ltd,/stocks/bombay-dyeing-and-mfg-co-BDYN,Textiles,BOMDYEING,Smallcap,130,-1.559999943,81477680
BATA,Bata India Ltd,/stocks/bata-india-BATA,Footwear,BATAINDIA,Smallcap,696.5999756,-0.280000001,81190664
PAPT,Panama Petrochem Ltd,/stocks/panama-petrochem-PAPT,Specialty Chemicals,PANAMAPET,Smallcap,425.5499878,0.159999996,81033232
MRT,Merritronix LTD,/stocks/merritronix-MRT,Electronic Equipments,MRTX,Smallcap,419,5.050000191,80770952
BHIL,Bhagyanagar India Ltd,/stocks/bhagyanagar-india-BHIL,Electrical Components & Equipments,BHAGYANGR,Smallcap,371.5,-4.690000057,80433912
JULS,Jubilant Pharmova Ltd,/stocks/jubilant-life-sciences-JULS,Pharmaceuticals,JUBLPHARMA,Smallcap,969.2000122,-0.409999996,80027720
UBBW,United Breweries Ltd,/stocks/united-breweries-UBBW,Alcoholic Beverages,UBL,Smallcap,1345,-0.899999976,79900088
KNRL,KNR Constructions Ltd,/stocks/knr-constructions-KNRL,Construction & Engineering,KNRCON,Smallcap,131.3999939,-0.550000012,79423848
RTNP,RattanIndia Power Ltd,/stocks/rattanindia-power-RTNP,Power Generation,RTNPOWER,Smallcap,9.159999847,-0.649999976,79385800
FLAI,Flair Writing Industries Ltd,/stocks/flair-writing-industries-FLAI,Stationery,FLAIR,Smallcap,260.1000061,-2.769999981,79277872
AFCO,Afcons Infrastructure Ltd,/stocks/afcons-infrastructure-AFCO,Construction & Engineering,AFCONS,Smallcap,312.1499939,-0.720000029,79275624
ITEL,ITI Ltd,/stocks/iti-ITEL,Telecom Equipments,ITI,Smallcap,297.9500122,-0.579999983,78632368
DDE,Ddev Plastiks Industries Ltd,/stocks/ddev-plastiks-industries-DDE,Plastic Products,DDEVPLSTIK,Smallcap,282.4500122,0.769999981,78566256
AVGL,AVG Logistics Ltd,/stocks/avg-logistics-AVGL,Logistics,AVG,Smallcap,224.2400055,7.269999981,78490944
KPL,Kwality Pharmaceuticals Ltd,/stocks/kwality-pharmaceuticals-KPL,Pharmaceuticals,KPL,Smallcap,2678.699951,-2.430000067,78453232
VNTI,Vinati Organics Ltd,/stocks/vinati-organics-VNTI,Specialty Chemicals,VINATIORGA,Smallcap,1323.199951,1.779999971,78355752
AKU,Akums Drugs and Pharmaceuticals Ltd,/stocks/akums-drugs-and-pharmaceuticals-AKU,Pharmaceuticals,AKUMS,Smallcap,626.7999878,-1.669999957,77967128
VESU,Vesuvius India Ltd,/stocks/vesuvius-india-VESU,Industrial Machinery,VESUVIUS,Smallcap,470.2000122,-0.779999971,77904072
GAT,Gateway Distriparks Ltd,/stocks/gateway-distriparks-GAT,Logistics,GATEWAY,Smallcap,61.86000061,0.730000019,77761184
EIMC,Eimco Elecon (India) Ltd,/stocks/eimco-elecon-india-EIMC,Industrial Machinery,EIMCOELECO,Smallcap,1845.5,0.02,77663368
INDIS,India Shelter Finance Corporation Ltd,/stocks/india-shelter-finance-corporation-INDIS,Home Financing,INDIASHLTR,Smallcap,789.8499756,2.25,77585984
LXC,Laxmi Organic Industries Ltd,/stocks/laxmi-organic-industries-LXC,Specialty Chemicals,LXCHEM,Smallcap,161.4799957,-0.629999995,76983032
VERAN,Veranda Learning Solutions Ltd,/stocks/veranda-learning-solutions-VERAN,Education Services,VERANDA,Smallcap,246.8999939,-0.079999998,76937240
MAHH,Mahindra Holidays and Resorts India Ltd,/stocks/mahindra-holidays-and-resorts-india-MAHH,"Hotels, Resorts & Cruise Lines",MHRIL,Smallcap,236.5599976,-0.340000004,76889656
MARS,Marsons Ltd,/stocks/marsons-MARS,Heavy Electrical Equipments,MARSONS,Smallcap,113.6200027,-0.560000002,76846448
PRKI,Prakash Industries Ltd,/stocks/prakash-industries-PRKI,Iron & Steel,PRAKASH,Smallcap,137.9199982,-0.810000002,76773360
BTAD,Beta Drugs Ltd,/stocks/beta-drugs-BTAD,Pharmaceuticals,BETA,Smallcap,2090.5,-3.019999981,76724968
BALAJ,Balaji Phosphates Ltd,/stocks/balaji-phosphates-BALAJ,Fertilizers & Agro Chemicals,BALAJIPHOS,Smallcap,89.09999847,0.109999999,76451000
KRL,SG Mart Ltd,/stocks/kintech-renewables-KRL,Building Products - Others,SGMART,Smallcap,600.9500122,-0.360000014,76055520
RAMC,Ramco Industries Ltd,/stocks/ramco-industries-RAMC,Cement,RAMCOIND,Smallcap,336.1000061,0.209999993,75424440
MAST,Mastek Ltd,/stocks/mastek-MAST,IT Services & Consulting,MASTEK,Smallcap,1621.300049,0.49000001,75117736
SRES,Shree Renuka Sugars Ltd,/stocks/shree-renuka-sugars-SRES,Sugar,RENUKA,Smallcap,22.98999977,-0.730000019,75021408
GTLI,GTL Infrastructure Ltd,/stocks/gtl-infrastructure-GTLI,Telecom Infrastructure,GTLINFRA,Smallcap,1.350000024,-1.460000038,74976328
HEAC,Healthcare Global Enterprises Ltd,/stocks/healthcare-global-enterprises-HEAC,Hospitals & Diagnostic Centres,HCG,Smallcap,654.7999878,0.889999986,74768232
MUAU,Munjal Auto Industries Ltd,/stocks/munjal-auto-industries-MUAU,Auto Parts,MUNJALAU,Smallcap,99.38999939,1.330000043,74650696
ADRG,Aarti Drugs Ltd,/stocks/aarti-drugs-ADRG,Pharmaceuticals,AARTIDRUGS,Smallcap,386.6000061,0.560000002,74571864
ASM,ASM Technologies Ltd,/stocks/asm-technologies-ASM,IT Services & Consulting,ASMTEC,Smallcap,4034.899902,-2.349999905,74511440
GAND,Gandhar Oil Refinery India Ltd,/stocks/gandhar-oil-refinery-india-GAND,Oil & Gas - Refining & Marketing,GANDHAR,Smallcap,186.7299957,-0.059999999,74327256
UTS,Utssav CZ Gold Jewels Ltd,/stocks/utssav-cz-gold-jewels-UTS,"Precious Metals, Jewellery & Watches",UTSSAV,Smallcap,504.8500061,4.070000172,74154152
KRYS,Krystal Integrated Services Ltd,/stocks/krystal-integrated-services-KRYS,Business Support Services,KRYSTAL,Smallcap,604.2999878,0.639999986,74125304
BASF,BASF India Ltd,/stocks/basf-india-BASF,Diversified Chemicals,BASF,Smallcap,3664.100098,0.730000019,74011496
HUBT,Hubtown Ltd,/stocks/hubtown-HUBT,Real Estate,HUBTOWN,Smallcap,212.8800049,-0.079999998,73772576
KANE,Kansai Nerolac Paints Ltd,/stocks/kansai-nerolac-paints-KANE,Paints,KANSAINER,Smallcap,211.8300018,-0.340000004,73766560
DEEPI,Deep Industries Ltd,/stocks/deep-industries-DEEPI,Oil & Gas - Equipment & Services,DEEPINDS,Smallcap,463.0499878,2.039999962,73667152
GRPL,Greenply Industries Ltd,/stocks/greenply-industries-GRPL,Wood Products,GREENPLY,Smallcap,316,2.480000019,73213128
SMSP,SMS Pharmaceuticals Ltd,/stocks/sms-pharmaceuticals-SMSP,Pharmaceuticals,SMSPHARMA,Smallcap,421.4500122,0.910000026,72908576
CHEMP,Chemplast Sanmar Ltd,/stocks/chemplast-sanmar-CHEMP,Building Products - Pipes,CHEMPLASTS,Smallcap,207.3099976,-2.529999971,72898856
VDLI,Vadilal Industries Ltd,/stocks/vadilal-industries-VDLI,FMCG - Foods,VADILALIND,Smallcap,6361.5,2.539999962,72775672
SICR,Sirca Paints India Ltd,/stocks/sirca-paints-india-SICR,Paints,SIRCA,Smallcap,402.4500122,0.289999992,72234168
KRBL,KRBL Ltd,/stocks/krbl-KRBL,Packaged Foods & Meats,KRBL,Smallcap,375.5,-1.179999948,71871272
GKE,GK Energy Ltd,/stocks/gk-energy-GKE,Renewable Energy Equipment & Services,GKENERGY,Smallcap,139.6399994,-0.689999998,71802184
SILT,Silver Touch Technologies Ltd,/stocks/silver-touch-technologies-SILT,IT Services & Consulting,SILVERTUC,Smallcap,182.1499939,2.00999999,71658576
MADHD,Madhusudan Masala Ltd,/stocks/madhusudan-masala-MADHD,Packaged Foods & Meats,MADHUSUDAN,Smallcap,238,7.989999771,71568600
GPT,GPT Healthcare Ltd,/stocks/gpt-healthcare-GPT,Hospitals & Diagnostic Centres,GPTHEALTH,Smallcap,158.8200073,1.5,71485128
SUNT,Sunteck Realty Ltd,/stocks/sunteck-realty-SUNT,Real Estate,SUNTECK,Smallcap,330.9500122,0.150000006,70971840
NEFI,Network18 Media & Investments Ltd,/stocks/network18-media-and-investments-NEFI,Movies & TV Serials,NETWORK18,Smallcap,32.95999908,-0.449999988,70944728
SUPE,Suprajit Engineering Ltd,/stocks/suprajit-engineering-SUPE,Auto Parts,SUPRAJIT,Smallcap,480.9500122,2.039999962,70922960
MASF,MAS Financial Services Ltd,/stocks/mas-financial-services-MASF,Diversified Financials,MASFIN,Smallcap,322.0499878,1.049999952,70913680
TCIL,Transport Corporation of India Ltd,/stocks/transport-corporation-of-india-TCIL,Logistics,TCI,Smallcap,930.8499756,-0.670000017,70642792
TEG,Tega Industries Ltd,/stocks/tega-industries-TEG,Industrial Machinery,TEGA,Smallcap,1643.800049,-1.600000024,70600448
SCOD,Scoda Tubes Ltd,/stocks/scoda-tubes-SCOD,Industrial Machinery,SCODATUBES,Smallcap,150.3500061,3.880000114,70394328
SUY,Suyog Telematics Ltd,/stocks/suyog-telematics-SUY,Telecom Infrastructure,SUYOG,Smallcap,876.8499756,0.469999999,70341472
EXH,Exhicon Events Media Solutions Ltd,/stocks/exhicon-events-media-solutions-EXH,Advertising,EXHICON,Smallcap,494.1000061,7.019999981,70160328
MINS,Mindspace Business Parks REIT,/stocks/mindspace-business-parks-reit-MINS,Real Estate,MINDSPACE,Smallcap,485.9400024,0.50999999,70120656
SHAD,Sharda Motor Industries Ltd,/stocks/sharda-motor-industries-SHAD,Auto Parts,SHARDAMOTR,Smallcap,898.5499878,-0.769999981,69902968
PROR,Procter & Gamble Health Ltd,/stocks/procter-and-gamble-health-PROR,Pharmaceuticals,PGHL,Smallcap,6349,-1.75999999,69318592
THRM,Thirumalai Chemicals Ltd,/stocks/thirumalai-chemicals-THRM,Commodity Chemicals,TIRUMALCHM,Smallcap,184.0500031,0.119999997,69230728
PRAT,Prataap Snacks Ltd,/stocks/prataap-snacks-PRAT,Packaged Foods & Meats,DIAMONDYD,Smallcap,1204.699951,1.049999952,69027064
PRU,Prudent Corporate Advisory Services Ltd,/stocks/prudent-corporate-advisory-services-PRU,Asset Management,PRUDENT,Smallcap,3003,-0.02,68662264
VMA,V-Marc India Ltd,/stocks/v-marc-india-VMA,Electrical Components & Equipments,VMARCIND,Smallcap,1546.349976,-0.889999986,68395016
SERO,Servotech Renewable Power System Ltd,/stocks/servotech-power-systems-SERO,Electrical Components & Equipments,SERVOTECH,Smallcap,101.3700027,-0.189999998,68303920
MANY,Vedant Fashions Ltd,/stocks/vedant-fashions-MANY,Textiles,MANYAVAR,Smallcap,401.1000061,-1.610000014,68241600
NGL,Ngl Fine Chem Ltd,/stocks/ngl-fine-chem-NGL,Pharmaceuticals,NGLFINE,Smallcap,3206,9.140000343,68113992
MODIU,Modern Insulators Ltd,/stocks/modern-insulators-MODIU,Electrical Components & Equipments,MODINSU,Smallcap,551.5499878,4.010000229,67874928
RSL,Rajputana Stainless Ltd,/stocks/rajputana-stainless-RSL,Metals - Diversified,RSL,Smallcap,129.9900055,-0.829999983,67579856
APM,Mufin Green Finance Ltd,/stocks/apm-finvest-APM,Specialized Finance,MUFIN,Smallcap,135.0399933,-0.189999998,67129304
SPJT,Spicejet Ltd,/stocks/spicejet-SPJT,Airlines,SPICEJET,Smallcap,12.07999992,-1.230000019,66764988
INTEI,Interarch Building Solutions Ltd,/stocks/interarch-building-products-INTEI,Building Products - Prefab Structures,INTERARCH,Smallcap,1881.300049,-1.460000038,66556340
BIK,Bikaji Foods International Ltd,/stocks/bikaji-foods-international-BIK,FMCG - Foods,BIKAJI,Smallcap,662.2000122,1.070000052,66491824
GENS,Genesys International Corporation Ltd,/stocks/genesys-international-corporation-GENS,IT Services & Consulting,GENESYS,Smallcap,337.75,0.579999983,66477928
DATC,Datamatics Global Services Ltd,/stocks/datamatics-global-services-DATC,IT Services & Consulting,DATAMATICS,Smallcap,819.3499756,-0.920000017,65864840
HUHT,Huhtamaki India Ltd,/stocks/huhtamaki-india-HUHT,Packaging,HUHTAMAKI,Smallcap,215.6300049,2.339999914,65836248
SAFA,Safari Industries (India) Ltd,/stocks/safari-industries-india-SAFA,Apparel & Accessories,SAFARI,Smallcap,1617.5,-1.370000005,65815492
REII,Reliance Industrial Infrastructure Ltd,/stocks/reliance-industrial-infrastructure-REII,Oil & Gas - Storage & Transportation,RIIL,Smallcap,810.2999878,-0.560000002,65374804
RELT,Ravindra Energy Ltd,/stocks/ravindra-energy-RELT,Electrical Components & Equipments,RELTD,Smallcap,167.6799927,0.959999979,65365980
HEFI,Heritage Foods Ltd,/stocks/heritage-foods-HEFI,FMCG - Foods,HERITGFOOD,Smallcap,336.1000061,0.430000007,65107468
MEDP,MedPlus Health Services Ltd,/stocks/medplus-health-services-MEDP,Online Services,MEDPLUS,Smallcap,822,0.620000005,64896920
GMR,GMR Power and Urban Infra Ltd,/stocks/gmr-power-and-urban-infra-GMR,Power Generation,GMRP&UI,Smallcap,99.94999695,-0.189999998,64453576
SBTV,Aqylon Nexus Ltd,/stocks/sri-adhikari-brothers-television-network-SBTV,Technology Hardware,AQYLON,Smallcap,44.72999954,4.360000134,64433420
SAOL,Savita Oil Technologies Ltd,/stocks/savita-oil-technologies-SAOL,Commodity Chemicals,SOTL,Smallcap,532.6500244,3.079999924,64250672
JUBLC,Jubilant Agri and Consumer Products Ltd,/stocks/jubilant-agri-and-consumer-products-JUBLC,Agro Products,JUBLCPL,Smallcap,2186.699951,5.460000038,64149800
CEI,Ceinsys Tech Ltd,/stocks/ceinsys-tech-CEI,Software Services,CEINSYS,Smallcap,935.2999878,1.169999957,63674932
VMAR,V-mart Retail Ltd,/stocks/v-mart-retail-VMAR,Retail - Department Stores,VMART,Smallcap,797.9000244,0.99000001,63536044
SWPI,South West Pinnacle Exploration Ltd,/stocks/south-west-pinnacle-exploration-SWPI,Mining - Diversified,SOUTHWEST,Smallcap,226.3699951,4.690000057,63288772
PNCI,PNC Infratech Ltd,/stocks/pnc-infratech-PNCI,Construction & Engineering,PNCINFRA,Smallcap,236,0.039999999,63145496
KITE,Kitex Garments Ltd,/stocks/kitex-garments-KITE,Apparel & Accessories,KITEX,Smallcap,159.8800049,-0.959999979,63121012
JGSN,Jagsonpal Pharmaceuticals Ltd,/stocks/jagson-pal-pharmaceuticals-JGSN,Pharmaceuticals,JAGSNPHARM,Smallcap,236.6199951,0.670000017,62711456
DANI,Danish Power Ltd,/stocks/danish-power-DANI,Heavy Electrical Equipments,DANISH,Smallcap,961.2000122,-6.400000095,62670804
BJEL,Bajaj Electricals Ltd,/stocks/bajaj-electricals-BJEL,Home Electronics & Appliances,BAJAJELEC,Smallcap,328.9500122,-0.379999995,62546216
BHAN,Bhansali Engineering Polymers Ltd,/stocks/bhansali-engg-polymers-BHAN,Commodity Chemicals,BEPL,Smallcap,102.8499985,0.460000008,62294732
HINDE,Algoquant Fintech Ltd,/stocks/hindustan-everest-tools-HINDE,Investment Banking & Brokerage,ALGOQUANT,Smallcap,57.65999985,-0.879999995,62277856
ONEP,One Point One Solutions Ltd,/stocks/one-point-one-solutions-ONEP,Outsourced services,ONEPOINT,Smallcap,58.88000107,0.150000006,62179360
CAMF,Camlin Fine Sciences Ltd,/stocks/camlin-fine-sciences-CAMF,Specialty Chemicals,CAMLINFINE,Smallcap,136.7599945,0.360000014,62061356
BLDT,Blue Dart Express Ltd,/stocks/blue-dart-express-BLDT,Logistics,BLUEDART,Smallcap,4851.899902,-0.949999988,62017468
FLA,John Cockerill India Ltd,/stocks/john-cockerill-india-FLA,Industrial Machinery,COCKERILL,Smallcap,8947.5,-1.75,61843496
KRN,KRN Heat Exchanger and Refrigeration Ltd,/stocks/krn-heat-exchanger-and-refrigeration-KRN,Electrical Components & Equipments,KRN,Smallcap,1214.800049,-0.469999999,61695376
REDT,RedTape,/stocks/redtape-REDT,Retail - Apparel,REDTAPE,Smallcap,139.1799927,1.279999971,61659676
YASH,Yasho Industries Ltd,/stocks/yasho-industries-YASH,Specialty Chemicals,YASHO,Smallcap,2972.899902,0.569999993,61576752
PNBG,Pnb Gilts Ltd,/stocks/pnb-gilts-PNBG,Investment Banking & Brokerage,PNBGILTS,Smallcap,90.62999725,-0.119999997,61561392
SBFC,SBFC Finance Ltd,/stocks/sbfc-finance-SBFC,Specialized Finance,SBFC,Smallcap,91.25,0.140000001,61446156
DOM,Doms Industries Ltd,/stocks/doms-industries-DOM,Stationery,DOMS,Smallcap,2310.5,-1.269999981,61322924
NARD,Narmada Agrobase Ltd,/stocks/narmada-agrobase-NARD,Agro Products,NARMADA,Smallcap,36.34000015,3.74000001,60990144
PSPP,PSP Projects Ltd,/stocks/psp-projects-PSPP,Construction & Engineering,PSPPROJECT,Smallcap,1025.800049,-0.829999983,60880048
AWF,Awfis Space Solutions Ltd,/stocks/awfis-space-solutions-AWF,Business Support Services,AWFIS,Smallcap,301.3999939,-1.370000005,60833160
ABDL,Ashoka Buildcon Ltd,/stocks/ashoka-buildcon-ABDL,Construction & Engineering,ASHOKA,Smallcap,132.0500031,-0.239999995,60597716
GALM,Gallantt Ispat Ltd,/stocks/gallantt-metal-GALM,Iron & Steel,GALLANTT,Smallcap,688.75,1.299999952,60547360
63MO,63 Moons Technologies Ltd,/stocks/63-moons-technologies-63MO,IT Services & Consulting,63MOONS,Smallcap,657.9000244,-0.540000021,59999868
GRAU,Grauer And Weil (India) Ltd,/stocks/grauer-and-weil-india-GRAU,Specialty Chemicals,GRAUWEIL,Smallcap,83.16999817,1.279999971,59688048
NATI,National Standard (India) Ltd,/stocks/national-standard-india-NATI,Real Estate,NATIONSTD,Smallcap,963.9000244,-19.98999977,59448032
MANE,Marathon Nextgen Realty Ltd,/stocks/marathon-nextgen-realty-MANE,Real Estate,MARATHON,Smallcap,427.2000122,2.130000114,59033440
VAIB,Vaibhav Global Ltd,/stocks/vaibhav-global-VAIB,Apparel & Accessories,VAIBHAVGBL,Smallcap,236.1199951,-0.159999996,58909912
CELLO,Cello World Ltd,/stocks/cello-world-CELLO,FMCG - Household Products,CELLO,Smallcap,366.8500061,-0.610000014,58798972
IZMO,Izmo Ltd,/stocks/izmo-IZMO,Software Services,IZMO,Smallcap,992.5,-2.029999971,58788528
SNFS,Sundram Fasteners Ltd,/stocks/sundram-fasteners-SNFS,Auto Parts,SUNDRMFAST,Smallcap,932.1500244,-1.519999981,58252396
NEPHR,Nephrocare Health Services Ltd,/stocks/nephrocare-health-services-NEPHR,Hospitals & Diagnostic Centres,NEPHROPLUS,Smallcap,671.9500122,-0.439999998,58143000
KALAM,Sai Silks (Kalamandir) Ltd,/stocks/sai-silks-kalamandir-KALAM,Textiles,KALAMANDIR,Smallcap,105.8300018,0.200000003,57571308
SUBR,Subros Ltd,/stocks/subros-SUBR,Auto Parts,SUBROS,Smallcap,848.0999756,-0.07,57501724
MAHN,CIE Automotive India Ltd,/stocks/mahindra-cie-automotive-MAHN,Auto Parts,CIEINDIA,Smallcap,471.0499878,-0.649999976,57279760
POKR,Pokarna Ltd,/stocks/pokarna-POKR,Cement,POKARNA,Smallcap,1024.199951,-0.07,57124032
BCLI,BCL Industries Ltd,/stocks/bcl-industries-BCLI,FMCG - Foods,BCLIND,Smallcap,36.52000046,3.839999914,57070364
FIIN,Fiem Industries Ltd,/stocks/fiem-industries-FIIN,Auto Parts,FIEMIND,Smallcap,2261.699951,,56933156
GNR,Gujarat Natural Resources Ltd,/stocks/gujarat-natural-resources-GNR,Oil & Gas - Exploration & Production,GNRL,Smallcap,102.6600037,-2.420000076,56924028
CRAM,Canara Robeco Asset Management Company Ltd,/stocks/canara-robeco-asset-management-company-CRAM,Asset Management,CRAMC,Smallcap,255.7799988,0.01,56879416
TIPC,Tipco Engineering India Ltd,/stocks/tipco-engineering-india-TIPC,Industrial Machinery,TIPCO,Smallcap,193.3500061,5,56830976
MACP,Macpower Cnc Machines Ltd,/stocks/macpower-cnc-machines-MACP,Industrial Machinery,MACPOWER,Smallcap,1422.199951,2.059999943,56726732
REXP,Rajesh Exports Ltd,/stocks/rajesh-exports-REXP,"Precious Metals, Jewellery & Watches",RAJESHEXPO,Smallcap,95.01999664,3.640000105,56704768
ASHI,Ashika Global Securities Ltd,/stocks/ashika-credit-capital-ASHI,IT Services & Consulting,ASHIKA,Smallcap,396.25,1.539999962,56552716
SYMP,Symphony Ltd,/stocks/symphony-SYMP,Home Electronics & Appliances,SYMPHONY,Smallcap,695.25,0.550000012,56422392
SELEC,Schneider Electric President Systems Ltd,/stocks/schneider-electric-president-systems-SELEC,Electrical Components & Equipments,SELECTRIC,Smallcap,1669.25,10,56383928
PAIS,5Paisa Capital Ltd,/stocks/5paisa-capital-PAIS,Diversified Financials,5PAISA,Smallcap,387.6499939,0.610000014,56378708
NAVR,Navkar Corporation Ltd,/stocks/navkar-corporation-NAVR,Logistics,NAVKARCORP,Smallcap,110.9700012,-0.930000007,56367360
VNDY,Vindhya Telelinks Ltd,/stocks/vindhya-telelinks-VNDY,Telecom Equipments,VINDHYATEL,Smallcap,2032.900024,-1.789999962,56332008
VENK,Venky's (India) Ltd,/stocks/venkys-india-VENK,Packaged Foods & Meats,VENKEYS,Smallcap,1426.099976,-0.280000001,56305196
OBS,OBSC Perfection Ltd,/stocks/obsc-perfection-OBS,Auto Parts,OBSCP,Smallcap,606.75,1.980000019,56041488
GMMP,GMM Pfaudler Ltd,/stocks/gmm-pfaudler-GMMP,Industrial Machinery,GMMPFAUDLR,Smallcap,776.75,0.689999998,55999688
EIHO,EIH Ltd,/stocks/eih-EIHO,"Hotels, Resorts & Cruise Lines",EIHOTEL,Smallcap,329.3999939,1.149999976,55794656
ORCD,Orchid Pharma Ltd,/stocks/orchid-pharma-ORCD,Pharmaceuticals,ORCHPHARMA,Smallcap,956.4000244,-2.339999914,55775076
MUKA,Mukand Ltd,/stocks/mukand-MUKA,Iron & Steel,MUKANDLTD,Smallcap,132.9900055,0.02,55668136
NII,Niit Learning Systems Ltd,/stocks/niit-learning-systems-NII,Education Services,NIITMTS,Smallcap,238.1699982,2.039999962,55630220
KPE,K.P. Energy Ltd,/stocks/kp-energy-KPE,Renewable Energy,KPEL,Smallcap,342,-0.200000003,54905672
NIVA,Niva Bupa Health Insurance Company Ltd,/stocks/niva-bupa-health-insurance-company-NIVA,Insurance,NIVABUPA,Smallcap,86.62000275,0.389999986,54780120
SFLG,Sunflag Iron and Steel Co Ltd,/stocks/sunflag-iron-and-steel-co-SFLG,Iron & Steel,SUNFLAG,Smallcap,353.3500061,-0.550000012,54746964
BRLC,Birla Corporation Ltd,/stocks/birla-corporation-BRLC,Cement,BIRLACORPN,Smallcap,981.5499878,0.029999999,54595024
WINDL,Windlas Biotech Ltd,/stocks/windlas-biotech-WINDL,Pharmaceuticals,WINDLAS,Smallcap,871.9000244,1.24000001,54285944
DPE,Divine Power Energy Ltd,/stocks/divine-power-energy-DPE,Cables,DPEL,Smallcap,515.5999756,3.880000114,54236700
ERDY,Eveready Industries India Ltd,/stocks/eveready-industries-india-ERDY,Batteries,EVEREADY,Smallcap,367.7999878,-1.340000033,54155940
CEW,Concord Enviro Systems Ltd,/stocks/concord-enviro-systems-CEW,Environmental Services,CEWATER,Smallcap,329.25,-1.639999986,53780304
GYSC,Shah Metacorp Ltd,/stocks/gyscoal-alloys-GYSC,Iron & Steel,SHAH,Smallcap,4.860000134,2.529999971,53226616
ANO,Anondita Medicare Ltd,/stocks/anondita-medicare-ANO,FMCG - Personal Products,ANONDITA,Smallcap,1197.900024,0.769999981,53207184
MOLT,Mold-Tek Packaging Ltd,/stocks/mold-tek-packaging-MOLT,Plastic Products,MOLDTKPAC,Smallcap,704.8499756,-1.070000052,53184200
SHREF,Shree Refrigerations Ltd,/stocks/shree-refrigerations-SHREF,Building Products - Others,SHREEREF,Smallcap,370.5,-3.74000001,52903872
LUXI,Lux Industries Ltd,/stocks/lux-industries-LUXI,Apparel & Accessories,LUXIND,Smallcap,1244.599976,0.519999981,52737148
BAJ,Bajaj Healthcare Ltd,/stocks/bajaj-healthcare-BAJ,Pharmaceuticals,BAJAJHCARE,Smallcap,344.6000061,0.660000026,52663692
ELLE,Ellenbarrie Industrial Gases Ltd,/stocks/ellenbarrie-industrial-gases-ELLE,Commodity Chemicals,ELLEN,Smallcap,261.25,-0.400000006,52548188
MICR,20 Microns Ltd,/stocks/20-microns-MICR,Specialty Chemicals,20MICRONS,Smallcap,204.3600006,1.279999971,52538420
HOEX,Hindustan Oil Exploration Company Ltd,/stocks/hindustan-oil-exploration-company-HOEX,Oil & Gas - Exploration & Production,HINDOILEXP,Smallcap,160.2100067,0.560000002,52087620
INI,Insolation Energy Ltd,/stocks/insolation-energy-INI,Renewable Energy,INA,Smallcap,113.8499985,-1.720000029,52068264
JYTS,Jyoti Structures Ltd,/stocks/jyoti-structures-JYTS,Power Transmission & Distribution,JYOTISTRUC,Smallcap,11.85000038,-1.090000033,51946376
GLOS,Globus Spirits Ltd,/stocks/globus-spirits-GLOS,Alcoholic Beverages,GLOBUSSPR,Smallcap,910.5,-1.830000043,51897584
TTML,Tata Teleservices (Maharashtra) Ltd,/stocks/tata-teleservices-maharashtra-TTML,Telecom Services,TTML,Smallcap,42.77000046,-0.699999988,51549368
CAPIN,Capital Infra Trust,/stocks/capital-infra-trust-CAPIN,Construction & Engineering,CAPINVIT,Smallcap,74.26999664,1.74000001,51510888
EMMF,Emmforce Autotech Ltd,/stocks/emmforce-autotech-EMMF,Auto Parts,EMMFORCE,Smallcap,184.8999939,9.380000114,51382548
CNTP,Century Plyboards (India) Ltd,/stocks/century-plyboards-india-CNTP,Wood Products,CENTURYPLY,Smallcap,775.0999756,2.589999914,51237664
RMT,Ratnamani Metals and Tubes Ltd,/stocks/ratnamani-metals-and-tubes-RMT,Building Products - Pipes,RATNAMANI,Smallcap,2512.5,1.120000005,51033140
CTL,Capital Trade Links Ltd,/stocks/capital-trade-links-CTL,Consumer Finance,CTL,Smallcap,21.51000023,10.88000011,50882360
SHRIA,Shri Ahimsa Naturals Ltd,/stocks/shri-ahimsa-naturals-SHRIA,FMCG - Foods,SHRIAHIMSA,Smallcap,432.5,3.380000114,50646288
MHSM,Maharashtra Seamless Ltd,/stocks/maharashtra-seamless-MHSM,Building Products - Pipes,MAHSEAMLES,Smallcap,610.0499878,0.829999983,50621904
GOLU,Gulf Oil Lubricants India Ltd,/stocks/gulf-oil-lubricants-india-GOLU,Commodity Chemicals,GULFOILLUB,Smallcap,1055.599976,0.810000002,50389340
IRM,Irm Energy Ltd,/stocks/irm-energy-IRM,Gas Distribution,IRMENERGY,Smallcap,271.6499939,-2.019999981,50352956
CHAL,Chalet Hotels Ltd,/stocks/chalet-hotels-CHAL,"Hotels, Resorts & Cruise Lines",CHALET,Smallcap,834.7000122,-0.289999992,50285796
FRONS,Frontier Springs Ltd,/stocks/frontier-springs-FRONS,Industrial Machinery,FRONTSP,Smallcap,1451.199951,-4.25,50131228
CREI,CARE Ratings Ltd,/stocks/care-ratings-CREI,Stock Exchanges & Ratings,CARERATING,Smallcap,1645.400024,-1.370000005,49715208
SNDA,TSF Investments Ltd,/stocks/sundaram-finance-holdings-SNDA,Investment Banking & Brokerage,TSFINV,Smallcap,455.5,0.769999981,49702236
MAJC,Aurum Proptech Ltd,/stocks/majesco-MAJC,IT Services & Consulting,AURUM,Smallcap,231.8999939,1.789999962,49456824
FLY,FlySBS Aviation Ltd,/stocks/flysbs-aviation-FLY,Airlines,FLYSBS,Smallcap,472.2000122,3.160000086,48929536
ARLF,Arman Financial Services Ltd,/stocks/arman-financial-services-ARLF,Consumer Finance,ARMANFIN,Smallcap,1743.900024,1.370000005,48786788
CERA,Cera Sanitaryware Ltd,/stocks/cera-sanitaryware-CERA,Building Products - Ceramics,CERA,Smallcap,6460,-0.25,48671580
JNDR,Jindal Drilling and Industries Ltd,/stocks/jindal-drilling-and-industries-JNDR,Oil & Gas - Equipment & Services,JINDRILL,Smallcap,553.5,0.119999997,48463948
SPO,Sportking India Ltd,/stocks/sportking-india-SPO,Textiles,SPORTKING,Smallcap,179.3399963,1.669999957,48387684
VICH,Vishnu Chemicals Ltd,/stocks/vishnu-chemicals-VICH,Diversified Chemicals,VISHNU,Smallcap,622.1500244,-0.959999979,48348008
IFBI,IFB Industries Ltd,/stocks/ifb-industries-IFBI,Auto Parts,IFBIND,Smallcap,1282.800049,-0.579999983,48218896
DSSL,Dynacons Systems and Solutions Ltd,/stocks/dynacons-systems-and-solutions-DSSL,IT Services & Consulting,DSSL,Smallcap,1316.900024,-2.00999999,48167792
UNLB,Unichem Laboratories Ltd,/stocks/unichem-laboratories-UNLB,Pharmaceuticals,UNICHEMLAB,Smallcap,473,1.580000043,47999444
PAN,Panorama Studios International Ltd,/stocks/panorama-studios-international-PAN,Movies & TV Serials,PANORAMA,Smallcap,51.52000046,7.289999962,47900672
GMBR,G M Breweries Ltd,/stocks/g-m-breweries-GMBR,Alcoholic Beverages,GMBREW,Smallcap,977.5999756,-0.239999995,47863688
KDDL,KDDL Ltd,/stocks/kddl-KDDL,"Precious Metals, Jewellery & Watches",KDDL,Smallcap,3244,-1.129999995,47830272
DCMS,DCM Shriram Ltd,/stocks/dcm-shriram-DCMS,Diversified Chemicals,DCMSHRIRAM,Smallcap,1025.900024,0.610000014,47772456
KAMI,Kamdhenu Ltd,/stocks/kamdhenu-KAMI,Iron & Steel,KAMDHENU,Smallcap,31.25,1.590000033,47642780
RAYM,Raymond Lifestyle Ltd,/stocks/raymond-lifestyle-RAYM,Apparel & Accessories,RAYMONDLSL,Smallcap,774,-0.879999995,47355048
GUJTH,Gujarat Themis Biosyn Ltd,/stocks/gujarat-themis-biosyn-GUJTH,Pharmaceuticals,GUJTHEM,Smallcap,385.9500122,-2.539999962,47283160
SHRIR,Shriram Properties Ltd,/stocks/shriram-properties-SHRIR,Real Estate,SHRIRAMPPS,Smallcap,89.22000122,0.589999974,47150420
PIX,PIX Transmissions Ltd,/stocks/pix-transmission-PIX,Industrial Machinery,PIXTRANS,Smallcap,1810.599976,-1.320000052,47149332
JKPA,JK Paper Ltd,/stocks/jk-paper-JKPA,Paper Products,JKPAPER,Smallcap,348.9500122,0.270000011,47134204
AJAN,Amrutanjan Health Care Ltd,/stocks/amrutanjan-health-care-AJAN,Pharmaceuticals,AMRUTANJAN,Smallcap,538.4000244,-0.75999999,46991540
AISG,Asahi India Glass Ltd,/stocks/asahi-india-glass-AISG,Auto Parts,ASAHIINDIA,Smallcap,873.6500244,-1.710000038,46825128
DWAR,Dwarikesh Sugar Industries Ltd,/stocks/dwarikesh-sugar-industries-DWAR,Sugar,DWARKESH,Smallcap,44.11000061,0.519999981,46785480
ORHT,Oriental Hotels Ltd,/stocks/oriental-hotels-ORHT,"Hotels, Resorts & Cruise Lines",ORIENTHOT,Smallcap,139.2599945,-1.350000024,46596132
GALX,Galaxy Surfactants Ltd,/stocks/galaxy-surfactants-GALX,Specialty Chemicals,GALAXYSURF,Smallcap,2049.899902,3.450000048,46326312
HLE,HLE Glascoat Ltd,/stocks/hle-glascoat-HLE,Industrial Machinery,HLEGLAS,Smallcap,381.2000122,-2.769999981,46272824
RAMR,Ram Ratna Wires Ltd,/stocks/ram-ratna-wires-RAMR,Electrical Components & Equipments,RAMRAT,Smallcap,395.6000061,-3.180000067,46189264
TLSV,TeamLease Services Ltd,/stocks/teamlease-services-TLSV,Employment Services,TEAMLEASE,Smallcap,1421.300049,-3.170000076,46099228
ORIA,Oriana Power Ltd,/stocks/oriana-power-ORIA,Construction & Engineering,ORIANA,Smallcap,1583.400024,-0.860000014,45934640
UFLX,Uflex Ltd,/stocks/uflex-UFLX,Packaging,UFLEX,Smallcap,438.2999878,2.069999933,45883964
RTNI,Rattanindia Enterprises Ltd,/stocks/rattanindia-infrastructure-RTNI,Power Trading & Consultancy,RTNINDIA,Smallcap,33.59000015,-1.639999986,45852332
KSHT,Kshitij Polyline Ltd,/stocks/kshitij-polyline-KSHT,Stationery,KSHITIJPOL,Smallcap,4.099999905,4.590000153,45780568
MANC,Manaksia Coated Metals & Industries Ltd,/stocks/manaksia-coated-metals-and-industries-MANC,Metals - Diversified,MANAKCOAT,Smallcap,118.1600037,2.549999952,45266568
VST,VST Tillers Tractors Ltd,/stocks/vst-tillers-tractors-VST,Tractors,VSTTILLERS,Smallcap,4546.100098,-0.50999999,44867232
MBE,M & B Engineering Ltd,/stocks/m-and-b-engineering-MBE,Building Products - Prefab Structures,MBEL,Smallcap,325.25,-0.959999979,44560776
LAX,Laxmi Dental Ltd,/stocks/laxmi-dental-LAX,Health Care Equipment & Supplies,LAXMIDENTL,Smallcap,228.0200043,1.440000057,44511496
JAIR,Jain Irrigation Systems Ltd,/stocks/jain-irrigation-systems-JAIR,Agricultural & Farm Machinery,JISLJALEQS,Smallcap,34.65000153,-1.309999943,44455488
CAMP,Campus Activewear Ltd,/stocks/campus-activewear-CAMP,Apparel & Accessories,CAMPUS,Smallcap,235.0599976,0.370000005,44044716
KIOC,KIOCL Ltd,/stocks/kiocl-KIOC,Iron & Steel,KIOCL,Smallcap,387.6000061,0.270000011,43994052
AWH,Antony Waste Handling Cell Ltd,/stocks/antony-waste-handling-cell-AWH,Environmental Services,AWHCL,Smallcap,481.9500122,0.790000021,43854428
HARIO,Hariom Pipe Industries Ltd,/stocks/hariom-pipe-industries-HARIO,Building Products - Pipes,HARIOMPIPE,Smallcap,399.8500061,0.460000008,43713440
PDSM,PDS Ltd,/stocks/pds-multinational-fashions-PDSM,Textiles,PDSL,Smallcap,366.6499939,-0.620000005,43489968
DIF,Diffusion Engineers Ltd,/stocks/diffusion-engineers-DIF,Industrial Machinery,DIFFNKG,Smallcap,416.3500061,-2.119999886,43447160
IMAW,Imagicaaworld Entertainment Ltd,/stocks/imagicaaworld-entertainment-IMAW,Theme Parks & Gaming,IMAGICAA,Smallcap,47.86000061,-0.730000019,43398620
JCHA,Bosch Home Comfort India Ltd,/stocks/johnson-controls-hitachi-air-conditioning-india-JCHA,Home Electronics & Appliances,BOSCH-HCIL,Smallcap,1351.800049,0.119999997,43290472
FINO,Fine Organic Industries Ltd,/stocks/fine-organic-industries-FINO,Specialty Chemicals,FINEORG,Smallcap,5206.5,0.270000011,43112128
HMSD,Himatsingka Seide Ltd,/stocks/himatsingka-seide-HMSD,Textiles,HIMATSEIDE,Smallcap,89.19000244,-1.029999971,43021968
LOTU,Sri Lotus Developers and Realty Ltd,/stocks/sri-lotus-developers-and-realty-LOTU,Real Estate,LOTUSDEV,Smallcap,148.7299957,-0.879999995,42772032
WNDT,Wendt (India) Ltd,/stocks/wendt-india-WNDT,Industrial Machinery,WENDT,Smallcap,8060,-0.629999995,42758116
SRR,SRM Contractors Ltd,/stocks/srm-contractors-SRR,Construction & Engineering,SRM,Smallcap,509.75,-1.620000005,42309120
FINOP,Fino Payments Bank Ltd,/stocks/fino-payments-bank-FINOP,Private Banks,FINOPB,Smallcap,136.6000061,-1.529999971,42110828
PITE,Pitti Engineering Ltd,/stocks/pitti-engineering-PITE,Industrial Machinery,PITTIENG,Smallcap,974.2999878,0.870000005,41965984
PRCM,Precision Camshafts Ltd,/stocks/precision-camshafts-PRCM,Auto Parts,PRECAM,Smallcap,152.5700073,-0.680000007,41952884
KELE,Keltech Energies Ltd,/stocks/keltech-energies-KELE,Commodity Chemicals,KELENRG,Smallcap,7869.299805,5,41788148
SPML,SPML Infra Ltd,/stocks/spml-infra-SPML,Construction & Engineering,SPMLINFRA,Smallcap,196.4799957,-1.00999999,41651232
ACLL,Allcargo Logistics Ltd,/stocks/allcargo-logistics-ACLL,Logistics,ALLCARGO,Smallcap,8.380000114,0.119999997,41646644
WANB,Wanbury Ltd,/stocks/wanbury-WANB,Pharmaceuticals,WANBURY,Smallcap,286.4500122,-0.100000001,41403804
SANO,Sanofi India Ltd,/stocks/sanofi-india-SANO,Pharmaceuticals,SANOFI,Smallcap,3425,-1.419999957,41109100
SAPPH,Sapphire Foods India Ltd,/stocks/sapphire-foods-india-SAPPH,Restaurants & Cafes,SAPPHIRE,Smallcap,186.2400055,0.730000019,40926184
ORIS,Orissa Minerals Development Company Ltd,/stocks/orissa-minerals-development-company-ORIS,Mining - Diversified,ORISSAMINE,Smallcap,3924.5,-1.230000019,40762972
GARU,Garuda Construction and Engineering Ltd,/stocks/garuda-construction-and-engineering-GARU,Construction & Engineering,GARUDA,Smallcap,178.1199951,-0.879999995,40674804
RKS,R K Swamy Ltd,/stocks/r-k-swamy-RKS,Advertising,RKSWAMY,Smallcap,106.2200012,4.679999828,40583644
BHAE,Bhageria Industries Ltd,/stocks/bhageria-industries-BHAE,Specialty Chemicals,BHAGERIA,Smallcap,219.9600067,-4.110000134,40545000
INDOB,Indo Borax and Chemicals Ltd,/stocks/indo-borax-and-chemicals-INDOB,Commodity Chemicals,INDOBORAX,Smallcap,392.25,0.170000002,40534840
MAXVO,Maxvolt Energy Industries Ltd,/stocks/maxvolt-energy-industries-MAXVO,Batteries,MAXVOLT,Smallcap,365.7999878,-4.900000095,40455324
SWARA,Swaraj Suiting Ltd,/stocks/swaraj-suiting-SWARA,Textiles,SWARAJ,Smallcap,306.4500122,3.029999971,40405112
STAT,Star Cement Ltd,/stocks/star-cement-STAT,Cement,STARCEMENT,Smallcap,209.6900024,0.629999995,40233180
NAVN,Navneet Education Ltd,/stocks/navneet-education-NAVN,Publishing,NAVNETEDUL,Smallcap,150.0899963,1.289999962,40198564
SMARW,Smartworks Coworking Spaces Ltd,/stocks/smartworks-coworking-spaces-SMARW,Real Estate,SMARTWORKS,Smallcap,474.5499878,-1.360000014,40177340
MFM,Epigral Ltd,/stocks/meghmani-finechem-MFM,Commodity Chemicals,EPIGRAL,Smallcap,1021.599976,-1.669999957,40048180
MEN,Menon Pistons Ltd,/stocks/menon-pistons-MEN,Auto Parts,MENNPIS,Smallcap,73.44999695,11.02000046,39984852
RENA,Renaissance Global Ltd,/stocks/renaissance-global-RENA,"Precious Metals, Jewellery & Watches",RGL,Smallcap,121.3499985,0.689999998,39619504
BOND,Bondada Engineering Ltd,/stocks/bondada-engineering-BOND,Construction & Engineering,BONDADA,Smallcap,321.2000122,-0.159999996,39609688
SANST,Sanstar Ltd,/stocks/sanstar-SANST,Agro Products,SANSTAR,Smallcap,118.6999969,-0.400000006,39609100
MODIS,Modison Ltd,/stocks/modison-metals-MODIS,Electrical Components & Equipments,MODISONLTD,Smallcap,299.8500061,-2.690000057,39122052
STY,Stylam Industries Ltd,/stocks/stylam-industries-STY,Construction & Engineering,STYLAMIND,Smallcap,3230,-1.129999995,39005108
MALD,Mahindra Lifespace Developers Ltd,/stocks/mahindra-lifespace-developers-MALD,Real Estate,MAHLIFE,Smallcap,369.9500122,-0.600000024,38737904
AAL,A-1 Ltd,/stocks/a-1-acid-AAL,Commodity Chemicals,A1L,Smallcap,6.920000076,-4.949999809,38718632
PNGS,PNGS Reva Diamond Jewellery Ltd,/stocks/pngs-reva-diamond-jewellery-PNGS,"Precious Metals, Jewellery & Watches",PNGSREVA,Smallcap,422.0499878,1.690000057,38239564
VALUE,Value 360 Communications Ltd,/stocks/value-360-communications-VALUE,Advertising,VALUE360,Smallcap,87.90000153,1.210000038,38160588
PARKH,Apeejay Surrendra Park Hotels Ltd,/stocks/apeejay-surrendra-park-hotels-PARKH,"Hotels, Resorts & Cruise Lines",PARKHOTELS,Smallcap,124.8099976,4.400000095,37541600
ERIS,Eris Lifesciences Ltd,/stocks/eris-lifesciences-ERIS,Pharmaceuticals,ERIS,Smallcap,1431.099976,-1.210000038,37494696
AVAD,Avadh Sugar & Energy Ltd,/stocks/avadh-sugar-and-energy-AVAD,Sugar,AVADHSUGAR,Smallcap,511.8999939,4.989999771,37491360
INNOP,Innova Captab Ltd,/stocks/innova-captab-INNOP,Pharmaceuticals,INNOVACAP,Smallcap,957.8499756,-2.269999981,37410928
LAM,Lamosaic India Ltd,/stocks/lamosaic-india-LAM,Building Products - Laminates,LAMOSAIC,Smallcap,40.70000076,19.70999908,37364448
MHSC,Maharashtra Scooters Ltd,/stocks/maharashtra-scooters-MHSC,Two Wheelers,MAHSCOOTER,Smallcap,13014,-0.209999993,37326924
HPLE,HPL Electric & Power Ltd,/stocks/hpl-electric-and-power-HPLE,Electrical Components & Equipments,HPL,Smallcap,356.3999939,-1.070000052,37177772
ELIN,Elin Electronics Ltd,/stocks/elin-electronics-ELIN,Electronic Equipments,ELIN,Smallcap,100.0199966,-1.720000029,37090308
INF,Energy Infrastructure Trust,/stocks/india-infrastructure-trust-INF,Oil & Gas - Storage & Transportation,ENERGYINF,Smallcap,78,0.129999995,37064248
FOO,Foods and Inns Ltd,/stocks/foods-and-inns-FOO,FMCG - Foods,FOODSIN,Smallcap,63.13000107,9.159999847,36987200
SDB,Som Distilleries and Breweries Ltd,/stocks/som-distilleries-and-breweries-SDB,Alcoholic Beverages,SDBL,Smallcap,68.91000366,-1.399999976,36980260
KILBU,Kilburn Engineering Ltd,/stocks/kilburn-engineering-KILBU,Industrial Machinery,KLBRENG-B,Smallcap,481.1000061,-2.279999971,36872060
JUST,Just Dial Ltd,/stocks/just-dial-JUST,Online Services,JUSTDIAL,Smallcap,549.8499756,-1.00999999,36858132
TABE,Tasty Bite Eatables Ltd,/stocks/tasty-bite-eatables-TABE,Packaged Foods & Meats,TASTYBITE,Smallcap,8674,-1.159999967,36763208
PANR,Pansari Developers Ltd,/stocks/pansari-developers-PANR,Real Estate,PANSARI,Smallcap,313.5,1.190000057,36700072
STEI,Steel Exchange India Ltd,/stocks/steel-exchange-india-STEI,Iron & Steel,STEELXIND,Smallcap,12.73999977,2.819999933,36674128
DIBL,Dilip Buildcon Ltd,/stocks/dilip-buildcon-DIBL,Construction & Engineering,DBL,Smallcap,441.6000061,0.980000019,36629304
GULS,Gulshan Polyols Ltd,/stocks/gulshan-polyols-GULS,Specialty Chemicals,GULPOLY,Smallcap,191.7799988,1.360000014,36564392
WAK,Wakefit Innovations Ltd,/stocks/wakefit-innovations-WAK,Home Furnishing,WAKEFIT,Smallcap,125.9899979,-0.629999995,36508368
WSTC,West Coast Paper Mills Ltd,/stocks/west-coast-paper-mills-WSTC,Paper Products,WSTCSTPAPR,Smallcap,529.4000244,-0.49000001,36426916
IRBN,IRB InvIT Fund,/stocks/irb-invit-fund-IRBN,Roads,IRBINVIT,Smallcap,60.97000122,0.540000021,36324828
MSPO,MSP Steel & Power Ltd,/stocks/msp-steel-and-power-MSPO,Iron & Steel,MSPL,Smallcap,42.81000137,0.519999981,36084168
MTNL,Mahanagar Telephone Nigam Ltd,/stocks/mahanagar-telephone-nigam-MTNL,Telecom Services,MTNL,Smallcap,30,-1.450000048,36059940
LUMA,Lumax Industries Ltd,/stocks/lumax-industries-LUMA,Auto Parts,LUMAXIND,Smallcap,5340,-0.75,35912044
BRIH,Brightcom Group Ltd,/stocks/brightcom-group-BRIH,Advertising,BCG,Smallcap,9.970000267,0.610000014,35677636
ELGT,ELGI Rubber Co Ltd,/stocks/elgi-rubber-co-ELGT,Tires & Rubber,ELGIRUBCO,Smallcap,55.29000092,19.98999977,35556692
KRS,Krsnaa Diagnostics Ltd,/stocks/krsnaa-diagnostics-KRS,Hospitals & Diagnostic Centres,KRSNAA,Smallcap,562.8499756,-1.75,35495500
ASTR,Astrazeneca Pharma India Ltd,/stocks/astrazeneca-pharma-india-ASTR,Pharmaceuticals,ASTRAZEN,Smallcap,8310.5,0.829999983,35447444
DBRL,Valor Estate Ltd,/stocks/d-b-realty-DBRL,Real Estate,DBREALTY,Smallcap,114.6600037,-0.680000007,35317000
POER,Power and Instrumentation (Gujarat) Ltd,/stocks/power-and-instrumentation-gujarat-POER,Power Infrastructure,PIGL,Smallcap,117.9800034,4.260000229,34957640
GODE,Godrej Agrovet Ltd,/stocks/godrej-agrovet-GODE,Agro Products,GODREJAGRO,Smallcap,559.5,0.949999988,34942760
BBRM,"Bombay Burmah Trading Corporation, Ltd",/stocks/bombay-burmah-trading-corporation-BBRM,Tea & Coffee,BBTC,Smallcap,1556.699951,0.129999995,34898896
SCAC,Share India Securities Ltd,/stocks/share-india-securities-SCAC,Investment Banking & Brokerage,SHAREINDIA,Smallcap,138.6199951,-0.270000011,34773604
GODIG,Go Digit General Insurance Ltd,/stocks/go-digit-general-insurance-GODIG,Insurance,GODIGIT,Smallcap,313.5499878,0.100000001,34758388
WOHL,Wonderla Holidays Ltd,/stocks/wonderla-holidays-WOHL,Theme Parks & Gaming,WONDERLA,Smallcap,499.25,0.939999998,34569580
GODA,Godavari Biorefineries Ltd,/stocks/godavari-biorefineries-GODA,Diversified Chemicals,GODAVARIB,Smallcap,272.1000061,-2.329999924,34241308
SUPRE,Supreme Holdings and Hospitality India Ltd,/stocks/supreme-holdings-and-hospitality-SUPRE,Real Estate,SUPREME,Smallcap,51.06000137,9.199999809,34049460
JAR,Jaro Institute Of Technology Management & Research Ltd,/stocks/jaro-institute-of-technol-mgt-and-research-JAR,Education Services,JARO,Smallcap,509.7999878,-2.130000114,33874728
JAIC,Jai Corp Ltd,/stocks/jai-corp-JAIC,Textiles,JAICORPLTD,Smallcap,116.5999985,0.879999995,33666200
RMDR,RM Drip & Sprinklers Systems Ltd,/stocks/rm-drip-and-sprinklers-systems-RMDR,Agricultural & Farm Machinery,RMDRIP,Smallcap,20.10000038,-0.349999994,33038558
NEET,Neetu Yoshi Ltd,/stocks/neetu-yoshi-NEET,Auto Parts,NEETUYOSHI,Smallcap,143,-3.049999952,32823584
INEO,Styrenix Performance Materials Ltd,/stocks/ineos-styrolution-india-INEO,Commodity Chemicals,STYRENIX,Smallcap,2295.699951,-1.950000048,32761996
NAY,Meghna Infracon Infrastructure Ltd,/stocks/naysaa-securities-NAY,Real Estate,MIIL,Smallcap,721.1500244,0.109999999,32731028
DLMI,Dalmia Bharat Sugar and Industries Ltd,/stocks/dalmia-bharat-sugar-and-industries-DLMI,Sugar,DALMIASUG,Smallcap,341.1000061,1.620000005,32617794
HAPL,Hatsun Agro Product Ltd,/stocks/hatsun-agro-product-HAPL,FMCG - Foods,HATSUN,Smallcap,907.9000244,-0.790000021,32610348
JAIB,Jai Balaji Industries Ltd,/stocks/jai-balaji-industries-JAIB,Iron & Steel,JAIBALAJI,Smallcap,70.41000366,3.849999905,32512898
PCHM,Punjab Chemicals and Crop Protection Ltd,/stocks/punjab-chemicals-and-crop-protection-PCHM,Diversified Chemicals,PUNJABCHEM,Smallcap,1078.300049,-3.940000057,32488042
GOKG,Gokul Agro Resources Ltd,/stocks/gokul-agro-resources-GOKG,Packaged Foods & Meats,GOKULAGRO,Smallcap,209.25,-1.120000005,32467946
ARVD,Arvind Smartspaces Ltd,/stocks/arvind-smartspaces-ARVD,Real Estate,ARVSMART,Smallcap,610.25,2.130000114,32381442
FAI,Fairchem Organics Ltd,/stocks/fairchem-organics-FAI,Specialty Chemicals,FAIRCHEMOR,Smallcap,728.75,-2.869999886,32358242
AHLU,Ahluwalia Contracts (India) Ltd,/stocks/ahluwalia-contracts-india-AHLU,Construction & Engineering,AHLUCONT,Smallcap,829.4000244,-3.119999886,32076928
AGARW,Dr. Agarwal's Health Care Ltd,/stocks/dr-agarwals-health-care-AGARW,Hospitals & Diagnostic Centres,AGARWALEYE,Smallcap,477.6000061,0.209999993,31966634
RHE,Rhetan TMT Ltd,/stocks/rhetan-tmt-RHE,Metals - Diversified,RHETAN,Smallcap,27.02000046,1.580000043,31951436
DHNP,Dhanuka Agritech Ltd,/stocks/dhanuka-agritech-DHNP,Fertilizers & Agro Chemicals,DHANUKA,Smallcap,1092.099976,0.319999993,31777036
SULA,Sula Vineyards Ltd,/stocks/sula-vineyards-SULA,Alcoholic Beverages,SULA,Smallcap,154.8600006,0.050000001,31748628
KLSL,Kalyani Steels Ltd,/stocks/kalyani-steels-KLSL,Iron & Steel,KSL,Smallcap,882.0999756,0.01,31725078
INNOI,Innovision Ltd,/stocks/innovision-INNOI,Employment Services,INNOVISION,Smallcap,290.7999878,2.589999914,31719334
ARISN,Arisinfra Solutions Ltd,/stocks/arisinfra-solutions-ARISN,Building Products - Others,ARIS,Smallcap,110.5500031,1.889999986,31579420
GEEN,Greenlam Industries Ltd,/stocks/greenlam-industries-GEEN,Building Products - Laminates,GREENLAM,Smallcap,267.0499878,3.049999952,31515844
TBZL,Tribhovandas Bhimji Zaveri Ltd,/stocks/tribhovandas-bhimji-zaveri-TBZL,"Precious Metals, Jewellery & Watches",TBZ,Smallcap,192.6300049,0.49000001,31316996
AYMS,Aym Syntex Ltd,/stocks/aym-syntex-AYMS,Textiles,AYMSYNTEX,Smallcap,262.6400146,-1.99000001,30805804
CREA,Creative Newtech Ltd,/stocks/creative-peripherals-and-distribution-CREA,Technology Hardware,CNL,Smallcap,764.5999756,3.529999971,30675314
ROSB,Rossari Biotech Ltd,/stocks/rossari-biotech-ROSB,Specialty Chemicals,ROSSARI,Smallcap,521.6500244,-0.430000007,30502622
DBCL,DB Corp Ltd,/stocks/db-corp-DBCL,Publishing,DBCORP,Smallcap,194.0899963,-3.369999886,30453154
SIYR,Siyaram Silk Mills Ltd,/stocks/siyaram-silk-mills-SIYR,Textiles,SIYSIL,Smallcap,638.9000244,0.800000012,30410732
ADVAN,Advance Agrolife Ltd,/stocks/advance-agrolife-ADVAN,Specialty Chemicals,ADVANCE,Smallcap,113.8000031,-0.879999995,30278064
LKMC,LMW Ltd,/stocks/lakshmi-machine-works-LKMC,Industrial Machinery,LMW,Smallcap,15693,-0.589999974,30277064
TVEL,TVS Electronics Ltd,/stocks/tvs-electronics-TVEL,Technology Hardware,TVSELECT,Smallcap,506.3500061,-0.790000021,30248564
AMANT,Amanta Healthcare Ltd,/stocks/amanta-healthcare-AMANT,Pharmaceuticals,AMANTA,Smallcap,163.0899963,1.850000024,30114578
NALS,Nalwa Sons Investments Ltd,/stocks/nalwa-sons-investments-NALS,Asset Management,NSIL,Smallcap,5404.5,-1.080000043,29964560
SPIC,Southern Petrochemical Industries Corporation Ltd,/stocks/southern-petrochemical-industries-corporation-SPIC,Fertilizers & Agro Chemicals,SPIC,Smallcap,70.09999847,0.569999993,29937594
WOND,Wonder Electricals Ltd,/stocks/wonder-fibromats-WOND,Home Electronics & Appliances,WEL,Smallcap,104.9499969,0.829999983,29929290
AHFN,Ashiana Housing Ltd,/stocks/ashiana-housing-AHFN,Real Estate,ASHIANA,Smallcap,389.8999939,1.340000033,29884272
TEMB,Tembo Global Industries Ltd,/stocks/tembo-global-industries-TEMB,Iron & Steel,TEMBO,Smallcap,577.0499878,-0.310000002,29814520
ALPE,Alpex Solar Ltd,/stocks/alpex-solar-ALPE,Renewable Energy Equipment & Services,ALPEXSOLAR,Smallcap,866.8499756,-2.25999999,29762580
BHAG,Bhagiradha Chemicals and Industries Ltd,/stocks/bhagiradha-chemicals-and-industries-BHAG,Fertilizers & Agro Chemicals,BHAGCHEM,Smallcap,283.3999939,0.50999999,29745552
GNNI,Ginni Filaments Ltd,/stocks/ginni-filaments-GNNI,Textiles,GINNIFILA,Smallcap,54.65000153,6.179999828,29404824
INRM,Indoco Remedies Ltd,/stocks/indoco-remedies-INRM,Pharmaceuticals,INDOCO,Smallcap,244,-0.01,29394948
STYS,Seshaasai Technologies Ltd,/stocks/seshaasai-technologies-STYS,Payment Infrastructure,STYL,Smallcap,325.6499939,0.109999999,29380042
SINF,Simplex Infrastructures Ltd,/stocks/simplex-infrastructures-SINF,Construction & Engineering,SIMPLEXINF,Smallcap,265.2999878,-0.189999998,29372412
VINYA,Vinyas Innovative Technologies Ltd,/stocks/vinyas-innovative-technologies-VINYA,Electronic Equipments,VINYAS,Smallcap,1522.25,1.899999976,29059968
SECR,SIS Ltd,/stocks/security-and-intelligence-services-india-SECR,Business Support Services,SIS,Smallcap,425.75,0.07,29002184
SUPRM,Supreme Power Equipment Ltd,/stocks/supreme-power-equipment-SUPRM,Power Transmission & Distribution,SUPREMEPWR,Smallcap,236.6499939,-4.5,28977440
IMCL,Indraprastha Medical Corporation Ltd,/stocks/indraprastha-medical-corporation-IMCL,Hospitals & Diagnostic Centres,INDRAMEDCO,Smallcap,388.6000061,-0.319999993,28857830
BLAL,BEML Land Assets Ltd,/stocks/beml-land-assets-BLAL,Real Estate,BLAL,Smallcap,194.9799957,6.630000114,28820510
HGIN,HG Infra Engineering Ltd,/stocks/hg-infra-engineering-part-ix-HGIN,Construction & Engineering,HGINFRA,Smallcap,571.7999878,1.340000033,28792538
BUI,Shankara Buildpro Ltd,/stocks/shankara-buildpro-BUI,Building Products - Others,BUILDPRO,Smallcap,981.9000244,-2.039999962,28753942
PRCE,Prince Pipes and Fittings Ltd,/stocks/prince-pipes-and-fittings-PRCE,Building Products - Pipes,PRINCEPIPE,Smallcap,278.6499939,-0.610000014,28738806
KOV,Kovai Medical Center and Hospital Ltd,/stocks/kovai-medical-center-and-hospital-KOV,Hospitals & Diagnostic Centres,KOVAI,Smallcap,6042.5,0.02,28569980
THEM,Themis Medicare Ltd,/stocks/themis-medicare-THEM,Pharmaceuticals,THEMISMED,Smallcap,118.5899963,-0.439999998,28543538
WEST,Westlife Foodworld Ltd,/stocks/westlife-development-WEST,Restaurants & Cafes,WESTLIFE,Smallcap,507.7999878,0.059999999,28488494
GALK,Gujarat Alkalies And Chemicals Ltd,/stocks/gujarat-alkalies-and-chemicals-GALK,Commodity Chemicals,GUJALKALI,Smallcap,609,-0.610000014,28464016
TARS,Tarsons Products Ltd,/stocks/tarsons-products-TARS,Health Care Equipment & Supplies,TARSONS,Smallcap,266.6000061,0.579999983,28459066
APSI,Apsis Aerocom Ltd,/stocks/apsis-aerocom-APSI,Aerospace & Defense Equipments,APSISAERO,Smallcap,350.2000122,2,28346208
TRAVE,Travel Food Services Ltd,/stocks/travel-food-services-TRAVE,Airports,TRAVELFOOD,Smallcap,1310.800049,-2.160000086,28166886
KPRN,Kopran Ltd,/stocks/kopran-KPRN,Pharmaceuticals,KOPRAN,Smallcap,193.3099976,2.910000086,27895542
BHIN,Indus Infra Trust,/stocks/bharat-highways-invit-BHIN,Power Infrastructure,INDUSINVIT,Smallcap,127.7900009,0.239999995,27775198
DAMS,Dhampur Sugar Mills Ltd,/stocks/dhampur-sugar-mills-DAMS,Sugar,DHAMPURSUG,Smallcap,142.8600006,0.660000026,27632942
SALZ,Salzer Electronics Ltd,/stocks/salzer-electronics-SALZ,Electrical Components & Equipments,SALZERELEC,Smallcap,633.4000244,0.889999986,27408928
GEOJ,Geojit Financial Services Ltd,/stocks/geojit-financial-services-GEOJ,Investment Banking & Brokerage,GEOJITFSL,Smallcap,79.51999664,0.699999988,27237198
RAMK,Ramky Infrastructure Ltd,/stocks/ramky-infrastructure-RAMK,Construction & Engineering,RAMKY,Smallcap,403.3999939,-0.970000029,27218900
HIKA,Hikal Ltd,/stocks/hikal-HIKA,Pharmaceuticals,HIKAL,Smallcap,222.1000061,-0.439999998,27146132
JKS,Jaykay Enterprises Ltd,/stocks/jaykay-enterprises-JKS,Investment Banking & Brokerage,JAYKAY,Smallcap,178.6799927,1.409999967,27139880
INGR,Ingersoll-Rand (India) Ltd,/stocks/ingersoll-rand-india-INGR,Industrial Machinery,INGERRAND,Smallcap,4343,-2.819999933,26977562
AGWL,Agarwal Industrial Corporation Ltd,/stocks/agarwal-industrial-corporation-AGWL,Commodity Chemicals,AGARIND,Smallcap,533.6500244,-2.549999952,26946444
GOPAL,Gopal Snacks Ltd,/stocks/gopal-snacks-GOPAL,FMCG - Foods,GOPAL,Smallcap,276.6000061,-0.219999999,26907012
PUNA,Punjab & Sind Bank,/stocks/punjab-and-sind-bank-PUNA,Public Banks,PSB,Smallcap,24.75,-0.639999986,26887066
OTEC,Onward Technologies Ltd,/stocks/onward-technologies-OTEC,Outsourced services,ONWARDTEC,Smallcap,281.1499939,-3.769999981,26617866
TEAM,TeamTech Formwork Solutions Ltd,/stocks/teamtech-formwork-solutions-TEAM,Building Products - Prefab Structures,TEAMTECH,Smallcap,121,7.460000038,26580740
HOR,Horizon Reclaim (India) Ltd,/stocks/horizon-reclaim-india-HOR,Building Products - Ceramics,HORIZON,Smallcap,146,2.890000105,26524800
SACH,Sacheerome Ltd,/stocks/sacheerome-SACH,FMCG - Personal Products,SACHEEROME,Smallcap,378.75,6.920000076,26463312
AOLL,Apollo Pipes Ltd,/stocks/apollo-pipes-AOLL,Building Products - Pipes,APOLLOPIPE,Smallcap,479.3999939,-0.610000014,26352182
MAIT,Maithan Alloys Ltd,/stocks/maithan-alloys-MAIT,Iron & Steel,MAITHANALL,Smallcap,1013.200012,-0.219999999,26267308
SPET,Spectrum Electrical Industries Ltd,/stocks/spectrum-electrical-industries-SPET,Electrical Components & Equipments,SPECTRUM,Smallcap,1853.199951,-1.620000005,26220612
MIRC,Onida Electronics Ltd,/stocks/mirc-electronics-MIRC,Home Electronics & Appliances,ONIDA,Smallcap,44.36000061,2.5,26199990
MOM,Meghmani Organics Ltd,/stocks/meghmani-organics-MOM,Commodity Chemicals,MOL,Smallcap,47.63999939,0.379999995,26189586
JKIP,J Kumar Infraprojects Ltd,/stocks/j-kumar-infraprojects-JKIP,Construction & Engineering,JKIL,Smallcap,493.8500061,0.870000005,26182288
SPICL,SPEL Semiconductor Ltd,/stocks/spel-semiconductor-SPICL,Electronic Equipments,SPELS,Smallcap,157.6000061,3.00999999,26101056
ASHT,Asian Hotels (North) Ltd,/stocks/asian-hotels-north-ASHT,"Hotels, Resorts & Cruise Lines",ASIANHOTNR,Smallcap,320.6499939,11.80000019,26014494
APEX,Apex Frozen Foods Ltd,/stocks/apex-frozen-foods-APEX,Packaged Foods & Meats,APEX,Smallcap,403.9500122,-0.379999995,25959480
NLCA,Nelcast Ltd,/stocks/nelcast-NLCA,Iron & Steel,NELCAST,Smallcap,142.7799988,-2.730000019,25795422
ASK,ASK Automotive Ltd,/stocks/ask-automotive-ASK,Auto Parts,ASKAUTOLTD,Smallcap,454.6499939,-0.180000007,25646918
RACL,RACL Geartech Ltd,/stocks/racl-geartech-RACL,Auto Parts,RACLGEAR,Smallcap,1377.5,0.699999988,25544964
SHUK,Shukra Pharmaceuticals Ltd,/stocks/shukra-pharmaceuticals-SHUK,Pharmaceuticals,SHUKRAPHAR,Smallcap,32.38999939,9.979999542,25528824
NAP,Naturite Agro Products Ltd,/stocks/naturite-agro-products-NAP,Packaged Foods & Meats,NAPL,Smallcap,206,4.539999962,25182314
KRFI,Kirloskar Ferrous Industries Ltd,/stocks/kirloskar-ferrous-industries-KRFI,Iron & Steel,KIRLFER,Smallcap,464.2000122,-1.169999957,25172946
LGB,LG Balakrishnan & Bros Ltd,/stocks/lg-balakrishnan-and-bros-LGB,Industrial Machinery,LGBBROSLTD,Smallcap,1607,-0.419999987,25007198
TAMF,Tanfac Industries Ltd,/stocks/tanfac-industries-TAMF,Diversified Chemicals,TANFACIND,Smallcap,2430,-0.50999999,24988878
LEM,Le Merite Exports Ltd,/stocks/le-merite-exports-LEM,Textiles,LEMERITE,Smallcap,22.03000069,4.949999809,24957416
SOEX,Solex Energy Ltd,/stocks/solex-energy-SOEX,Industrial Machinery,SOLEX,Smallcap,1059.400024,-1.629999995,24873492
JDC,JD Cables Ltd,/stocks/jd-cables-JDC,Cables,JDCABLES,Smallcap,244.3000031,1.450000048,24853248
KMC,KMC Speciality Hospitals (India) Ltd,/stocks/kmc-speciality-hospitals-india-KMC,Hospitals & Diagnostic Centres,KMCSHIL,Smallcap,133.6499939,0.039999999,24827670
AVAN,Avance Technologies Ltd,/stocks/avance-technologies-AVAN,IT Services & Consulting,AVANCE,Smallcap,1,1.00999999,24797414
ARK,Arkade Developers Ltd,/stocks/arkade-developers-ARK,Real Estate,ARKADE,Smallcap,123.9700012,-1.059999943,24783620
BHWR,Bharat Wire Ropes Ltd,/stocks/bharat-wire-ropes-BHWR,Iron & Steel,BHARATWIRE,Smallcap,212.1199951,-0.620000005,24715298
GSM,GSM Foils Ltd,/stocks/gsm-foils-GSM,Metals - Aluminium,GSMFOILS,Smallcap,238.1499939,-2.059999943,24713580
OBR,One Global Service Provider Ltd,/stocks/overseas-synthetics-OBR,Health Care Equipment & Supplies,ONEGLOBAL,Smallcap,583.4000244,-5,24693228
STANC,Standard Capital Markets Ltd,/stocks/standard-capital-markets-STANC,Consumer Finance,STANCAP,Smallcap,0.419999987,7.690000057,24685234
BAJEL,Bajel Projects Ltd,/stocks/bajel-projects-BAJEL,Construction & Engineering,BAJEL,Smallcap,190.8399963,-1.159999967,24626658
DAM,DAM Capital Advisors Ltd,/stocks/dam-capital-advisors-DAM,Investment Banking & Brokerage,DAMCAPITAL,Smallcap,152.5700073,-0.230000004,24621854
TATV,Tatva Chintan Pharma Chem Ltd,/stocks/tatva-chintan-pharma-chem-TATV,Specialty Chemicals,TATVA,Smallcap,1249.599976,-1.419999957,24609880
SOMN,Hindware Home Innovation Ltd,/stocks/somany-home-innovation-SOMN,Home Furnishing,HINDWAREAP,Smallcap,250.8000031,0.039999999,24552210
NISP,Nitin Spinners Ltd,/stocks/nitin-spinners-NISP,Textiles,NITINSPIN,Smallcap,563.5499878,0.980000019,24457494
TAJG,TAJ GVK Hotels and Resorts Ltd,/stocks/taj-gvk-hotels-and-resorts-TAJG,"Hotels, Resorts & Cruise Lines",TAJGVK,Smallcap,343.3999939,0.810000002,24419016
UGR,Ugro Capital Ltd,/stocks/ugro-capital-UGR,Investment Banking & Brokerage,UGROCAP,Smallcap,97.81999969,0.289999992,24382124
MONOL,Monolithisch India Ltd,/stocks/monolithisch-india-MONOL,Building Products - Others,MONOLITH,Smallcap,777.75,0.879999995,24356080
IGCL,Indogulf Cropsciences Ltd,/stocks/indogulf-cropsciences-IGCL,Fertilizers & Agro Chemicals,IGCL,Smallcap,69.80999756,1.200000048,24341550
ACCEN,Accent Microcell Ltd,/stocks/accent-microcell-ACCEN,Pharmaceuticals,ACCENTMIC,Smallcap,499.25,0.330000013,24317900
TINN,Tinna Rubber and Infrastructure Ltd,/stocks/tinna-rubber-and-infrastructure-TINN,Tires & Rubber,TINNARUBR,Smallcap,946.5999756,-0.910000026,24277924
STEE,Steelcast Ltd,/stocks/steelcast-STEE,Iron & Steel,STEELCAS,Smallcap,310.5499878,3.529999971,24260826
KPG,KP Green Engineering Ltd,/stocks/kp-green-engineering-KPG,Construction & Engineering,KPGEL,Smallcap,379.3500061,0.300000012,24241576
BFUT,BF Utilities Ltd,/stocks/bf-utilities-limitd-BFUT,Renewable Energy,BFUTILITIE,Smallcap,586.6500244,-0.49000001,24017640
MIDWE,Midwest Ltd,/stocks/midwest-MIDWE,Building Products - Granite,MIDWESTLTD,Smallcap,1309.5,-1.269999981,23756890
CHAMA,Chaman Lal Setia Exports Ltd,/stocks/chamanlal-setia-exports-CHAMA,Packaged Foods & Meats,CLSEL,Smallcap,291.1000061,-0.550000012,23749244
RAJR,Rajratan Global Wire Ltd,/stocks/rajratan-global-wire-RAJR,Iron & Steel,RAJRATAN,Smallcap,453.0499878,-0.039999999,23722266
KOD,Kody Technolab Ltd,/stocks/kody-technolab-KOD,Software Services,KODYTECH,Smallcap,1121.150024,2.24000001,23513070
SUDAR,Sudarshan Pharma Industries Ltd,/stocks/sudarshan-pharma-industries-SUDAR,Pharmaceuticals,SUDARSHAN,Smallcap,39.77999878,4.989999771,23505280
IMC,Fedders Holding Ltd,/stocks/im-capitals-IMC,Diversified Financials,FEDDERSHOL,Smallcap,41.13000107,2.029999971,23442936
IPL,India Pesticides Ltd,/stocks/india-pesticides-IPL,Fertilizers & Agro Chemicals,IPL,Smallcap,163.9100037,0.230000004,23432428
VRLL,VRL Logistics Ltd,/stocks/vrl-logistics-VRLL,Logistics,VRLLOG,Smallcap,237.3000031,-0.569999993,23366634
CAPI,Capital Small Finance Bank Ltd,/stocks/capital-small-finance-bank-CAPI,Private Banks,CAPITALSFB,Smallcap,291.0499878,3.039999962,23319852
RUST,Keystone Realtors Ltd,/stocks/keystone-realtors-RUST,Real Estate,RUSTOMJEE,Smallcap,432.75,0.270000011,23241376
ESAF,ESAF Small Finance Bank Limited,/stocks/esaf-small-finance-bank-ESAF,Private Banks,ESAFSFB,Smallcap,34.15000153,1.700000048,23178536
SUND,TVS Holdings Ltd,/stocks/sundaram-clayton-SUND,Auto Parts,TVSHLTD,Smallcap,14085,-0.660000026,23077704
HEST,Hester Biosciences Ltd,/stocks/hester-biosciences-HEST,Biotechnology,HESTERBIO,Smallcap,2198.399902,1.450000048,22998878
UTSM,Uttam Sugar Mills Ltd,/stocks/uttam-sugar-mills-UTSM,Sugar,UTTAMSUGAR,Smallcap,236.6799927,1.289999962,22973970
RIR,RIR Power Electronics Ltd,/stocks/ruttonsha-international-rectifier-RIR,Electronic Equipments,RIR,Smallcap,166.1499939,1.129999995,22964052
ALLT,All Time Plastics Ltd,/stocks/all-time-plastics-ALLT,Plastic Products,ALLTIME,Smallcap,251.7200012,-1.409999967,22908486
ATEM,Artemis Medicare Services Ltd,/stocks/artemis-medicare-services-ATEM,Business Support Services,ARTEMISMED,Smallcap,259.8500061,0.02,22790310
HIGHN,Highness Microelectronics Ltd,/stocks/highness-microelectronics-HIGHN,Electronic Equipments,HIGHNESS,Smallcap,182.6000061,-5.75,22667004
TART,Tarc Ltd,/stocks/anant-raj-global-TART,Real Estate,TARC,Smallcap,126.8499985,-0.02,22605176
SHI,Shish Industries Ltd,/stocks/shish-industries-SHI,Plastic Products,SHISHIND,Smallcap,12.64000034,12.65999985,22519992
FSCO,Foseco India Ltd,/stocks/foseco-india-FSCO,Specialty Chemicals,FOSECOIND,Smallcap,5209.5,-0.680000007,22515158
RANE,Rane Holdings Ltd,/stocks/rane-holdings-RANE,Auto Parts,RANEHOLDIN,Smallcap,1743.300049,0.469999999,22465952
ELP,Elpro International Ltd,/stocks/elpro-international-ELP,Electrical Components & Equipments,ELPROINTL,Smallcap,173.5099945,0.50999999,22219204
EMKS,Emkay Global Financial Services Ltd,/stocks/emkay-global-financial-services-EMKS,Investment Banking & Brokerage,EMKAY,Smallcap,259.1499939,-1.799999952,22058682
RII,Raajmarg Infra Investment Trust,/stocks/raajmarg-infra-investment-trust-RII,Real Estate,RIIT,Smallcap,116.3399963,-0.469999999,22036460
SALA,Salasar Techno Engineering Ltd,/stocks/salasar-techno-engineering-SALA,Iron & Steel,SALASAR,Smallcap,6.110000134,-1.450000048,21952274
PAU,Paushak Ltd,/stocks/paushak-PAU,Specialty Chemicals,PAUSHAKLTD,Smallcap,545.9500122,-2.019999981,21698042
GRWL,Garware Technical Fibres Ltd,/stocks/garware-technical-fibres-GRWL,Textiles,GARFIBRES,Smallcap,731.0499878,1.159999967,21618392
POE,POCL Enterprises Ltd,/stocks/pocl-enterprises-POE,Commodity Chemicals,POEL,Smallcap,183.1499939,5.710000038,21607820
METR,Metro Brands Ltd,/stocks/metro-brands-METR,Footwear,METROBRAND,Smallcap,1037.900024,1.379999995,21585226
KINA,Kingfa Science and Technology (India) Ltd,/stocks/kingfa-science-and-technology-india-KINA,Commodity Chemicals,KINGFA,Smallcap,5108.5,0.02,21584368
KALP,Kalpataru Ltd,/stocks/kalpataru-KALP,Real Estate,KALPATARU,Smallcap,308.7999878,1.059999943,21477022
SWEL,Swelect Energy Systems Ltd,/stocks/swelect-energy-systems-SWEL,Electrical Components & Equipments,SWELECTES,Smallcap,652.2999878,2.50999999,21403442
NSEL,Nucleus Software Exports Ltd,/stocks/nucleus-software-exports-NSEL,Software Services,NUCLEUS,Smallcap,767.2000122,0.930000007,21340578
NRL,Nupur Recyclers Ltd,/stocks/nupur-recyclers-NRL,Metals - Diversified,NRL,Smallcap,92.56999969,4.940000057,21236306
ELG,Eleganz Interiors Ltd,/stocks/eleganz-interiors-ELG,Construction & Engineering,ELGNZ,Smallcap,92.25,7.389999866,21232800
INEL,India Nippon Electricals Ltd,/stocks/india-nippon-electricals-INEL,Auto Parts,INDNIPPON,Smallcap,986.7000122,-0.930000007,21105548
OMP,Om Power Transmission Ltd,/stocks/om-power-transmission-OMP,Power Transmission & Distribution,OMPOWER,Smallcap,178.4700012,-1.720000029,20718566
APCI,Apcotex Industries Ltd,/stocks/apcotex-industries-APCI,Specialty Chemicals,APCOTEXIND,Smallcap,525.5499878,0.469999999,20580476
CLAY,Clay Craft India Ltd,/stocks/clay-craft-india-CLAY,Building Products - Ceramics,CLAYCRAFT,Smallcap,199.1000061,2.630000114,20484324
CFF,CFF Fluid Control Ltd,/stocks/cff-fluid-control-CFF,Aerospace & Defense Equipments,CFF,Smallcap,880,0.670000017,20419308
MPSL,MPS Ltd,/stocks/mps-MPSL,Publishing,MPSLTD,Smallcap,1896.099976,1.24000001,20384982
ENIL,Entertainment Network (India) Ltd,/stocks/entertainment-network-india-ENIL,Radio,ENIL,Smallcap,104.8000031,-0.959999979,20365134
SHART,Sharat Industries Ltd,/stocks/sharat-industries-SHART,Agro Products,SHINDL,Smallcap,147.1900024,0.569999993,20318710
KENI,Kennametal India Ltd,/stocks/kennametal-india-KENI,Industrial Machinery,KENNAMET,Smallcap,2920.199951,-1.289999962,20181144
ZURI,Zuari Industries Ltd,/stocks/zuari-global-ZURI,Conglomerates,ZUARIIND,Smallcap,264.3999939,0.74000001,20143092
ASTE,Astec Lifesciences Ltd,/stocks/astec-lifesciences-ASTE,Fertilizers & Agro Chemicals,ASTEC,Smallcap,709.9000244,-1.669999957,20138324
PROST,Prostarm Info Systems Ltd,/stocks/prostarm-info-systems-PROST,Power Generation,PROSTARM,Smallcap,135.0200043,-1.75,20059502
BORS,Borosil Ltd,/stocks/borosil-BORS,Housewares,BOROLTD,Smallcap,245.2700043,-0.230000004,20027316
DCM,Dcm Shriram Industries Ltd,/stocks/dcm-shriram-industries-DCM,Packaged Foods & Meats,DCMSRIND,Smallcap,38.59999847,3.710000038,19960212
ORIN,Orient Green Power Company Ltd,/stocks/orient-green-power-company-ORIN,Renewable Energy,GREENPOWER,Smallcap,10.47000027,-0.100000001,19909346
TANC,Twamev Construction and Infrastructure Ltd,/stocks/tantia-constructions-TANC,Construction & Engineering,TICL,Smallcap,13.68999958,3.869999886,19555776
KALA,Kalyani Investment Company Ltd,/stocks/kalyani-investment-company-KALA,Asset Management,KICL,Smallcap,5459,1.00999999,19476212
ARIH,Arihant Capital Markets Ltd,/stocks/arihant-capital-markets-ARIH,Diversified Financials,ARIHANTCAP,Smallcap,71.01000214,3.140000105,19369470
BLTE,Balaji Telefilms Ltd,/stocks/balaji-telefilms-BLTE,Movies & TV Serials,BALAJITELE,Smallcap,91.56999969,1.74000001,19320814
VILA,Vilas Transcore Ltd,/stocks/vilas-transcore-VILA,Heavy Electrical Equipments,VILAS,Smallcap,410.3999939,2.369999886,19297260
KELL,Kellton Tech Solutions Ltd,/stocks/kellton-tech-solutions-KELL,IT Services & Consulting,KELLTONTEC,Smallcap,15.57999992,-0.569999993,19264290
ELI,Elitecon International Ltd,/stocks/elitecon-international-ELI,FMCG - Tobacco,ELITECON,Smallcap,26.46999931,-1.049999952,19217324
PRABH,Prabha Energy Ltd,/stocks/prabha-energy-PRABH,Mining - Diversified,PRABHA,Smallcap,148.0299988,-2.099999905,19128582
SYN,Syncom Formulations (India) Ltd,/stocks/syncom-formulations-india-SYN,Pharmaceuticals,SYNCOMF,Smallcap,14.23999977,-0.07,18870156
VSKI,Visaka Industries Ltd,/stocks/visaka-industries-VSKI,Cement,VISAKAIND,Smallcap,79.58999634,1.75,18795040
MAMA,Mamata Machinery Ltd,/stocks/mamata-machinery-MAMA,Industrial Machinery,MAMATA,Smallcap,409,-1.539999962,18699116
SES,Mobavenue Ai Tech Ltd,/stocks/sylph-education-solutions-SES,Advertising,MOBAVENUE,Smallcap,305.9500122,0.129999995,18612678
ORK,Orkla India Ltd,/stocks/orkla-india-ORK,Packaged Foods & Meats,ORKLAINDIA,Smallcap,607.7999878,-1.789999962,18611648
JLH,Jupiter Life Line Hospitals Ltd,/stocks/jupiter-life-line-hospitals-JLH,Hospitals & Diagnostic Centres,JLHL,Smallcap,1456.300049,0.200000003,18496746
ESAB,ESAB India Ltd,/stocks/esab-india-ESAB,Industrial Machinery,ESABINDIA,Smallcap,5834.5,0.310000002,18472770
ZEL,Zelio E-Mobility Ltd,/stocks/zelio-e-mobility-ZEL,Two Wheelers,ZELIO,Smallcap,601.9000244,2,18357950
BLMR,Balmer Lawrie and Company Ltd,/stocks/balmer-lawrie-and-company-BLMR,Conglomerates,BALMLAWRIE,Smallcap,182.1399994,-0.07,18343766
CHANA,Chandan Healthcare Ltd,/stocks/chandan-healthcare-CHANA,Pharmaceuticals,CHANDAN,Smallcap,253,1.200000048,18281536
BAI,Bai-Kakaji Polymers Ltd,/stocks/bai-kakaji-polymers-BAI,Plastic Products,BAIKAKAJI,Smallcap,180,-4.409999847,18263040
IRIC,Iris Clothings Ltd,/stocks/iris-clothings-IRIC,Retail - Apparel,IRISDOREME,Smallcap,42.95999908,0.25999999,18131932
JINW,Jindal Worldwide Ltd,/stocks/jindal-worldwide-JINW,Textiles,JINDWORLD,Smallcap,30.40999985,0.829999983,18024700
SPTL,Supreme Petrochem Ltd,/stocks/supreme-petrochem-SPTL,Specialty Chemicals,SPLPETRO,Smallcap,725,1.960000038,17987758
GICH,GIC Housing Finance Ltd,/stocks/gic-housing-finance-GICH,Home Financing,GICHSGFIN,Smallcap,155.2299957,1.639999986,17902294
JAGP,Jagran Prakashan Ltd,/stocks/jagran-prakashan-JAGP,Publishing,JAGRAN,Smallcap,64.94000244,0.589999974,17798948
MANBA,Manba Finance Ltd,/stocks/manba-finance-MANBA,Diversified Financials,MANBA,Smallcap,139.1499939,0.610000014,17797878
TVSC,TVS Srichakra Ltd,/stocks/tvs-srichakra-TVSC,Tires & Rubber,TVSSRICHAK,Smallcap,4229,-2.269999981,17794920
ABIN,A B Infrabuild Ltd,/stocks/a-b-infrabuild-ABIN,Construction & Engineering,ABINFRA,Smallcap,10.93000031,,17784322
KAPA,Sera Investments and Finance India Ltd,/stocks/kapashi-commercial-KAPA,Specialized Finance,SERA,Smallcap,40.36999893,-2.539999962,17781570
GOCL,Gocl Corporation Ltd,/stocks/gocl-corp-GOCL,Commodity Chemicals,GOCLCORP,Smallcap,403.5,0.800000012,17694528
SPCH,Shree Pushkar Chemicals & Fertilisers Ltd,/stocks/shree-pushkar-chemicals-and-fertilisers-SPCH,Specialty Chemicals,SHREEPUSHK,Smallcap,404.1000061,1.200000048,17647950
SRE,Srestha Finvest Ltd,/stocks/srestha-finvest-SRE,Diversified Financials,SRESTHA,Smallcap,0.340000004,13.32999992,17618938
EMU,eMudhra Ltd,/stocks/emudhra-EMU,IT Services & Consulting,EMUDHRA,Smallcap,436.6499939,-0.07,17588292
BAH,Baheti Recycling Industries Ltd,/stocks/baheti-recycling-industries-BAH,Metals - Aluminium,BAHETI,Smallcap,728.25,-0.379999995,17294918
FORCA,Forcas Studio Ltd,/stocks/forcas-studio-FORCA,Apparel & Accessories,FORCAS,Smallcap,111.3000031,18.96999931,17271456
CESV,RPSG Ventures Ltd,/stocks/cesc-ventures-CESV,Packaged Foods & Meats,RPSGVENT,Smallcap,829.8499756,-0.469999999,17268334
PRAS,Prakash Pipes Ltd,/stocks/prakash-pipes-PRAS,Building Products - Pipes,PPL,Smallcap,285.4500122,-4.989999771,17169712
HAWY,Hathway Cable and Datacom Ltd,/stocks/hathway-cable-and-datacom-HAWY,Cable & D2H,HATHWAY,Smallcap,11.30000019,-0.959999979,16917060
INDOS,Indo SMC Ltd,/stocks/indo-smc-INDOS,Electrical Components & Equipments,INDOSMC,Smallcap,407,1.519999981,16910880
CNC,Concord Control Systems Ltd,/stocks/concord-control-systems-CNC,Electrical Components & Equipments,CNCRD,Smallcap,2860,0.620000005,16889848
VIVID,Vivid Electromech Ltd,/stocks/vivid-electromech-VIVID,Electrical Components & Equipments,VIVIDEL,Smallcap,1210,-2.190000057,16870484
MCLE,McLeod Russel India Ltd,/stocks/mcleod-russel-india-MCLE,Tea & Coffee,MCLEODRUSS,Smallcap,55.5,-4.190000057,16696286
PPAP,PPAP Automotive Ltd,/stocks/ppap-automotive-PPAP,Auto Parts,PPAP,Smallcap,256.480011,2.789999962,16683701
KRON,Kronox Lab Sciences Ltd,/stocks/kronox-lab-sciences-KRON,Specialty Chemicals,KRONOX,Smallcap,157.9700012,-1.590000033,16662435
HEID,Heidelbergcement India Ltd,/stocks/heidelbergcement-india-HEID,Cement,HEIDELBERG,Smallcap,156.3200073,1.389999986,16608581
UNTE,Unitech Ltd,/stocks/unitech-UNTE,Real Estate,UNITECH,Smallcap,4.760000229,1.279999971,16545952
INDL,Indosolar Ltd,/stocks/indosolar-INDL,Renewable Energy Equipment & Services,WAAREEINDO,Smallcap,393.4500122,1.419999957,16464552
HTML,HT Media Ltd,/stocks/ht-media-HTML,Publishing,HTMEDIA,Smallcap,24.54000092,11.43999958,16463320
LAXMI,Laxmi India Finance Ltd,/stocks/laxmi-india-finance-LAXMI,Specialized Finance,LAXMIINDIA,Smallcap,113.9199982,5,16397945
DONE,Donear Industries Ltd,/stocks/donear-industries-DONE,Textiles,DONEAR,Smallcap,86.66000366,-0.370000005,16396655
SARA,Isgec Heavy Engineering Ltd,/stocks/isgec-heavy-engineering-SARA,Heavy Machinery,ISGEC,Smallcap,920.4500122,-0.430000007,16104861
ITDC,India Tourism Development Corp Ltd,/stocks/india-tourism-development-corp-ITDC,Tour & Travel Services,ITDC,Smallcap,587.9500122,-0.829999983,15849306
BAVA,Barak Valley Cements Ltd,/stocks/barak-valley-cements-BAVA,Cement,BVCL,Smallcap,45.97999954,11.30000019,15714130
INAC,IndoStar Capital Finance Ltd,/stocks/indostar-capital-finance-INAC,Consumer Finance,INDOSTAR,Smallcap,256.6499939,-1.460000038,15708343
THEJ,Thejo Engineering Ltd,/stocks/thejo-engineering-THEJ,Construction & Engineering,THEJO,Smallcap,1917.900024,1.220000029,15630735
RAJE,Rajesh Power Services Ltd,/stocks/rajesh-power-services-RAJE,Construction & Engineering,RAJESH,Smallcap,832,-0.479999989,15610050
JNSW,JSW Holdings Ltd,/stocks/jsw-holdings-JNSW,Asset Management,JSWHL,Smallcap,12341,-0.289999992,15605382
MWL,Mangalam Worldwide Ltd,/stocks/mangalam-worldwide-MWL,Iron & Steel,MWL,Smallcap,376,-0.280000001,15484073
GREP,Greenpanel Industries Ltd,/stocks/greenpanel-industries-GREP,Wood Products,GREENPANEL,Smallcap,192.1000061,0.949999988,15364215
CNTE,Century Enka Ltd,/stocks/century-enka-CNTE,Textiles,CENTENKA,Smallcap,535.0499878,0.340000004,15280716
SAJ,Saj Hotels Ltd,/stocks/saj-hotels-SAJ,"Hotels, Resorts & Cruise Lines",SAJHOTELS,Smallcap,31.10000038,-4.159999847,15204800
STLN,STL Networks Ltd,/stocks/stl-networks-STLN,Communication & Networking,STLNETWORK,Smallcap,26.06999969,-0.839999974,15192359
SIMC,Simca Advertising Ltd,/stocks/simca-advertising-SIMC,Advertising,SIMCA,Smallcap,183.3000031,0.079999998,15160680
CLN,CLN Energy Ltd,/stocks/cln-energy-CLN,Batteries,CLN,Smallcap,542,7.900000095,15154808
XCHA,Xchanging Solutions Ltd,/stocks/xchanging-solutions-XCHA,IT Services & Consulting,XCHANGING,Smallcap,64.55999756,2.069999933,15139535
SURAK,Suraksha Diagnostic Ltd,/stocks/suraksha-diagnostic-SURAK,Hospitals & Diagnostic Centres,SURAKSHA,Smallcap,273.5499878,1.600000024,15129151
DENN,DEN Networks Ltd,/stocks/den-networks-DENN,Cable & D2H,DEN,Smallcap,29.73999977,-0.270000011,15126707
JGC,JG Chemicals Ltd,/stocks/jgchemicals-JGC,Commodity Chemicals,JGCHEM,Smallcap,422.4500122,-0.02,15115226
RAMA,Rama Steel Tubes Ltd,/stocks/rama-steel-tubes-RAMA,Building Products - Pipes,RAMASTEEL,Smallcap,4.769999981,2.359999895,15085311
DRB,ELANTAS Beck India Ltd,/stocks/elantas-beck-india-DRB,Specialty Chemicals,ELANTAS,Smallcap,10068,-0.680000007,15075356
ALMC,Alembic Ltd,/stocks/alembic-ALMC,Pharmaceuticals,ALEMBICLTD,Smallcap,92.86000061,-0.479999989,15045948
BOR,Borosil Scientific Ltd,/stocks/borosil-scientific-BOR,Health Care Equipment & Supplies,BOROSCI,Smallcap,166.4499969,-1.230000019,15043895
EKCL,Everest Kanto Cylinder Ltd,/stocks/everest-kanto-cylinder-EKCL,Gas Distribution,EKC,Smallcap,117.7699966,-0.720000029,15009660
VPA,Vegorama Punjabi Angithi Ltd,/stocks/vegorama-punjabi-angithi-VPA,Restaurants & Cafes,VPAL,Smallcap,149.1499939,-3.019999981,14977216
ARRO,Arrow Greentech Ltd,/stocks/arrow-greentech-ARRO,Packaging,ARROWGREEN,Smallcap,622.8499756,-1.809999943,14869891
AIRF,Airfloa Rail Technology Ltd,/stocks/airfloa-rail-technology-AIRF,Industrial Machinery,AIRFLOA,Smallcap,312.3500061,-0.300000012,14844225
LOVA,Lovable Lingerie Ltd,/stocks/lovable-lingerie-LOVA,Apparel & Accessories,LOVABLE,Smallcap,82.88999939,7.510000229,14638112
SILG,Silgo Retail Ltd,/stocks/silgo-retail-SILG,"Precious Metals, Jewellery & Watches",SILGO,Smallcap,76.12999725,0.689999998,14617370
NDTV,New Delhi Television Ltd,/stocks/new-delhi-television-NDTV,TV Channels & Broadcasters,NDTV,Smallcap,81.16000366,-0.439999998,14596410
LINP,Lincoln Pharmaceuticals Ltd,/stocks/lincoln-pharmaceuticals-LINP,Pharmaceuticals,LINCOLN,Smallcap,620.2000122,-0.649999976,14561535
KHAZ,Khazanchi Jewellers Ltd,/stocks/khazanchi-jewellers-KHAZ,"Precious Metals, Jewellery & Watches",KHAZANCHI,Smallcap,619,0.109999999,14554020
EXPL,Expleo Solutions Ltd,/stocks/expleo-solutions-EXPL,Software Services,EXPLEOSOL,Smallcap,818,0.340000004,14486728
RPGL,RPG Life Sciences Ltd,/stocks/rpg-life-sciences-RPGL,Pharmaceuticals,RPGLIFE,Smallcap,2415.800049,0.920000017,14452299
WIND,Windsor Machines Ltd,/stocks/windsor-machines-WIND,Industrial Machinery,WINDMACHIN,Smallcap,308,-0.870000005,14360469
ULTR,ULTRAMARINE & PIGMENTS Ltd,/stocks/ultramarine-and-pigments-ULTR,Specialty Chemicals,ULTRAMAR,Smallcap,386.8500061,4.199999809,14356494
ANDS,Andhra Sugars Ltd,/stocks/andhra-sugars-ANDS,Commodity Chemicals,ANDHRSUGAR,Smallcap,83.65000153,-0.239999995,14350017
EVRI,Everest Industries Ltd,/stocks/everest-industries-EVRI,Building Products - Prefab Structures,EVERESTIND,Smallcap,491.7000122,-2.160000086,14328924
KALYN,Kalyani Cast-Tech Ltd,/stocks/kalyani-cast-tech-KALYN,Industrial Machinery,KALYANI,Smallcap,760.25,4.960000038,14208000
VAKR,Vakrangee Limited,/stocks/vakrangee-VAKR,Outsourced services,VAKRANGEE,Smallcap,6.199999809,-0.800000012,14150934
TCIE,TCI Express Ltd,/stocks/tci-express-TCIE,Logistics,TCIEXP,Smallcap,507.8999939,-0.610000014,14134828
SAHAN,Sahana System Ltd,/stocks/sahana-systems-SAHAN,IT Services & Consulting,SAHANA,Smallcap,887.8499756,-1.75,14110740
ADVEN,Advent Hotels International Ltd,/stocks/advent-hotels-international-ADVEN,"Hotels, Resorts & Cruise Lines",ADVENTHTL,Smallcap,140.5899963,-1.120000005,14066814
MASTE,Master Trust Ltd,/stocks/master-trust-MASTE,Investment Banking & Brokerage,MASTERTR,Smallcap,76.25,0.090000004,13918993
STANL,Stanley Lifestyles Ltd,/stocks/stanley-lifestyles-STANL,Retail - Department Stores,STANLEY,Smallcap,156.5399933,-0.029999999,13905935
ADIS,Allied Digital Services Ltd,/stocks/allied-digital-services-ADIS,IT Services & Consulting,ADSL,Smallcap,124.6299973,-1.210000038,13869654
MONA,Monarch Networth Capital Ltd,/stocks/monarch-networth-capital-MONA,Investment Banking & Brokerage,MONARCH,Smallcap,345.8500061,-0.560000002,13846511
NOVAR,Novartis India Ltd,/stocks/novartis-india-NOVAR,Pharmaceuticals,NOVARTIND,Smallcap,1469.400024,1.090000033,13770712
SVR,Shri Venkatesh Refineries Ltd,/stocks/shri-venkatesh-refineries-SVR,Wood Products,SVRL,Smallcap,330,4.829999924,13735575
JUN,Juniper Hotels Ltd,/stocks/juniper-hotels-JUN,"Hotels, Resorts & Cruise Lines",JUNIPER,Smallcap,197.1300049,-1.039999962,13688313
MDTK,Mindteck (India) Ltd,/stocks/mindteck-india-MDTK,IT Services & Consulting,MINDTECK,Smallcap,208.8099976,2.099999905,13677481
GOEL,Goel Construction Company Ltd,/stocks/goel-construction-company-GOEL,Construction & Engineering,GOELCONS,Smallcap,449,4.420000076,13527976
UNIAB,Uni-Abex Alloy Products Ltd,/stocks/uni-abex-alloy-products-UNIAB,Iron & Steel,UNIABEXAL,Smallcap,5469.649902,5,13512409
SGI,Synergy Green Industries Ltd,/stocks/synergy-green-industries-SGI,Industrial Machinery,SGIL,Smallcap,560.3499756,,13500535
BFIN,BF Investment Ltd,/stocks/bf-investment-BFIN,Asset Management,BFINVEST,Smallcap,450.8500061,-2.150000095,13451865
DIGIL,Digilogic Systems Ltd,/stocks/digilogic-systems-DIGIL,Aerospace & Defense Equipments,DIGILOGIC,Smallcap,125.4000015,6.090000153,13429800
LTE,LT Elevator Ltd,/stocks/l-t-elevator-LTE,Industrial Machinery,LTELEVATOR,Smallcap,248.8999939,0.769999981,13356744
VEL,Veljan Denison Ltd,/stocks/veljan-denison-VEL,Industrial Machinery,VELJAN,Smallcap,1811.900024,-4.110000134,13263381
EEP,Eppeltone Engineers Ltd,/stocks/eppeltone-engineers-EEP,Electrical Components & Equipments,EEPL,Smallcap,120,0.970000029,13228240
SAFEE,Safe Enterprises Retail Fixtures Ltd,/stocks/safe-enterprises-retail-fixtures-SAFEE,Building Products - Others,SAFEENTP,Smallcap,289.0499878,0.25999999,13215020
KBRE,Kabra Extrusion Technik Ltd,/stocks/kabra-extrusion-technik-KBRE,Industrial Machinery,KABRAEXTRU,Smallcap,272.9500122,-1.980000019,13161236
BRLE,Birla Cable Ltd,/stocks/birla-cable-BRLE,Telecom Equipments,BIRLACABLE,Smallcap,192.3500061,-1.909999967,13106870
KESA,Kesar India Ltd,/stocks/kesar-india-KESA,Real Estate Development,KESAR,Smallcap,1249,-0.289999992,13019136
NCLI,NCL Industries Ltd,/stocks/ncl-industries-NCLI,Cement,NCLIND,Smallcap,190.1499939,-0.800000012,13005692
OMET,Om Infra Ltd,/stocks/om-metals-infraprojects-OMET,Construction & Engineering,OMINFRAL,Smallcap,90.98000336,2,12931006
ASAL,Associated Alcohols & Breweries Ltd,/stocks/associated-alcohols-and-breweries-ASAL,Alcoholic Beverages,ASALCBR,Smallcap,875.5499878,,12858541
GANES,Ganesh Benzoplast Ltd,/stocks/ganesh-benzoplast-GANES,Specialty Chemicals,GANESHBE,Smallcap,103.3199997,-0.360000014,12842271
OSI,Osiajee Texfab Ltd,/stocks/osiajee-texfab-OSI,Textiles,OSIAJEE,Smallcap,399.9500122,0.100000001,12777500
STUDD,Studds Accessories Ltd,/stocks/studds-accessories-STUDD,Two Wheelers,STUDDS,Smallcap,467.1499939,-0.660000026,12753396
GLOR,Globe International Carriers Ltd,/stocks/globe-international-carriers-GLOR,Logistics,GICL,Smallcap,18.98999977,-4.480000019,12746746
INDI,Industrial Investment Trust Ltd,/stocks/industrial-investment-trust-INDI,Asset Management,IITL,Smallcap,132.4799957,-0.349999994,12658252
AJAX,AJAX Engineering Ltd,/stocks/ajax-engineering-AJAX,Construction & Engineering,AJAXENGG,Smallcap,540.9000244,-0.519999981,12644323
ORGA,Organic Recycling Systems Ltd,/stocks/organic-recycling-systems-ORGA,Construction & Engineering,ORGANICREC,Smallcap,229.75,-0.970000029,12643176
DOLP,Dolphin Offshore Enterprises (India) Ltd,/stocks/dolphin-offshore-enterprises-india-DOLP,Oil & Gas - Equipment & Services,DOLPHIN,Smallcap,381,1.019999981,12582909
TEXM,Texmaco Infrastructure & Holdings Ltd,/stocks/texmaco-infrastructure-and-holdings-TEXM,Real Estate,TEXINFRA,Smallcap,112.5999985,0.819999993,12479813
IRI,IRIS RegTech Solutions Ltd,/stocks/iris-business-services-IRI,IT Services & Consulting,IRIS,Smallcap,275.0499878,2.960000038,12455979
GEMA,Gem Aromatics Ltd,/stocks/gem-aromatics-GEMA,Specialty Chemicals,GEMAROMA,Smallcap,186.7100067,-0.730000019,12326233
ONTE,Orient Electric Ltd,/stocks/orient-electric-ONTE,Home Electronics & Appliances,ORIENTELEC,Smallcap,177.7299957,-0.720000029,12319921
FEDM,Federal-Mogul Goetze (India) Ltd,/stocks/federal-mogul-goetze-india-FEDM,Auto Parts,FMGOETZE,Smallcap,460.2999878,0.899999976,12250306
ATOA,Automotive Axles Ltd,/stocks/automotive-axles-ATOA,Auto Parts,AUTOAXLES,Smallcap,1814.199951,0.930000007,12229516
DPAB,D P Abhushan Ltd,/stocks/d-p-abhushan-DPAB,"Precious Metals, Jewellery & Watches",DPABHUSHAN,Smallcap,967.2999878,1.309999943,12209839
PRIS,Prism Johnson Ltd,/stocks/prism-johnson-PRIS,Cement,PRSMJOHNSN,Smallcap,115.9899979,0.059999999,12204467
TPL,Tamilnadu Petroproducts Ltd,/stocks/tamilnadu-petroproducts-TPL,Commodity Chemicals,TNPETRO,Smallcap,97.06999969,-0.980000019,12150114
HRS,HRS Aluglaze Ltd,/stocks/hrs-aluglaze-HRS,Building Products - Others,HRS,Smallcap,251,-0.870000005,12124672
GPTI,GPT Infraprojects Ltd,/stocks/gpt-infraprojects-GPTI,Construction & Engineering,GPTINFRA,Smallcap,129.3600006,-1.090000033,12047439
CCON,Consolidated Construction Consortium Ltd,/stocks/consolidated-construction-consortium-CCON,Construction & Engineering,CCCL,Smallcap,16.81999969,1.019999981,12037904
KAPS,Kapston Services Ltd,/stocks/kapston-facilities-management-KAPS,Business Support Services,KAPSTON,Smallcap,379.9500122,0.159999996,11985866
RAD,Radhika Jeweltech Ltd,/stocks/radhika-jeweltech-RAD,"Precious Metals, Jewellery & Watches",RADHIKAJWE,Smallcap,56.47000122,0.090000004,11978158
KCK,KCK Industries Ltd,/stocks/kck-industries-KCK,Textiles,KCK,Smallcap,13.10000038,-0.379999995,11937150
GEO,DISA India Ltd,/stocks/disa-india-GEO,Industrial Machinery,DISAQ,Smallcap,12114,-1.75,11896293
TRANT,Transteel Seating Technologies Ltd,/stocks/transteel-seating-technologies-TRANT,Business Support Services,TRANSTEEL,Smallcap,130.3000031,-4.260000229,11826320
ICEM,Ice Make Refrigeration Ltd,/stocks/ice-make-refrigeration-ICEM,Electrical Components & Equipments,ICEMAKE,Smallcap,782.2000122,-1.090000033,11806294
MAFA,Mafatlal Industries Ltd,/stocks/mafatlal-industries-MAFA,Textiles,MAFATIND,Smallcap,141.7799988,1.590000033,11794138
MAII,Max India Ltd,/stocks/max-india-MAII,Hospitals & Diagnostic Centres,MAXIND,Smallcap,159.5599976,0.579999983,11780843
CONN,Connplex Cinemas Ltd,/stocks/connplex-cinemas-CONN,Theatres,CONNPLEX,Smallcap,194.8500061,-1.860000014,11701800
SIIL,Supreme Infrastructure India Ltd,/stocks/supreme-infrastructure-india-SIIL,Construction & Engineering,SUPREMEINF,Smallcap,83.75,3.420000076,11693450
EFFW,EFFWA Infra & Research Ltd,/stocks/effwa-infra-and-research-EFFW,Environmental Services,EFFWA,Smallcap,397.6499939,3.50999999,11681344
KPT,KPT Industries Ltd,/stocks/kpt-industries-KPT,Industrial Machinery,KPT,Smallcap,557,19.98999977,11678895
SANA,Sanathan Textiles Ltd,/stocks/sanathan-textiles-SANA,Textiles,SANATHAN,Smallcap,444.2000122,0.629999995,11648959
PROZ,Prozone Realty Ltd,/stocks/prozone-intu-properties-PROZ,Real Estate,PROZONER,Smallcap,47.61999893,0.699999988,11633923
HIL,Hiliks Technologies Ltd,/stocks/hiliks-technologies-HIL,IT Services & Consulting,HILIKS,Smallcap,84.94000244,4.989999771,11609388
YUK,Yuken India Ltd,/stocks/yuken-india-YUK,Industrial Machinery,YUKEN,Smallcap,782.5499878,0.150000006,11599442
AMBK,Ambika Cotton Mills Ltd,/stocks/ambika-cotton-mills-AMBK,Textiles,AMBIKCO,Smallcap,1735.599976,-0.74000001,11595284
RAPIC,Rapicut Carbides Ltd,/stocks/rapicut-carbides-RAPIC,Industrial Machinery,RAPICUT,Smallcap,250.5,6.800000191,11559769
KINE,Kinetic Engineering Ltd,/stocks/kinetic-engineering-KINE,Auto Parts,KINETICENG,Smallcap,330.9500122,-4.78000021,11535481
CSLF,CSL Finance Ltd,/stocks/csl-finance-CSLF,Specialized Finance,CSLFINANCE,Smallcap,226.2700043,-0.340000004,11463529
IGPT,I G Petrochemicals Ltd,/stocks/i-g-petrochemicals-IGPT,Specialty Chemicals,IGPL,Smallcap,454.6000061,0.800000012,11456226
VIJI,Viji Finance Ltd,/stocks/viji-finance-VIJI,Specialized Finance,VIJIFIN,Smallcap,6.949999809,4.980000019,11384149
MHL,Mahalaxmi Rubtech Ltd,/stocks/mahalaxmi-rubtech-MHL,Textiles,MHLXMIRU,Smallcap,140.5500031,-2.309999943,11315743
SIMPL,Simplex Castings Ltd,/stocks/simplex-castings-SIMPL,Iron & Steel,SIMPLEXCAS,Smallcap,537,1.730000019,11286993
SHAY,Shalby Ltd,/stocks/shalby-SHAY,Hospitals & Diagnostic Centres,SHALBY,Smallcap,172.2200012,-0.860000014,11229937
SIGA,Sigachi Industries Ltd,/stocks/sigachi-industries-SIGA,Commodity Chemicals,SIGACHI,Smallcap,22.70000076,-0.870000005,11211521
ABSM,ABS Marine Services Ltd,/stocks/abs-marine-services-ABSM,Shipbuilding,ABSMARINE,Smallcap,241.3500061,0.920000017,11114980
MNLI,Manali Petrochemicals Ltd,/stocks/manali-petrochemicals-MNLI,Specialty Chemicals,MANALIPETC,Smallcap,63.77999878,-1.389999986,11094714
TOL,Tolins Tyres Ltd,/stocks/tolins-tyres-TOL,Tires & Rubber,TOLINS,Smallcap,108.3700027,-1.25999999,11025513
PRME,Prime Securities Ltd,/stocks/prime-securities-PRME,Investment Banking & Brokerage,PRIMESECU,Smallcap,287.3999939,0.140000001,11022271
TNNP,Tamilnadu Newsprint & Papers Ltd,/stocks/tamilnadu-newsprint-and-papers-TNNP,Paper Products,TNPL,Smallcap,147.3099976,0.910000026,10984416
JPLY,Jindal Poly Films Ltd,/stocks/jindal-poly-films-JPLY,Packaging,JINDALPOLY,Smallcap,620.4500122,0.449999988,10870269
HAWK,Hawkins Cookers Ltd,/stocks/hawkins-cooker-HAWK,Housewares,HAWKINCOOK,Smallcap,8937.5,0.319999993,10813037
UHM,UHM Vacation Ltd,/stocks/uhm-vacation-UHM,Tour & Travel Services,UHMVL,Smallcap,51.90000153,2.829999924,10760000
SCIL,Shipping Corporation of India Land and Assets Ltd,/stocks/shipping-corporation-of-india-land-and-assets-SCIL,Real Estate,SCILAL,Smallcap,44.22999954,0.639999986,10728580
MELC,MIC Electronics Ltd,/stocks/mic-electronics-MELC,Electrical Components & Equipments,MICEL,Smallcap,39.74000168,1.399999976,10708587
APTA,Aptech Ltd,/stocks/aptech-APTA,Education Services,APTECHT,Smallcap,104.2200012,0.039999999,10705614
ESTR,Ester Industries Ltd,/stocks/ester-industries-ESTR,Commodity Chemicals,ESTER,Smallcap,92.87000275,2.460000038,10691735
TAC,TAC Infosec Ltd,/stocks/tac-infosec-TAC,IT Services & Consulting,TAC,Smallcap,382.3500061,-1.379999995,10684374
NIS,Nisus Finance Services Co Ltd,/stocks/nisus-finance-services-co-NIS,Specialized Finance,NISUS,Smallcap,209.5,0.119999997,10650240
KOTY,Kotyark Industries Ltd,/stocks/kotyark-industries-KOTY,Oil & Gas - Refining & Marketing,KOTYARK,Smallcap,38.88000107,4.940000057,10617006
TPI,TPI India Ltd,/stocks/tpi-india-TPI,Packaging,TPINDIA,Smallcap,16.44000053,-2.660000086,10613414
TILL,TIL Ltd,/stocks/til-TILL,Heavy Machinery,TIL,Smallcap,205.4199982,-2.269999981,10585671
BGRE,BGR Energy Systems Ltd,/stocks/bgr-energy-systems-BGRE,Construction & Engineering,BGRENERGY,Smallcap,306.0499878,-1.649999976,10582874
MUTH,Muthoot Capital Services Ltd,/stocks/muthoot-capital-services-MUTH,Diversified Financials,MUTHOOTCAP,Smallcap,218.2200012,2.150000095,10566276
KERA,Nitta Gelatin India Ltd,/stocks/nitta-gelatin-india-KERA,Specialty Chemicals,NITTAGELA,Smallcap,1727.400024,0.860000014,10563224
NUR,Nureca Ltd,/stocks/nureca-NUR,Pharmaceuticals,NURECA,Smallcap,228.9600067,-2.140000105,10536412
CITIU,Citius Transnet Investment Trust,/stocks/citius-transnet-investment-trust-CITIU,Roads,CITIUSINVT,Smallcap,106.2799988,0.150000006,10505763
VALIA,Valiant Communications Ltd,/stocks/valiant-communications-VALIA,Telecom Equipments,VALIANT,Smallcap,1066.300049,4.349999905,10474006
TSIL,Thomas Scott (India) Ltd,/stocks/thomas-scott-india-TSIL,Retail - Apparel,THOMASCOTT,Smallcap,331.1499939,0.579999983,10465135
GRI,G R Infraprojects Ltd,/stocks/g-r-infraprojects-GRI,Construction & Engineering,GRINFRA,Smallcap,912.9500122,-1.789999962,10403941
ISIL,Insecticides (India) Ltd,/stocks/insecticides-india-ISIL,Fertilizers & Agro Chemicals,INSECTICID,Smallcap,664.0999756,1.019999981,10403716
JRE,Eraaya Lifespaces Ltd,/stocks/justride-enterprises-JRE,Construction & Engineering,EBIX,Smallcap,25.95000076,1.960000038,10367845
PGI,Marble City India Ltd,/stocks/pg-industry-PGI,Building Products - Others,MARBLE,Smallcap,137.6999969,1.320000052,10338421
PRAV,Praveg Ltd,/stocks/praveg-communications-india-PRAV,Advertising,PRAVEG,Smallcap,253.7100067,2.779999971,10314392
ZEEN,Zee Media Corporation Ltd,/stocks/zee-media-corporation-ZEEN,TV Channels & Broadcasters,ZEEMEDIA,Smallcap,8.520000458,-1.159999967,10237339
FERM,Fermenta Biotech Ltd,/stocks/fermenta-biotech-FERM,Pharmaceuticals,FERMENTA,Smallcap,343,-2.559999943,10234951
PURPL,Purple United Sales Ltd,/stocks/purple-united-sales-PURPL,Apparel & Accessories,PURPLEUTED,Smallcap,480.8999939,-0.02,10228240
SGRC,Sagar Cements Ltd,/stocks/sagar-cements-SGRC,Cement,SAGCEM,Smallcap,180.3999939,0.129999995,10227379
ACCY,Accelya Solutions India Ltd,/stocks/accelya-solutions-india-ACCY,Software Services,ACCELYA,Smallcap,1126,1.75,10206826
WPI,WPIL Ltd,/stocks/wpil-WPI,Industrial Machinery,WPIL,Smallcap,475.1499939,-0.800000012,10168574
UNIHE,Unihealth Hospitals Ltd,/stocks/unihealth-consultancy-UNIHE,Hospitals & Diagnostic Centres,UNIHEALTH,Smallcap,624.6500244,-0.289999992,10158720
GEG,GEE Ltd,/stocks/gee-GEG,Industrial Machinery,GEE,Smallcap,111,-2.630000114,10154833
GOV,Ikoma Technologies Ltd,/stocks/good-value-irrigation-GOV,Communication & Networking,IKOMA,Smallcap,74.87000275,4.989999771,10134806
MEG,Megastar Foods Ltd,/stocks/megastar-foods-MEG,Packaged Foods & Meats,MEGASTAR,Smallcap,366.7000122,-2.029999971,10109507
SURAE,Suraj Estate Developers Ltd,/stocks/suraj-estate-developers-SURAE,Real Estate,SURAJEST,Smallcap,204.6199951,-0.449999988,10069165
SSF,Srivari Spices and Foods Ltd,/stocks/srivari-spices-and-foods-SSF,FMCG - Foods,SSFL,Smallcap,274.1000061,-1.909999967,10069125
GENC,Generic Engineering Construction and Projects Ltd,/stocks/generic-engineering-construction-and-projects-GENC,Construction & Engineering,GENCON,Smallcap,43.63999939,0.860000014,10036522
SUBA,Subam Papers Ltd,/stocks/subam-papers-SUBA,Packaging,SUBAM,Smallcap,220,-2.220000029,10002496
SPE,Spectrum Foods Ltd,/stocks/spectrum-foods-SPE,Packaged Foods & Meats,SPECFOOD,Smallcap,18.18000031,20,9995511
SVJ,S V J Enterprises Ltd,/stocks/s-v-j-enterprises-SVJ,Packaging,SVJ,Smallcap,205.1000061,4.989999771,9983500
SJL,S J Logistics (India) Ltd,/stocks/s-j-logistics-india-SJL,Logistics,SJLOGISTIC,Smallcap,337.75,-3.430000067,9981800
VINS,Vinsys IT Services India Ltd,/stocks/vinsys-it-services-india-VINS,IT Services & Consulting,VINSYS,Smallcap,470.1499939,-0.349999994,9943080
XTG,Xtglobal Infotech Ltd,/stocks/xt-global-infotech-XTG,IT Services & Consulting,XTGLOBAL,Smallcap,29.10000038,4.380000114,9919096
RUSH,Rushil Decor Ltd,/stocks/rushil-decor-RUSH,Building Products - Laminates,RUSHIL,Smallcap,16.29999924,-1.50999999,9907521
SANG,Sangam (India) Ltd,/stocks/sangam-india-SANG,Textiles,SANGAMIND,Smallcap,552.5,-0.180000007,9758539
DHARA,DMCC Speciality Chemicals Ltd,/stocks/dharamsi-morarji-chemicals-co-DHARA,Diversified Chemicals,DMCC,Smallcap,253.8500061,-0.699999988,9754459
TVTO,TV Today Network Limited,/stocks/tv-today-network-TVTO,TV Channels & Broadcasters,TVTODAY,Smallcap,129.6199951,2.049999952,9723604
TOTE,Forbes Precision Tools and Machine Parts Ltd,/stocks/forbes-precision-tools-and-machine-parts-TOTE,Industrial Machinery,TOTEM,Smallcap,155.3999939,7.25,9641929
PILN,Pilani Investment And Industries Corporation Ltd,/stocks/pilani-investment-and-industries-corporation-PILN,Asset Management,PILANIINVS,Smallcap,4415.700195,-0.479999989,9634576
GANEC,Ganesh Consumer Products Ltd,/stocks/ganesh-consumer-products-GANEC,FMCG - Foods,GANESHCP,Smallcap,197.4700012,-0.129999995,9596172
PATIL,Patil Automation Ltd,/stocks/patil-automation-PATIL,Industrial Machinery,PATILAUTOM,Smallcap,208.3000031,-0.050000001,9549096
KAKA,Kaka Industries Ltd,/stocks/kaka-industries-KAKA,Building Products - Glass,KAKA,Smallcap,216,2.589999914,9521220
VENTI,Ventive Hospitality Ltd,/stocks/ventive-hospitality-VENTI,"Hotels, Resorts & Cruise Lines",VENTIVE,Smallcap,633.2000122,0.039999999,9491960
LIKH,Likhitha Infrastructure Ltd,/stocks/likhitha-infrastructure-LIKH,Construction & Engineering,LIKHITHA,Smallcap,262.2999878,-1.799999952,9465462
SMC,SMC Global Securities Ltd,/stocks/smc-global-securities-SMC,Investment Banking & Brokerage,SMCGLOBAL,Smallcap,69.41000366,-2.119999886,9460036
SAUR,Saurashtra Cement Ltd,/stocks/saurashtra-cement-SAUR,Cement,SAURASHCEM,Smallcap,58.11999893,3.920000076,9444320
TIDE,Veedol Corporation Ltd,/stocks/tide-water-oil-co-india-TIDE,Commodity Chemicals,VEEDOL,Smallcap,1458.599976,-0.050000001,9429810
URJA,Urja Global Ltd,/stocks/urja-global-URJA,Renewable Energy Equipment & Services,URJA,Smallcap,9.819999695,0.200000003,9370774
HGSL,Hinduja Global Solutions Ltd,/stocks/hinduja-global-solutions-HGSL,Outsourced services,HGS,Smallcap,416.6000061,-0.660000026,9360660
GUJIJ,Gujarat Inject Kerala Ltd,/stocks/gujarat-inject-kerala-GUJIJ,Diversified Chemicals,GUJINJEC,Smallcap,130.8999939,4.96999979,9329806
RBZ,RBZ Jewellers Ltd,/stocks/rbz-jewellers-RBZ,"Precious Metals, Jewellery & Watches",RBZJEWEL,Smallcap,144.0299988,-1.279999971,9321690
SADH,Sadhana Nitro Chem Ltd,/stocks/sadhana-nitro-chem-SADH,Commodity Chemicals,SADHNANIQ,Smallcap,2.920000076,1.74000001,9319034
UYF,U. Y. Fincorp Ltd,/stocks/u-y-fincorp-UYF,Diversified Financials,UYFINCORP,Smallcap,15.39999962,2.119999886,9319007
VARM,Vardhman Special Steels Ltd,/stocks/vardhman-special-steels-VARM,Iron & Steel,VSSL,Smallcap,274.3500061,-0.810000002,9302248
TRIS,Trishakti Industries Ltd,/stocks/trishakti-electronics-and-industries-TRIS,Oil & Gas - Equipment & Services,TRISHAKT,Smallcap,165.8000031,-0.029999999,9254515
CELLE,Cellecor Gadgets Ltd,/stocks/cellecor-gadgets-CELLE,Home Electronics & Appliances,CELLECOR,Smallcap,36.54999924,1.669999957,9253950
GENX,GenXAI Analytics Ltd,/stocks/genxai-analytics-GENX,Software Services,GENXAI,Smallcap,93.84999847,0.430000007,9139392
MENO,Menon Bearings Ltd,/stocks/menon-bearings-MENO,Auto Parts,MENONBE,Smallcap,158.7700043,-1.610000014,9127586
SUBX,Subex Ltd,/stocks/subex-SUBX,Software Services,SUBEXLTD,Smallcap,11.60000038,2.109999895,9119725
SGR,Shree Ganesh Remedies Ltd,/stocks/shree-ganesh-remedies-SGR,Pharmaceuticals,SGRL,Smallcap,676.5499878,5.320000172,9113607
CODE,Coffee Day Enterprises Ltd,/stocks/coffee-day-enterprises-CODE,Restaurants & Cafes,COFFEEDAY,Smallcap,32.52000046,-0.519999981,9070901
TCPL,TCPL Packaging Ltd,/stocks/tcpl-packaging-TCPL,Packaging,TCPLPACK,Smallcap,2957.300049,-0.649999976,9065069
ECOR,Eco Recycling Ltd,/stocks/eco-recycling-ECOR,Business Support Services,ECORECO,Smallcap,452,2.480000019,9047757
MAWS,Mawana Sugars Ltd,/stocks/mawana-sugars-MAWS,Sugar,MAWANASUG,Smallcap,105.5800018,4.989999771,9046134
DHARM,Dharmaj Crop Guard Ltd,/stocks/dharmaj-crop-guard-DHARM,Fertilizers & Agro Chemicals,DHARMAJ,Smallcap,260.25,-1.830000043,8987177
ZTE,Z-Tech (India) Ltd,/stocks/z-tech-india-ZTE,Construction & Engineering,ZTECH,Smallcap,628,-2.24000001,8966331
CRY,Cryogenic OGS Ltd,/stocks/cryogenic-ogs-CRY,Oil & Gas - Equipment & Services,CRYOGENIC,Smallcap,275,-2.410000086,8934862
QUIC,Quick Heal Technologies Ltd,/stocks/quick-heal-technologies-QUIC,IT Services & Consulting,QUICKHEAL,Smallcap,171.0700073,-0.660000026,8852039
KIL,3B Blackbio DX Ltd,/stocks/kilpest-india-KIL,Biotechnology,3BBLACKBIO,Smallcap,1173.5,-2.680000067,8819708
BRSN,Bharat Rasayan Ltd,/stocks/bharat-rasayan-BRSN,Fertilizers & Agro Chemicals,BHARATRAS,Smallcap,1341.800049,0.050000001,8754107
KCP,KCP Ltd,/stocks/kcp-KCP,Cement,KCP,Smallcap,170.9799957,0.560000002,8747985
TLL,Trident Lifeline Ltd,/stocks/trident-lifeline-TLL,Pharmaceuticals,TLL,Smallcap,265.25,1.399999976,8741700
SAWA,Sawaliya Food Products Ltd,/stocks/sawaliya-food-products-SAWA,FMCG - Foods,SAWALIYA,Smallcap,302.8500061,-0.699999988,8741664
TEIN,Technocraft Industries (India) Ltd,/stocks/technocraft-industries-india-TEIN,Industrial Machinery,TIIL,Smallcap,2509.800049,-0.300000012,8702205
ASAS,Automotive Stampings and Assemblies Ltd,/stocks/automotive-stampings-and-assemblies-ASAS,Auto Parts,ASAL,Smallcap,516.8499756,-0.129999995,8670837
REGAA,Regaal Resources Ltd,/stocks/regaal-resources-REGAA,FMCG - Foods,REGAAL,Smallcap,84.62999725,2.839999914,8617634
KSOL,Ksolves India Ltd,/stocks/ksolves-india-KSOL,IT Services & Consulting,KSOLVES,Smallcap,286.5499878,0.050000001,8610938
TECHE,TechEra Engineering (India) Ltd,/stocks/techera-engineering-india-TECHE,Aerospace & Defense Equipments,TECHERA,Smallcap,162.9499969,3.920000076,8506080
PLAT,Platinum Industries Ltd,/stocks/platinum-industries-PLAT,Commodity Chemicals,PLATIND,Smallcap,225.8399963,-0.850000024,8501383
AZT,Aztec Fluids & Machinery Ltd,/stocks/aztec-fluids-and-machinery-AZT,Industrial Machinery,AZTEC,Smallcap,113,15.42000008,8498030
BRG,B.R.Goyal Infrastructure Ltd,/stocks/brgoyal-infrastructure-BRG,Construction & Engineering,BRGIL,Smallcap,130,5.690000057,8496600
INFLU,Influx Healthtech Ltd,/stocks/influx-healthtech-INFLU,Pharmaceuticals,INFLUX,Smallcap,301.1000061,2.900000095,8493840
OMXA,Omax Autos Ltd,/stocks/omax-autos-OMXA,Auto Parts,OMAXAUTO,Smallcap,231.0500031,-1.690000057,8447772
DOD,Dodla Dairy Ltd,/stocks/dodla-dairy-DOD,FMCG - Foods,DODLA,Smallcap,1116.599976,-1.25999999,8444776
DAV,Davangere Sugar Company Ltd,/stocks/davangere-sugar-company-DAV,Sugar,DAVANGERE,Smallcap,3.579999924,,8422924
BGRS,Bharat Gears Ltd,/stocks/bharat-gears-BGRS,Auto Parts,BHARATGEAR,Smallcap,133.2400055,-1.49000001,8418861
WAR,Wardwizard Innovations & Mobility Ltd,/stocks/wardwizard-innovations-and-mobility-WAR,Two Wheelers,WARDINMOBI,Smallcap,7.550000191,3.99000001,8400099
BMW,BMW Industries Ltd,/stocks/bmw-industries-BMW,Iron & Steel,BMW,Smallcap,55.65000153,-1.700000048,8384333
TAKE,Take Ltd,/stocks/take-solutions-TAKE,IT Services & Consulting,TAKE,Smallcap,23.96999931,4.989999771,8376041
KAV,Evexia Lifecare Ltd,/stocks/kavit-industries-KAV,Fertilizers & Agro Chemicals,EVEXIA,Smallcap,1.769999981,,8346210
PUL,Pulsar International Ltd,/stocks/pulsar-international-PUL,Asset Management,PULSRIN,Smallcap,0.540000021,1.889999986,8317519.5
GODH,Auri Grow India Ltd,/stocks/godha-cabcon-and-insulation-GODH,Cables,AURIGROW,Smallcap,0.280000001,3.700000048,8314882.5
VIKR,Vikram Thermo (India) Ltd,/stocks/vikram-thermo-india-VIKR,Pharmaceuticals,VIKRAMTH,Smallcap,234,-0.449999988,8306574
DOLA,Dolat Algotech Ltd,/stocks/dolat-investments-DOLA,Investment Banking & Brokerage,DOLATALGO,Smallcap,72.73000336,-1.159999967,8246638.5
LIBS,Liberty Shoes Ltd,/stocks/liberty-shoes-LIBS,Footwear,LIBERTSHOE,Smallcap,258.6000061,-2.029999971,8224158
MAHA,Mahamaya Steel Industries Ltd,/stocks/mahamaya-steel-industries-MAHA,Iron & Steel,MAHASTEEL,Smallcap,811.25,1.149999976,8207741
MATI,Matrimony.Com Ltd,/stocks/matrimonycom-MATI,Online Services,MATRIMONY,Smallcap,423.7000122,2.099999905,8134230.5
ISI,India Homes Ltd,/stocks/india-steel-works-ISI,Iron & Steel,INDIAHOMES,Smallcap,22.64999962,-0.529999971,8117051
NKML,Nilkamal Ltd,/stocks/nilkamal-NKML,Plastic Products,NILKAMAL,Smallcap,1286.099976,-0.600000024,8099687.5
GKS,Gujarat Kidney and Super Speciality Ltd,/stocks/gujarat-kidney-and-super-speciality-GKS,Hospitals & Diagnostic Centres,GKSL,Smallcap,129.8300018,-0.850000024,8074821.5
BES,Best Agrolife Ltd,/stocks/best-agrolife-BES,Diversified Chemicals,BESTAGRO,Smallcap,15.92000008,0.569999993,8065360
KIDI,Kilitch Drugs (India) Ltd,/stocks/kilitch-drugs-india-KIDI,Pharmaceuticals,KILITCH,Smallcap,188.4499969,-4.340000153,8047775
SAINT,Saint-Gobain Sekurit India Ltd,/stocks/saint-gobain-sekurit-india-SAINT,Auto Parts,SEKURITIND,Smallcap,132.4499969,0.99000001,8011163
ABML,Aditya Birla Money Ltd,/stocks/aditya-birla-money-ABML,Investment Banking & Brokerage,BIRLAMONEY,Smallcap,144.5299988,0.610000014,7991331
DENT,Vasa Denticity Ltd,/stocks/vasa-denticity-DENT,Hospitals & Diagnostic Centres,DENTALKART,Smallcap,374.9500122,-2.220000029,7926037.5
KRM,KRM Ayurveda Ltd,/stocks/krm-ayurveda-KRM,Hospitals & Diagnostic Centres,KRMAYURVED,Smallcap,252.6499939,-0.409999996,7874930
VIVIA,Viviana Power Tech Ltd,/stocks/viviana-power-tech-VIVIA,Electrical Components & Equipments,VIVIANA,Smallcap,815.7000122,-1.299999952,7873871
PRPF,Premier Polyfilm Ltd,/stocks/premier-polyfilm-PRPF,Home Furnishing,PREMIERPOL,Smallcap,68.30000305,0.959999979,7873638.5
GREEN,Greenleaf Envirotech Ltd,/stocks/greenleaf-envirotech-GREEN,Environmental Services,GREENLEAF,Smallcap,96.80000305,4.989999771,7861340
SAAK,Saakshi Medtech and Panels Ltd,/stocks/saakshi-medtech-and-panels-SAAK,Electrical Components & Equipments,SAAKSHI,Smallcap,294.3500061,0.07,7834860
HOND,Honda India Power Products Ltd,/stocks/honda-india-power-products-HOND,Industrial Machinery,HONDAPOWER,Smallcap,2182.899902,-0.629999995,7831823
MVG,Manoj Vaibhav Gems N Jewellers Ltd,/stocks/manoj-vaibhav-gems-n-jewellers-MVG,"Precious Metals, Jewellery & Watches",MVGJL,Smallcap,151.7799988,1.299999952,7819885
BRIGO,Brigade Hotel Ventures Ltd,/stocks/brigade-hotel-ventures-BRIGO,"Hotels, Resorts & Cruise Lines",BRIGHOTEL,Smallcap,65.45999908,3.039999962,7817499.5
OSEL,Osel Devices Ltd,/stocks/osel-devices-OSEL,Electrical Components & Equipments,OSELDEVICE,Smallcap,483.3500061,-0.050000001,7816338
VIJAP,VijayPD Ceutical Ltd,/stocks/vijaypd-ceutical-VIJAP,Pharmaceuticals,VIJAYPD,Smallcap,73.65000153,-4.96999979,7813260
SELL,Sellowrap Industries Ltd,/stocks/sellowrap-industries-SELL,Packaging,SELLOWRAP,Smallcap,72.90000153,,7771056
RAMAH,Rama Phosphates Ltd,/stocks/rama-phosphates-RAMAH,Fertilizers & Agro Chemicals,RAMAPHO,Smallcap,129.2599945,2.920000076,7755599
GAPR,Gayatri Projects Ltd,/stocks/gayatri-projects-GAPR,Construction & Engineering,GAYAPROJ,Smallcap,21.88999939,0.050000001,7723950
HLLT,BirlaNu Ltd,/stocks/hil-HLLT,Building Products - Others,BIRLANU,Smallcap,1363.900024,0.189999998,7679139
DIAMI,Diamines and Chemicals Ltd,/stocks/diamines-and-chemicals-DIAMI,Commodity Chemicals,DIAMINESQ,Smallcap,267.9299927,-0.209999993,7663450
MINI,Mini Diamonds (India) Ltd,/stocks/mini-diamonds-india-MINI,"Precious Metals, Jewellery & Watches",MINID,Smallcap,6.130000114,3.200000048,7657130
MED,Medico Remedies Ltd,/stocks/medico-remedies-MED,Pharmaceuticals,MEDICO,Smallcap,41.18000031,1.909999967,7657043.5
DESC,Desco Infratech Ltd,/stocks/desco-infratech-DESC,Construction & Engineering,DESCO,Smallcap,214.6999969,-0.790000021,7621140
FAZE,Faze Three Ltd,/stocks/faze-three-FAZE,Textiles,FAZE3Q,Smallcap,614.25,-0.479999989,7539548.5
NAN,Nanta Tech Ltd,/stocks/nanta-tech-NAN,Electronic Equipments,NANTA,Smallcap,585.2000122,5,7537728
KAM,Kama Holdings Ltd,/stocks/kama-holdings-KAM,Specialty Chemicals,KAMAHOLD,Smallcap,2599.899902,0.370000005,7526151.5
RAJO,Rajoo Engineers Ltd,/stocks/rajoo-engineers-RAJO,Industrial Machinery,RAJOOENG,Smallcap,52.68000031,1.580000043,7510045.5
MCF,Mayank Cattle Food Ltd,/stocks/mayank-cattle-food-MCF,FMCG - Foods,MCFL,Smallcap,214.25,0.209999993,7509492
SIY,Siyaram Recycling Industries Ltd,/stocks/siyaram-recycling-industries-SIY,Cycles,SIYARAM,Smallcap,41.58000183,5,7497765
NIN,NINtec Systems Ltd,/stocks/nintec-systems-NIN,Software Services,NINSYS,Smallcap,876.5999756,1.25,7476979
SHERA,Shera Energy Ltd,/stocks/shera-energy-SHERA,Metals - Diversified,SHERA,Smallcap,149.4499969,-4.869999886,7458780
PTCN,PTC India Financial Services Ltd,/stocks/ptc-india-financial-services-PTCN,Specialized Finance,PFS,Smallcap,31.27000046,0.289999992,7457800
AFI,Akme Fintrade India Ltd,/stocks/akme-fintrade-india-AFI,Consumer Finance,AFIL,Smallcap,10.06999969,-2.799999952,7435429
GEL,Gautam Exim Ltd,/stocks/gautam-exim-GEL,Paper Products,GEL,Smallcap,31.97999954,-1.139999986,7430520
BTT,Bhilwara Technical Textiles Ltd,/stocks/bhilwara-technical-textiles-BTT,Textiles,BTTL,Smallcap,49.88000107,9.989999771,7373435
LAOP,La Opala RG Ltd,/stocks/la-opala-r-g-LAOP,Housewares,LAOPALA,Smallcap,181.8399963,-0.589999974,7360186.5
ALIO,Alicon Castalloy Ltd,/stocks/alicon-castalloy-ALIO,Auto Parts,ALICON,Smallcap,650.7999878,0.25,7336640
ROB,Macfos Ltd,/stocks/macfos-ROB,Software Services,ROBU,Smallcap,1129,-2.059999943,7302953
ZEEE,Zee Learn Ltd,/stocks/zee-learn-ZEEE,Education Services,ZEELEARN,Smallcap,8.819999695,-1.450000048,7231805.5
UIVA,Univastu India Ltd,/stocks/univastu-india-UIVA,Construction & Engineering,UNIVASTU,Smallcap,88.41000366,0.74000001,7221813.5
MIDW,Midwest Gold Ltd,/stocks/midwest-gold-MIDW,Mining - Diversified,MIDWEST,Smallcap,4075.449951,-3.480000019,7215763.5
SARL,Sarla Performance Fibers Ltd,/stocks/sarla-performance-fibers-SARL,Textiles,SARLAPOLY,Smallcap,103.6299973,-0.050000001,7185713
LOMA,Lokesh Machines Ltd,/stocks/lokesh-machines-LOMA,Industrial Machinery,LOKESHMACH,Smallcap,314.8999939,4.980000019,7174996.5
DATA,Artificial Electronics Intelligent Material Ltd,/stocks/datasoft-applications-software-india-DATA,Software Services,AEIM,Smallcap,97.25,-3.039999962,7171631
APE,Apex Ecotech Ltd,/stocks/apex-ecotech-APE,Environmental Services,APEXECO,Smallcap,251,-0.5,7165864
YASHO,Yash Optics & Lens Ltd,/stocks/yash-optics-and-lens-YASHO,Pharmaceuticals,YASHOPTICS,Smallcap,128.8000031,13.72999954,7162240
AVTN,AVT Natural Products Ltd,/stocks/avt-natural-products-AVTN,Agro Products,AVTNPL,Smallcap,71.51999664,1.809999943,7160048
EURE,Eureka Industries Ltd,/stocks/eureka-industries-EURE,Textiles,EUREKAI,Smallcap,14.5,1.970000029,7121428.5
MUKK,Mukka Proteins Ltd,/stocks/mukka-proteins-MUKK,Packaged Foods & Meats,MUKKA,Smallcap,23.95000076,0.340000004,7105128
MDFT,Madras Fertilizers Ltd,/stocks/madras-fertilizers-MDFT,Fertilizers & Agro Chemicals,MADRASFERT,Smallcap,70.33000183,2.279999971,7083969
JYOTI,Jyoti Resins and Adhesives Ltd,/stocks/jyoti-resins-and-adhesives-JYOTI,Commodity Chemicals,JYOTIRES,Smallcap,1009,0.360000014,7082954
TITAN,Titan Biotech Ltd,/stocks/titan-biotech-TITAN,Fertilizers & Agro Chemicals,TITANBIO,Smallcap,389.1000061,4.989999771,7047808.5
GOKU,Gokul Refoils and Solvent Ltd,/stocks/gokul-refoils-and-solvent-GOKU,Packaged Foods & Meats,GOKUL,Smallcap,41.52000046,-0.360000014,7035307.5
DENO,De Nora India Ltd,/stocks/de-nora-india-DENO,Electrical Components & Equipments,DENORA,Smallcap,879.0499878,1.639999986,7002928
SAHAA,Sahasra Electronic Solutions Ltd,/stocks/sahasra-electronic-solutions-SAHAA,Electronic Equipments,SAHASRA,Smallcap,302.1499939,-0.75999999,6999208
PPA,Paradeep Parivahan Ltd,/stocks/paradeep-parivahan-PPA,Logistics,PPARIVAH,Smallcap,225.25,0.159999996,6997848
MSA,Msafe Equipments Ltd,/stocks/msafe-equipments-MSA,Building Products - Others,MSAFE,Smallcap,192,-2.039999962,6984000
NDR,NDR InvIT Trust,/stocks/ndr-invit-trust-NDR,Logistics,NDRINVIT,Smallcap,139.1999969,-0.569999993,6960000
STCI,State Trading Corporation of India Ltd,/stocks/state-trading-corporation-of-india-STCI,Commodities Trading,STCINDIA,Smallcap,126.3300018,-1.299999952,6949430
ONY,Onyx Biotec Ltd,/stocks/onyx-biotec-ONY,Pharmaceuticals,ONYX,Smallcap,41.40000153,-0.239999995,6939200
HIGH,High Energy Batteries (India) Ltd,/stocks/high-energy-batteries-india-HIGH,Aerospace & Defense Equipments,HIGHENE,Smallcap,560.5,1.309999943,6920559
TIIN,3i Infotech Ltd,/stocks/3i-infotech-TIIN,IT Services & Consulting,3IINFOLTD,Smallcap,17.79999924,2.24000001,6918676.5
MOCF,Monte Carlo Fashions Ltd,/stocks/monte-carlo-fashions-MOCF,Apparel & Accessories,MONTECARLO,Smallcap,566.0999756,0.50999999,6913444
PYR,Pyramid Technoplast Ltd,/stocks/pyramid-technoplast-PYR,Plastic Products,PYRAMID,Smallcap,171.4199982,1.370000005,6913298.5
ECOS,ECOS (India) Mobility & Hospitality Ltd,/stocks/ecos-india-mobility-and-hospitality-ECOS,Tour & Travel Services,ECOSMOBLTY,Smallcap,137.8000031,-0.280000001,6898985
HAZ,Hazoor Multi Projects Ltd,/stocks/hazoor-multi-projects-HAZ,Real Estate,HAZOOR,Smallcap,24.15999985,-0.579999983,6890312
MGAD,Magadh Sugar & Energy Ltd,/stocks/magadh-sugar-and-energy-MGAD,Sugar,MAGADSUGAR,Smallcap,478.6000061,2.970000029,6842638.5
GPE,GP Eco Solutions India Ltd,/stocks/gp-eco-solutions-india-GPE,Renewable Energy Equipment & Services,GPECO,Smallcap,431,-1.00999999,6836818
GLOL,Global Education Ltd,/stocks/global-education-GLOL,Education Services,GLOBAL,Smallcap,103.5400009,1.629999995,6824553
MUF,Credo Brands Marketing Ltd,/stocks/credo-brands-marketing-MUF,Apparel & Accessories,MUFTI,Smallcap,88.93000031,-0.610000014,6795528.5
SPICE,Spice Islands Industries Ltd,/stocks/spice-islands-apparels-SPICE,"Hotels, Resorts & Cruise Lines",SPICEISLIN,Smallcap,513,0.07,6787035.5
TUNW,Tunwal E-Motors Ltd,/stocks/tunwal-e-motors-TUNW,Two Wheelers,TUNWAL,Smallcap,26.5,-2.390000105,6786560
TRUE,True Colors Ltd,/stocks/true-colors-TRUE,Electronic Equipments,TRUECOLORS,Smallcap,179,-0.639999986,6766578
GOODY,Goodyear India Ltd,/stocks/goodyear-india-GOODY,Tires & Rubber,GOODYEAR,Smallcap,797.7000122,-0.25999999,6763559.5
LNI,ACS Technologies Ltd,/stocks/ln-industries-india-LNI,Software Services,ACSTECH,Smallcap,43.99000168,-0.569999993,6689274
BLKS,B L Kashyap and Sons Ltd,/stocks/b-l-kashyap-and-sons-BLKS,Construction & Engineering,BLKASHYAP,Smallcap,54.97999954,0.25999999,6672863.5
GCH,Grand Continent Hotels Ltd,/stocks/grand-continent-hotels-GCH,"Hotels, Resorts & Cruise Lines",GCHOTELS,Smallcap,115.3499985,-3.880000114,6653610
KOLT,Kolte-Patil Developers Ltd,/stocks/kolte-patil-developers-KOLT,Real Estate,KOLTEPATIL,Smallcap,364.9500122,-1.309999943,6619198.5
DURL,Durlax Top Surface Ltd,/stocks/durlax-top-surface-DURL,Building Products - Ceramics,DURLAX,Smallcap,50.04999924,0.100000001,6560400
HER,Heranba Industries Ltd,/stocks/heranba-industries-HER,Fertilizers & Agro Chemicals,HERANBA,Smallcap,188.4199982,2.140000105,6558818
RFB,RFBL Flexi Pack Ltd,/stocks/rfbl-flexi-pack-RFB,Packaging,RFBL,Smallcap,80.15000153,-2.380000114,6516450
SHIVH,Shivashrit Foods Ltd,/stocks/shivashrit-foods-SHIVH,FMCG - Foods,SHIVASHRIT,Smallcap,124.1999969,2.730000019,6490380
SHNT,Shanthi Gears Ltd,/stocks/shanthi-gears-SHNT,Auto Parts,SHANTIGEAR,Smallcap,444.3500061,-0.75,6471343
MANP,Mangalam Global Enterprise Ltd,/stocks/mangalam-global-enterprise-MANP,Commodity Chemicals,MGEL,Smallcap,16.85000038,1.690000057,6467401
UNIF,Unified Data-Tech Solutions Limited,/stocks/unified-data--tech-solutions-UNIF,IT Services & Consulting,UNIFIED,Smallcap,385,0.029999999,6465480
SSE,Sathlokhar Synergys E&C Global Ltd,/stocks/sathlokhar-synergys-eandc-global-SSE,Construction & Engineering,SSEGL,Smallcap,318.0499878,-1.269999981,6449658
PLST,Plastiblends India Ltd,/stocks/plastiblends-india-PLST,Specialty Chemicals,PLASTIBLEN,Smallcap,176.0200043,-2.910000086,6422701.5
PROF,Pro Fin Capital Services Ltd,/stocks/pro-fin-capital-services-PROF,Investment Banking & Brokerage,PROFINC,Smallcap,2.75,0.730000019,6410224
KNRC,Kanoria Chemicals and Industries Ltd,/stocks/kanoria-chemicals-and-industries-KNRC,Specialty Chemicals,KANORICHEM,Smallcap,135.9499969,0.730000019,6396411.5
PUDJ,Pudumjee Paper Products Ltd,/stocks/pudumjee-paper-products-PUDJ,Paper Products,PDMJEPAPER,Smallcap,83.90000153,0.159999996,6395135.5
ANNA,Annapurna Swadisht Ltd,/stocks/annapurna-swadisht-ANNA,FMCG - Foods,ANNAPURNA,Smallcap,130.8000031,-0.270000011,6382600
ANL,Anlon Technology Solutions Ltd,/stocks/anlon-technology-solutions-ANL,Construction & Engineering,ANLON,Smallcap,644.5999756,2.069999933,6368800
MEI,Mangal Electrical Industries Ltd,/stocks/mangal-electrical-industries-MEI,Power Infrastructure,MEIL,Smallcap,306.7999878,2.269999981,6351322.5
ATIL,Apollo Techno Industries Ltd,/stocks/apollo-techno-industries-ATIL,Construction & Engineering,ATIL,Smallcap,81,-1.220000029,6290900
HFRD,Hindustan Composites Ltd,/stocks/hindustan-composites-HFRD,Auto Parts,HINDCOMPOS,Smallcap,447.7000122,-3.190000057,6261942
SICA,Sical Logistics Ltd,/stocks/sical-logistics-SICA,Logistics,SICALLOG,Smallcap,93.25,0.170000002,6246693.5
BIZ,Bizotic Commercial Ltd,/stocks/bizotic-commercial-BIZ,Textiles,BIZOTIC,Smallcap,725,3.589999914,6231436
KAMT,Kamat Hotels (India) Ltd,/stocks/kamat-hotels-india-KAMT,"Hotels, Resorts & Cruise Lines",KAMATHOTEL,Smallcap,183.25,-0.600000024,6199792
INDOM,Indo Amines Ltd,/stocks/indo-amines-INDOM,Specialty Chemicals,INDOAMIN,Smallcap,130.8399963,-1.129999995,6097002
WORK,Workmates Core2cloud Solution Ltd,/stocks/workmates-core2cloud-solution-WORK,IT Services & Consulting,WORKMATES,Smallcap,295,-1.320000052,6088788
ADISH,Afloat Enterprises Ltd,/stocks/adishakti-loha-and-ispat-ADISH,Commodities Trading,ADISHAKTI,Smallcap,13.96000004,5.039999962,6076400
FRES,Freshara Agro Exports Ltd,/stocks/freshara-agro-exports-FRES,Agro Products,FRESHARA,Smallcap,256.1000061,1.110000014,6068160
TANE,Taneja Aerospace and Aviation Ltd,/stocks/taneja-aerospace-and-aviation-TANE,Aerospace & Defense Equipments,TANAA,Smallcap,304.5,1.639999986,6051052.5
BAJAI,Indef Manufacturing Ltd,/stocks/indef-manufacturing-BAJAI,Heavy Machinery,BAJAJINDEF,Smallcap,255.3500061,1.529999971,6048853
ADISO,Adisoft Technologies Ltd,/stocks/adisoft-technologies-ADISO,Industrial Machinery,ADISOFT,Smallcap,196.5,0.029999999,6004000
AURE,Aureate Tradde Ltd,/stocks/aureate-tradde-AURE,Plastic Products,AUREATE,Smallcap,30.75,4.980000019,5993680
MEDI,Medicamen Biotech Ltd,/stocks/medicamen-biotech-MEDI,Pharmaceuticals,MEDICAMEQ,Smallcap,260.8999939,1.620000005,5958539
RPRO,Repro India Ltd,/stocks/repro-india-RPRO,Stationery,REPRO,Smallcap,361.1000061,-1.070000052,5944003.5
BGP,String Metaverse Ltd,/stocks/bio-green-papers-BGP,Technology Hardware,META,Smallcap,7.269999981,-2.549999952,5934243
MMPI,MMP Industries Ltd,/stocks/mmp-industries-MMPI,Metals - Aluminium,MMP,Smallcap,277.1499939,0.970000029,5926104
JINL,Jindal Poly Investment and Finance Company Ltd,/stocks/jindal-poly-investment-and-finance-company-JINL,Asset Management,JPOLYINVST,Smallcap,1113.800049,-1.330000043,5911705
OMF,Om Freight Forwarders Ltd,/stocks/om-freight-forwarders-OMF,Logistics,OMFREIGHT,Smallcap,102.8700027,-5,5896005
YASHP,Pakka Limited,/stocks/yash-pakka-YASHP,Paper Products,PAKKA,Smallcap,79.16999817,-1.50999999,5886025.5
GOLD,Aion-Tech Solutions Ltd,/stocks/goldstone-technologies-GOLD,IT Services & Consulting,GOLDTECH,Smallcap,64.47000122,-5,5885427
HAL,Halder Venture Ltd,/stocks/halder-venture-HAL,FMCG - Foods,HALDER,Smallcap,237.6600037,1.720000029,5878231.5
KARB,Karbonsteel Engineering Ltd,/stocks/karbonsteel-engineering-KARB,Construction & Engineering,KARBON,Smallcap,130.5,-3.329999924,5828032
INV,Investment & Precision Castings Ltd,/stocks/investment-and-precision-castings-INV,Auto Parts,INVPRECQ,Smallcap,859.7999878,0.670000017,5821137.5
PREC,Precot Ltd,/stocks/precot-meridian-PREC,Textiles,PRECOT,Smallcap,738.8499756,3.079999924,5817222
GALXB,Galaxy Bearings Ltd,/stocks/galaxy-bearings-GALXB,Heavy Machinery,GALXBRG,Smallcap,949.2999878,10,5797375
FELX,Felix Industries Ltd,/stocks/felix-industries-FELX,Water Management,FELIX,Smallcap,190.6499939,1.899999976,5767245
DRAG,Dr Agarwal's Eye Hospital Ltd,/stocks/dr-agarwals-eye-hospital-DRAG,Hospitals & Diagnostic Centres,DRAGARWQ,Smallcap,5027,-1,5765329
KATL,Kavveri Defence & Wireless Technologies Ltd,/stocks/kavveri-telecom-products-KATL,Communication & Networking,KAVDEFENCE,Smallcap,63.61000061,-0.920000017,5750458.5
EXA,Exato Technologies Ltd,/stocks/exato-technologies-EXA,Software Services,EXATO,Smallcap,373.2000122,-4.449999809,5743950
RTR,Rama Telecom Ltd,/stocks/rama-telecom-RTR,Communication & Networking,RTL,Smallcap,84.40000153,11.05000019,5730200
A2ZI,A2z Infra Engineering Ltd,/stocks/a2z-infra-engineering-A2ZI,Construction & Engineering,A2ZINFRA,Smallcap,14.01000023,2.25999999,5727755
HINS,Hindustan Media Ventures Ltd,/stocks/hindustan-media-ventures-HINS,Publishing,HMVL,Smallcap,89.36000061,0.170000002,5706591
ECOL,Ecoline Exim Ltd,/stocks/ecoline-exim-ECOL,Packaging,ECOLINE,Smallcap,205.1999969,-0.150000006,5706400
BODA,Bodal Chemicals Ltd,/stocks/bodal-chemicals-BODA,Commodity Chemicals,BODALCHEM,Smallcap,62.84000015,1.289999962,5683463
PGC,Pearl Green Clubs and Resorts Ltd,/stocks/pearl-green-clubs-and-resorts-PGC,Agro Products,PGCRL,Smallcap,117,-13.97000027,5640804
VED,Vedavaag Systems Ltd,/stocks/vedavaag-systems-VED,Software Services,VEDAVAAG,Smallcap,23.17000008,-2.480000019,5600622.5
NILS,Nila Spaces Ltd,/stocks/nila-spaces-NILS,Real Estate,NILASPACES,Smallcap,12.72999954,-1.00999999,5570713
HITE,Hitech Corporation Ltd,/stocks/hitech-corporation-HITE,Packaging,HITECHCORP,Smallcap,318.1499939,0.699999988,5564775
PVPV,PVP Ventures Ltd,/stocks/pvp-ventures-PVPV,Real Estate,PVP,Smallcap,28.84000015,-0.140000001,5541990.5
SHOP,Shoppers Stop Ltd,/stocks/shoppers-stop-SHOP,Retail - Department Stores,SHOPERSTOP,Smallcap,354.5499878,-0.560000002,5522071
SHAK,Shakti Press Ltd,/stocks/shakti-press-SHAK,Publishing,SHAKTIPR,Smallcap,20.37000084,-4.989999771,5508822
BRANM,Brandman Retail Ltd,/stocks/brandman-retail-BRANM,Retail - Speciality,BRANDMAN,Smallcap,196.5,5,5498360
LAXI,Laxmi Goldorna House Ltd,/stocks/laxmi-goldorna-house-LAXI,"Precious Metals, Jewellery & Watches",LGHL,Smallcap,220.8800049,-0.119999997,5494194
JINP,Jindal Photo Ltd,/stocks/jindal-photo-JINP,Electronic Equipments,JINDALPHOT,Smallcap,1172.599976,-0.430000007,5476037
GGB,Ganesh Green Bharat Ltd,/stocks/ganesh-green-bharat-GGB,Renewable Energy,GGBL,Smallcap,280,-0.25,5469165
AMCL,ANB Metal Cast Ltd,/stocks/anb-metal-cast-AMCL,Building Products - Others,AMCL,Smallcap,374.3500061,2.910000086,5467712
VASH,Vashishtha Luxury Fashion Ltd,/stocks/vashishtha-luxury-fashion-VASH,Apparel & Accessories,VASHISHTHA,Smallcap,58.18999863,-3.160000086,5466168
KREL,Kirloskar Electric Company Ltd,/stocks/kirloskar-electric-company-KREL,Heavy Electrical Equipments,KECL,Smallcap,119.5899963,-2,5464683
GLO,Gloster Ltd,/stocks/gloster-GLO,Textiles,GLOSTERLTD,Smallcap,712.4500122,-4.940000057,5430948.5
PRADP,Pradeep Metals Ltd,/stocks/pradeep-metals-PRADP,Heavy Machinery,PRADPME,Smallcap,547.4500122,-2.329999924,5426759.5
PGF,PG Foils Ltd,/stocks/pg-foils-PGF,Packaging,PGFOILQ,Smallcap,201.5500031,0.02,5379994
MEGAT,Megatherm Induction Ltd,/stocks/megatherm-induction-MEGAT,Industrial Machinery,MEGATHERM,Smallcap,223.9499969,4.159999847,5379468
TRAC,Tracxn Technologies Ltd,/stocks/tracxn-technologies-TRAC,IT Services & Consulting,TRACXN,Smallcap,30.29000092,0.100000001,5368429.5
RJK,Krishanveer Forge Ltd,/stocks/rajkumar-forge-RJK,Metals - Diversified,KVFORGE,Smallcap,172,9.869999886,5365638
MARM,Marc Technocrats Ltd,/stocks/marc-technocrats-MARM,Business Support Services,MARC,Smallcap,93.5,3.890000105,5363712
FLU,Fluidomat Ltd,/stocks/fluidomat-FLU,Industrial Machinery,FLUIDOM,Smallcap,920,-3.200000048,5361070.5
PUNAL,Primo Chemicals Ltd,/stocks/punjab-alkalies-and-chemicals-PUNAL,Specialty Chemicals,PRIMO,Smallcap,24.45000076,-1.370000005,5347180.5
ALLS,Alldigi Tech Ltd,/stocks/allsec-technologies-ALLS,IT Services & Consulting,ALLDIGI,Smallcap,815.7000122,-0.779999971,5297244
IMPA,India Motor Parts & Accessories Ltd,/stocks/india-motor-parts-and-accessories-IMPA,Auto Parts,IMPAL,Smallcap,1115.5,0.119999997,5296316
QLL,Qualitek Labs Ltd,/stocks/qualitek-labs-QLL,Labs & Life Sciences Services,QLL,Smallcap,469.7999878,-2.059999943,5275536
OSGL,Oswal Greentech Ltd,/stocks/oswal-greentech-OSGL,Real Estate,OSWALGREEN,Smallcap,22.73999977,-0.310000002,5264228.5
BLUEW,Blue Water Logistics Ltd,/stocks/blue-water-logistics-BLUEW,Logistics,BLUEWATER,Smallcap,341.1499939,-2.109999895,5255400
SHETH,Shreeji Global FMCG Ltd,/stocks/shreeji-global-fmcg-SHETH,Agro Products,SHETHJI,Smallcap,153.8999939,0.980000019,5253340
TEJA,Tejassvi Aaharam Ltd,/stocks/tejassvi-aaharam-TEJA,Logistics,TEJASSVI,Smallcap,51,,5184456
SOT,Sotac Pharmaceuticals Ltd,/stocks/sotac-pharmaceuticals-SOT,Pharmaceuticals,SOTAC,Smallcap,105,,5166000
AUTOP,RNIT AI Solutions Ltd,/stocks/autopal-industries-AUTOP,Software Services,RNITAI,Smallcap,57.97000122,,5156674
DBSB,DB (International) Stock Brokers Ltd,/stocks/db-international-stock-brokers-DBSB,Investment Banking & Brokerage,DBSTOCKBRO,Smallcap,35.54000092,0.790000021,5149330
SWASK,Swastika Castal Ltd,/stocks/swastika-castal-SWASK,Metals - Aluminium,SWASTIKAAL,Smallcap,78.37999725,9.989999771,5123580
ANUH,Anuh Pharma Ltd,/stocks/anuh-pharma-ANUH,Pharmaceuticals,ANUHPHR,Smallcap,80.44999695,-1.230000019,5104051
IWA,iWare Supplychain Services Ltd,/stocks/iware-supplychain-services-IWA,Logistics,IWARE,Smallcap,369.8999939,2.470000029,5087784
ACES,ACE Software Exports Ltd,/stocks/ace-software-exports-ACES,Software Services,ACESOFT,Smallcap,115.8000031,1.309999943,5083314
ACCOR,Accord Transformer & Switchgear Ltd,/stocks/accord-transformer-and-switchgear-ACCOR,Electrical Components & Equipments,ACCORDTS,Smallcap,56,-2.779999971,5075100
RATV,Raj Television Network Ltd,/stocks/raj-television-network-RATV,TV Channels & Broadcasters,RAJTV,Smallcap,11.96000004,-4.929999828,5052372
GENN,Gennex Laboratories Ltd,/stocks/gennex-laboratories-GENN,Pharmaceuticals,GENNEX,Smallcap,10.15999985,-1.74000001,5040371
KAUN,Kuantum Papers Ltd,/stocks/kuantum-papers-KAUN,Paper Products,KUANTUM,Smallcap,77.04000092,1.340000033,5039601
UCAF,UCAL Ltd,/stocks/ucal-fuel-systems-UCAF,Auto Parts,UCAL,Smallcap,116.3300018,-6.949999809,5029591.5
BCC,B C C Fuba India Ltd,/stocks/b-c-c-fuba-india-BCC,Electronic Equipments,BCCFUBA,Smallcap,175.5,-1.429999948,5013464.5
ACL,Aelea Commodities Ltd,/stocks/aelea-commodities-ACL,Agro Products,ACLD,Smallcap,159.6000061,1.00999999,5004480
RNB,R & B Denims Ltd,/stocks/randb-denims-RNB,Textiles,RNBDENIMS,Smallcap,10.85999966,4.929999828,4966313.5
SSHA,Seshasayee Paper and Boards Ltd,/stocks/seshasayee-paper-and-boards-SSHA,Paper Products,SESHAPAPER,Smallcap,231.4799957,1.779999971,4963004
DRE,Dreamfolks Services Ltd,/stocks/dreamfolks-services-DRE,Logistics,DREAMFOLKS,Smallcap,69.51999664,-1.279999971,4948901
SEZA,Sejal Glass Ltd,/stocks/sejal-glass-SEZA,Building Products - Glass,SEJALLTD,Smallcap,736.0999756,-1.799999952,4948797
WCI,Western Carriers (India) Ltd,/stocks/western-carriers-india-WCI,Logistics,WCIL,Smallcap,98.77999878,0.090000004,4937888.5
PERM,Permanent Magnets Ltd,/stocks/permanent-magnets-PERM,Metals - Diversified,PERMAGN,Smallcap,967,3.859999895,4930706
SRDC,Shree Digvijay Cement Co Ltd,/stocks/shree-digvijay-cement-co-SRDC,Cement,SHREDIGCEM,Smallcap,76.52999878,-1.330000043,4924540.5
YAAS,Yaashvi Jewellers Ltd,/stocks/yaashvi-jewellers-YAAS,"Precious Metals, Jewellery & Watches",YAASHVI,Smallcap,91.15000153,-5.639999866,4915152
NRV,N R Vandana Tex Industries Ltd,/stocks/n-r-vandana-tex-industries-NRV,Textiles,NRVANDANA,Smallcap,69.19999695,0.289999992,4912560
MASO,Mason Infratech Ltd,/stocks/mason-infratech-MASO,Construction & Engineering,MASON,Smallcap,128.5,11.44999981,4900370
ZFS,Z F Steering Gear (India) Ltd,/stocks/z-f-steering-gear-india-ZFS,Auto Parts,ZFSTEERING,Smallcap,696.0499878,-1.230000019,4899130
ORV,Oriental Rail Infrastructure Ltd,/stocks/oriental-veneer-products-ORV,Rail,ORIRAIL,Smallcap,127.5999985,0.430000007,4874962.5
CWD,CWD Limited,/stocks/cwd-CWD,Home Electronics & Appliances,CWD,Smallcap,325,0.319999993,4859700
ROYL,Royal Orchid Hotels Ltd,/stocks/royal-orchid-hotels-ROYL,"Hotels, Resorts & Cruise Lines",ROHLTD,Smallcap,326.25,-0.49000001,4833083
QUEST,Quest Laboratories Ltd,/stocks/quest-laboratories-QUEST,Pharmaceuticals,QUESTLAB,Smallcap,94.94999695,1.279999971,4803120
ZODA,Zodiac Energy Ltd,/stocks/zodiac-energy-ZODA,Renewable Energy Equipment & Services,ZODIAC,Smallcap,265,-1.059999943,4771987.5
UFOM,UFO Moviez India Ltd,/stocks/ufo-moviez-india-UFOM,Movies & TV Serials,UFO,Smallcap,72.08000183,,4770509
COSMI,Cosmic CRF Ltd,/stocks/cosmic-crf-COSMI,"Precious Metals, Jewellery & Watches",COSMICCRF,Smallcap,1134.400024,1.669999957,4766808
PRIMC,Prime Cable Industries Ltd,/stocks/prime-cable-industries-PRIMC,Cables,PRIMECAB,Smallcap,123.0500031,4.989999771,4718976
CHA,Chandni Machines Ltd,/stocks/chandni-machines-CHA,Commodities Trading,CHANDNIMACH,Smallcap,84.94999695,4.260000229,4695929.5
APS,Australian Premium Solar (India) Ltd,/stocks/australian-premium-solar-india-APS,Renewable Energy,APS,Smallcap,300.3999939,0.810000002,4676040
SUNLI,Sunlite Recycling Industries Ltd,/stocks/sunlite-recycling-industries-SUNLI,Cables,SUNLITE,Smallcap,444.7000122,-1.940000057,4664100
SREER,TGV SRAAC Ltd,/stocks/tgv-sraac-SREER,Commodity Chemicals,TGVSL,Smallcap,103.9000015,0.779999971,4647693
DAN,Danube Industries Ltd,/stocks/danube-industries-DAN,Paper Products,DANUBE,Smallcap,7.190000057,4.960000038,4637398.5
OLI,Oneclick Logistics India Ltd,/stocks/oneclick-logistics-india-OLI,Logistics,OLIL,Smallcap,412.7999878,-0.889999986,4632432
NMS,NMS Global Ltd,/stocks/nms-resources-global-NMS,Business Support Services,NMSGLOBAL,Smallcap,86.87000275,1.25999999,4628670
SSH,Aeroflex Neu Ltd,/stocks/sah-polymers-SSH,Packaging,AERONEU,Smallcap,92.41999817,3.00999999,4614672
RICHA,RICHA INFO SYSTEMS LIMITED,/stocks/richa-info-systems-RICHA,Academic & Educational Services,RICHA,Smallcap,90,,4590000
UPS,Upsurge Investment and Finance Ltd,/stocks/upsurge-investment-and-finance-UPS,Diversified Financials,UPSURGE,Smallcap,68.51000214,3.460000038,4587510
HECF,HEC Infra Projects Ltd,/stocks/hec-infra-projects-HECF,Electrical Components & Equipments,HECPROJECT,Smallcap,139.9100037,0.079999998,4581250.5
KARN,Karnika Industries Ltd,/stocks/karnika-industries-KARN,Textiles,KARNIKA,Smallcap,111.75,-3.200000048,4573600
STTL,Sterling Tools Ltd,/stocks/sterling-tools-STTL,Industrial Machinery,STERTOOLS,Smallcap,244.5800018,-0.439999998,4544236.5
SATD,Satia Industries Ltd,/stocks/satia-industries-SATD,Paper Products,SATIA,Smallcap,55.25999832,-1.460000038,4543479
VRA,Vraj Iron and Steel Ltd,/stocks/vraj-iron-and-steel-VRA,Iron & Steel,VRAJ,Smallcap,115.0800018,-0.519999981,4528365
SUGS,Sugs Lloyd Ltd,/stocks/sugs-lloyd-SUGS,Renewable Energy Equipment & Services,SUGSLLOYD,Smallcap,125,2.420000076,4519440
EER,ETOE Transportation Infrastructure Ltd,/stocks/e-to-e-transportation-infrastructure-EER,Rail,E2ERAIL,Smallcap,270.2999878,2.970000029,4517184
TAU,Taurian MPS Ltd,/stocks/taurian-mps-TAU,Industrial Machinery,TAURIAN,Smallcap,294,0.600000024,4507408
MNJL,Munjal Showa Ltd,/stocks/munjal-showa-MNJL,Auto Parts,MUNJALSHOW,Smallcap,130.9299927,0.01,4502539.5
AGRO,Sundrop Brands Ltd,/stocks/agro-tech-foods-AGRO,Packaged Foods & Meats,SUNDROP,Smallcap,639.2000122,-0.629999995,4485050
SNOW,Snowman Logistics Ltd,/stocks/snowman-logistics-SNOW,Logistics,SNOWMAN,Smallcap,37.90999985,-0.340000004,4457529
DEVX,Dev Accelerator Ltd,/stocks/dev-accelerator-DEVX,Real Estate,DEVX,Smallcap,34.84999847,-2.839999914,4454330.5
GLP,Goldline Pharmaceutical Ltd,/stocks/goldline-pharmaceutical-GLP,Pharmaceuticals,GLPL,Smallcap,42.54000092,0.730000019,4454100
ADCOU,AdCounty Media India Ltd,/stocks/adcounty-media-india-ADCOU,Advertising,ADCOUNTY,Smallcap,100,1.5,4452224
BIGB,Bigbloc Construction Ltd,/stocks/bigbloc-construction-BIGB,Building Products - Granite,BIGBLOC,Smallcap,49.02999878,-0.870000005,4432103
RADIA,Radiant Cash Management Services Ltd,/stocks/radiant-cash-management-services-RADIA,Business Support Services,RADIANTCMS,Smallcap,39.25,1.029999971,4422136.5
BEEZ,Beezaasan Explotech Ltd,/stocks/beezaasan-explotech-BEEZ,Textiles,BEEZAASAN,Smallcap,365.5,-2.549999952,4413840
FINB,Finbud Financial Services Ltd,/stocks/finbud-financial-services-FINB,Consumer Finance,FINBUD,Smallcap,127,-2.309999943,4409120
BENA,Benares Hotels Ltd,/stocks/benares-hotels-BENA,"Hotels, Resorts & Cruise Lines",BENARAS,Smallcap,10330,-0.189999998,4408814
MANA,Maan Aluminium Ltd,/stocks/maan-aluminium-MANA,Metals - Aluminium,MAANALU,Smallcap,127.4000015,1.25,4385372.5
KHA,Khaitan Chemicals and Fertilizers Ltd,/stocks/khaitan-chemicals-and-fertilizers-KHA,Fertilizers & Agro Chemicals,KHAICHEM,Smallcap,53.13000107,-1.519999981,4360476.5
DCNC,Deccan Cements Ltd,/stocks/deccan-cements-DCNC,Cement,DECCANCE,Smallcap,574.6500244,1.24000001,4359984.5
TECHD,TechD Cybersecurity Ltd,/stocks/techd-cybersecurity-TECHD,Software Services,TECHD,Smallcap,577.0499878,-1.419999957,4353300
JKI,Jinkushal Industries Ltd,/stocks/jinkushal-industries-JKI,Business Support Services,JKIPL,Smallcap,99.87000275,-1.980000019,4342291.5
ORA,AMPL Capital Ltd,/stocks/oracle-credit-ORA,Asset Management,CGFL,Smallcap,37.95000076,2.069999933,4337417.5
BORA,Borana Weaves Ltd,/stocks/borana-weaves-BORA,Textiles,BORANA,Smallcap,315.5499878,-0.389999986,4308883.5
LESL,Leapfrog Engineering Services Ltd,/stocks/leapfrog-engineering-services-LESL,Electrical Components & Equipments,LESL,Smallcap,21.70999908,4.980000019,4284000
RELIC,Relicab Cable Manufacturing Ltd,/stocks/relicab-cable-manufacturing-RELIC,Cables,RELICAB,Smallcap,39.38999939,-1.620000005,4282453
MERM,Mercury Ev-Tech Ltd,/stocks/mercury-metals-MERM,Commodities Trading,MERCURYEV,Smallcap,35.31999969,1.99000001,4266691.5
PRIZ,Prizor Viztech Ltd,/stocks/prizor-viztech-PRIZ,Business Support Services,PRIZOR,Smallcap,819.5,-2,4261400
BAJAJ,Bajaj Steel Industries Ltd,/stocks/bajaj-steel-industries-BAJAJ,Industrial Machinery,BAJAJST,Smallcap,410.3999939,0.540000021,4249243.5
TRITO,Triton Valves Ltd,/stocks/triton-valves-TRITO,Auto Parts,TRITONV,Smallcap,1138,4.320000172,4247172
LEH,Lehar Footwears Ltd,/stocks/lehar-footwears-LEH,Footwear,LEHAR,Smallcap,254,0.400000006,4246249.5
BROO,Brooks Laboratories Ltd,/stocks/brooks-laboratories-BROO,Labs & Life Sciences Services,BROOKS,Smallcap,77.20999908,1.710000038,4233309.5
MAID,Maiden Forgings Ltd,/stocks/maiden-forgings-MAID,Metals - Diversified,MAIDEN,Smallcap,83,7.78000021,4223040
IFBA,IFB Agro Industries Ltd,/stocks/ifb-agro-industries-IFBA,Alcoholic Beverages,IFBAGRO,Smallcap,963.75,1.200000048,4222919.5
RMC,RMC Switchgears Ltd,/stocks/rmc-switchgears-RMC,Electrical Components & Equipments,RMC,Smallcap,304.9500122,-0.439999998,4221720
ORPP,Orient Paper and Industries Ltd,/stocks/orient-paper-and-industries-ORPP,Paper Products,ORIENTPPR,Smallcap,17.06999969,0.230000004,4216456
REIN,Remsons Industries Ltd,/stocks/remsons-industries-REIN,Auto Parts,REMSONSIND,Smallcap,82.86000061,-0.340000004,4215049.5
TARC,Tara Chand Infralogistic Solutions Ltd,/stocks/tara-chand-logistic-solutions-TARC,Business Support Services,TARACHAND,Smallcap,56.00999832,-0.230000004,4185301
BNL,Agribio Spirits Ltd,/stocks/beekay-niryat-BNL,Agro Products,AGRIBIO,Smallcap,300,1.00999999,4158463
REMU,Remus Pharmaceuticals Ltd,/stocks/remus-pharmaceuticals-REMU,Pharmaceuticals,REMUS,Smallcap,767.4000244,2.859999895,4151952
URAV,Uravi Defence and Technology Ltd,/stocks/uravi-t-and-wedge-lamps-URAV,Electrical Components & Equipments,URAVIDEF,Smallcap,129.5,-1.789999962,4125171
AKIK,Akiko Global Services Ltd,/stocks/akiko-global-services-AKIK,Investment Banking & Brokerage,AKIKO,Smallcap,287.8999939,2.890000105,4098384
ARAI,Aries Agro Ltd (CN),/stocks/aries-agro-ARAI,Fertilizers & Agro Chemicals,ARIES,Smallcap,343.8500061,0.810000002,4093545
MAL,Mallcom (India) Ltd,/stocks/mallcom-india-MAL,Business Support Services,MALLCOM,Smallcap,1010.400024,-0.99000001,4087427.75
VIE,Vision Infra Equipment Solutions Ltd,/stocks/vision-infra-equipment-solutions-VIE,Business Support Services,VIESL,Smallcap,312.3999939,-1.75999999,4085120
LAN,Lancer Container Lines Ltd,/stocks/lancer-containers-lines-LAN,Logistics,LANCER,Smallcap,11.19999981,3.420000076,4078725.5
CUBEI,Cube Highways Trust,/stocks/cube-highways-trust-CUBEI,Roads,CUBEINVIT,Smallcap,162,4.519999981,4050000
AJCJ,AJC Jewel Manufacturers Ltd,/stocks/ajc-jewel-manufacturers-AJCJ,"Precious Metals, Jewellery & Watches",AJCJEWEL,Smallcap,105.2600021,-10,4039176
INGA,Integra Essentia Ltd,/stocks/integra-garments-and-textiles-INGA,Agro Products,ESSENTIA,Smallcap,1.269999981,-2.309999943,4030890.25
KDD,Kore Digital Ltd,/stocks/kore-digital-KDD,Telecom Infrastructure,KDL,Smallcap,119.5,3.50999999,4021407
SPRE,Speciality Restaurants Ltd,/stocks/speciality-restaurants-SPRE,Restaurants & Cafes,SPECIALITY,Smallcap,130,-0.330000013,4020497
PARA,Ekansh Concepts Ltd,/stocks/paramone-concepts-PARA,Construction & Engineering,EKANSH,Smallcap,240.1000061,-1.799999952,4002514.25
NCM,Nilachal Carbo Metalicks Ltd,/stocks/nilachal-carbo-metalicks-NCM,Metals - Coke,NCML,Smallcap,90,0.560000002,3987200
CHEMB,Chembond Chemicals Ltd,/stocks/chembond-chemicals-CHEMB,Specialty Chemicals,CHEMBONDCH,Smallcap,228.6600037,1.269999981,3985737.5
IEM,Indian Emulsifiers Ltd,/stocks/indian-emulsifiers-IEM,Specialty Chemicals,IEML,Smallcap,42.34999847,-3.640000105,3969240
DBO,Dhampur Bio Organics Ltd,/stocks/dhampur-bio-organics-DBO,Sugar,DBOL,Smallcap,111.9199982,-0.709999979,3961655.5
PASUP,Pasupati Acrylon Ltd,/stocks/pasupati-acrylon-PASUP,Textiles,PASUPTAC,Smallcap,63.70999908,-0.200000003,3949142
SCD,Safety Controls & Devices Ltd,/stocks/safety-controls-and-devices-SCD,Power Infrastructure,SCDL,Smallcap,80.5,-1.149999976,3910560
VASC,Vascon Engineers Ltd,/stocks/vascon-engineers-VASC,Construction & Engineering,VASCONEQ,Smallcap,34.02000046,-0.670000017,3898431
VIKM,Vikas Lifecare Ltd,/stocks/vikas-multicorp-VIKM,Plastic Products,VIKASLIFE,Smallcap,1.450000048,-2.029999971,3875519
NILE,Nile Ltd,/stocks/nile-NILE,Metals - Diversified,NILE,Smallcap,1767.800049,1.25,3869732.75
CGR,Creative Graphics Solutions India Ltd,/stocks/creative-graphics-solutions-india-CGR,Stationery,CGRAPHICS,Smallcap,143.8500061,3.789999962,3869200
ONT,Ontic Finserve Ltd,/stocks/ontic-finserve-ONT,Specialized Finance,ONTIC,Smallcap,2.190000057,3.789999962,3853035.75
ZEA,Zeal Aqua Ltd,/stocks/zeal-aqua-ZEA,Packaged Foods & Meats,ZEAL,Smallcap,11.72000027,-2.980000019,3838776.75
RUBY,The Ruby Mills Ltd,/stocks/ruby-mills-RUBY,Textiles,RUBYMILLS,Smallcap,339.6499939,3.730000019,3830164.75
SUMW,Sumit Woods Ltd,/stocks/sumit-woods-SUMW,Real Estate,SUMIT,Smallcap,44.88000107,3.150000095,3823975.25
BLI,Balmer Lawrie Investments Ltd,/stocks/balmer-lawrie-investment-BLI,Conglomerates,BLIL,Smallcap,70.80000305,-0.230000004,3804382.75
VNYL,Vinyl Chemicals (India) Ltd,/stocks/vinyl-chemicals-india-VNYL,Specialty Chemicals,VINYLINDIA,Smallcap,263.9500122,2.069999933,3800519.25
PCCL,Petro Carbon and Chemicals Ltd,/stocks/petro-carbon-and-chemicals-PCCL,Metals - Coke,PCCL,Smallcap,243.75,0.720000029,3788904
SKM,SK Minerals & Additives Ltd,/stocks/sk-minerals-and-additives-SKM,Specialty Chemicals,SKM,Smallcap,383.25,3.970000029,3785200
MIRZ,Mirza International Ltd,/stocks/mirza-international-MIRZ,Footwear,MIRZAINT,Smallcap,34.18000031,-0.379999995,3785170.25
SALS,SAL Steel Ltd,/stocks/s-a-l-steel-SALS,Iron & Steel,SALSTEEL,Smallcap,56.5,-4.349999905,3777164.75
LOTS,Lotus Eye Hospital and Institute Ltd,/stocks/lotus-eye-hospital-and-institute-LOTS,Hospitals & Diagnostic Centres,LOTUSEYE,Smallcap,128.1300049,2.019999981,3776488.25
SOFC,SOFCOM Systems Ltd,/stocks/sofcom-systems-SOFC,IT Services & Consulting,SOFCOM,Smallcap,22.45000076,-0.800000012,3766258
ASH,Ashnisha Industries Ltd,/stocks/ashnisha-industries-ASH,Iron & Steel,ASHNI,Smallcap,3.059999943,-0.649999976,3759372
STARD,Star Delta Transformers Ltd,/stocks/star-delta-transformers-STARD,Heavy Electrical Equipments,STARDELTA,Smallcap,643.9500122,-4.730000019,3754844
SUPR,Aerpace Industries Ltd,/stocks/supremex-shine-steels-SUPR,Renewable Energy,AERPACE,Smallcap,31.86000061,-0.090000004,3743741.25
SHRID,Shri Dinesh Mills Ltd,/stocks/shri-dinesh-mills-SHRID,Textiles,SHRIDINE,Smallcap,345.0499878,-2.799999952,3736513.5
PENL,Peninsula Land Ltd,/stocks/peninsula-land-PENL,Real Estate,PENINLAND,Smallcap,14.90999985,-2.49000001,3736275
MANM,Manaksia Steels Ltd,/stocks/manaksia-steels-MANM,Iron & Steel,MANAKSTEEL,Smallcap,76.30000305,1.409999967,3735810
HIGR,Hi-Green Carbon Ltd,/stocks/hi-green-carbon-HIGR,Commodity Chemicals,HIGREEN,Smallcap,142.8000031,1.279999971,3735600
SUMM,Summit Securities Ltd,/stocks/summit-securities-SUMM,Asset Management,SUMMITSEC,Smallcap,1546.599976,0.439999998,3724474.5
SHIVL,Shivalik Rasayan Ltd,/stocks/shivalik-rasayan-SHIVL,Fertilizers & Agro Chemicals,SHIVALIK,Smallcap,226.3800049,-3.569999933,3722341.75
RAJH,Rajshree Polypack Ltd,/stocks/rajshree-polypack-RAJH,Plastic Products,RPPL,Smallcap,22.75,1.019999981,3712235.5
TERA,Tera Software Ltd,/stocks/tera-software-TERA,IT Services & Consulting,TERASOFT,Smallcap,404.4500122,1.100000024,3706792
AKC,A K Capital Services Ltd,/stocks/akcapital-services-AKC,Specialized Finance,AKCAPIT,Smallcap,1770.300049,0.280000001,3698569.5
NAMO,Namo eWaste Management Ltd,/stocks/namo-ewaste-management-NAMO,Environmental Services,NAMOEWASTE,Smallcap,288.1000061,-1.99000001,3687680
NHRS,Nahar Spinning Mills Ltd,/stocks/nahar-spinning-mills-NHRS,Textiles,NAHARSPING,Smallcap,265.8500061,2.25,3683018.5
DAIC,Dai Ichi Karkaria Ltd,/stocks/dai-ichi-karkaria-DAIC,Specialty Chemicals,DAICHI,Smallcap,328,1.059999943,3681502.5
PHC,P H Capital Ltd,/stocks/p-h-capital-PHC,Investment Banking & Brokerage,PHCAP,Smallcap,970,-0.610000014,3679989
AVRI,Avro India Ltd,/stocks/avro-india-AVRI,Plastic Products,AVROIND,Smallcap,10.06000042,-2.609999895,3679252.5
PRAM,Pramara Promotions Ltd,/stocks/pramara-promotions-PRAM,Advertising,PRAMARA,Smallcap,132.4499969,-0.529999971,3674440
ARFL,Arihant Foundations & Housing Ltd,/stocks/arihant-foundations-and-housing-ARFL,Real Estate,ARIHANT,Smallcap,791.2999878,0.300000012,3670935.5
GARGI,PNGS Gargi Fashion Jewellery Ltd,/stocks/pngs-gargi-fashion-jewellery-GARGI,Retail - Speciality,GARGI,Smallcap,809.0999756,-1.25999999,3668445
VISHN,Vishnusurya Projects and Infra Ltd,/stocks/vishnusurya-projects-and-infra-VISHN,Construction & Engineering,VISHNUINFR,Smallcap,163.0500031,0.029999999,3664575
JOS,Jost's Engineering Company Ltd,/stocks/josts-engineering-company-JOS,Industrial Machinery,JOSTS,Smallcap,250.6000061,-1.399999976,3661964.25
CHEMC,Chemcon Speciality Chemicals Ltd,/stocks/chemcon-speciality-chemicals-CHEMC,Specialty Chemicals,CHEMCON,Smallcap,186.8500061,-0.649999976,3650909.75
JETM,Artemis ADR Marketplace Ltd,/stocks/jetmall-spices-and-masala-JETM,FMCG - Foods,JETMALL,Smallcap,86.80999756,5,3646020
COA,Coastal Corporation Ltd,/stocks/coastal-corporation-COA,Packaged Foods & Meats,COASTCORP,Smallcap,51.11999893,-2.049999952,3640199.5
JITF,JITF Infralogistics Ltd,/stocks/jitf-infralogistics-JITF,Shipbuilding,JITFINFRA,Smallcap,305.8999939,0.330000013,3639797
RLTN,Rollatainers Ltd,/stocks/rollatainers-RLTN,Packaging,ROLLT,Smallcap,2.529999971,-0.389999986,3611203.5
STA,StarlinePS Enterprises Ltd,/stocks/starline-precious-stone-STA,"Precious Metals, Jewellery & Watches",STARLENT,Smallcap,11.13000011,0.629999995,3584728
GRPI,GRP Ltd,/stocks/grp-GRPI,Tires & Rubber,GRPLTD,Smallcap,1837.900024,-0.860000014,3579888
IHC,Maple Infrastructure Trust,/stocks/indian-highway-concessions-trust-IHC,Roads,MIT,Smallcap,142.5,,3562500
DCG,DCG Cables & Wires Ltd,/stocks/dcg-cables-and-wires-DCG,Electrical Components & Equipments,DCG,Smallcap,49.95000076,-1.190000057,3561120
REC,Recode Studios Ltd,/stocks/recode-studios-REC,FMCG - Personal Products,RECODE,Smallcap,203,1.320000052,3544992
SAMR,Samrat Pharmachem Ltd,/stocks/samrat-pharmachem-SAMR,Commodity Chemicals,SAMRATPH,Smallcap,263,11.21000004,3541485.5
POLYI,Polysil Irrigation Systems Ltd,/stocks/polysil-irrigation-systems-POLYI,Water Management,POLYSIL,Smallcap,129.8999939,-0.569999993,3539525
PNAC,Panache Digilife Ltd,/stocks/panache-digilife-PNAC,Technology Hardware,PANACHE,Smallcap,410,-0.75,3523997.25
UGSW,Ugar Sugar Works Ltd,/stocks/ugar-sugar-works-UGSW,Sugar,UGARSUGAR,Smallcap,40.56000137,0.550000012,3463992
DENE,De Neers Tools Ltd,/stocks/de-neers-tools-DENE,Industrial Machinery,DENEERS,Smallcap,185.8000031,-0.109999999,3456996
PFP,Popular Foundations Ltd,/stocks/popular-foundations-PFP,Construction & Engineering,PFL,Smallcap,32.49000168,0.74000001,3448440
SETC,Setco Automotive Ltd,/stocks/setco-automotive-SETC,Auto Parts,SETCO,Smallcap,16,-0.189999998,3424644.5
BEL,Bella Casa Fashion & Retail Ltd,/stocks/bella-casa-fashion-and-retail-BEL,Home Furnishing,BELLACASA,Smallcap,265.25,0.970000029,3413659
MVK,M V K Agro Food Product Ltd,/stocks/mvk-agro-food-product-MVK,Agro Products,MVKAGRO,Smallcap,405.7999878,-0.75,3407040
GLOT,Glottis Ltd,/stocks/glottis-GLOT,Logistics,GLOTTIS,Smallcap,66.98999786,0.239999995,3406536.25
VEEF,Veefin Solutions Ltd,/stocks/veefin-solutions-VEEF,Application Software,VEEFIN,Smallcap,320,-0.930000007,3382990
INTEE,Integra Engineering India Ltd,/stocks/integra-engineering-india-INTEE,Industrial Machinery,INTEGRAEN,Smallcap,213.8500061,-0.699999988,3376996
SARTE,SAR Televenture Ltd,/stocks/sar-televenture-SARTE,Telecom Infrastructure,SARTELE,Smallcap,139.6499939,-0.389999986,3368640
GANEH,Ganesh Infraworld Ltd,/stocks/ganesh-infraworld-GANEH,Construction & Engineering,GANESHIN,Smallcap,93.94999695,-3.24000001,3361600
DPWI,D P Wires Ltd,/stocks/d-p-wires-DPWI,Iron & Steel,DPWIRES,Smallcap,183.6399994,-1.460000038,3360478.25
MANG,Mangalam Industrial Finance Ltd,/stocks/mangalam-industrial-finance-MANG,Diversified Financials,MANGIND,Smallcap,0.600000024,-1.639999986,3358860.5
AGAR,Agarwal Toughened Glass India Ltd,/stocks/agarwal-toughened-glass-india-AGAR,Building Products - Glass,AGARWALTUF,Smallcap,133.6999969,1.289999962,3356388
IST,iStreet Network Ltd,/stocks/istreet-network-IST,Retail - Online,ISTRNETWK,Smallcap,50.75,4.639999866,3349819.5
DYNAI,Dynamic Services & Security Ltd,/stocks/dynamic-services-and-security-DYNAI,Employment Services,DYNAMIC,Smallcap,166.1499939,4.989999771,3322435
ASHWI,Ashwini Container Movers Ltd,/stocks/ashwini-container-movers-ASHWI,Logistics,ASHWINI,Smallcap,193.5,-0.129999995,3313470
PRIT,Pritika Auto Industries Ltd,/stocks/pritika-auto-industries-PRIT,Auto Parts,PRITIKAUTO,Smallcap,16.42000008,-1.679999948,3312691.75
PSR,P S Raj Steels Ltd,/stocks/p-s-raj-steels-PSR,Metals - Diversified,PSRAJ,Smallcap,425.8500061,1.179999948,3303200
ATT,Allcargo Terminals Ltd,/stocks/allcargo-terminals-ATT,Logistics,ATL,Smallcap,24.17000008,1.639999986,3299214
CCIL,Cords Cable Industries Ltd,/stocks/cords-cable-industries-CCIL,Cables,CORDSCABLE,Smallcap,210.5500031,-1.429999948,3292931
AARU,Aarti Surfactants Ltd,/stocks/aarti-surfactants-AARU,Specialty Chemicals,AARTISURF,Smallcap,382.6499939,0.409999996,3275962
SACE,Spacenet Enterprises India Ltd,/stocks/spacenet-enterprises-india-SACE,Online Services,SPCENET,Smallcap,3.599999905,-4,3275772.75
WTI,Wise Travel India Ltd,/stocks/wise-travel-india-WTI,Tour & Travel Services,WTICAB,Smallcap,122.0999985,5.119999886,3259980
ESPL,Essar Shipping Ltd,/stocks/essar-shipping-ESPL,Logistics,ESSARSHPNG,Smallcap,23.47999954,-0.720000029,3256337
EXCI,Excel Industries Ltd,/stocks/excel-industries-EXCI,Fertilizers & Agro Chemicals,EXCELINDUS,Smallcap,913.2000122,1.100000024,3245238.5
OIEN,Oriental Aromatics Ltd,/stocks/oriental-aromatics-OIEN,Specialty Chemicals,OAL,Smallcap,315.1499939,1.830000043,3242539.25
SUNIA,Sunita Tools Ltd,/stocks/sunita-tools-SUNIA,Industrial Machinery,SUNITATOOL,Smallcap,740.7999878,2,3241000
APA,Asston Pharmaceuticals Ltd,/stocks/asston-pharmaceuticals-APA,Pharmaceuticals,APL,Smallcap,76.98999786,-3.75999999,3240230
SOMAP,KS Smart Technologies Ltd,/stocks/soma-papers-and-industries-SOMAP,Conglomerates,KSSMART,Smallcap,133.6499939,4.579999924,3227615.25
VISA,Visa Chrome Ltd,/stocks/visa-steel-VISA,Iron & Steel,VISACHROME,Smallcap,42.75,2.539999962,3221128.5
KAST,Kasturi Metal Composite Ltd,/stocks/kasturi-metal-composite-KAST,Building Products - Others,KASTURI,Smallcap,51.5,-3.74000001,3211600
AARV,Bhudevi Infra Projects Ltd,/stocks/aarv-infratel-AARV,Real Estate,BHUDEVI,Smallcap,208,-3.319999933,3208806.25
GOAC,Goa Carbon Ltd,/stocks/goa-carbon-GOAC,Metals - Coke,GOACARBON,Smallcap,389.1499939,-0.970000029,3203253
SUTI,Sutlej Textiles and Industries Ltd,/stocks/sutlej-textiles-and-industries-SUTI,Textiles,SUTLEJTEX,Smallcap,38.15000153,2.940000057,3202491
TUT,Tuticorin Alkali Chemicals and Fertilizers Ltd,/stocks/tuticorin-alkali-chemicals-and-fertilizers-TUT,Commodity Chemicals,TUTIALKA,Smallcap,65.97000122,-1.210000038,3199742.5
ANDA,Andhra Paper Ltd,/stocks/andhra-paper-ANDA,Paper Products,ANDHRAPAP,Smallcap,62.52999878,-1.00999999,3198744
INTL,International Conveyors Ltd,/stocks/international-conveyors-INTL,Industrial Machinery,INTLCONV,Smallcap,79.29000092,0.340000004,3192485.5
PARN,Parnax Lab Ltd,/stocks/parnax-lab-PARN,Pharmaceuticals,PARNAXLAB,Smallcap,146.6999969,1.840000033,3192337.75
DHUN,Dhunseri Ventures Ltd,/stocks/dhunseri-ventures-DHUN,Specialty Chemicals,DVL,Smallcap,239.5599976,-0.02,3190373
EXPO,Expo Engineering and Projects Ltd,/stocks/expo-gas-containers-EXPO,Agricultural & Farm Machinery,EXPOEAPL,Smallcap,64.98000336,-1.100000024,3183342
PREST,Presstonic Engineering Ltd,/stocks/presstonic-engineering-PREST,Construction & Engineering,PRESSTONIC,Smallcap,27.35000038,0.370000005,3176080
HSI,Hemant Surgical Industries Ltd,/stocks/hemant-surgical-industries-HSI,Health Care Equipment & Supplies,HSIL,Smallcap,364.75,-0.879999995,3172224
ZSAN,Tandhan Industries Ltd,/stocks/sanmitra-commercial-ZSAN,Plastic Products,TANDHANIN,Smallcap,151.8500061,1.980000019,3171840
INNOM,Innomet Advanced Materials Ltd,/stocks/innomet-advanced-materials-INNOM,Metals - Diversified,INNOMET,Smallcap,142.6999969,1.960000038,3167940
MADR,Mangalam Drugs and Organics Ltd,/stocks/mangalam-drugs-and-organics-MADR,Pharmaceuticals,MANGALAM,Smallcap,28.09000015,-0.569999993,3164252.25
VGIN,Virtual Galaxy Infotech Ltd,/stocks/virtual-galaxy-infotech-VGIN,Software Services,VGINFOTECH,Smallcap,145.1499939,3.200000048,3159640
INTN,Intense Technologies Ltd,/stocks/intense-technologies-INTN,IT Services & Consulting,INTENTECH,Smallcap,99.5,-1.190000057,3157920.25
MAHAI,Mahamaya Lifesciences Ltd,/stocks/mahamaya-lifesciences-MAHAI,Fertilizers & Agro Chemicals,MAHALIFE,Smallcap,175.3999939,2.569999933,3153960
SEIT,Sustainable Energy Infra Trust,/stocks/sustainable-energy-infra-trust-SEIT,Power Infrastructure,SEITINVIT,Smallcap,126,2.440000057,3150000
VTM,VTM Ltd,/stocks/vtm-VTM,Textiles,VTMLTD,Smallcap,64.68000031,2.210000038,3129743.5
UML,Umiya Mobile Ltd,/stocks/umiya-mobile-UML,Retail - Speciality,UML,Smallcap,51.09999847,-3.690000057,3125620
BEM,Bemco Hydraulics Ltd,/stocks/bemco-hydraulics-BEM,Industrial Machinery,BEMHY,Smallcap,101,-4.090000153,3122381
WEAL,Wealth First Portfolio Managers Ltd,/stocks/wealth-first-portfolio-managers-WEAL,Diversified Financials,WEALTH,Smallcap,992.4000244,0.059999999,3114273.25
PVS,Popular Vehicles and Services Ltd,/stocks/popular-vehicles-and-services-PVS,Four Wheelers,PVSL,Smallcap,93.34999847,0.439999998,3087447.5
VOLE,Voler Car Ltd,/stocks/voler-car-VOLE,Logistics,VOLERCAR,Smallcap,226.6999969,-1.370000005,3085024
AAY,Aayush Wellness Ltd,/stocks/aayush-food-and-herbs-AAY,Wellness Services,AAYUSH,Smallcap,25.67000008,-1.529999971,3083569
AUIN,Autoline Industries Ltd,/stocks/autoline-industries-AUIN,Auto Parts,AUTOIND,Smallcap,84.76000214,-1.559999943,3076350.5
VIV,Vivid Mercantile Ltd,/stocks/vivid-mercantile-VIV,Commodities Trading,VIVIDM,Smallcap,7.300000191,2.380000114,3070515.5
ATLT,Atlantaa Ltd,/stocks/atlanta-ATLT,Construction & Engineering,ATLANTAA,Smallcap,39.86999893,2.599999905,3059082
TECHL,Trident Techlabs Ltd,/stocks/trident-techlabs-TECHL,IT Services & Consulting,TECHLABS,Smallcap,114.5999985,4.989999771,3057480
KOFO,Kohinoor Foods Ltd,/stocks/kohinoor-foods-KOFO,Packaged Foods & Meats,KOHINOOR,Smallcap,24.75,-1.789999962,3056398.75
SURT,Surana Telecom and Power Ltd,/stocks/surana-telecom-and-power-SURT,Cables,SURANAT&P,Smallcap,20.05999947,1.620000005,3048533.5
SUNCL,Sundaram Clayton Ltd,/stocks/sundaram-clayton-SUNCL,Auto Parts,SUNCLAY,Smallcap,1363.199951,0.230000004,3034383
AMAA,Amal Ltd,/stocks/amal-AMAA,Commodity Chemicals,AMAL,Smallcap,592.2000122,1.159999967,3032035.5
MAPRO,Mapro Industries Ltd,/stocks/mapro-industries-MAPRO,Construction & Engineering,MAPROIN,Smallcap,26.73999977,-2.869999886,3014447.25
RITE,Ritesh International Ltd,/stocks/ritesh-international-RITE,Commodity Chemicals,RITESHIN,Smallcap,64.44999695,2.710000038,3009579.5
CNPL,True Green Bio Energy Ltd,/stocks/cil-nova-petrochemicals-CNPL,Textiles,TRUEGREEN,Smallcap,182.5,-1.99000001,3009060
NATF,National Fittings Ltd,/stocks/national-fittings-NATF,Iron & Steel,NATFIT,Smallcap,147,-1.139999986,3004357.5
KIS,Kisan Mouldings Ltd,/stocks/kisan-mouldings-KIS,Building Products - Pipes,KISAN,Smallcap,28.65999985,-4.96999979,2999756.25
KOCL,Kokuyo Camlin Ltd,/stocks/kokuyo-camlin-KOCL,Stationery,KOKUYOCMLN,Smallcap,89.55999756,-0.119999997,2996812
RKEC,RKEC Projects Ltd,/stocks/rkec-projects-RKEC,Construction & Engineering,RKEC,Smallcap,29.21999931,4.619999886,2988235.75
INDIQ,Indiqube Spaces Ltd,/stocks/indiqube-spaces-INDIQ,Real Estate,INDIQUBE,Smallcap,170.1300049,1.690000057,2983323.5
PULZ,Pulz Electronics Ltd,/stocks/pulz-electronics-PULZ,Electronic Equipments,PULZ,Smallcap,23.75,-4.230000019,2978400
FILA,Filatex Fashions Ltd,/stocks/filatex-fashions-FILA,Apparel & Accessories,FILATFASH,Smallcap,0.189999998,,2977647.75
SRHL,Sree Rayalaseema Hi-Strength Hypo Ltd,/stocks/sree-rayalaseema-hi-strength-hypo-SRHL,Commodity Chemicals,SRHHYPOLTD,Smallcap,492.2000122,1.480000019,2972599.5
MROT,Umiya Buildcon Ltd,/stocks/mro-tek-reality-MROT,Real Estate,UMIYA-MRO,Smallcap,90.04000092,0.039999999,2972580.25
SHA,Sharika Enterprises Ltd,/stocks/sharika-enterprises-SHA,Construction & Engineering,SHARIKA,Smallcap,19.67000008,-0.409999996,2966157
VRDM,Vardhman Holdings Ltd,/stocks/vardhman-holdings-VRDM,Diversified Financials,VHL,Smallcap,3582.699951,0.610000014,2964526
BIKE,Bikewo Green Tech Ltd,/stocks/bikewo-green-tech-BIKE,Four Wheelers,BIKEWO,Smallcap,43.65000153,4.929999828,2964120
KSRM,Kesoram Industries Ltd,/stocks/kesoram-industries-KSRM,Tires & Rubber,KESORAMIND,Smallcap,11,0.460000008,2961673
MOLD,Mold-Tek Technologies Ltd,/stocks/mold-tek-technologies-MOLD,Construction & Engineering,MOLDTECH,Smallcap,134.6699982,1.129999995,2960531.25
SHRM,Shree Rama Multi-Tech Ltd,/stocks/shree-rama-multi-tech-SHRM,Plastic Products,SHREERAMA,Smallcap,43.90999985,2,2960301.25
TEXO,Texmo Pipes and Products Ltd,/stocks/texmo-pipes-and-products-TEXO,Plastic Products,TEXMOPIPES,Smallcap,43.93000031,-2.180000067,2957645
AUTOC,Automobile Corp Of Goa Ltd,/stocks/automobile-corporation-of-goa-AUTOC,Trucks & Buses,ACGL,Smallcap,2298,0.939999998,2955049.5
EIHA,EIH Associated Hotels Ltd,/stocks/eih-associated-hotels-EIHA,"Hotels, Resorts & Cruise Lines",EIHAHOTELS,Smallcap,325.6499939,0.50999999,2946690.5
HANN,Hannah Joseph Hospital Ltd,/stocks/hannah-joseph-hospital-HANN,Hospitals & Diagnostic Centres,HANNAH,Smallcap,122.6999969,4.960000038,2944800
AADM,Varvee Global Ltd,/stocks/aarvee-denims-and-exports-AADM,Textiles,VGL,Smallcap,64.86000061,1.5,2931116.25
MCE,Mach Travel Solutions Ltd,/stocks/mach-conferences-and-events-MCE,Tour & Travel Services,MACHLTD,Smallcap,127.6999969,0.550000012,2930712
REP,Repono Ltd,/stocks/repono-REP,Logistics,REPONO,Smallcap,92.84999847,3.74000001,2919240
GSLSU,Global Surfaces Ltd,/stocks/global-surfaces-GSLSU,Building Products - Ceramics,GSLSU,Smallcap,40.06999969,-1.279999971,2917874
BDH,BDH Industries Ltd,/stocks/bdh-industries-BDH,Pharmaceuticals,BDH,Smallcap,518.4000244,0.839999974,2915331.5
LOT,Lotus Chocolate Company Ltd,/stocks/lotus-chocolate-company-LOT,FMCG - Foods,LOTUSCHO,Smallcap,681.0999756,0.540000021,2904793.75
MSE,Monarch Surveyors & Engineering Consultants Ltd,/stocks/monarch-surveyors-and-engineering-consultants-MSE,Construction & Engineering,MSECL,Smallcap,232,2.430000067,2903922
NFP,NFP Sampoorna Foods Ltd,/stocks/nfp-sampoorna-foods-NFP,FMCG - Foods,NFPSAMPOOR,Smallcap,22.14999962,-2.420000076,2888600
BRA,Brahmaputra Infrastructure Ltd,/stocks/brahmaputra-infrastructure-BRA,Construction & Engineering,BRAHMINFRA,Smallcap,170,1.799999952,2879457.25
SCANS,Scan Steels Ltd,/stocks/scan-steels-SCANS,Iron & Steel,SCANSTL,Smallcap,41.86000061,1.5,2865262
VETO,VETO Switch Gears And Cables Ltd,/stocks/veto-switch-gears-and-cables-VETO,Electrical Components & Equipments,VETO,Smallcap,126.5899963,0.949999988,2861321.25
SPM,Speciality Medicines Ltd,/stocks/speciality-medicines-SPM,Pharmaceuticals,SPML,Smallcap,188,-2.589999914,2860500
METAI,Meta Infotech Ltd,/stocks/meta-infotech-METAI,Software Services,METAINFO,Smallcap,74,1.929999948,2856576
MRI,Mahendra Realtors & Infrastructure Ltd,/stocks/mahendra-realtors-and-infrastructure-MRI,Construction & Engineering,MRIL,Smallcap,70.90000153,1.289999962,2852400
BRAN,Brand Concepts Ltd,/stocks/brand-concepts-BRAN,Retail - Department Stores,BCONCEPTS,Smallcap,194.8699951,-0.389999986,2846630.75
SYL,Sylph Industries Ltd,/stocks/sylph-technologies-SYL,IT Services & Consulting,SYLPH,Smallcap,0.280000001,3.700000048,2846246
MISHT,Mishtann Foods Ltd,/stocks/mishtann-foods-MISHT,FMCG - Foods,MISHTANN,Smallcap,3.880000114,,2824198.25
KABR,Kabra Drugs Ltd,/stocks/kabra-drugs-KABR,Pharmaceuticals,KABRADG,Smallcap,22.93000031,-1.590000033,2821727
SYSTA,Systango Technologies Ltd,/stocks/systango-technologies-SYSTA,IT Services & Consulting,SYSTANGO,Smallcap,219.0500031,1.600000024,2820096
RLIB,Reliable Data Services Ltd,/stocks/reliable-data-services-RLIB,Outsourced services,RELIABLE,Smallcap,147.1900024,0.699999988,2804100.75
VLSF,VLS Finance Ltd,/stocks/v-l-s-finance-VLSF,Investment Banking & Brokerage,VLSFINANCE,Smallcap,255,-0.409999996,2803056.5
MAGNA,Magna Electro Castings Ltd,/stocks/magna-eletrocasting-MAGNA,Iron & Steel,MAGNAELQ,Smallcap,1202.949951,5,2803010.75
SCHA,S Chand and Company Ltd,/stocks/s-chand-and-company-SCHA,Education Services,SCHAND,Smallcap,151.0399933,-0.670000017,2802025
ENK,Enkei Wheels (India) Ltd,/stocks/enkei-wheels-india-ENK,Auto Parts,ENKEIWHEL,Smallcap,364.5,-0.039999999,2797225
MRC,MRC Agrotech Ltd,/stocks/mrc-exim-MRC,Commodities Trading,MRCAGRO,Smallcap,37.99000168,2.339999914,2790640.75
ATM,ATMASTCO Ltd,/stocks/atmastco-ATM,Iron & Steel,ATMASTCO,Smallcap,165.9499969,-0.330000013,2777376
VIDH,Vidhi Specialty Food Ingredients Ltd,/stocks/vidhi-specialty-food-ingredients-VIDH,Commodity Chemicals,VIDHIING,Smallcap,285.5499878,0.75999999,2773952.75
MSS,MOS Utility Ltd,/stocks/mos-utility-MSS,Online Services,MOS,Smallcap,14.69999981,4.260000229,2767360
RBM,RBM Infracon Ltd,/stocks/rbm-infracon-RBM,Construction & Engineering,RBMINFRA,Smallcap,275.9500122,2.069999933,2759600
DHAMP,Dhampure Speciality Sugars Ltd,/stocks/dhampure-speciality-sugars-DHAMP,Agro Products,DHAMPURE,Smallcap,127.4499969,6.789999962,2758545.25
CIIN,Cineline India Ltd,/stocks/cineline-india-CIIN,Real Estate,CINELINE,Smallcap,79.94999695,-2.200000048,2758009
SUNTE,Biogen Pharmachem Industries Ltd,/stocks/sun-techno-overseas-SUNTE,Biotechnology,BIOGEN,Smallcap,0.300000012,-3.230000019,2745945.25
SOLAI,Solarium Green Energy Ltd,/stocks/solarium-green-energy-SOLAI,Renewable Energy,SOLARIUM,Smallcap,181.8999939,1.480000019,2721450
HIMF,Rudra Ecovation Ltd,/stocks/himachal-fibres-HIMF,Textiles,RUDRAECO,Smallcap,19.14999962,2.569999933,2716371.75
RNF,RNFI Services Ltd,/stocks/rnfi-services-RNF,Diversified Financials,RNFI,Smallcap,249.3000031,-1.600000024,2716308
KCE,Kay Cee Energy & Infra Ltd,/stocks/kay-cee-energy-and-infra-KCE,Construction & Engineering,KCEIL,Smallcap,92.84999847,4.96999979,2715475
OWAG,Oswal Agro Mills Ltd,/stocks/oswal-agro-mills-OWAG,Real Estate,OSWALAGRO,Smallcap,41.70999908,-0.519999981,2711238.75
NIRL,Nirlon Ltd,/stocks/nirlon-NIRL,Real Estate,NIRLON,Smallcap,620.0499878,-0.059999999,2709269
RITC,Ritco Logistics Ltd,/stocks/ritco-logistics-RITC,Logistics,RITCO,Smallcap,257.4500122,0.209999993,2708006.5
AND,Andhra Petrochemicals Ltd,/stocks/andhra-petrochemicals-AND,Commodity Chemicals,ANDHRAPET,Smallcap,43.90000153,-0.109999999,2702734.25
TRIG,Trigyn Technologies Ltd,/stocks/trigyn-technologies-TRIG,IT Services & Consulting,TRIGYN,Smallcap,52.40000153,-2.529999971,2702537.5
DSM,DSM Fresh Foods Ltd,/stocks/dsm-fresh-foods-DSM,Packaged Foods & Meats,ZAPPFRESH,Smallcap,83,1.879999995,2689524
CUBE,Cubex Tubings Ltd,/stocks/cubex-tubings-CUBE,Metals - Copper,CUBEXTUB,Smallcap,82.73000336,0.800000012,2677471
BEW,BEW Engineering Ltd,/stocks/bew-engineering-BEW,Industrial Machinery,BEWLTD,Smallcap,65,-1.960000038,2673300
PASH,Pashupati Cotspin Ltd,/stocks/pashupati-cotspin-PASH,Textiles,PASHUPATI,Smallcap,87.04000092,-0.779999971,2670239.5
VMS,VMS Industries Ltd,/stocks/vms-industries-VMS,Shipbuilding,VMS,Smallcap,22.52000046,3.920000076,2666656.25
TEXE,Texel Industries Ltd,/stocks/texel-industries-TEXE,Agricultural & Farm Machinery,TEXELIN,Smallcap,81.5,1.629999995,2663469.5
ITCO,ITCONS e-Solutions Ltd,/stocks/itcons-e-solutions-ITCO,Employment Services,ITCONS,Smallcap,287.7999878,-0.899999976,2644540
BAFP,Bafna Pharmaceuticals Ltd,/stocks/bafna-pharmaceuticals-BAFP,Pharmaceuticals,BAFNAPH,Smallcap,216.4499969,-2,2643287.5
KAYA,Kaya Ltd,/stocks/kaya-KAYA,Wellness Services,KAYA,Smallcap,245.7200012,1.700000048,2634475
OCC,OCCL Ltd,/stocks/occl-OCC,Commodity Chemicals,OCCLLTD,Smallcap,125.9499969,-1.299999952,2631275.25
PARTH,Parth Electricals & Engineering Ltd,/stocks/parth-electricals-and-engineering-PARTH,Electrical Components & Equipments,PARTH,Smallcap,417.5,0.109999999,2629312
ALU,Alufluoride Ltd,/stocks/alufluoride-ALU,Commodity Chemicals,ALUFLUOR,Smallcap,470.2999878,0.970000029,2622374
TCL,Thaai Casting Limited,/stocks/thaai-casting-TCL,Auto Parts,TCL,Smallcap,105,-0.379999995,2606976
AUSL,Aditya Ultra Steel Ltd,/stocks/aditya-ultra-steel-AUSL,Iron & Steel,AUSL,Smallcap,27.14999962,4.829999924,2605440
KCPS,KCP Sugar and Industries Corp Ltd,/stocks/kcp-sugar-and-industries-corp-KCPS,Sugar,KCPSUGIND,Smallcap,21.95999908,-0.180000007,2604080.5
GFLL,GFL Ltd,/stocks/gfl-GFLL,Specialty Chemicals,GFLLIMITED,Smallcap,45.63000107,-0.779999971,2597870
ALPI,Alphageo (India) Ltd,/stocks/alphageo-india-ALPI,Oil & Gas - Equipment & Services,ALPHAGEO,Smallcap,197.0299988,-1.330000043,2589255.75
PRATI,Vellora Impact Ltd,/stocks/pratiksha-chemicals-PRATI,Commodity Chemicals,PRATIKSH,Smallcap,18.68000031,2.019999981,2585276.5
DEVN,DEV Information Technology Ltd,/stocks/dev-information-technology-DEVN,IT Services & Consulting,DEVIT,Smallcap,27.45000076,-3.450000048,2584015
SAMP,Sampre Nutritions Ltd,/stocks/sampre-nutritions-SAMP,FMCG - Foods,SAMPRE,Smallcap,7.610000134,-3.430000067,2575305
TECH,TechNVision Ventures Ltd,/stocks/technvision-ventures-TECH,Software Services,TECHNVISN,Smallcap,3991.699951,-3.529999971,2570699.75
BALF,Baid Finserv Ltd,/stocks/baid-leasing-and-finance-co-BALF,Diversified Financials,BAIDFIN,Smallcap,10.19999981,1.899999976,2561510.25
DCIN,DC Infotech and Communication Ltd,/stocks/dc-infotech-and-communication-DCIN,IT Services & Consulting,DCI,Smallcap,280.7999878,3.269999981,2560010
VVI,VVIP Infratech Ltd,/stocks/vvip-infratech-VVI,Construction & Engineering,VVIPIL,Smallcap,154.5,3.799999952,2553264
GDTB,Gandhi Special Tubes Ltd,/stocks/gandhi-special-tubes-GDTB,Auto Parts,GANDHITUBE,Smallcap,860.8499756,-0.289999992,2544574.25
ABCO,A B Cotspin India Ltd,/stocks/ab-cotspin-india-ABCO,Textiles,ABCOTS,Smallcap,218.7299957,-0.449999988,2543629.5
GRER,GRE Renew Enertech Ltd,/stocks/gre-renew-enertech-GRER,Renewable Energy,GRERENEW,Smallcap,158.6499939,5,2537136
AMBAA,Amba Auto Sales and Services Ltd,/stocks/amba-auto-sales-and-services-AMBAA,Two Wheelers,AMBAAUTO,Smallcap,84.25,7.940000057,2534560
LATI,LA Tim Metal & Industries Ltd,/stocks/la-tim-metal-and-industries-LATI,Real Estate,LATIMMETAL,Smallcap,9.960000038,3.430000067,2530816.75
KREO,Kreon Finnancial Services Ltd,/stocks/kreon-finnancial-services-KREO,Consumer Finance,KREONFIN,Smallcap,77.04000092,4.360000134,2511095.5
SHREI,Shrem InvIT,/stocks/shrem-invit-SHREI,Roads,SHREMINVIT,Smallcap,100.1999969,-1.570000052,2505000
BANS,Banswara Syntex Ltd,/stocks/banswara-syntex-BANS,Textiles,BANSWRAS,Smallcap,132.5599976,-0.209999993,2501849
ESCON,Esconet Technologies Ltd,/stocks/esconet-technologies-ESCON,IT Services & Consulting,ESCONET,Smallcap,120.5,-4.820000172,2501244
ONEL,Onelife Capital Advisors Ltd,/stocks/onelife-capital-advisors-ONEL,Investment Banking & Brokerage,ONELIFECAP,Smallcap,38.59999847,2.329999924,2499591.5
GTV,GTV Engineering Ltd,/stocks/gtv-engineering-GTV,Construction & Engineering,GTV,Smallcap,75.19999695,1.879999995,2493947.25
TTRO,TRF Ltd,/stocks/trf-TTRO,Industrial Machinery,TRF,Smallcap,238.1499939,0.610000014,2493384.75
DSTV,Dish TV India Ltd,/stocks/dish-tv-india-DSTV,Cable & D2H,DISHTV,Smallcap,3.059999943,-0.649999976,2487482
AFF,Affordable Robotic & Automation Ltd,/stocks/affordable-robotic-and-automation-AFF,Industrial Machinery,AFFORDABLE,Smallcap,174,0.949999988,2484624
VASW,Vaswani Industries Ltd,/stocks/vaswani-industries-VASW,Iron & Steel,VASWANI,Smallcap,54.95000076,-0.689999998,2482765.5
ORBL,Orient Bell Ltd,/stocks/orient-bell-ORBL,Building Products - Ceramics,ORIENTBELL,Smallcap,319.4500122,0.239999995,2482084
ACHY,Achyut Healthcare Ltd,/stocks/achyut-healthcare-ACHY,Pharmaceuticals,ACHYUT,Smallcap,8.399999619,-0.469999999,2474168.25
SNGN,Sanginita Chemicals Ltd,/stocks/sanginita-chemicals-SNGN,Commodity Chemicals,SANGINITA,Smallcap,45.84999847,1.980000019,2455680.25
CONS,Consolidated Finvest & Holdings Ltd,/stocks/consolidated-finvest-and-holdings-CONS,Asset Management,CONSOFINVT,Smallcap,233.9700012,3.980000019,2451390.75
ANDR,Andrew Yule & Co Ltd,/stocks/andrew-yule-and-company-ANDR,Tea & Coffee,ANDREWYU,Smallcap,27.39999962,0.74000001,2448124.25
SURN,Surana Solar Ltd,/stocks/surana-solar-SURN,Renewable Energy Equipment & Services,SURANASOL,Smallcap,26.92000008,-1.320000052,2447468.75
PTLE,PTL Enterprises Ltd,/stocks/ptl-enterprises-PTLE,Tires & Rubber,PTL,Smallcap,42.77000046,1.019999981,2445649.25
NEUE,Neueon Corporation Ltd,/stocks/neueon-towers-NEUE,Power Infrastructure,NEUEON,Smallcap,16.12999916,-4.949999809,2443098.25
HLVL,HLV Ltd,/stocks/hlv-HLVL,"Hotels, Resorts & Cruise Lines",HLVLTD,Smallcap,7.690000057,-0.649999976,2443090
SPEN,Spencer's Retail Ltd,/stocks/spencers-retail-SPEN,Retail - Department Stores,SPENCERS,Smallcap,36.81000137,2.50999999,2434620.5
VALI,Valiant Organics Ltd,/stocks/valiant-organics-VALI,Commodity Chemicals,VALIANTORG,Smallcap,278.2999878,0.340000004,2430896.75
TTKH,TTK Healthcare Ltd,/stocks/ttk-healthcare-TTKH,Pharmaceuticals,TTKHLTCARE,Smallcap,922.8499756,1.25,2413544
BIM,Bimetal Bearings Ltd,/stocks/bimetal-bearings-BIM,Industrial Machinery,BIMETAL,Smallcap,674.4000244,3.950000048,2405093.5
CLAC,Sudarshan Colorants India Ltd,/stocks/clariant-chemicals-india-CLAC,Specialty Chemicals,SUDARCOLOR,Smallcap,366.75,1.99000001,2404344
GJAI,Gujarat Apollo Industries Ltd,/stocks/gujarat-apollo-industries-GJAI,Industrial Machinery,GUJAPOLLO,Smallcap,357.7999878,-1.659999967,2398505.75
AERO,Aeron Composite Ltd,/stocks/aeron-composites-AERO,Building Products - Others,AERON,Smallcap,87.94999695,7.260000229,2398480
RACH,Rachit Prints Ltd,/stocks/rachit-prints-RACH,Textiles,RACHIT,Smallcap,205,2.5,2398320
DANL,Danlaw Technologies India Ltd,/stocks/danlaw-technologies-india-DANL,IT Services & Consulting,DANLAW,Smallcap,1018.049988,-0.790000021,2398125.5
JAAO,Jayant Agro-Organics Ltd,/stocks/jayant-agro-organics-JAAO,Specialty Chemicals,JAYAGROGN,Smallcap,204.7700043,-2.289999962,2397093.5
SHAYO,Shayona Engineering Ltd,/stocks/shayona-engineering-SHAYO,FMCG - Household Products,SHAYONAENG,Smallcap,142,-3.599999905,2392320
RLCM,Reliance Communications Ltd,/stocks/reliance-communications-RLCM,Telecom Services,RCOM,Smallcap,0.899999976,-1.100000024,2389671
NAHA,Nahar Capital and Financial Services Ltd,/stocks/nahar-capital-and-financial-services-NAHA,Asset Management,NAHARCAP,Smallcap,248.6499939,-0.050000001,2381123.25
TRANP,Transpek Industry Ltd,/stocks/transpek-industry-TRANP,Commodity Chemicals,TRANSPEK,Smallcap,1018.200012,-1.600000024,2378809.75
FWS,Flywings Simulator Training Centre Ltd,/stocks/flywings-simulator-training-centre-FWS,Airlines,FWSTC,Smallcap,182,-1.620000005,2368800
BAT,Batliboi Ltd,/stocks/batliboi-BAT,Industrial Machinery,BATLIBOI,Smallcap,82.68000031,-1.639999986,2367532.75
INFOL,Infollion Research Services Ltd,/stocks/infollion-research-services-INFOL,Business Support Services,INFOLLION,Smallcap,174.1499939,0.660000026,2361368
SRVE,Sarveshwar Foods Ltd,/stocks/sarveshwar-foods-SRVE,Packaged Foods & Meats,SARVESHWAR,Smallcap,3.769999981,1.340000033,2357151
SMSL,Haleos Labs Ltd,/stocks/sms-lifesciences-india-SMSL,Pharmaceuticals,HALEOSLABS,Smallcap,1656.800049,1.590000033,2340884
ASW,TCC Concept Ltd,/stocks/aaswa-trading-and-exports-ASW,Real Estate,TCC,Smallcap,331.7000122,5.840000153,2339650.75
SIND,GHV Infra Projects Ltd,/stocks/sindu-valley-technologies-SIND,Construction & Engineering,GHVINFRA,Smallcap,202.1000061,-0.980000019,2334248.5
CPL,Captain Polyplast Ltd,/stocks/captain-polyplast-CPL,Industrial Machinery,CPL,Smallcap,70.34999847,0.610000014,2300717.25
PARU,Parin Enterprises Ltd,/stocks/parin-furniture-PARU,Building Products - Others,PARIN,Smallcap,708.3499756,-1.690000057,2285497.5
GUJTL,Gujarat Toolroom Ltd,/stocks/gujarat-toolroom-GUJTL,Construction & Engineering,GUJTLRM,Smallcap,0.519999981,1.960000038,2285057.5
SIGNO,Signoria Creation Ltd,/stocks/signoria-creation-SIGNO,Apparel & Accessories,SIGNORIA,Smallcap,111.9000015,4.579999924,2276560
VPR,Vishnu Prakash R Punglia Ltd,/stocks/vishnu-prakash-r-punglia-VPR,Construction & Engineering,VPRPL,Smallcap,28.45000076,1.970000029,2272557.5
KNA,KN Agri Resources Ltd,/stocks/kn-agri-resources-KNA,Agro Products,KNAGRI,Smallcap,211.5299988,-3.319999933,2271130.5
ZIM,ZIM Laboratories Ltd,/stocks/zim-laboratories-ZIM,Pharmaceuticals,ZIMLAB,Smallcap,122.0100021,-2,2268792
SHAB,Shankara Building Products Ltd,/stocks/shankara-building-products-SHAB,Building Products - Pipes,SHANKARA,Smallcap,128.6000061,-0.660000026,2266722.25
SUNSH,Sunshield Chemicals Ltd,/stocks/sunshield-chemicals-SUNSH,Specialty Chemicals,SUNSHIEL,Smallcap,1204.949951,1.669999957,2263772
HTGR,Hi-Tech Gears Ltd,/stocks/hi-tech-gears-HTGR,Auto Parts,HITECHGEAR,Smallcap,708.0999756,-0.100000001,2253983.5
SRSH,Transworld Shipping Lines Ltd,/stocks/shreyas-shipping-and-logistics-SRSH,Logistics,TRANSWORLD,Smallcap,166.1000061,1.019999981,2246609.25
HMA,HMA Agro Industries Ltd,/stocks/hma-agro-industries-HMA,Packaged Foods & Meats,HMAAGRO,Smallcap,22.20000076,-0.670000017,2244609.25
RRM,RR Metalmakers India Ltd,/stocks/rr-metalmakers-india-RRM,Commodities Trading,RRMETAL,Smallcap,50.95999908,-1.980000019,2242342
NIYA,Veerhealth Care Ltd,/stocks/veerhealth-care-NIYA,Pharmaceuticals,VEERHEALTH,Smallcap,32.56999969,0.310000002,2241922
NGI,Nakoda Group of Industries Ltd,/stocks/nakoda-group-of-industries-NGI,Packaged Foods & Meats,NGIL,Smallcap,41.45000076,-0.860000014,2214038.5
ZPP,Cropster Agro Ltd,/stocks/planters-polysack-ZPP,Agro Products,CROPSTER,Smallcap,5.349999905,,2209206
NAHR,Nahar Poly Films Ltd,/stocks/nahar-poly-films-NAHR,Textiles,NAHARPOLY,Smallcap,254.3000031,-0.02,2197597
DHANA,Dhanlaxmi Crop Science Ltd,/stocks/dhanlaxmi-crop-science-DHANA,Seeds,DHANLAXMI,Smallcap,25.89999962,-1.519999981,2185680
MAZD,Mazda Ltd,/stocks/mazda-MAZD,Industrial Machinery,MAZDA,Smallcap,229.4900055,-0.5,2183557.25
INDOV,Titan Intech Ltd,/stocks/titan-intech-INDOV,IT Services,TITANIN,Smallcap,0.970000029,-1.019999981,2169275
OREN,Oricon Enterprises Ltd,/stocks/oricon-enterprises-OREN,Logistics,ORICONENT,Smallcap,56.91999817,0.25999999,2166543.5
AKSP,Sunrakshakk Industries India Ltd,/stocks/a-k-spintex-AKSP,Textiles,SUNRAKSHAK,Smallcap,318,0.319999993,2163619.25
HCLI,HCL Infosystems Ltd,/stocks/hcl-infosystems-HCLI,IT Services & Consulting,HCL-INSYS,Smallcap,12.18999958,0.409999996,2158497.25
NOVU,Novus Loyalty Ltd,/stocks/novus-loyalty-NOVU,Advertising,NOVUS,Smallcap,143.6000061,-0.550000012,2158350
JEY,Jeyyam Global Foods Ltd,/stocks/jeyyam-global-foods-JEY,FMCG - Foods,JEYYAM,Smallcap,25.39999962,3.460000038,2154300
SHILG,Shilp Gravures Ltd,/stocks/shilp-gravures-SHILG,Industrial Machinery,SHILGRAVQ,Smallcap,152.5,-1.610000014,2151518
JAYBE,JAYBEE Laminations Ltd,/stocks/jay-bee-laminations-JAYBE,Electrical Components & Equipments,JAYBEE,Smallcap,92.94999695,2.589999914,2150485
ELIL,Logica Infoway Ltd,/stocks/eastern-logica-infoway-ELIL,Retail - Online,LOGICA,Smallcap,166.5,0.389999986,2148696
FOCS,Focus Lighting and Fixtures Ltd,/stocks/focus-lighting-and-fixtures-FOCS,Home Electronics & Appliances,FOCUS,Smallcap,81.68000031,-1.639999986,2145434.25
SHIN,Shine Fashions (India) Ltd,/stocks/shine-fashions-india-SHIN,Textiles,SHINEFASH,Smallcap,19.56999969,-5,2127600
WSIN,W S Industries (India) Ltd,/stocks/ws-industries-india-WSIN,Industrial Machinery,WSI,Smallcap,66.19999695,0.050000001,2126816
KANS,Spright Agro Ltd,/stocks/kansal-fibres-KANS,Agro Products,SPRIGHT,Smallcap,0.5,2.039999962,2115801
ARCH,Archit Organosys Ltd,/stocks/archit-organosys-ARCH,Commodity Chemicals,ARCHITORG,Smallcap,58.15000153,-4.940000057,2112014
RUBF,Rubfila International Ltd,/stocks/rubfila-international-RUBF,Commodity Chemicals,RUBFILA,Smallcap,72.69999695,0.439999998,2106824.25
VMST,VMS TMT Ltd,/stocks/vms-tmt-VMST,Building Products - Others,VMSTMT,Smallcap,47.13999939,1.460000038,2090909.375
PUS,Pushpa Jewellers Ltd,/stocks/pushpa-jewellers-PUS,"Precious Metals, Jewellery & Watches",PUSHPA,Smallcap,98.09999847,-1.899999976,2085510
CHEMT,Chemtech Industrial Valves Ltd,/stocks/chemtech-industrial-valves-CHEMT,Industrial Machinery,CHEMTECH,Smallcap,80.5,4.599999905,2085094.25
NANE,Nandan Denim Ltd,/stocks/nandan-denim-NANE,Textiles,NDL,Smallcap,2.430000067,,2077260.25
PATL,Patel Integrated Logistics Ltd,/stocks/patel-integrated-logistics-PATL,Logistics,PATINTLOG,Smallcap,15.59000015,2.630000114,2060274
NETW,Swiss Military Consumer Goods Ltd,/stocks/network-NETW,Investment Banking & Brokerage,SWISSMLTRY,Smallcap,16.07999992,,2048945.75
LINC,Linc Ltd,/stocks/linc-pen-and-plastics-LINC,Stationery,LINC,Smallcap,112.9100037,0.670000017,2047130.875
WINS,Winsome Textile Industries Ltd,/stocks/winsome-textile-industries-WINS,Textiles,WINSOMTX,Smallcap,96.05000305,0.319999993,2040312.75
UNIM,KD Green Industries Ltd,/stocks/unimode-overseas-UNIM,FMCG - Foods,MANBRO,Smallcap,51.47999954,-1.769999981,2040064
MACI,Astal Laboratories Ltd,/stocks/macro-international-MACI,Pharmaceuticals,ASTALLTD,Smallcap,85.18000031,-3.089999914,2036461.75
NIKI,Nikita Greentech Recycling Ltd,/stocks/nikita-papers-NIKI,Paper Products,NIKITA,Smallcap,80.30000305,-4.96999979,2035908
DBE,Deepak Builders & Engineers India Ltd,/stocks/deepak-builders-and-engineers-india-DBE,Construction & Engineering,DBEIL,Smallcap,8.470000267,4.960000038,2034313.375
GGA,G. G. Automotive Gears Ltd,/stocks/g-g-automotive-gears-GGA,Auto Parts,GGAUTO,Smallcap,148.5,3.410000086,2032007.5
SYLV,Sylvan Plyboard (India) Ltd,/stocks/sylvan-plyboard-india-SYLV,Wood Products,SYLVANPLY,Smallcap,63.5,4.789999962,2027840
CHAN,Chandrima Mercantiles Ltd,/stocks/chandrima-mercantiles-CHAN,"Precious Metals, Jewellery & Watches",CHANDRIMA,Smallcap,6.389999866,9.979999542,2025880.75
APOS,Apollo Sindoori Hotels Ltd,/stocks/apollo-sindoori-hotels-APOS,Restaurants & Cafes,APOLSINHOT,Smallcap,1238.800049,-1.639999986,2023929.25
PSC,Propshare Celestia,/stocks/property-share-investment-trust-propshare-celestia-PSC,Real Estate,PSCELESTIA,Smallcap,1009000,,2018000
TELG,Telge Projects Ltd,/stocks/telge-projects-TELG,Business Support Services,TELGE,Smallcap,141,-4.730000019,2016432
PREV,PREVEST DENPRO LTD,/stocks/prevest-denpro-PREV,Health Care Equipment & Supplies,PREVEST,Smallcap,389,2.880000114,2015832
UNTD,United Polyfab Gujarat Ltd,/stocks/united-polyfab-gujarat-UNTD,Textiles,UNITEDPOLY,Smallcap,32.22000122,-0.560000002,2014917
BMWV,BMW Ventures Ltd,/stocks/bmw-ventures-BMWV,Building Products - Pipes,BMWVENTLTD,Smallcap,57.36000061,-0.310000002,1996285
ASHL,Ashima Ltd,/stocks/ashima-ASHL,Textiles,ASHIMASYN,Smallcap,14.47000027,-2.619999886,1990935.75
LLF,Leading Leasing Finance and Investment Company Ltd,/stocks/leading-leasing-finance-and-investment-company-LLF,Diversified Financials,LLFICL,Smallcap,1.330000043,-1.480000019,1984783.625
GANF,Ganga Forging Ltd,/stocks/ganga-forging-GANF,Iron & Steel,GANGAFORGE,Smallcap,2.460000038,4.239999771,1980148.5
BALP,Bal Pharma Ltd,/stocks/bal-pharma-BALP,Pharmaceuticals,BALPHARMA,Smallcap,77.94999695,-0.649999976,1977535.5
INDT,Indian Toners & Developers Ltd,/stocks/indian-toners-and-developers-INDT,Commodity Chemicals,INDTONER,Smallcap,292.8500061,-0.930000007,1974579.75
VIG,Vigor Plast India Ltd,/stocks/vigor-plast-india-VIG,Building Products - Pipes,VIGOR,Smallcap,104.9000015,1.399999976,1970880
SATTV,Sattva Engineering Construction Ltd,/stocks/sattva-engineering-construction-SATTV,Water Management,SATTVAENGG,Smallcap,70.65000153,-3.349999905,1969280
AAA,AAA Technologies Ltd,/stocks/aaa-technologies-AAA,IT Services & Consulting,AAATECH,Smallcap,98.02999878,-0.319999993,1962579.875
HRMA,Harrisons Malayalam Ltd,/stocks/harrisons-malayalam-HRMA,Agro Products,HARRMALAYA,Smallcap,203.1300049,2.140000105,1960004.375
HARIK,Harikanta Overseas Ltd,/stocks/harikanta-overseas-HARIK,Textiles,HARIKANTA,Smallcap,79,,1959300
BAM,BAMPSL Securities Ltd,/stocks/bampsl-securities-BAM,Diversified Financials,BAMPSL,Smallcap,19.89999962,0.050000001,1956654.25
MPE,Manas Polymers and Energies Ltd,/stocks/manas-polymers-and-energies-MPE,Packaging,MPEL,Smallcap,40.75,-0.850000024,1952160
AAP,AA Plus Tradelink Ltd,/stocks/aa-plus-tradelink-AAP,Commodities Trading,AAPLUSTRAD,Smallcap,1.230000019,3.359999895,1952000
DHARR,Dhara Rail Projects Ltd,/stocks/dhara-rail-projects-DHARR,Rail,DHARARAIL,Smallcap,148,-2.700000048,1949350
USHN,Ushanti Colour Chem Ltd,/stocks/ushanti-colour-chem-USHN,Specialty Chemicals,UCL,Smallcap,194,-2,1940000
AEL,Amba Enterprises Ltd,/stocks/amba-enterprises-AEL,Electrical Components & Equipments,AEL,Smallcap,120.3000031,-4.260000229,1931551
KRISC,Krishca Strapping Solutions Ltd,/stocks/krishca-strapping-solutions-KRISC,Iron & Steel,KRISHCA,Smallcap,167,-1.269999981,1924525
KAYC,Kaycee Industries Ltd,/stocks/kaycee-industries-KAYC,Electrical Components & Equipments,KAYCEEI,Smallcap,899,3.339999914,1924166.25
BHAD,Bhadora Industries Ltd,/stocks/bhadora-industries-BHAD,Cables,BHADORA,Smallcap,89.94999695,-0.059999999,1912464
VMV,Growington Ventures India Ltd,/stocks/vmv-holidays-VMV,Agro Products,GROWINGTON,Smallcap,0.769999981,2.670000076,1906348.25
SAIF,Sameera Agro and Infra Ltd,/stocks/sameera-agro-and-infra-SAIF,Construction & Engineering,SAIFL,Smallcap,5.099999905,,1906320
DHARI,Dhariwalcorp Ltd,/stocks/dhariwalcorp-DHARI,Specialty Chemicals,DHARIWAL,Smallcap,35.59999847,1.860000014,1906200
SINC,Sinclairs Hotels Ltd,/stocks/sinclairs-hotels-SINC,"Hotels, Resorts & Cruise Lines",SINCLAIR,Smallcap,75.65000153,0.379999995,1904636.5
MANOR,Mangalam Organics Ltd,/stocks/mangalam-organics-MANOR,Commodity Chemicals,MANORG,Smallcap,521.5999756,-1.980000019,1898198
KHAD,Khadim India Ltd,/stocks/khadim-india-KHAD,Footwear,KHADIM,Smallcap,109.3899994,-0.449999988,1892989.5
BPL,BPL Ltd,/stocks/bpl-BPL,Home Electronics & Appliances,BPL,Smallcap,55.81000137,-0.709999979,1889715.125
PATE,Patels Airtemp (India) Ltd,/stocks/patels-airtemp-india-PATE,Industrial Machinery,PATELSAI,Smallcap,372.6000061,0.129999995,1887484.25
RAJT,Rajasthan Tube Manufacturing Co Ltd,/stocks/rajasthan-tube-manufacturing-co-RAJT,Building Products - Pipes,RAJTUBE,Smallcap,13.07999992,3.150000095,1883690.125
POS,Positron Energy Ltd,/stocks/positron-energy-POS,Oil & Gas - Equipment & Services,POSITRON,Smallcap,173,-2.089999914,1874124
JETR,Jet Freight Logistics Ltd,/stocks/jet-freight-logistics-JETR,Logistics,JETFREIGHT,Smallcap,21.82999992,-1.980000019,1871063.125
HVA,HVAX Technologies Ltd,/stocks/hvax-technologies-HVA,Pharmaceuticals,HVAX,Smallcap,588.75,-4.420000076,1870785
AARI,Aarvi Encon Ltd,/stocks/aarvi-encon-AARI,Outsourced services,AARVI,Smallcap,144.1199951,0.639999986,1869160.25
DIGI,Digikore Studios Ltd,/stocks/digikore-studios-DIGI,Animation,DIGIKORE,Smallcap,52.59999847,-3.039999962,1863488
COC,Cochin Minerals and Rutile Ltd,/stocks/cochin-minerals-and-rutile-COC,Diversified Chemicals,COCHINM,Smallcap,248.1000061,1.889999986,1861954.875
CHEV,Cheviot Co Ltd,/stocks/cheviot-company-CHEV,Textiles,CHEVIOT,Smallcap,1131.699951,0.949999988,1861935.375
AXI,Axita Cotton Ltd,/stocks/axita-cotton-AXI,Textiles,AXITA,Smallcap,7.550000191,,1850914.75
DLT,Delton Cables Ltd,/stocks/delton-cables-DLT,Cables,DLTNCBL,Smallcap,423.9500122,-2.339999914,1842096.625
NIBL,Nrb Industrial Bearings Ltd,/stocks/nrb-industrial-bearings-NIBL,Industrial Machinery,NIBL,Smallcap,30.62000084,0.430000007,1838229.125
ROCK,Rockingdeals Circular Economy Ltd,/stocks/rockingdeals-circular-economy-ROCK,Technology Hardware,ROCKINGDCE,Smallcap,189.9499969,3.660000086,1837680
KON,Konndor Industries Ltd,/stocks/konndor-industries-KON,Paper Products,KONNDOR,Smallcap,21.45000076,-4.960000038,1836120
ARH,BN Agrochem Ltd,/stocks/arihant-tournesol-ARH,Agro Products,BNAGROCHEM,Smallcap,289.6499939,-0.119999997,1835208
DAMD,Damodar Industries Ltd,/stocks/damodar-industries-DAMD,Textiles,DAMODARIND,Smallcap,32.09999847,5.179999828,1834235
ARYAV,Ecofinity Atomix Ltd,/stocks/aryavan-enterprise-ARYAV,Pharmaceuticals,ARYAVAN,Smallcap,49.88000107,-0.819999993,1831544.375
GECE,GeeCee Ventures Ltd,/stocks/geecee-ventures-GECE,Real Estate,GEECEE,Smallcap,355.3999939,3.119999886,1830221.375
SEVL,Supertech EV Ltd,/stocks/supertech-ev-SEVL,Three Wheelers,SEVL,Smallcap,39.33000183,-4.380000114,1826604
NRAI,N R Agarwal Industries Ltd,/stocks/n-r-agarwal-industries-NRAI,Paper Products,NRAIL,Smallcap,422.9500122,-1.00999999,1814825.875
DIKS,Diksha Polymers Ltd,/stocks/diksha-polymers-DIKS,Plastic Products,DIKSHA,Smallcap,115,-2.579999924,1808976
MORGA,Foseco Crucible (India) Ltd,/stocks/morganite-crucible-india-MORGA,Industrial Machinery,FOSECOC,Smallcap,1415.050049,-1.149999976,1803055.125
MHID,Mahindra EPC Irrigation Ltd,/stocks/mahindra-epc-irrigation-MHID,Agricultural & Farm Machinery,MAHEPC,Smallcap,120.2200012,0.209999993,1794014
TCII,Tci Finance Ltd,/stocks/tci-finance-TCII,Diversified Financials,TCIFINANCE,Smallcap,17.52000046,4.96999979,1792196
HMTL,HMT Ltd,/stocks/hmt-HMTL,Industrial Machinery,HMT,Smallcap,68.33000183,-0.439999998,1791373.75
PQI,Polo Queen Industrial and Fintech Ltd,/stocks/polo-queen-industrial-and-fintech-PQI,FMCG - Household Products,PQIF,Smallcap,12.55000019,-1.879999995,1790651.125
VIPC,VIP Clothing Ltd,/stocks/vip-clothing-VIPC,Apparel & Accessories,VIPCLOTHNG,Smallcap,24.65999985,-1.080000043,1783169.625
SHAH,Shahlon Silk Industries Ltd,/stocks/shahlon-silk-industries-SHAH,Textiles,SHAHLON,Smallcap,26.70000076,0.409999996,1779582.5
SUJ,Sujala Trading & Holdings Ltd,/stocks/sujala-trading-and-holdings-SUJ,Diversified Financials,SUJALA,Smallcap,16.89999962,0.419999987,1775855.25
SEPW,Sampann Utpadan India Ltd,/stocks/se-power-SEPW,Commodity Chemicals,SAMPANN,Smallcap,29.13999939,-2.640000105,1774329.75
BHA,Bhatia Communications & Retail (India) Ltd,/stocks/bhatia-communications-and-retail-india-BHA,Retail - Speciality,BHATIA,Smallcap,25.75,0.74000001,1774214.75
INFIN,Infinium Pharmachem Ltd,/stocks/infinium-pharmachem-INFIN,Commodity Chemicals,INFINIUM,Smallcap,210.6999969,3.130000114,1770295
VIEC,Vikas Ecotech Ltd,/stocks/vikas-ecotech-VIEC,Specialty Chemicals,VIKASECO,Smallcap,1.24000001,0.810000002,1763836.75
GLOBL,Global Pet Industries Ltd,/stocks/global-pet-industries-GLOBL,Industrial Machinery,GLOBALPET,Smallcap,156.75,4.150000095,1763212.5
MANL,Manaksia Aluminium Co Ltd,/stocks/manaksia-aluminium-co-MANL,Metals - Aluminium,MANAKALUCO,Smallcap,35.99000168,1.120000005,1757257.5
AMEE,Ameenji Rubber Ltd,/stocks/ameenji-rubber-AMEE,Tires & Rubber,AMEENJI,Smallcap,136,2.25999999,1756920
RDBR,RDB Infrastructure and Power Ltd,/stocks/rdb-realty-and-infrastructure-RDBR,Real Estate,RDBIPL,Smallcap,19.12000084,1.700000048,1755383.375
DRO,Droneacharya Aerial Innovations Ltd,/stocks/droneacharya-aerial-innovations-DRO,Oil & Gas - Equipment & Services,DRONACHRYA,Smallcap,39.68999863,-0.100000001,1753400
BASI,Basilic Fly Studio Ltd,/stocks/basilic-fly-studio-BASI,Animation,BASILIC,Smallcap,208.8000031,0.430000007,1749804
ADHO,Advani Hotels and Resorts (India) Ltd,/stocks/advani-hotels-and-resorts-india-ADHO,"Hotels, Resorts & Cruise Lines",ADVANIHOTR,Smallcap,53.95000076,-0.589999974,1746523.375
SILK,Silkflex Polymers (India) Ltd,/stocks/silkflex-polymers-india-SILK,Specialty Chemicals,SILKFLEX,Smallcap,217,-1.360000014,1744080
ASAR,Asarfi Hospital Ltd,/stocks/asarfi-hospital-ASAR,Hospitals & Diagnostic Centres,ASARFI,Smallcap,219.1499939,2.069999933,1743440
INSO,Intrasoft Technologies Ltd,/stocks/intrasoft-technologies-INSO,Retail - Online,ISFT,Smallcap,77.33999634,-0.209999993,1736896.25
EUROB,Euro Panel Products Ltd,/stocks/euro-panel-products-EUROB,Metals - Aluminium,EUROBOND,Smallcap,173.0599976,2.819999933,1733590.25
VARP,Vardhman Polytex Ltd,/stocks/vardhman-polytex-VARP,Textiles,VARDMNPOLY,Smallcap,6.840000153,-1.870000005,1732675.625
PRATH,Pratham EPC Projects Ltd,/stocks/pratham-epc-projects-PRATH,Construction & Engineering,PRATHAM,Smallcap,123,0.49000001,1732220
BRID,Bridge Securities Ltd,/stocks/bridge-securities-BRID,Investment Banking & Brokerage,BRIDGESE,Smallcap,16.45999908,0.860000014,1730652.5
SHLP,Shalimar Paints Ltd,/stocks/shalimar-paints-SHLP,Specialty Chemicals,SHALPAINTS,Smallcap,51.81999969,-0.519999981,1729582.875
SEAS,7Seas Entertainment Ltd,/stocks/7seas-entertainment-SEAS,Online Services,7SEASL,Smallcap,75.11000061,-0.639999986,1723990.625
UMA,UMA Exports Ltd,/stocks/uma-exports-UMA,Agro Products,UMAEXPORTS,Smallcap,21.97999954,-0.090000004,1722630.625
ZCCL,Zodiac Clothing Company Ltd,/stocks/zodiac-clothing-company-ZCCL,Apparel & Accessories,ZODIACLOTH,Smallcap,77.40000153,-3.190000057,1716695.875
AMBAS,Ambalal Sarabhai Enterprises Ltd,/stocks/ambalal-sarabhai-enterprises-AMBAS,Pharmaceuticals,AMBALALSA,Smallcap,32.81999969,2.849999905,1716357.625
CLAS,Classic Electrodes (India) Ltd,/stocks/classic-electrodes-india-CLAS,Industrial Machinery,CLASSICEIL,Smallcap,45.5,1.110000014,1713040
STEL,STEL Holdings Ltd,/stocks/stel-holdings-STEL,Asset Management,STEL,Smallcap,567.5999756,-0.930000007,1711335.5
RNSG,Rana Sugars Ltd,/stocks/rana-sugars-RNSG,Sugar,RANASUG,Smallcap,12.47000027,,1710269.875
SING,Singer India Ltd,/stocks/singer-india-SING,Home Electronics & Appliances,SINGERIND,Smallcap,69.91999817,0.910000026,1710204.5
EKI,EKI Energy Services Ltd,/stocks/eki-energy-services-EKI,Environmental Services,EKI,Smallcap,84.26000214,-1.129999995,1703825.25
EDCO,Energy Development Company Ltd,/stocks/energy-development-company-EDCO,Renewable Energy,ENERGYDEV,Smallcap,17.85000038,3.720000029,1703762.625
DHAB,Dhabriya Polywood Ltd,/stocks/dhabriya-polywood-DHAB,Building Products - Laminates,DHABRIYA,Smallcap,398,-1.330000043,1701624.5
KRISH,Krishna Ventures Ltd,/stocks/krishna-ventures-KRISH,Real Estate,KRISHNA,Smallcap,44.25999832,4.980000019,1696450.5
JYST,Jay Shree Tea and Industries Ltd,/stocks/jay-shree-tea-and-industries-JYST,Tea & Coffee,JAYSREETEA,Smallcap,85.97000122,0.419999987,1692038
VIP,Vipul Organics Ltd,/stocks/vipul-organics-VIP,Specialty Chemicals,VIPULORG,Smallcap,250,-1.049999952,1689197.75
DPL,Dipna Pharmachem Ltd,/stocks/dipna-pharmachem-DPL,Pharmaceuticals,DPL,Smallcap,5.920000076,-1.99000001,1686360
START,Starteck Finance Ltd,/stocks/startech-finance-START,Diversified Financials,STARTECK,Smallcap,285.8500061,-0.639999986,1683251.5
GALA,Galaxy Agrico Exports Ltd,/stocks/galaxy-agrico-exports-GALA,Industrial Machinery,GALAGEX,Smallcap,68.90000153,5.400000095,1681220.625
VSTL,Vibhor Steel Tubes Ltd,/stocks/vibhor-steel-tubes-VSTL,Iron & Steel,VSTL,Smallcap,113.9000015,-0.360000014,1679709.375
GANO,Ganon Products Ltd,/stocks/ganon-products-GANO,Commodities Trading,GANONPRO,Smallcap,13.89999962,-0.639999986,1679161.75
CIF,Capital India Finance Ltd,/stocks/capital-india-finance-CIF,Diversified Financials,CIFL,Smallcap,22.87000084,-0.389999986,1674225.5
MOBIL,Mobilise App Lab Ltd,/stocks/mobilise-app-lab-MOBIL,Software Services,MOBILISE,Smallcap,104.0999985,4.050000191,1671840
KSE,KSE Ltd,/stocks/kse-KSE,Agro Products,KSE,Smallcap,181,-0.819999993,1666739.25
CTSS,Cybertech Systems and Software Ltd,/stocks/cybertech-systems-and-software-CTSS,IT Services & Consulting,CYBERTECH,Smallcap,145.2200012,-0.49000001,1660270.125
INDP,Industrial and Prudential Investment Co Ltd,/stocks/industrial-and-prudential-investment-company-INDP,Specialized Finance,INDPRUD,Smallcap,6514.5,4.119999886,1656988.25
RESO,Resonance Specialties Ltd,/stocks/resonance-specialities-RESO,Specialty Chemicals,RESONANCE,Smallcap,137,-0.219999999,1649537.75
RAJPU,Rajputana Biodiesel Ltd,/stocks/rajputana-biodiesel-RAJPU,Oil & Gas - Refining & Marketing,RAJPUTANA,Smallcap,207,1.970000029,1649440
OWA,Owais Metal and Mineral Processing Ltd,/stocks/owais-metal-and-mineral-processing-OWA,Metals - Diversified,OWAIS,Smallcap,114.8499985,-1.159999967,1647936
RSWM,RSWM Ltd,/stocks/rswm-RSWM,Textiles,RSWM,Smallcap,194.7599945,0.670000017,1647415
SVP,Ganesha Ecoverse Ltd,/stocks/svp-housing-SVP,Plastic Products,GANVERSE,Smallcap,33.40000153,3.440000057,1634100
NSL,Northern Spirits Ltd,/stocks/northern-spirits-NSL,FMCG - Foods,NSL,Smallcap,130.0500031,2.769999981,1629222.625
KLL,Visdem Technosys Ltd,/stocks/kundan-edifice-KLL,Electrical Components & Equipments,KEL,Smallcap,83.25,2.779999971,1625064
PRECS,Precision Electronics Ltd,/stocks/precision-electronics-PRECS,Communication & Networking,PRECISIO,Smallcap,211.0500031,-4.78000021,1624111.25
TANK,Tankup Engineers Ltd,/stocks/tankup-engineers-TANK,Heavy Machinery,TANKUP,Smallcap,1081.849976,2,1622775
SAMPA,Sampat Aluminium Ltd,/stocks/sampat-aluminium-SAMPA,Metals - Aluminium,SAMPAT,Smallcap,38,4.139999866,1619136
KARD,Dharan Infra-EPC Ltd,/stocks/karda-constructions-KARD,Real Estate,DHARAN,Smallcap,0.150000006,,1617766.25
SHEEA,Sheetal Universal Ltd,/stocks/sheetal-universal-SHEEA,Agro Products,SHEETAL,Smallcap,292.8999939,0.119999997,1612600
BAC,Bacil Pharma Ltd,/stocks/bacil-pharma-BAC,Pharmaceuticals,BACPHAR,Smallcap,39.90000153,-0.519999981,1612514.375
MACO,Macobs Technologies Ltd,/stocks/macobs-technologies-MACO,Wellness Services,MACOBSTECH,Smallcap,224.8000031,,1608840
KTSG,Kothari Sugars and Chemicals Ltd,/stocks/kothari-sugars-and-chemicals-KTSG,Sugar,KOTARISUG,Smallcap,25.77000046,2.339999914,1606616.5
LIP,Lippi Systems Ltd,/stocks/lippi-systems-LIP,Industrial Machinery,LIPPISYS,Smallcap,191.8000031,-4.980000019,1603165.5
DSF,DCM Shriram Fine Chemicals Ltd,/stocks/dcm-shriram-fine-chemicals-DSF,Specialty Chemicals,DSFCL,Smallcap,23.95999908,-1.360000014,1601442.75
SPCL,Shivalic Power Control Ltd,/stocks/shivalic-power-control-SPCL,Electrical Components & Equipments,SPCL,Smallcap,70.69999695,1,1598280
SHEV,Shree Vasu Logistics Ltd,/stocks/shree-vasu-logistics-SHEV,Logistics,SVLL,Smallcap,687.2000122,-4.019999981,1595552
HALD,Haldyn Glass Ltd,/stocks/haldyn-glass-HALD,Building Products - Glass,HALDYNGL,Smallcap,118.9199982,1.029999971,1595117.25
ORBE,Orbit Exports Ltd,/stocks/orbit-exports-ORBE,Textiles,ORBTEXP,Smallcap,231.3200073,5,1593032
ADVI,Advik Capital Ltd,/stocks/advik-capital-ADVI,Specialized Finance,ADVIKCA,Smallcap,1.289999962,0.779999971,1587077.125
CIT,Consecutive Commodities Ltd,/stocks/consecutive-investments-and-trading-co-CIT,Investment Banking & Brokerage,CCDL,Smallcap,1.029999971,-0.959999979,1585397
TITA,Titan Securities Ltd,/stocks/titan-securities-TITA,Specialized Finance,TITANSEC,Smallcap,43.06000137,2.720000029,1585287.25
RPPI,RPP Infra Projects Ltd,/stocks/rpp-infra-projects-RPPI,Construction & Engineering,RPPINFRA,Smallcap,63.79999924,0.170000002,1577683.625
BANO,Bang Overseas Ltd,/stocks/bang-overseas-BANO,Apparel & Accessories,BANG,Smallcap,31.23999977,3.029999971,1577174.125
AFLT,Autofurnish Ltd,/stocks/autofurnish-AFLT,Auto Parts,AFLTD,Smallcap,51.70000076,-1.519999981,1574400
AVP,AVP Infracon Ltd,/stocks/avp-infracon-AVP,Construction & Engineering,AVPINFRA,Smallcap,65.90000153,0.150000006,1572240
KVT,K V Toys India Ltd,/stocks/k-v-toys-india-KVT,Building Products - Glass,KVTOYS,Smallcap,260,-0.949999988,1571580
HPA,Hp Adhesives Ltd,/stocks/hp-adhesives-HPA,Diversified Chemicals,HPAL,Smallcap,36.11999893,1.320000052,1568542.75
OPT,Optimus Finance Ltd,/stocks/optimus-finance-OPT,Specialized Finance,OPTIFIN,Smallcap,12.05000019,3.789999962,1565819.625
INDU,Indus Finance Ltd,/stocks/indus-finance-INDU,Consumer Finance,INDUSFINL,Smallcap,141.75,1.980000019,1559235.875
ARTS,Artson Ltd,/stocks/artson-engineering-ARTS,Construction & Engineering,ARTSON,Smallcap,167.6000061,1.149999976,1553091.625
AAK,Aakaar Medical Technologies Ltd,/stocks/aakaar-medical-technologies-AAK,Health Care Equipment & Supplies,AAKAAR,Smallcap,69,-4.960000038,1550976
PONS,Ponni Sugars (Erode) Ltd,/stocks/ponni-sugars-erode-PONS,Sugar,PONNIERODE,Smallcap,315.0499878,-0.550000012,1550793
BAB,Baba Arts Ltd,/stocks/baba-arts-BAB,Movies & TV Serials,BABA,Smallcap,15.44999981,2.450000048,1547373.875
SHRY,Shreyans Industries Ltd,/stocks/shreyans-industries-SHRY,Paper Products,SHREYANIND,Smallcap,140.3899994,1.090000033,1546963.25
AKAN,Akanksha Power and Infrastructure Ltd,/stocks/akanksha-power-and-infrastructure-AKAN,Electronic Equipments,AKANKSHA,Smallcap,87.09999847,2.470000029,1543500
KER,Kerala Ayurveda Ltd,/stocks/kerala-ayurveda-KER,Pharmaceuticals,KERALAYUR,Smallcap,178.9499969,-0.670000017,1537427.375
QMS,QMS Medical Allied Services Ltd,/stocks/qms-medical-allied-services-QMS,Hospitals & Diagnostic Centres,QMSMEDI,Smallcap,104.4300003,0.839999974,1529188.875
SRGH,SRG Housing Finance Ltd,/stocks/srg-housing-finance-SRGH,Consumer Finance,SRGHFL,Smallcap,307,1.220000029,1527264.375
ACEA,Ace Alpha Tech Ltd,/stocks/ace-alpha-tech-ACEA,Software Services,ACEALPHA,Smallcap,117.5,-3.890000105,1523600
AXT,Axtel Industries Ltd,/stocks/axtel-industries-AXT,Industrial Machinery,AXTEL,Smallcap,453.3500061,1.960000038,1521850.625
INTEY,Integrity Infrabuild Developers Ltd,/stocks/integrity-infrabuild-developers-INTEY,Construction & Engineering,INTEGRITY,Smallcap,160,1.909999967,1520448
VERZ,Vertoz Ltd,/stocks/vertoz-advertising-VERZ,Advertising,VERTOZ,Smallcap,38.65000153,3.430000067,1519248.5
SMAT,Smartlink Holdings Ltd,/stocks/smartlink-holdings-SMAT,Communication & Networking,SMARTLINK,Smallcap,173.8999939,-2.650000095,1513866.25
ROXH,Rox Hi-Tech Ltd,/stocks/rox-hi-tech-ROXH,IT Services & Consulting,ROXHITECH,Smallcap,41.25,4.960000038,1513216
AVANA,Avana Electrosystems Ltd,/stocks/avana-electrosystems-AVANA,Electrical Components & Equipments,AVANA,Smallcap,124.5500031,-2.309999943,1510200
BIRLA,Birla Precision Technologies Ltd,/stocks/birla-precision-technologies-BIRLA,Industrial Machinery,BIRLAPREC,Smallcap,37.65999985,-2.210000038,1493778.875
TAL,Talbros Engineering Ltd,/stocks/talbros-engineering-TAL,Auto Parts,TALBROSENG,Smallcap,705.0499878,-0.730000019,1493162.875
JAINI,Jainik Power Cables Ltd,/stocks/jainik-power-cables-JAINI,Cables,JAINIK,Smallcap,155,-1.399999976,1492512
VIST,Vistar Amar Ltd,/stocks/vistar-amar-VIST,Agro Products,VISTARAMAR,Smallcap,214.8999939,0.99000001,1490351.5
SPR,Sprayking Ltd,/stocks/sprayking-agro-equipment-SPR,Agricultural & Farm Machinery,SPRAYKING,Smallcap,1.25999999,11.5,1474810.875
AVON,Avonmore Capital & Management Services Ltd,/stocks/avonmore-capital-and-management-services-AVON,Investment Banking & Brokerage,AVONMORE,Smallcap,10.11999989,-1.169999957,1469678.5
RIDDH,Riddhi Siddhi Gluco Biols Ltd,/stocks/riddhi-siddhi-gluco-biols-RIDDH,Commodities Trading,RIDDHI,Smallcap,752.8499756,0.059999999,1466634
INFL,Inflame Appliances Ltd,/stocks/inflame-appliances-INFL,Housewares,INFLAME,Smallcap,225.4499969,2.309999943,1463540
EVE,Everest Organics Ltd,/stocks/everest-organics-EVE,Pharmaceuticals,EVERESTO,Smallcap,267.2000122,6.139999866,1460269.375
FOUT,GVP Infotech Ltd,/stocks/fourth-dimension-solutions-FOUT,IT Services & Consulting,GVPTECH,Smallcap,7.21999979,0.980000019,1454827.875
CSS,Clear Secured Services Ltd,/stocks/clear-secured-services-CSS,Business Support Services,CSSL,Smallcap,96.19999695,-0.620000005,1452150
ILFS,IL&FS Investment Managers Ltd,/stocks/il-and-fs-investment-managers-ILFS,Asset Management,IVC,Smallcap,8.090000153,-0.610000014,1450069.625
REG,Regency Fincorp Ltd,/stocks/regency-investments-REG,Specialized Finance,REGENCY,Smallcap,40,0.150000006,1447088.375
WAAR,Waaree Technologies Ltd,/stocks/waaree-technologies-WAAR,Specialty Chemicals,WAAREE,Smallcap,250,1.110000014,1441786.5
KLR,Kovilpatti Lakshmi Roller Flour Mills Ltd,/stocks/kovilpatti-lakshmi-roller-flour-mills-KLR,Packaged Foods & Meats,KLRFM,Smallcap,96.80000305,-4.630000114,1438990.125
SHAA,Shah Alloys Ltd,/stocks/shah-alloys-SHAA,Iron & Steel,SHAHALLOYS,Smallcap,70.62999725,-0.649999976,1437748.625
VCK,Shrydus Industries Ltd,/stocks/vck-capital-market-services-VCK,Commodity,SHRYDUS,Smallcap,4.559999943,3.640000105,1434614.375
FLO,Anirit Ventures Ltd,/stocks/flora-textiles-FLO,Real Estate,ANIRIT,Smallcap,51.68000031,-1.99000001,1429210.375
ENV,Envirotech Systems Ltd,/stocks/envirotech-systems-ENV,Electronic Equipments,ENVIRO,Smallcap,75.40000153,1,1428420
EXIM,Exim Routes Ltd,/stocks/exim-routes-EXIM,Commodities Trading,EXIMROUTES,Smallcap,112.9000015,5.510000229,1427840
SOMI,Somi Conveyor Beltings Ltd,/stocks/somi-conveyor-beltings-SOMI,Industrial Machinery,SOMICONVEY,Smallcap,103.8300018,1.460000038,1423286.625
CNIN,Capitalnumbers Infotech Ltd,/stocks/capitalnumbers-infotech-CNIN,IT Services & Consulting,CNINFOTECH,Smallcap,97,-3.190000057,1417536
GREY,Ironwood Education Ltd,/stocks/greycells-education-GREY,Education Services,IRONWOOD,Smallcap,48,4.349999905,1415799.625
DRC,DRC Systems India Ltd,/stocks/drc-systems-india-DRC,Advertising,DRCSYSTEMS,Smallcap,14.18000031,-0.49000001,1413539.125
SATK,Sat Kartar Life Ltd,/stocks/sat-kartar-shopping-SATK,FMCG - Personal Products,SATKARTAR,Smallcap,148,-1.230000019,1411776
ARHA,Arham Technologies Ltd,/stocks/arham-technologies-ARHA,Home Electronics & Appliances,ARHAM,Smallcap,139,0.980000019,1402200
HYP,Hypersoft Technologies Ltd,/stocks/hypersoft-technologies-HYP,IT Services & Consulting,HYPERSOFT,Smallcap,208,0.970000029,1401514.125
SUNTC,Suntech Infra Solutions Ltd,/stocks/suntech-infra-solutions-SUNTC,Construction & Engineering,SUNTECH,Smallcap,34.20000076,-5,1398400
AARNA,Aarnav Fashions Ltd,/stocks/aarnav-fashions-AARNA,Investment Banking & Brokerage,AARNAV,Smallcap,24.64999962,-1.639999986,1396217.75
VARD,Vardhman Acrylics Ltd,/stocks/vardhman-acrylics-VARD,Textiles,VARDHACRLC,Smallcap,44.34999847,-1.789999962,1396157.5
INNO,Innovators Facade Systems Ltd,/stocks/innovators-facade-systems-INNO,Construction & Engineering,INNOVATORS,Smallcap,124,0.610000014,1383984
LRR,Lead Reclaim and Rubber Products Ltd,/stocks/lead-reclaim-and-rubber-products-LRR,Tires & Rubber,LRRPL,Smallcap,92.5,2.779999971,1380000
UMI,Umiya Tubes Ltd,/stocks/umiya-tubes-UMI,Iron & Steel,UMIYA,Smallcap,34.34000015,-0.460000008,1379580.75
STAM,GACM Technologies Ltd,/stocks/stampede-capital-STAM,Stock Exchanges & Ratings,GATECH,Smallcap,0.49000001,-2,1377702.125
SUK,Sukhjit Starch and Chemicals Ltd,/stocks/sukhjit-starch-and-chemicals-SUK,Agro Products,SUKHJITS,Smallcap,178.6699982,2.200000048,1374150.25
CALI,California Software Company Ltd,/stocks/california-software-company-CALI,IT Services & Consulting,CALSOFT,Smallcap,22.29000092,-2.069999933,1373644.25
BLAC,Black Rose Industries Ltd,/stocks/black-rose-industries-BLAC,Specialty Chemicals,BLACKROSE,Smallcap,113.3799973,-1.059999943,1372567.625
BHARG,Bharat Agri Fert & Realty Ltd,/stocks/bharat-agri-fert-and-realty-BHARG,Commodity Chemicals,BHARATAGRI,Smallcap,25.89999962,-1.370000005,1371585.375
TIP,Tips Films Ltd,/stocks/tips-films-TIP,Movies & TV Serials,TIPSFILMS,Smallcap,329.2000122,-0.810000002,1365448.125
GLVE,Global Vectra Helicorp Ltd,/stocks/global-vectra-helicorp-GLVE,Airlines,GLOBALVECT,Smallcap,162.4799957,0.910000026,1365207
INWI,Indowind Energy Ltd (chennai),/stocks/indowind-energy-INWI,Renewable Energy,INDOWIND,Smallcap,9.430000305,-1.149999976,1364908.75
CHAV,Chavda Infra Ltd,/stocks/chavda-infra-CHAV,Construction & Engineering,CHAVDA,Smallcap,92.30000305,1.539999962,1359000
SKSG,Sakthi Sugars Ltd,/stocks/sakthi-sugars-SKSG,Sugar,SAKHTISUG,Smallcap,17.01000023,-0.529999971,1357517.75
ANCM,Anjani Portland Cement Ltd,/stocks/anjani-portland-cement-ANCM,Cement,APCL,Smallcap,103.6200027,-1.00999999,1356477.25
DEN,Denis Chem Lab Ltd,/stocks/denis-chem-lab-DEN,Pharmaceuticals,DENISCHEM,Smallcap,77,4.550000191,1348228.25
AHM,Ahmedabad Steel Craft Ltd,/stocks/ahmedabad-steelcraft-AHM,Commodities Trading,AHMDSTE,Smallcap,210.8500061,4.980000019,1343628
KRO,ADC India Communications Ltd,/stocks/adc-india-communications-KRO,Communication & Networking,ADCINDIA,Smallcap,2307.050049,-1.830000043,1343479.625
DIVIN,Divine Hira Jewellers Ltd,/stocks/divine-hira-jewellers-DIVIN,"Precious Metals, Jewellery & Watches",DIVINEHIRA,Smallcap,120.5,0.419999987,1340820
CNTX,Century Extrusions Ltd,/stocks/century-extrusions-CNTX,Metals - Aluminium,CENTEXT,Smallcap,19.60000038,1.289999962,1337848.5
VEG,Wardwizard Foods and Beverages Ltd,/stocks/vegetable-products-VEG,Packaged Foods & Meats,WARDWIZFBL,Smallcap,9.850000381,3.470000029,1337637.25
ALSL,Almondz Global Securities Ltd,/stocks/almondz-global-securities-ALSL,Investment Banking & Brokerage,ALMONDZ,Smallcap,13.22999954,0.460000008,1335954.625
ALBD,Albert David Ltd,/stocks/albert-david-ALBD,Pharmaceuticals,ALBERTDAVD,Smallcap,719.5999756,0.600000024,1334047.75
DICI,DIC India Ltd,/stocks/dic-india-DICI,Specialty Chemicals,DICIND,Smallcap,521.0999756,0.189999998,1327330.25
ADMA,Admach Systems Ltd,/stocks/admach-systems-ADMA,Industrial Machinery,ADMACH,Smallcap,276,-2.819999933,1320384
OCTL,Oil Country Tubular Ltd,/stocks/oil-country-tubular-OCTL,Oil & Gas - Equipment & Services,OILCOUNTUB,Smallcap,59.54000092,3.170000076,1320016.375
TIMES,Times Green Energy (India) Ltd,/stocks/times-green-energy-india-TIMES,Agro Products,TIMESGREEN,Smallcap,68,8.520000458,1319800
NXTD,NDL Ventures Ltd,/stocks/nxtdigital-NXTD,Real Estate,NDLVENTURE,Smallcap,133.3699951,0.25,1315024.75
CINER,GTT Data Solutions Ltd,/stocks/cinerad-communications-CINER,Software Services,GTTDATA,Smallcap,39.99000168,1.159999967,1310462.625
UNISO,Unison Metals Ltd,/stocks/unison-metals-UNISO,Housewares,UNISON,Smallcap,0.75999999,4.110000134,1310277.75
ZENIH,Zenith Drugs Ltd,/stocks/zenith-drugs-ZENIH,Pharmaceuticals,ZENITHDRUG,Smallcap,51.15000153,0.589999974,1307904
UNPH,Uniphos Enterprises Ltd,/stocks/uniphos-enterprises-UNPH,Fertilizers & Agro Chemicals,UNIENTER,Smallcap,107.7099991,-1.559999943,1306779.125
BASP,Bannari Amman Spinning Mills Ltd,/stocks/bannari-amman-spinning-mills-BASP,Textiles,BASML,Smallcap,26.53000069,2.349999905,1303941.625
TARM,Tarmat Ltd,/stocks/tarmat-TARM,Construction & Engineering,TARMAT,Smallcap,49.09000015,-0.180000007,1302694.625
PVV,PVV Infra Ltd,/stocks/pvv-infra-PVV,Construction & Engineering,PVVINFRA,Smallcap,3.650000095,1.110000014,1295818.125
HOA,HOAC Foods India Ltd,/stocks/hoac-foods-india-HOA,FMCG - Foods,HOACFOODS,Smallcap,680.0499878,-2.349999905,1294875
SHIVS,Shivam Chemicals Ltd,/stocks/shivam-chemicals-SHIVS,Agricultural & Farm Machinery,SHIVAM,Smallcap,106.0500031,-2.170000076,1294560
VLE,VL E-Governance & IT Solutions Ltd,/stocks/vl-e-governance-and-it-solutions-VLE,IT Services & Consulting,VLEGOV,Smallcap,11.18000031,0.090000004,1294104
KRISI,Krishival Foods Ltd,/stocks/empyrean-cashews-KRISI,FMCG - Foods,KRISHIVAL,Smallcap,401.5,-0.589999974,1289344
WTRB,Waterbase Ltd,/stocks/waterbase-WTRB,Packaged Foods & Meats,WATERBASE,Smallcap,45.06000137,2.549999952,1286185.5
CHT,Chatterbox Technologies Ltd,/stocks/chatterbox-technologies-CHT,Advertising,CHTR,Smallcap,50.83000183,-4.989999771,1283688
RCHR,Ruchira Papers Ltd,/stocks/ruchira-papers-RCHR,Paper Products,RUCHIRA,Smallcap,110.2799988,-0.109999999,1283518.5
ROX,Supha Pharmachem Ltd,/stocks/roxy-exports-ROX,Specialty Chemicals,SUPHA,Smallcap,0.319999993,3.230000019,1279277.875
LAW,Addictive Learning Technology Ltd,/stocks/addictive-learning-technology-LAW,Education Services,ADDICTIVE,Smallcap,44.59999847,4.329999924,1276230
NHC,Nhc Foods Ltd,/stocks/nhc-foods-NHC,Packaged Foods & Meats,NHCFOODS,Smallcap,1.090000033,,1270778.625
GVKP,GVK Power & Infrastructure Ltd,/stocks/gvk-power-and-infrastructure-GVKP,Airports,GVKPIL,Smallcap,2.690000057,1.889999986,1268385
EMP,Empower India Ltd,/stocks/empower-india-EMP,Online Services,EMPOWER,Smallcap,2.230000019,-4.699999809,1264844.875
PRATK,Pratik Panels Ltd,/stocks/pratik-panels-PRATK,Commodities Trading,PRATIK,Smallcap,6.010000229,-1.309999943,1258074
BANN,Bannari Amman Sugars Ltd,/stocks/bannari-amman-sugars-BANN,Sugar,BANARISUG,Smallcap,3483.600098,-0.769999981,1255942.75
ABM,ABM Knowledgeware Ltd,/stocks/abm-knowledgeware-ABM,Software Services,ABMKNO,Smallcap,216.0200043,1.279999971,1255748.875
GEEK,Geekay Wires Ltd,/stocks/geekay-wires-GEEK,Iron & Steel,GEEKAYWIRE,Smallcap,25.34000015,1.200000048,1253511
NHI,Nila Infrastructures Ltd,/stocks/nila-infrastructures-NHI,Real Estate,NILAINFRA,Smallcap,7.789999962,2.099999905,1252832.5
SRSO,Silicon Rental Solutions Ltd,/stocks/silicon-rental-solutions-SRSO,IT Services & Consulting,SRSOLTD,Smallcap,91.91000366,4.980000019,1251360
WOMA,Womancart Ltd,/stocks/womancart-WOMA,Retail - Online,WOMANCART,Smallcap,107.1500015,-0.74000001,1248624
GLEG,GLEN Industries Ltd,/stocks/glen-industries-GLEG,Packaging,GLEN,Smallcap,69.19999695,-0.389999986,1248120
VIS,Gamco Ltd,/stocks/visco-trade-associates-VIS,Specialized Finance,GAMCO,Smallcap,50,0.02,1247334.625
SAMA,Samay Project Services Ltd,/stocks/samay-project-services-SAMA,Construction & Engineering,SAMAY,Smallcap,52.09999847,4.619999886,1245600
BARI,AVIO Smart Market Stack Ltd,/stocks/bartronics-india-BARI,Biotechnology,ASMS,Smallcap,7.130000114,-0.419999987,1245593.875
GTL,GTL Ltd,/stocks/gtl-GTL,Telecom Infrastructure,GTL,Smallcap,7.760000229,-0.50999999,1245223.25
TTF,Trident Texofab Ltd,/stocks/trident-texofab-TTF,Textiles,TTFL,Smallcap,34.18999863,-4.96999979,1243808.75
ALFA,Alfavision Overseas (India) Ltd,/stocks/alfavision-overseas-ALFA,Agro Products,ALFAVIO,Smallcap,9.520000458,4.960000038,1242519.5
CPE,Career Point Edutech Ltd,/stocks/career-point-edutech-CPE,Education Services,CPEDU,Smallcap,202.5899963,1.049999952,1239521.875
SSPW,S & S Power Switchgear Ltd,/stocks/s-and-s-power-switchgear-SSPW,Electrical Components & Equipments,S&SPOWER,Smallcap,354.6499939,-4.269999981,1237739.25
KAMO,Kamdhenu Ventures Ltd,/stocks/kamdhenu-ventures-KAMO,Commodity Chemicals,KAMOPAINTS,Smallcap,5.090000153,0.790000021,1236073.5
YASHT,Yashhtej Industries (India) Ltd,/stocks/yashhtej-industries-india-YASHT,Agro Products,YASHHTEJ,Smallcap,46.08000183,-4.989999771,1235520
CHEMK,Chemkart India Ltd,/stocks/chemkart-india-CHEMK,Specialty Chemicals,CHEMKART,Smallcap,164,2.119999886,1231776
AGO,Ashapuri Gold Ornament Ltd,/stocks/ashapuri-gold-ornament-AGO,"Precious Metals, Jewellery & Watches",AGOL,Smallcap,4.019999981,-0.99000001,1230353.75
MODU,Modulex Construction Technologies Ltd,/stocks/modulex-construction-technologies-MODU,Construction & Engineering,MODULEX,Smallcap,15.35000038,3.230000019,1228172.375
AMDM,AMD Industries Ltd,/stocks/amd-industries-AMDM,Packaging,AMDIND,Smallcap,47.47000122,3.289999962,1222107.875
EME,Emerald Finance Ltd,/stocks/emerald-leasing-finance-and-investment-co-EME,Consumer Finance,EMERALD,Smallcap,54.95000076,2.25,1220375
MODIN,Modi Naturals Ltd,/stocks/modi-naturals-MODIN,Agro Products,MODINATUR,Smallcap,431.6499939,-4.21999979,1212934.875
STELL,Stellant Securities (India) Ltd,/stocks/stellant-securities-india-STELL,Investment Banking & Brokerage,STELLANT,Smallcap,550.25,-0.860000014,1210223.25
GPPE,GP Petroleums Ltd,/stocks/gp-petroleums-GPPE,Commodity Chemicals,GULFPETRO,Smallcap,38.65999985,-1.879999995,1205149.625
SHEL,Shelter Pharma Ltd,/stocks/shelter-pharma-SHEL,Pharmaceuticals,SHELTER,Smallcap,28.86000061,-1.269999981,1204980
NEOCH,Neochem Bio Solutions Ltd,/stocks/neochem-bio-solutions-NEOCH,Specialty Chemicals,NEOCHEM,Smallcap,99,2.059999943,1197840
LYK,Lykis Ltd,/stocks/lykis-LYK,FMCG - Personal Products,LYKISLTD,Smallcap,43.95000076,-1.149999976,1197796.625
BPT,Blue Pearl Agriventures Ltd,/stocks/blue-pearl-texspin-BPT,Commodities Trading,BPAGRI,Smallcap,11.02000046,4.949999809,1197609.5
SUPRA,Supra Pacific Financial Services Ltd,/stocks/supra-pacific-management-consultancy-SUPRA,Specialized Finance,SUPRAPFSL,Smallcap,34.24000168,0.090000004,1194227.125
ICO,Icon Facilitators Ltd,/stocks/icon-facilitators-ICO,Business Support Services,ICON,Smallcap,78.98999786,3.390000105,1191528
ORI,Orient Tradelink Ltd,/stocks/orient-tradelink-ORI,Movies & TV Serials,ORIENTTR,Smallcap,6.789999962,-4.900000095,1189652.375
VIJ,Vijay Solvex Ltd,/stocks/vijay-solvex-VIJ,Agro Products,VIJSOLX,Smallcap,770.0499878,1.929999948,1187820.5
STPM,Star Paper Mills Ltd,/stocks/star-paper-mills-STPM,Paper Products,STARPAPER,Smallcap,139.4400024,-0.5,1181990.875
ASHAL,Ashapura Logistics Ltd,/stocks/ashapura-logistics-ASHAL,Logistics,ASHALOG,Smallcap,51.45000076,2.900000095,1175530
IFL,IFL Enterprises Ltd,/stocks/ifl-enterprises-IFL,Textiles,IFL,Smallcap,0.389999986,2.630000114,1172000.5
TRITN,Homre Ltd,/stocks/triton-corp-TRITN,IT Services & Consulting,HOM,Smallcap,2.099999905,1.940000057,1171678.75
EPW,EPW India Ltd,/stocks/epw-india-EPW,Electronic Equipments,EPWINDIA,Smallcap,244.0500031,4.989999771,1171440
SLO,Slone Infosystems Ltd,/stocks/slone-infosystems-SLO,Technology Hardware,SLONE,Smallcap,129.3000031,-2.529999971,1171160
NHIE,Nahar Industrial Enterprises Ltd,/stocks/nahar-industrial-enterprises-NHIE,Textiles,NAHARINDUS,Smallcap,119.3300018,1.200000048,1165582.625
UNID,United Drilling Tools Ltd,/stocks/united-drilling-tools-UNID,Oil & Gas - Equipment & Services,UNIDT,Smallcap,214.3000031,1.25,1161275.625
IMBS,Indbank Merchant Banking Services Ltd,/stocks/indbank-merchant-banking-services-IMBS,Investment Banking & Brokerage,INDBANK,Smallcap,33.47999954,0.870000005,1158779.125
GJL,Grover Jewells Ltd,/stocks/grover-jewells-GJL,"Precious Metals, Jewellery & Watches",GJL,Smallcap,177.8500061,-4.989999771,1153152
LYKA,Lyka Labs Ltd,/stocks/lyka-labs-LYKA,Pharmaceuticals,LYKALABS,Smallcap,71.41999817,-1.25999999,1153131.375
DELTI,Delta Autocorp Ltd,/stocks/delta-autocorp-DELTI,Two Wheelers,DELTIC,Smallcap,33,2.960000038,1151150
SAIC,Sai Capital Ltd,/stocks/sai-capital-SAIC,Investment Banking & Brokerage,SAICAPI,Smallcap,149,2.339999914,1150593.125
RAJPL,Rajapalayam Mills Ltd,/stocks/rajapalayam-mills-RAJPL,Textiles,RAJPALAYAM,Smallcap,820.9000244,-1.860000014,1149770.125
FID,Fidel Softech Ltd,/stocks/fidel-softech-FID,IT Services & Consulting,FIDEL,Smallcap,143.1999969,0.140000001,1147680
JAGAJ,Jagatjit Industries Ltd,/stocks/jagatjit-industries-JAGAJ,Alcoholic Beverages,JAGAJITIND,Smallcap,135.8000031,0.370000005,1147608.875
MHIC,Mahickra Chemicals Ltd,/stocks/mahickra-chemicals-MHIC,Specialty Chemicals,MAHICKRA,Smallcap,260,1.960000038,1146060
CHIR,Chiraharit Ltd,/stocks/chiraharit-CHIR,Construction & Engineering,CHIRAHARIT,Smallcap,8.5,0.239999995,1144440
SWAS,Swastika Investmart Ltd,/stocks/swastika-investmart-SWAS,Diversified Financials,SWASTIKA,Smallcap,64.5,-4.369999886,1143702.5
RAJA,Raja Bahadur International Ltd,/stocks/raja-bahadur-international-RAJA,Real Estate,RAJABAH,Smallcap,5492,1.700000048,1140186.25
UNISE,Unisem Agritech Ltd,/stocks/unisem-agritech-UNISE,Seeds,UNISEM,Smallcap,48,,1138800
VIRI,Virinchi Ltd,/stocks/virinchi-VIRI,Software Services,VIRINCHI,Smallcap,16.18000031,-2.410000086,1134395.75
WELCU,Welcure Drugs and Pharmaceuticals Ltd,/stocks/welcure-drugs-and-pharmaceuticals-WELCU,Pharmaceuticals,WELCURE,Smallcap,0.270000011,,1133010.625
SIMM,Simmonds Marshall Ltd,/stocks/simmonds-marshall-SIMM,Industrial Machinery,SIMMOND,Smallcap,177.1999969,4.300000191,1131937.25
MLL,Mangalam Alloys Ltd,/stocks/mangalam-alloys-MLL,Iron & Steel,MAL,Smallcap,36,-4.889999866,1131792
SHAW,Narmada Gelatines Ltd,/stocks/narmada-gelatines-SHAW,Specialty Chemicals,SHAWGELTIN,Smallcap,506,1.190000057,1129281.5
ACCP,Accretion Pharmaceuticals Ltd,/stocks/accretion-pharmaceuticals-ACCP,Pharmaceuticals,ACCPL,Smallcap,155.6499939,-3.920000076,1127304
SUD,IIRM Holdings India Ltd,/stocks/sudev-industries-SUD,Insurance,IIRM,Smallcap,132.25,-2.829999924,1123601.625
URB,Urban Enviro Waste Management Ltd,/stocks/urban-enviro-waste-management-URB,Water Management,URBAN,Smallcap,125.75,-2.220000029,1122528
INDIF,Indian Infotech and Software Ltd,/stocks/indian-infotech-and-software-INDIF,Consumer Finance,INDINFO,Smallcap,0.589999974,1.720000029,1120749.125
SIGM,Sigma Solve Ltd,/stocks/sigma-solve-SIGM,IT Services & Consulting,SIGMA,Smallcap,38.31000137,-0.230000004,1120598.625
BRIGT,Bright Outdoor Media Ltd,/stocks/bright-outdoor-media-BRIGT,Advertising,BRIGHT,Smallcap,373,0.189999998,1118430
GUJCO,Gujarat Cotex Ltd,/stocks/gujarat-cotex-GUJCO,Textiles,GUJCOTEX,Smallcap,3.480000019,-2.789999962,1118096.75
TAM,Tamboli Industries Ltd,/stocks/tamboli-capital-TAM,Industrial Machinery,TAMBOLIIN,Smallcap,223.3099976,-0.159999996,1117557.375
GLOBC,Globe Civil Projects Ltd,/stocks/globe-civil-projects-GLOBC,Construction & Engineering,GLOBECIVIL,Smallcap,42.15000153,-0.310000002,1117077
MAHW,Maheshwari Logistics Ltd,/stocks/maheshwari-logistics-MAHW,Logistics,MAHESHWARI,Smallcap,73.13999939,-0.029999999,1114153.625
TIG,Tiger Logistics (India) Ltd,/stocks/tiger-logistics-india-TIG,Logistics,TIGERLOGS,Smallcap,34.40999985,-0.379999995,1108125.25
ATI,Atishay Ltd,/stocks/atishay-ATI,Outsourced services,ATISHAY,Smallcap,201.6499939,0.219999999,1104193.25
TOWA,Shraddha Prime Projects Ltd,/stocks/towa-sokki-TOWA,Real Estate,SHRADDHA,Smallcap,152.8500061,-1.129999995,1103950.5
ANDC,Andhra Cements Ltd,/stocks/andhra-cements-ANDC,Cement,ACL,Smallcap,51.11000061,-1.769999981,1102170.25
PHA,Pharmaids Pharmaceuticals Ltd,/stocks/pharmaids-pharmaceuticals-PHA,Pharmaceuticals,PHARMAID,Smallcap,35,-3.339999914,1101814.375
DYPR,Dynemic Products Ltd,/stocks/dynemic-products-DYPR,Commodity Chemicals,DYNPRO,Smallcap,235.6000061,-0.920000017,1099179.25
HEALH,Healthy Life Agritec Ltd,/stocks/healthy-life-agritec-HEALH,Agro Products,HEALTHYLIFE,Smallcap,6.659999847,-2.059999943,1093680
INLC,RRP Electronics India Ltd,/stocks/indian-link-chain-manufacturers-INLC,Commodities Trading,INLCM,Smallcap,825,2.369999886,1091693
ARL,Anand Rayons Ltd,/stocks/anand-rayons-ARL,Textiles,ARL,Smallcap,50.5,-0.200000003,1091187.75
IVPL,IVP Ltd,/stocks/ivp-IVPL,Commodity Chemicals,IVP,Smallcap,161.6699982,-0.829999983,1089562.5
KAUS,Kaushalya Infrastructure Development Corporation Ltd,/stocks/kaushalya-infrastructure-development-corporation-KAUS,Construction & Engineering,KAUSHALYA,Smallcap,1006.849976,9.130000114,1088834.125
SYNT,Belding India Ltd,/stocks/synthiko-foils-SYNT,Packaging,BELDING,Smallcap,1436,-1.340000033,1085066.25
SHRKE,Shree Karni Fabcom Ltd,/stocks/shree-karni-fabcom-SHRKE,Textiles,SHREEKARNI,Smallcap,424,-0.699999988,1082653.5
HOCL,Hindustan Organic Chemicals Ltd,/stocks/hindustan-organic-chemicals-HOCL,Commodity Chemicals,HOCL,Smallcap,38.24000168,1.029999971,1079079.875
MGS,Matrix Geo Solutions Ltd,/stocks/matrix-geo-solutions-MGS,Specialized Finance,MGSL,Smallcap,59.25,1.279999971,1077840
DHYA,Dhyaani Tradeventtures Ltd,/stocks/dhyaani-tile-and-marblez-DHYA,Diversified Financials,DHYAANITR,Smallcap,5.5,1.100000024,1076040
NIY,Niyogin Fintech Ltd,/stocks/niyogin-fintech-NIY,Diversified Financials,NIYOGIN,Smallcap,43.41999817,2.190000057,1075836.875
CHAMU,Chamunda Electrical Ltd,/stocks/chamunda-electrical-CHAMU,Power Generation,CHAMUNDA,Smallcap,44,1.379999995,1072560
SPEB,SPEB Adhesives Ltd,/stocks/speb-adhesives-SPEB,Specialty Chemicals,SPEB,Smallcap,92,1.100000024,1066440
RAVK,Ravi Kumar Distilleries Ltd,/stocks/ravi-kumar-distilleries-RAVK,Alcoholic Beverages,RKDL,Smallcap,18.72999954,-0.850000024,1063419.375
MULT,Multibase India Ltd,/stocks/multibase-india-MULT,Specialty Chemicals,MULTIBASE,Smallcap,178.9499969,-0.560000002,1062900.125
YAJ,Yajur Fibres Ltd,/stocks/yajur-fibres-YAJ,Textiles,YAJUR,Smallcap,39.75,0.629999995,1060528
AME,Ameya Precision Engineers Ltd,/stocks/ameya-precision-engineers-AME,Industrial Machinery,AMEYA,Smallcap,116.5,4.019999981,1056330
METH,Methodhub Software Ltd,/stocks/methodhub-software-METH,Software Services,METHODHUB,Smallcap,83,1.820000052,1052982
EMAP,Emami Paper Mills Ltd,/stocks/emami-paper-mills-EMAP,Paper Products,EMAMIPAP,Smallcap,86.19000244,0.680000007,1052773.75
BRR,B-Right RealEstate Ltd,/stocks/b-right-realestate-BRR,Real Estate,BRRL,Smallcap,913,4.460000038,1047852
MASTR,Master Components Ltd,/stocks/master-components-MASTR,Plastic Products,MASTER,Smallcap,349.9500122,-2.819999933,1044990
FORB,Forbes & Company Ltd,/stocks/forbes-and-company-FORB,Conglomerates,FORBESCO,Smallcap,302.7000122,0.550000012,1038161.688
XELP,Xelpmoc Design and Tech Ltd,/stocks/xelpmoc-design-and-tech-XELP,IT Services & Consulting,XELPMOC,Smallcap,86.22000122,1.610000014,1037239.688
MADHA,Vaidya Sane Ayurved Laboratories Ltd,/stocks/vaidya-sane-ayurved-laboratories-MADHA,Labs & Life Sciences Services,MADHAVBAUG,Smallcap,182,-2.670000076,1030848
BSLL,BSL Ltd,/stocks/bsl-BSLL,Textiles,BSL,Smallcap,129.1900024,-2.890000105,1029656.25
TIL,Tilak Ventures Ltd,/stocks/tilak-ventures-TIL,Diversified Financials,TILAK,Smallcap,1.220000029,1.669999957,1029414
MAGSO,Magson Retail and Distribution Ltd,/stocks/magson-retail-and-distribution-MAGSO,FMCG - Foods,MAGSON,Smallcap,171.3999939,0.819999993,1026780
SAGL,Spice Lounge Food Works Ltd,/stocks/shalimar-agencies-SAGL,Outsourced services,SPICELOUNG,Smallcap,25.75,2.099999905,1021111
CANA,Canarys Automations Ltd,/stocks/canarys-automations-CANA,IT Services & Consulting,CANARYS,Smallcap,19.29999924,-0.519999981,1020240
OSIH,Osia Hyper Retail Ltd,/stocks/osia-hyper-retail-OSIH,Retail - Department Stores,OSIAHYPER,Smallcap,3.269999981,1.870000005,1019604.438
SIMR,Simran Farms Ltd,/stocks/simran-farms-SIMR,Packaged Foods & Meats,SIMRAN,Smallcap,155.8999939,-1.360000014,1019449.938
ESSE,Essex Marine Ltd,/stocks/essex-marine-ESSE,FMCG - Foods,ESSEX,Smallcap,42.49000168,-0.540000021,1019280
NBL,Naapbooks Ltd,/stocks/naapbooks-NBL,Software Services,NBL,Smallcap,147.5,2.430000067,1017000
KDK,Bharat Global Developers Ltd,/stocks/kkrrafton-developers-KDK,Retail - Speciality,BGDL,Smallcap,94.94999695,2.099999905,1014800.5
NAGT,Nagarjuna Agri Tech Ltd,/stocks/nagarjuna-agri-tech-NAGT,Agro Products,NAGTECH,Smallcap,43,3.690000057,1012261.938
FROG,Frog Innovations Ltd,/stocks/frog-cellsat-FROG,Electronic Equipments,FROG,Smallcap,167.9499969,,1011900
SONU,Sonu Infratech Ltd,/stocks/sonu-infratech-SONU,Construction & Engineering,SONUINFRA,Smallcap,45,-4.659999847,1011825
CHL,Chartered Logistics Ltd,/stocks/chartered-logistics-CHL,Logistics,CHLOGIST,Smallcap,6.679999828,8.270000458,1011786.625
NCL,NCL Research and Financial Services Ltd,/stocks/ncl-research-and-financial-services-NCL,Diversified Financials,NCLRESE,Smallcap,0.49000001,-2,1011747.375
JAYES,Jayesh Logistics Ltd,/stocks/jayesh-logistics-JAYES,Logistics,JAYESH,Smallcap,144.1999969,3,1009400
EXX,Exxaro Tiles Ltd,/stocks/exxaro-tiles-EXX,Building Products - Ceramics,EXXARO,Smallcap,6.699999809,0.600000024,1007328
PROO,Proventus Agrocom Ltd,/stocks/proventus-agrocom-PROO,Packaged Foods & Meats,PROV,Smallcap,1515,-3.809999943,1005600
ZSAR,Saraswati Commercial (India) Ltd,/stocks/saraswati-commercial-india-ZSAR,Specialized Finance,ZSARACOM,Smallcap,9837,1.679999948,1004030.875
SPRH,Super House Ltd,/stocks/super-house-SPRH,Footwear,SUPERHOUSE,Smallcap,152.75,-1.389999986,995498.625
ODYS,Odyssey Technologies Ltd,/stocks/odyssey-technologies-ODYS,Software Services,ODYSSEY,Smallcap,42.75999832,2.690000057,993664.8125
SUCR,Super Crop Safe Ltd,/stocks/super-crop-safe-SUCR,Commodity Chemicals,SUCROSA,Smallcap,10.93999958,2.049999952,992865.25
CENL,Cenlub Industries Ltd,/stocks/cenlub-industries-CENL,Industrial Machinery,CENLUB,Smallcap,224.9499969,-0.439999998,991207.8125
KRY,Krypton Industries Ltd,/stocks/krypton-industries-KRY,Tires & Rubber,KRYPTONQ,Smallcap,39.5,7.570000172,991062
SHW,Unifinz Capital India Ltd,/stocks/shree-worstex-SHW,Specialized Finance,UCIL,Smallcap,106,3.869999886,990512
BOMO,Bombay Oxygen Investments Ltd,/stocks/bombay-oxygen-investments-BOMO,Conglomerates,BOMOXY-B1,Smallcap,19000,-2.049999952,989853.8125
EFA,E Factor Experiences Ltd,/stocks/e-factor-experiences-EFA,Advertising,EFACTOR,Smallcap,180,1.039999962,989632
ALAK,Alankit Ltd,/stocks/alankit-ALAK,Investment Banking & Brokerage,ALANKIT,Smallcap,8.130000114,0.49000001,988204.125
ENCOM,Encompass Design India Ltd,/stocks/encompass-design-india-ENCOM,FMCG - Foods,ENCOMPAS,Smallcap,246.4499969,0.800000012,985160
GEUS,Genus Paper & Boards Ltd,/stocks/genus-paper-and-boards-GEUS,Paper Products,GENUSPAPER,Smallcap,11.84000015,-0.079999998,983646.875
GRAD,Gradiente Infotainment Ltd,/stocks/gradiente-infotainment-GRAD,Movies & TV Serials,GRADIENTE,Smallcap,3.109999895,4.710000038,981630.5
PLA,Plaza Wires Ltd,/stocks/plaza-wires-PLA,Industrial Machinery,PLAZACABLE,Smallcap,45.06000137,1.25999999,981602.8125
CRAV,Cravatex Ltd,/stocks/cravatex-CRAV,Commodities Trading,CRAVATEX,Smallcap,399,1.629999995,979751.5
RLIC,Reliance Home Finance Ltd,/stocks/reliance-home-finance-RLIC,Home Financing,RHFL,Smallcap,2.170000076,0.460000008,977279.0625
GUR,Gurunanak Agriculture India Ltd,/stocks/gurunanak-agriculture-india-GUR,Agricultural & Farm Machinery,GURUNANAK,Smallcap,40.75,4.889999866,975120
ASHW,Asian Hotels (West) Ltd,/stocks/asian-hotels-west-ASHW,"Hotels, Resorts & Cruise Lines",AHLWEST,Smallcap,590.2999878,1.269999981,971412.5
GOYA,Goyal Salt Ltd,/stocks/goyal-salt-GOYA,Commodity Chemicals,GOYALSALT,Smallcap,125,2.460000038,967980
KMSU,K M Sugar Mills Ltd,/stocks/k-m-sugar-mills-KMSU,Sugar,KMSUGAR,Smallcap,26.19000053,0.379999995,966156.8125
GOPA,HCP Plastene Bulkpack Ltd,/stocks/gopala-polyplast-GOPA,Packaging,HPBL,Smallcap,194.5,-3.470000029,965442.125
SRT,Shree Ram Twistex Ltd,/stocks/shree-ram-twistex-SRT,Textiles,SRTL,Smallcap,39.70000076,0.129999995,965138.375
HIMT,HIM Teknoforge Ltd,/stocks/him-teknoforge-HIMT,Auto Parts,HIMTEK,Smallcap,195,0.49000001,963386.8125
CHMF,Chemfab Alkalis Ltd,/stocks/chemfab-alkalis-CHMF,Commodity Chemicals,CHEMFAB,Smallcap,369.25,4.989999771,960439.6875
KALF,Kalyani Forge Ltd,/stocks/kalyani-forge-KALF,Iron & Steel,KALYANIFRG,Smallcap,615.7999878,2.619999886,959303.625
NAGD,Naga Dhunseri Group Ltd,/stocks/naga-dhunseri-group-NAGD,Investment Banking & Brokerage,NDGL,Smallcap,2621.5,-1.539999962,959237.5625
SWOE,Swojas Foods Ltd,/stocks/swojas-energy-foods-SWOE,Agro Products,SWOJAS,Smallcap,9.140000343,-1.080000043,959150.375
KPRO,Kothari Products Ltd,/stocks/kothari-products-KPRO,Commodities Trading,KOTHARIPRO,Smallcap,69.80000305,-0.699999988,958253.8125
POR,Porwal Auto Components Ltd,/stocks/porwal-auto-components-POR,Auto Parts,PORWAL,Smallcap,58.25,0.75999999,957942
OVO,Ovobel Foods Ltd,/stocks/ovobel-foods-OVO,Packaged Foods & Meats,OVOBELE,Smallcap,196,-2.099999905,957355.125
SOMC,Sonam Ltd,/stocks/sonam-clock-SOMC,"Precious Metals, Jewellery & Watches",SONAMLTD,Smallcap,53.66999817,-1.429999948,957333.625
VNSS,Vishwaraj Sugar Industries Ltd,/stocks/vishwaraj-sugar-industries-VNSS,Sugar,VISHWARAJ,Smallcap,5.369999886,0.370000005,956145.625
KACL,Kaiser Corporation Ltd,/stocks/kaiser-corporation-KACL,Packaging,KACL,Smallcap,5.980000019,4.909999847,955974.75
KRR,K&R Rail Engineering Ltd,/stocks/kandr-rail-engineering-KRR,Construction & Engineering,KRRAIL,Smallcap,28,2.150000095,954353.875
NECT,Nectar Lifesciences Ltd,/stocks/nectar-life-sciences-NECT,Pharmaceuticals,NECLIFE,Smallcap,11.75,-1.25999999,953286.625
TRIM,Novelix Pharmaceuticals Ltd,/stocks/trimurthi-TRIM,Pharmaceuticals,NOVELIX,Smallcap,77.97000122,-0.800000012,951944.75
ABV,Arunjyoti Bio Ventures Ltd,/stocks/arunjyoti-bio-ventures-ABV,Commodities Trading,ABVL,Smallcap,5.550000191,0.730000019,948091.1875
SGF,Suyog Gurbaxani Funicular Ropeways Ltd,/stocks/suyog-gurbaxani-funicular-ropeways-SGF,Construction & Engineering,SGFRL,Smallcap,97.5,0.409999996,947017.5
NIKH,Nikhil Adhesives Ltd,/stocks/nikhil-adhesives-NIKH,Commodity Chemicals,NIKHILAD,Smallcap,76.91999817,0.100000001,944844.75
KAP,Kapil Raj Finance Ltd,/stocks/kapil-raj-finance-KAP,Specialized Finance,KAPILRAJ,Smallcap,1.639999986,-4.650000095,944676.0625
ULT,Ultracab (India) Ltd,/stocks/ultracab-india-ULT,Cables,ULTRACAB,Smallcap,7.360000134,-0.409999996,943256.8125
COO,Cool Caps Industries Ltd,/stocks/cool-caps-industries-COO,Plastic Products,COOLCAPS,Smallcap,23.70000076,0.209999993,940400
CHAT,Chatha Foods Ltd,/stocks/chatha-foods-CHAT,Packaged Foods & Meats,CHATHA,Smallcap,91,2.25,939700
KOT,Kothari Industrial Corp Ltd,/stocks/kothari-industrial-corporation-KOT,Fertilizers & Agro Chemicals,KOTIC,Smallcap,156.1699982,-0.340000004,939073.1875
SPU,Spunweb Nonwoven Ltd,/stocks/spunweb-nonwoven-SPU,Building Products - Others,SPUNWEB,Smallcap,112.1999969,3.309999943,938028
GARN,Garnet International Ltd,/stocks/garnet-international-GARN,Textiles,GARNETINT,Smallcap,60.59999847,-3.789999962,936705.125
PARTY,Party Cruisers Ltd,/stocks/party-cruisers-PARTY,"Hotels, Resorts & Cruise Lines",PARTYCRUS,Smallcap,88.94999695,5.019999981,935700
ESF,Essen Speciality Films Ltd,/stocks/essen-speciality-films-ESF,Plastic Products,ESFL,Smallcap,118.25,-1.460000038,932580
OIV,Onesource Industries and Ventures Ltd,/stocks/onesource-ideas-venture-OIV,Investment Banking & Brokerage,OIVL,Smallcap,5.590000153,1.450000048,929963.5625
KING,Kings Infra Ventures Ltd,/stocks/kings-infra-ventures-KING,Real Estate,KINGSINFR,Smallcap,122.1500015,0.25,929380.3125
MOKS,Moksh Ornaments Ltd,/stocks/moksh-ornaments-MOKS,"Precious Metals, Jewellery & Watches",MOKSH,Smallcap,11.89999962,1.360000014,928768.125
SMF,Smiths & Founders (India) Ltd,/stocks/smiths-and-founders-india-SMF,Iron & Steel,SMFIL,Smallcap,9.56000042,-1.950000048,927224.375
MTL,Mehul Telecom Ltd,/stocks/mehul-telecom-MTL,Retail - Speciality,MTL,Smallcap,87.75,-0.280000001,923616
MUSI,Music Broadcast Ltd,/stocks/music-broadcast-MUSI,Radio,RADIOCITY,Smallcap,6.070000172,-1.139999986,922555.625
FME,F Mec International Financial Services Ltd,/stocks/f-mec-international-financial-services-FME,Consumer Finance,FMEC,Smallcap,11.5,2.130000114,920781
JULL,Jullundur Motor Agency (Delhi) Ltd,/stocks/jullundur-motor-agency-delhi-JULL,Auto Parts,JMA,Smallcap,89.88999939,2.930000067,920541.4375
ORNT,Orient Ceratech Ltd,/stocks/orient-abrasives-ORNT,Metals - Diversified,ORIENTCER,Smallcap,40.40000153,-0.879999995,919652.75
SHTE,Shiva Texyarn Ltd,/stocks/shiva-texyarn-SHTE,Textiles,SHIVATEX,Smallcap,148.9700012,1.99000001,919163.6875
YAA,Yaap Digital Ltd,/stocks/yaap-digital-YAA,Advertising,YAAP,Smallcap,183.3999939,-0.330000013,918200
SADHA,Sadhav Shipping Ltd,/stocks/sadhav-shipping-SADHA,Business Support Services,SADHAV,Smallcap,117.9000015,2.210000038,915408
CUD,CASHurDRIVE Marketing Ltd,/stocks/cash-ur-drive-marketing-CUD,Advertising,CUDML,Smallcap,185.8999939,3.220000029,913100
SRIVA,Srivasavi Adhesive Tapes Ltd,/stocks/srivasavi-adhesive-tapes-SRIVA,Specialty Chemicals,SRIVASAVI,Smallcap,75.55000305,-0.850000024,913080
SHIVC,Shiva Cement Ltd,/stocks/shiva-cement-SHIVC,Cement,SHIVACEM,Smallcap,17.44000053,-0.800000012,911083.5
MAD,Madhav Infra Projects Ltd,/stocks/madhav-infra-projects-MAD,Construction & Engineering,MADHAVIPL,Smallcap,8.470000267,-0.939999998,910664.5
VIRA,Virat Industries Ltd,/stocks/virat-industries-VIRA,Apparel & Accessories,VIRAT,Smallcap,375.2999878,-2.519999981,903507.5625
SREE,Sreeleathers Ltd,/stocks/sreeleathers-SREE,Footwear,SREEL,Smallcap,214.2799988,2.200000048,899012.0625
SBE,SBEC Sugar Ltd,/stocks/sbec-sugar-SBE,Sugar,SBECSUG,Smallcap,68.52999878,4.989999771,897482.5
SSI,Dolphin Kitchen Utensils and Appliances Ltd,/stocks/sai-swami-metals-and-alloys-SSI,Commodities Trading,DKUAL,Smallcap,9.180000305,-0.109999999,894740
MON,Moneyboxx Finance Ltd,/stocks/moneyboxx-finance-MON,Diversified Financials,MONEYBOXX,Smallcap,63.36999893,-1.49000001,893712.625
KIA,Kiaasa Retail Ltd,/stocks/kiaasa-retail-KIA,Retail - Apparel,KIAASA,Smallcap,34.72000122,9.93999958,892580
PHOG,Phoenix Overseas Ltd,/stocks/phoenix-overseas-PHOG,Agro Products,PHOGLOBAL,Smallcap,17.39999962,-5.429999828,891280
EURN,Euro India Fresh Foods Ltd,/stocks/euro-india-fresh-foods-EURN,FMCG - Foods,EIFFL,Smallcap,327,-0.920000017,891195.5
LAKSH,Lakshya Powertech Ltd,/stocks/lakshya-powertech-LAKSH,Construction & Engineering,LAKSHYA,Smallcap,112,4.139999866,890560
BALX,Balaxi Pharmaceuticals Ltd,/stocks/balaxi-pharmaceuticals-BALX,Health Care Equipment & Supplies,BALAXI,Smallcap,23.67000008,-1.909999967,889539.875
BALA,Shree Tirupati Balajee Agro Trading Company Ltd,/stocks/shree-tirupati-balajee-agro-trading-co-BALA,Agro Products,BALAJEE,Smallcap,29.61000061,1.159999967,883780.3125
PILI,Pil Italica Lifestyle Ltd,/stocks/pil-italica-lifestyle-PILI,Home Furnishing,PILITA,Smallcap,9.109999657,-1.830000043,883034.875
BIOP,BIOPOL CHEMICALS LIMITED,/stocks/biopol-chemicals-BIOP,Specialty Chemicals,BIOPOL,Smallcap,91,-1.779999971,880032
TRAV,Travels & Rentals Ltd,/stocks/travels-and-rentals-TRAV,Tour & Travel Services,TRAVELS,Smallcap,8.909999847,-3.150000095,878130
MARUS,Marushika Technology Ltd,/stocks/marushika-technology-MARUS,Communication & Networking,MARUSHIKA,Smallcap,93.40000153,-1.679999948,874560
HRY,Hariyana Ship Breakers Ltd,/stocks/hariyana-ship-breakers-HRY,Commodities Trading,HRYNSHP,Smallcap,101.5,4.320000172,874513.5
ENSE,Enser Communications Ltd,/stocks/enser-communications-ENSE,IT Services & Consulting,ENSER,Smallcap,14.69999981,0.680000007,874200
IGSL,Inventure Growth & Securities Ltd,/stocks/inventure-growth-and-securities-IGSL,Investment Banking & Brokerage,INVENTURE,Smallcap,0.930000007,-1.059999943,865677.5
LGBL,LGB Forge Ltd,/stocks/lgb-forge-LGBL,Auto Parts,LGBFORGE,Smallcap,5.820000172,4.860000134,864654.125
ARIS,Arihant Superstructures Ltd,/stocks/arihant-superstructures-ARIS,Real Estate,ARIHANTSUP,Smallcap,258.7999878,-0.899999976,864613.5
SUPG,Supreme Engineering Ltd,/stocks/supreme-engineering-SUPG,Iron & Steel,SUPREMEENG,Smallcap,1.480000019,1.370000005,862885.875
AAKA,Aakash Exploration Services Ltd,/stocks/aakash-exploration-services-AAKA,Oil & Gas - Equipment & Services,AAKASH,Smallcap,8.960000038,-0.779999971,862259.1875
LKEL,Lakshmi Electrical Control Systems Ltd,/stocks/lakshmi-electrical-control-systems-LKEL,Electrical Components & Equipments,LAKSELEC,Smallcap,799.2999878,0.920000017,859291.1875
SIKK,Sikko Industries Ltd,/stocks/sikko-industries-SIKK,Fertilizers & Agro Chemicals,SIKKO,Smallcap,3.769999981,-0.529999971,858438.0625
READ,Readymix Construction Machinery Ltd,/stocks/readymix-construction-machinery-READ,Construction & Engineering,READYMIX,Smallcap,95.65000153,0.680000007,854550
LANC,Lancor Holdings Ltd,/stocks/lancor-holdings-LANC,Real Estate,LANCORHOL,Smallcap,24.79000092,-0.639999986,852673.625
RJS,R J Shah and Company Ltd,/stocks/r-j-shah-and-company-RJS,Construction & Engineering,RJSHAH,Smallcap,484,4.230000019,847000
EXCE,Excel Realty N Infra Ltd,/stocks/excel-realty-n-infra-EXCE,Business Support Services,LANDSMILL,Smallcap,0.819999993,,844636.875
AMRAP,Amrapali Industries Ltd,/stocks/amrapali-industries-AMRAP,Commodities Trading,AMRAPLIN,Smallcap,27.69000053,-4.980000019,843313
MIT,Mitsu Chem Plast Ltd,/stocks/mitsu-chem-plast-MIT,Commodity Chemicals,MITSU,Smallcap,148,1.720000029,842110.8125
PROP,P.E. Analytics Ltd,/stocks/pe-analytics-PROP,Real Estate,PROPEQUITY,Smallcap,234,-5.260000229,839520
OMFU,Omfurn India Ltd,/stocks/omfurn-india-OMFU,Home Furnishing,OMFURN,Smallcap,53.75,-3.24000001,839124
JEN,Jenburkt Pharmaceuticals Ltd,/stocks/jenburkt-pharmaceuticals-JEN,Pharmaceuticals,JENBURPH,Smallcap,1116,-0.800000012,839084.8125
SAKE,Sakuma Exports Ltd,/stocks/sakuma-exports-SAKE,Commodities Trading,SAKUMA,Smallcap,1.799999952,0.560000002,838073.8125
NITR,Nitiraj Engineers Ltd,/stocks/nitiraj-engineers-NITR,Electronic Equipments,NITIRAJ,Smallcap,186.9299927,0.180000007,837014.3125
SILI,Sil Investments Ltd,/stocks/sil-investments-SILI,Diversified Financials,SILINV,Smallcap,419.8999939,-0.620000005,836337.3125
PORR,Voith Paper Fabrics India Ltd,/stocks/voith-paper-fabrics-india-PORR,Textiles,VOITHPAPR,Smallcap,1472.599976,-0.180000007,835817.6875
BAKN,Banka BioLoo Ltd,/stocks/banka-bioloo-BAKN,Business Support Services,BANKA,Smallcap,92.22000122,-2.609999895,834504
SYSC,Syschem (India) Ltd,/stocks/syschem-india-SYSC,Pharmaceuticals,SYSCHEM,Smallcap,40.40999985,-1.409999967,834198.75
VALP,Valplast Technologies Ltd,/stocks/valplast-technologies-VALP,Construction & Engineering,VALPLAST,Smallcap,42,1.789999962,828000
CRES,Cressanda Railway Solutions Ltd,/stocks/cressanda-solutions-CRES,IT Services & Consulting,CRSL,Smallcap,2.420000076,1.25999999,821839.1875
INDAG,Indag Rubber Ltd,/stocks/indag-rubber-INDAG,Auto Parts,INDAG,Smallcap,109,-0.910000026,821036.4375
STOV,Stovec Industries Ltd,/stocks/stovec-industries-STOV,Industrial Machinery,STOVACQ,Smallcap,1709.949951,0.209999993,818639.75
ASSC,Asahi Songwon Colors Ltd,/stocks/asahi-songwon-colors-lucky-laminates-ASSC,Specialty Chemicals,ASAHISONG,Smallcap,253.0500031,-0.039999999,815193.375
SAH,Sahyadri Industries Ltd,/stocks/sahyadri-industries-SAH,Building Products - Others,SAHYADRI,Smallcap,278.8500061,0.090000004,810040
CRSV,Crest Ventures Ltd,/stocks/crest-ventures-CRSV,Asset Management,CREST,Smallcap,382.3500061,-0.090000004,808080.625
JETKI,Jetking Infotrain Ltd,/stocks/jetking-infotrain-JETKI,Education Services,JETKINGQ,Smallcap,102.8499985,1.879999995,805519.5
TREL,Transindia Real Estate Ltd,/stocks/transindia-real-estate-TREL,Logistics,TREL,Smallcap,26.60000038,-0.600000024,803971.25
SST,Safa Systems & Technologies Ltd,/stocks/safa-systems-and-technologies-SST,Telecom Services,SSTL,Smallcap,22,10,802800
MAC,Mac Hotels Ltd,/stocks/mac-hotels-MAC,"Hotels, Resorts & Cruise Lines",MACH,Smallcap,85,-13.75,800730
DEEPA,Deepak Chemtex Ltd,/stocks/deepak-chemtex-DEEPA,Specialty Chemicals,DEEPAKCHEM,Smallcap,79.98999786,3.880000114,799032
TNVE,Investment Trust of India Ltd,/stocks/investment-trust-of-india-TNVE,Investment Banking & Brokerage,THEINVEST,Smallcap,98.69000244,-1.370000005,798400.625
MOD,Modern Engineering and Projects Ltd,/stocks/modern-converters-MOD,Agro Products,MEAPL,Smallcap,29.5,-0.769999981,797624.6875
ISH,Ishan Dyes and Chemicals Ltd,/stocks/ishan-dyes-and-chemicals-ISH,Commodity Chemicals,ISHANCH,Smallcap,57.38000107,2.140000105,796759.5625
ORTN,Ortin Global Ltd,/stocks/ortin-laboratories-ORTN,Pharmaceuticals,ORTINGLOBE,Smallcap,16.23999977,-2.230000019,795346.9375
ACT,Active Clothing Co Ltd,/stocks/active-clothing-co-ACT,Textiles,ACTIVE,Smallcap,122.9499969,5.360000134,794765.1875
SURB,Surbhi Industries Ltd,/stocks/surbhi-industries-SURB,Textiles,SURBHIN,Smallcap,82.79000092,2.720000029,793729.875
GUJIN,Gujarat Intrux Ltd,/stocks/gujarat-intrux-GUJIN,Iron & Steel,GUJINTRX,Smallcap,447,0.449999988,790942.6875
NOVAA,Nova Agritech Ltd,/stocks/nova-agritech-NOVAA,Fertilizers & Agro Chemicals,NOVAAGRI,Smallcap,25.85000038,3.769999981,790856.875
TRL,Taylormade Renewables Ltd,/stocks/taylormade-renewables-TRL,Renewable Energy Equipment & Services,TRL,Smallcap,88.36000061,2.640000105,787596.625
SCM,Sharp Chucks and Machines Ltd,/stocks/sharp-chucks-and-machines-SCM,Industrial Machinery,SCML,Smallcap,78.59999847,0.829999983,787400
RFI,Rajnandini Fashion India Ltd,/stocks/rajnandini-fashion-india-RFI,Apparel & Accessories,RFIL,Smallcap,39,-0.610000014,784400
PARME,Parmeshwar Metal Ltd,/stocks/parmeshwar-metal-PARME,Metals - Copper,PARMESHWAR,Smallcap,195,-1.960000038,783480
VAS,Vas Infrastructure Ltd,/stocks/vas-infrastructure-VAS,Real Estate,VASINFRA,Smallcap,9.81000042,3.700000048,778415
BLB,BLB Ltd,/stocks/blb-BLB,Investment Banking & Brokerage,BLBLIMITED,Smallcap,16.70000076,-1.529999971,774469.75
NNL,Accretion Nutraveda Ltd,/stocks/accretion-nutraveda-NNL,Pharmaceuticals,ANL,Smallcap,254,-0.550000012,774000
LAL,Lorenzini Apparels Ltd,/stocks/lorenzini-apparels-LAL,Apparel & Accessories,LAL,Smallcap,9.130000114,1.779999971,773325.8125
LAMB,Lambodhara Textiles Ltd,/stocks/lambodhara-textiles-LAMB,Textiles,LAMBODHARA,Smallcap,113.2600021,-2.440000057,770839.1875
ELL,Vaxfab Enterprises Ltd,/stocks/ellora-trading-ELL,Textiles,VEL,Smallcap,60.88000107,-1.230000019,767399.1875
DPSC,India Power Corporation Ltd,/stocks/india-power-corporation-DPSC,Power Generation,DPSCLTD,Smallcap,7.510000229,,765829.25
ZMI,Milgrey Finance and Investments Ltd,/stocks/milgrey-finance-and-investments-ZMI,Investment Banking & Brokerage,ZMILGFIN,Smallcap,45.13000107,0.620000005,765240.8125
TYC,Tyche Industries Ltd,/stocks/tyche-industries-TYC,Pharmaceuticals,TYCHE,Smallcap,127.8000031,1.50999999,763599
SAVY,Savy Infra and Logistics Ltd,/stocks/savy-infra-and-logistics-SAVY,Construction & Engineering,SAVY,Smallcap,126,1.570000052,760860
SYSTE,Systematic Industries Ltd,/stocks/systematic-industries-SYSTE,Cables,SYSTEMATIC,Smallcap,180,,760704
PIF,Grand Oak Canyons Distillery Ltd,/stocks/pacheli-industrial-finance-PIF,Consumer Finance,GRANDOAK,Smallcap,48.00999832,4.989999771,760272.3125
SIDDI,Siddhika Coatings Ltd,/stocks/siddhika-coatings-SIDDI,Construction & Engineering,SIDDHIKA,Smallcap,220,,759815
MEH,Mehai Technology Ltd,/stocks/mehai-technology-MEH,Electrical Components & Equipments,MEHAI,Smallcap,1.210000038,1.679999948,759299.75
HINDT,Hindustan Tin Works Ltd,/stocks/hindustan-tin-works-HINDT,Packaging,HINDTIN,Smallcap,106,0.620000005,756783.75
INDX,IEL Ltd,/stocks/iel-INDX,Commodities Trading,INDXTRA,Smallcap,7,-0.280000001,755653.9375
AHLA,Ahlada Engineers Ltd,/stocks/ahlada-engineers-AHLA,Home Furnishing,AHLADA,Smallcap,38.68999863,-0.050000001,754192.0625
PAJ,Pajson Agro India Ltd,/stocks/pajson-agro-india-PAJ,FMCG - Foods,PAJSON,Smallcap,177.1000061,-1.610000014,753480
TBI,TBI Corn Ltd,/stocks/tbi-corn-TBI,Agro Products,TBI,Smallcap,65.34999847,-2.019999981,753312
PANKA,Pankaj Polymers Ltd,/stocks/pankaj-polymers-PANKA,Packaging,PANKAJPO,Smallcap,66.84999847,1.75,752470.9375
GLH,Global Longlife Hospital and Research Ltd,/stocks/global-longlife-hospital-and-research-GLH,Hospitals & Diagnostic Centres,GLHRL,Smallcap,11.18999958,-2.00999999,751410
OASI,Oasis Securities Ltd,/stocks/oasis-securities-OASI,Diversified Financials,OASISEC,Smallcap,12.27999973,4.960000038,747933.1875
SW,SW Investments Ltd,/stocks/sw-investments-SW,Consumer Finance,SW1,Smallcap,127.5500031,4.980000019,747698.125
KEYN,Keynote Financial Services Ltd,/stocks/keynote-financial-services-KEYN,Investment Banking & Brokerage,KEYFINSERV,Smallcap,276.8299866,5.800000191,747295.4375
BON,Bonlon Industries Ltd,/stocks/bonlon-industries-BON,Cables,BONLON,Smallcap,42.91999817,3.119999886,746339.875
SAST,Health X Platform Ltd,/stocks/sastasundar-ventures-SAST,Health Care Equipment & Supplies,HEALTHX,Smallcap,312.25,-0.829999983,744613.1875
INDOL,Indobell Insulations Ltd,/stocks/indobell-insulations-INDOL,Building Products - Others,INDOBELL,Smallcap,58.33000183,4.989999771,743580
HILT,Hilton Metal Forging Ltd,/stocks/hilton-metal-forging-HILT,Industrial Machinery,HILTON,Smallcap,22.54999924,0.400000006,743180.125
AIRA,Airan Ltd,/stocks/airan-AIRA,IT Services & Consulting,AIRAN,Smallcap,16.29999924,0.930000007,743167.9375
TGI,TGIF Agribusiness Ltd,/stocks/tgif-agribusiness-TGI,Agro Products,TGIF,Smallcap,98,-7.550000191,743040
ROS,Rose Merc Ltd,/stocks/rose-merc-ROS,Commodities Trading,ROSEMER,Smallcap,65.80000305,2.809999943,741074.1875
LATT,Latteys Industries Ltd,/stocks/latteys-industries-LATT,Industrial Machinery,LATTEYS,Smallcap,20.88999939,-0.519999981,739752.125
INDCE,India Cements Capital Ltd,/stocks/india-cements-capital-INDCE,Tour & Travel Services,INDCEMCAP,Smallcap,18.37000084,1.049999952,738208.5625
SSD,Saraswati Saree Depot Ltd,/stocks/saraswati-saree-depot-SSD,Retail - Apparel,SSDL,Smallcap,56.5,1.159999967,738126.9375
ALL,All e Technologies Ltd,/stocks/all-e-technologies-ALL,IT Services & Consulting,ALLETEC,Smallcap,140.5,-1.580000043,737828
SAMTE,Samtel India Ltd,/stocks/samtel-india-SAMTE,Employment Services,SAMTELIN,Smallcap,56.38999939,-2,736848.125
GOD,Godavari Drugs Ltd,/stocks/godavari-drugs-GOD,Pharmaceuticals,GODAVARI,Smallcap,124,2.480000019,732419.75
SMART,Smarten Power Systems Ltd,/stocks/smarten-power-systems-SMART,Renewable Energy Equipment & Services,SMARTEN,Smallcap,59.59999847,-1.409999967,727200
ANANT,Anantam Highways Trust,/stocks/anantam-highways-trust-ANANT,Roads,ANANTAM,Smallcap,105,0.870000005,725168.625
HFI,Himalaya Food International Ltd,/stocks/himalaya-food-international-HFI,Packaged Foods & Meats,HFIL,Smallcap,9.079999924,3.180000067,724316.75
TAN,Tanvi Foods (India) Ltd,/stocks/tanvi-foods-india-TAN,Packaged Foods & Meats,TANVI,Smallcap,60.02999878,-3.670000076,723600
TTL,T T Ltd,/stocks/t-t-TTL,Textiles,TTL,Smallcap,6.639999866,-1.190000057,722052.3125
COMFI,Comfort Intech Ltd,/stocks/comfort-intech-COMFI,Consumer Finance,COMFINTE,Smallcap,5.840000153,-0.680000007,721283.9375
VIL,Vilin Bio Med Ltd,/stocks/vilin-bio-med-VIL,Pharmaceuticals,VILINBIO,Smallcap,47.59999847,4.730000019,720960
PHAN,Phantom Digital Effects Ltd,/stocks/phantom-digital-effects-PHAN,Animation,PHANTOMFX,Smallcap,172.75,1.409999967,716520
INM,Interiors & More Ltd,/stocks/interiors-and-more-INM,Plastic Products,INM,Smallcap,167,-4.570000172,715554
NIMBS,Nimbus Projects Ltd,/stocks/nimbus-projects-NIMBS,Real Estate,NIMBSPROJ,Smallcap,202.8699951,-0.50999999,713001.4375
FACO,Facor Alloys Ltd,/stocks/facor-alloys-FACO,Iron & Steel,FACORALL,Smallcap,3.400000095,-4.760000229,711813.125
DEEP,Deepak Spinners Ltd,/stocks/deepak-spinners-DEEP,Textiles,DEEPAKSP,Smallcap,135,4.449999809,711756.75
SHB,Shri Bajrang Alliance Ltd,/stocks/shri-bajrang-alliance-SHB,Iron & Steel,SHBAJRG,Smallcap,190.5299988,-1.480000019,711524.375
NATB,Nath Bio-Genes (I) Ltd,/stocks/nath-bio-genes-i-NATB,Agro Products,NATHBIOGEN,Smallcap,167.1100006,1.360000014,710903.5
UTKA,Utkal Speciality Industries India Ltd,/stocks/utkal-speciality-industries-india-UTKA,Paper Products,UTKAL,Smallcap,32.25,-9.920000076,709500
RADN,Rajnandini Metal Ltd,/stocks/rajnandini-metal-RADN,Metals - Diversified,RAJMET,Smallcap,3.680000067,-1.080000043,709282.625
KINF,K2 Infragen Ltd,/stocks/k2-infragen-KINF,Construction & Engineering,K2INFRA,Smallcap,63.5,0.239999995,708624
VSL,Viram Suvarn Ltd,/stocks/veeram-securities-VSL,"Precious Metals, Jewellery & Watches",VSL,Smallcap,10.69999981,0.939999998,708212.4375
NELH,Satchmo Holdings Ltd,/stocks/nel-holdings-NELH,Restaurants & Cafes,SATCH,Smallcap,4.929999828,-1.99000001,707058.125
JAS,Jasch Industries Ltd,/stocks/jasch-industries-JAS,Textiles,JASCH,Smallcap,267,,704256
DIGS,Digispice Technologies Ltd,/stocks/digispice-technologies-DIGS,Telecom Equipments,DIGISPICE,Smallcap,20.32999992,-0.050000001,703598
NIRAJ,Niraj Cement Structurals Ltd,/stocks/niraj-cement-structurals-NIRAJ,Construction & Engineering,NIRAJ,Smallcap,29.93000031,-1.120000005,701694.5625
AAR,Aartech Solonics Ltd,/stocks/aartech-solonics-AAR,Electrical Components & Equipments,AARTECH,Smallcap,47.90000153,-0.600000024,701543.375
VAND,Atvo Enterprises Ltd,/stocks/vandana-knitwear-VAND,Apparel & Accessories,ATVOENT,Smallcap,32,-1.809999943,700421.0625
SANI,Sanmit Infra Ltd,/stocks/sanmit-infra-SANI,Real Estate,SANINFRA,Smallcap,52.31999969,-0.150000006,699787.25
BCP,BCPL Railway Infrastructure Ltd,/stocks/bcpl-railway-infrastructure-BCP,Construction & Engineering,BCPL,Smallcap,73,0.75999999,699390.875
PROS,Equippp Social Impact Technologies Ltd,/stocks/proseed-india-PROS,IT Services & Consulting,EQUIPPP,Smallcap,21.5,,697305.3125
RAJ,Rajnish Wellness Ltd,/stocks/rajnish-wellness-RAJ,FMCG - Personal Products,RAJNISH,Smallcap,0.439999998,2.329999924,695326.8125
FINK,Finkurve Financial Services Ltd,/stocks/finkurve-financial-services-FINK,Consumer Finance,FINKURVE,Smallcap,65.73999786,0.629999995,695007.75
RISH,Rishi Laser Ltd,/stocks/rishi-laser-RISH,Industrial Machinery & Supplies & Components,RISHILASE,Smallcap,125.9499969,-0.079999998,694709.4375
MODA,Modern Dairies Ltd,/stocks/modern-dairies-MODA,FMCG - Foods,MODAIRY,Smallcap,35.61000061,0.589999974,693543.1875
MODIA,Lords Chloro Alkali Ltd,/stocks/lords-chloro-alkali-MODIA,Commodity Chemicals,LORDSCHLO,Smallcap,134.6100006,0.140000001,691451.3125
AJA,Ajanta Soya Ltd,/stocks/ajanta-soya-AJA,Agro Products,AJANTSOY,Smallcap,22.22999954,1.460000038,687676.375
RIB,Riba Textiles Ltd,/stocks/riba-textiles-RIB,Textiles,RIBATEX,Smallcap,84.69999695,-1.710000038,686530.5
BHRN,Bharat Road Network Ltd,/stocks/bharat-road-network-BHRN,Roads,BRNL,Smallcap,18.28000069,-0.219999999,686166
SHT,Shining Tools Ltd,/stocks/shining-tools-SHT,Industrial Machinery,SHTL,Smallcap,93.09999847,0.519999981,685008
EMMI,Emami Realty Ltd,/stocks/emami-realty-EMMI,Real Estate,EMAMIREAL,Smallcap,84.37999725,-0.670000017,684656.25
SHUL,Shubhlaxmi Jewel Art Ltd,/stocks/shubhlaxmi-jewel-art-SHUL,"Precious Metals, Jewellery & Watches",SHUBHLAXMI,Smallcap,26.25,2.140000105,680940
GALLA,Gallard Steel Ltd,/stocks/gallard-steel-GALLA,Industrial Machinery,GALLARD,Smallcap,171,-3.660000086,680920
ACCO,Accord Synergy Ltd,/stocks/accord-synergy-ACCO,Telecom Services,ACCORD,Smallcap,169.8999939,4.96999979,679600
CAP,CAPTAIN PIPES Ltd,/stocks/captain-pipes-CAP,Building Products - Others,CAPPIPES,Smallcap,9.600000381,0.310000002,679331.0625
HME,H. M. Electro Mech Ltd,/stocks/hm-electro-mech-HME,Construction & Engineering,HMEML,Smallcap,52.81000137,-4.980000019,678528
ARC,ARC Finance Ltd,/stocks/a-r-c-finance-ARC,Investment Banking & Brokerage,ARCFIN,Smallcap,0.540000021,1.889999986,678120.5625
EMPI,Empire Industries Ltd,/stocks/empire-industries-EMPI,Packaging,EMPIND,Smallcap,1034.300049,2.75,677320.8125
GTPH,GTPL Hathway Ltd,/stocks/gtpl-hathway-GTPH,Cable & D2H,GTPL,Smallcap,61.15000153,0.159999996,677315.8125
MARUT,Maruti Interior Products Ltd,/stocks/maruti-interior-products-MARUT,Cables,SPITZE,Smallcap,60.00999832,-3.980000019,677270
JST,Jeevan Scientific Technology Ltd,/stocks/jeevan-scientific-technology-JST,Labs & Life Sciences Services,JSTL,Smallcap,78.34999847,-5.03000021,675052.5
WEIP,Western India Plywoods Ltd,/stocks/western-india-plywoods-WEIP,Wood Products,WIPL,Smallcap,176.0099945,-0.589999974,674502.625
FABC,Fabtech Cleanrooms Ltd,/stocks/fabtech-technologies-cleanrooms-FABC,Construction & Engineering,FABCLEAN,Smallcap,425,0.469999999,672800
VDE,Vdeal System Ltd,/stocks/vdeal-system-VDE,Electrical Components & Equipments,VDEAL,Smallcap,160,-2.440000057,672000
SREEJ,Sparkle Gold Rock Ltd,/stocks/sree-jayalakshmi-autospin-SREEJ,Mining - Diversified,SPARKLEGR,Smallcap,70.40000153,0.730000019,671675.9375
VINTR,Reganto Enterprises Ltd,/stocks/vintron-informatics-VINTR,Electronic Equipments,REGANTO,Smallcap,6.179999828,0.159999996,670254.1875
DHI,D & H India Ltd,/stocks/d-and-h-india-DHI,Industrial Machinery,DHINDIA,Smallcap,253,-3.859999895,667811.5625
KRIT,Kriti Nutrients Ltd,/stocks/kriti-nutrients-KRIT,Agro Products,KRITINUT,Smallcap,83.37999725,-0.25999999,667507.625
GLOBO,Global Ocean Logistics India Ltd,/stocks/global-ocean-logistics-india-GLOBO,Logistics,GLOBALLOG,Smallcap,140,-2.440000057,666144
WESTE,Ecoboard Industries Ltd,/stocks/ecoboard-industries-WESTE,Building Products - Laminates,ECOBOAR,Smallcap,58,3.680000067,665328
MIR,Harshil Agrotech Ltd,/stocks/mirch-technologies-india-MIR,Agro Products,HARSHILAGR,Smallcap,0.319999993,,665230.5625
GARG,Garg Furnace Ltd,/stocks/garg-furnace-GARG,Iron & Steel,GARGFUR,Smallcap,114.5,-0.430000007,664283.3125
EBIW,Delphi World Money Ltd,/stocks/ebixcash-world-money-india-EBIW,Consumer Finance,DELPHIFX,Smallcap,8.140000343,0.370000005,663902.375
CGV,CG VAK Software and Exports Ltd,/stocks/cg-vak-software-and-exports-CGV,Software Services,CGVAK,Smallcap,163.1999969,4.579999924,663523.0625
BCCL,Bhatia Colour Chem Ltd,/stocks/bhatia-colour-chem-BCCL,Specialty Chemicals,BCCL,Smallcap,43.99000168,1.730000019,663480
TIRUS,Tirupati Starch & Chemicals Ltd,/stocks/tirupati-starch-and-chemicals-TIRUS,Commodity Chemicals,TIRUSTA,Smallcap,134,11.34000015,660797.125
KHAI,Khaitan (India) Ltd,/stocks/khaitan-india-KHAI,Sugar,KHAITANLTD,Smallcap,134,1.129999995,658716
CHET,Chetana Education Ltd,/stocks/chetana-education-CHET,Education Services,CHETANA,Smallcap,46,-1.080000043,658368
BARO,Baroda Extrusion Ltd,/stocks/baroda-extrusion-BARO,Industrial Machinery,BAROEXT,Smallcap,8.699999809,1.639999986,657272.6875
ALFR,Alfred Herbert (India) Ltd,/stocks/alfred-herbert-india-ALFR,Industrial Machinery,ALFREDHE,Smallcap,2800,-2.269999981,657211.4375
ABAN,Aban Offshore Ltd,/stocks/aban-offshore-ABAN,Oil & Gas - Equipment & Services,ABAN,Smallcap,15.23999977,4.960000038,654070.3125
PARV,Parsvnath Developers Ltd,/stocks/parsvnath-developers-PARV,Real Estate,PARSVNATH,Smallcap,2.559999943,-1.919999957,653588.5
SOMA,Soma Textiles & Industries Ltd,/stocks/soma-textiles-and-industries-SOMA,Textiles,SOMATEX,Smallcap,90.58000183,-1.019999981,653046.375
GOLDG,Golden Legand Leasing and Finance Ltd,/stocks/golden-legand-leasing-and-finance-GOLDG,Specialized Finance,GOLDLEG,Smallcap,8.159999847,-8.520000458,652380.9375
MEDIO,Medicamen Organics Ltd,/stocks/medicamen-organics-MEDIO,Pharmaceuticals,MEDIORG,Smallcap,25.04999924,0.200000003,651300
RAGHU,Raghuvir Synthetics Ltd,/stocks/raghuvir-synthetics-RAGHU,Textiles,RAGHUSYN,Smallcap,99,-0.949999988,651200.875
KVS,KVS Castings Ltd,/stocks/kvs-castings-KVS,Auto Parts,KVSCASTING,Smallcap,65.80000305,5.75,651000
PRAA,Prakash Steelage Ltd,/stocks/prakash-steelage-PRAA,Building Products - Pipes,PRAKASHSTL,Smallcap,4.320000172,3.099999905,650927.3125
BTM,Bodhi Tree Multimedia Ltd,/stocks/bodhi-tree-multimedia-BTM,Movies & TV Serials,BTML,Smallcap,6.03000021,-0.330000013,649216.875
IPH,Indian Phosphate Ltd,/stocks/indian-phosphate-IPH,Commodity Chemicals,IPHL,Smallcap,54.04999924,-1.730000019,647880
TPLI,Tokyo Plast International Ltd,/stocks/tokyo-plast-international-TPLI,Housewares,TOKYOPLAST,Smallcap,89.08000183,4.159999847,640477.1875
SUAN,Surani Steel Tubes Ltd,/stocks/surani-steel-tubes-SUAN,Building Products - Pipes,SURANI,Smallcap,99.34999847,-1.580000043,640266
KCLI,Kcl Infra Projects Ltd,/stocks/kcl-infra-projects-KCLI,Construction & Engineering,KCLINFRA,Smallcap,1.360000014,9.680000305,639941.25
INE,Asgard Alcobev Ltd,/stocks/inertia-steel-INE,Alcoholic Beverages,ASGARD,Smallcap,33.5,0.689999998,639019.9375
KRITI,Kriti Industries (India) Limited,/stocks/kriti-industries-india-KRITI,Building Products - Pipes,KRITI,Smallcap,71.05999756,1.429999948,637361.25
MBLI,MBL Infrastructure Ltd,/stocks/mbl-infrastructures-MBLI,Construction & Engineering,MBLINFRA,Smallcap,26.72999954,-2.089999914,636620.75
SNE,Snehaa Organics Ltd,/stocks/snehaa-organics-SNE,Specialty Chemicals,SNEHAA,Smallcap,48.90000153,4.940000057,635440
MMW,Media Matrix Worldwide Ltd,/stocks/media-matrix-worldwide-MMW,Advertising,MMWL,Smallcap,13.43999958,-0.74000001,634663.375
CALC,Calcom Vision Ltd,/stocks/calcom-vision-CALC,Electrical Components & Equipments,CALCOM,Smallcap,77.98000336,-2.480000019,634518.375
SWANA,New Swan Multitech Ltd,/stocks/new-swan-multitech-SWANA,Agricultural & Farm Machinery,SWANAGRO,Smallcap,43.09999847,-8.300000191,633220
KRTK,Kritika Wires Ltd,/stocks/kritika-wires-KRTK,Iron & Steel,KRITIKA,Smallcap,5.809999943,-1.360000014,632935.5625
ADIE,Trustedge Capital Ltd,/stocks/adinath-exim-resources-ADIE,Specialized Finance,TRUSTEDGE,Smallcap,147,3.630000114,626763.1875
RCA,Rajeshwari Cans Ltd,/stocks/rajeshwari-cans-RCA,Packaging,RCAN,Smallcap,18.70999908,3.369999886,626400
DCMSI,DCM Shriram International Ltd,/stocks/dcm-shriram-international-DCMSI,Conglomerates,DCMSIL,Smallcap,70,-1.49000001,625753.1875
MGNM,Magnum Ventures Ltd,/stocks/magnum-ventures-MGNM,Paper Products,MAGNUM,Smallcap,19.67000008,3.359999895,625561.5625
WORP,Worth Peripherals Ltd,/stocks/worth-peripherals-WORP,Packaging,WORTHPERI,Smallcap,135.5200043,-1.029999971,624704
SBV,Shri Balaji Valve Components Ltd,/stocks/shri-balaji-valve-components-SBV,Industrial Machinery,SBVCL,Smallcap,101.5,-1.25999999,622620
AJOO,Ajooni Biotech Ltd,/stocks/ajooni-biotech-AJOO,Pharmaceuticals,AJOONI,Smallcap,3.809999943,0.25999999,622489.25
OMNI,Omnitex Industries (India) Ltd,/stocks/omnitex-industries-india-OMNI,Commodities Trading,OMNITEX,Smallcap,779,-0.389999986,620705.625
EMMIL,Energy-Mission Machineries (India) Ltd,/stocks/energy-mission-machineries-india-EMMIL,Industrial Machinery,EMMIL,Smallcap,144.6999969,-6.010000229,620245
MUL,Mauria Udyog Ltd,/stocks/mauria-udyog-MUL,Gas Distribution,MUL,Smallcap,8.800000191,-2.220000029,619730.4375
MAAC,Maha Rashtra Apex Corporation Ltd,/stocks/maha-rashtra-apex-corporation-MAAC,Consumer Finance,MAHAPEXLTD,Smallcap,45.65999985,0.709999979,619721.875
SUMP,Sundaram Multi Pap Ltd,/stocks/sundaram-multi-pap-SUMP,Paper Products,SUNDARAM,Smallcap,1.309999943,,616934
FIB,Fiberweb (India) Ltd,/stocks/fiberweb-india-FIB,Textiles,FIBERWEB,Smallcap,31.11000061,1.899999976,613884.125
SKS,SKP Bearing Industries Ltd,/stocks/skp-bearing-industries-SKS,Industrial Machinery,SKP,Smallcap,152.1999969,-4.130000114,613680
APR,Aprameya Engineering Ltd,/stocks/aprameya-engineering-APR,Health Care Equipment & Supplies,APRAMEYA,Smallcap,153.3999939,0.430000007,612640
JAM,James Warren Tea Ltd,/stocks/james-warren-tea-JAM,Agro Products,JAMESWARREN,Smallcap,269.9500122,5.139999866,611826.8125
GYAT,Gayatri Highways Ltd,/stocks/gayatri-highways-GYAT,Construction & Engineering,GAYAHWS,Smallcap,2.029999971,2.529999971,611403.5
SBG,Suratwwala Business Group Ltd,/stocks/suratwwala-business-group-SBG,Real Estate,SBGLP,Smallcap,25.23999977,-0.239999995,610448
CARP,CP Capital Ltd,/stocks/career-point-CARP,Education Services,CPCAP,Smallcap,106.5599976,-2.660000086,610427.875
VANDA,Vandan Foods Ltd,/stocks/vandan-foods-VANDA,Agro Products,VANDAN,Smallcap,23.01000023,,608856
INNL,Indo National Ltd,/stocks/indo-national-INNL,Batteries,NIPPOBATRY,Smallcap,355.1000061,1.970000029,608408.5
BHARR,BharatRohan Airborne Innovations Ltd,/stocks/bharatrohan-airborne-innovations-BHARR,Agricultural & Farm Machinery,BHARATROHAN,Smallcap,127,1.24000001,606432
AARN,Aaron Industries Ltd,/stocks/aaron-industries-AARN,Heavy Electrical Equipments,AARON,Smallcap,118.6399994,0.910000026,605576
SHAN,Shangar Decor Ltd,/stocks/shangar-decor-SHAN,Home Furnishing,SHANGAR,Smallcap,0.230000004,,605067.5625
MKPR,M K Proteins Ltd,/stocks/m-k-proteins-MKPR,FMCG - Household Products,MKPL,Smallcap,4.820000172,0.629999995,604155.75
MCO,Mcon Rasayan India Ltd,/stocks/mcon-rasayan-india-MCO,Building Products - Others,MCON,Smallcap,42.20000076,-2.539999962,603960
PADA,Padam Cotton Yarns Ltd,/stocks/padam-cotton-yarns-PADA,Textiles,PADAMCO,Smallcap,0.959999979,1.049999952,602729.375
SHDH,Shradha Realty Ltd,/stocks/shradha-infraprojects-SHDH,Real Estate,SHRADHA,Smallcap,33.5,-0.860000014,602148
ROD,Rodium Realty Ltd,/stocks/rodium-realty-ROD,Real Estate,RODIUM,Smallcap,166,9.930000305,601632.5625
MUNI,Munish Forge Ltd,/stocks/munish-forge-MUNI,Auto Parts,MUNISH,Smallcap,70,-1.200000048,600348
ATCY,Atlas Cycles (Haryana) Ltd,/stocks/atlas-cycles-haryana-ATCY,Cycles,ATLASCYCLE,Smallcap,98.33000183,1.580000043,598031.5
BFI,3B Films Ltd,/stocks/3b-films-BFI,Plastic Products,3BFILMS,Smallcap,16.51000023,-3.789999962,595080
GRCL,Gayatri Rubbers and Chemicals Ltd,/stocks/gayatri-rubbers-and-chemicals-GRCL,Tires & Rubber,GRCL,Smallcap,595.0499878,2,595050
WINSL,Winsol Engineers Ltd,/stocks/winsol-engineers-WINSL,Construction & Engineering,WINSOL,Smallcap,123.3499985,-0.039999999,591360
SUBAH,Suba Hotels Ltd,/stocks/suba-hotels-SUBAH,"Hotels, Resorts & Cruise Lines",SUBAHOTELS,Smallcap,121.8000031,0.079999998,590304
INDC,Inducto Steels Ltd,/stocks/inducto-steel-INDC,Metals - Diversified,INDCTST,Smallcap,62.66999817,5.329999924,585414.875
ROSS,Rossell India Ltd,/stocks/rossell-india-ROSS,Tea & Coffee,ROSSELLIND,Smallcap,57.34000015,-2.099999905,585295
INAN,Inani Marbles and Industries Ltd,/stocks/inani-marbles-and-industries-INAN,Building Products - Granite,INANI,Smallcap,10.85000038,-5.239999771,585187.1875
SEAL,Sealmatic India Ltd,/stocks/sealmatic-india-SEAL,Cables,SEALMATIC,Smallcap,359.9500122,-0.460000008,580089.625
MADH,JOJO Ltd,/stocks/madhuveer-com-18-network-MADH,Movies & TV Serials,JOJO,Smallcap,216,3.279999971,579029.375
TOTA,Total Transport Systems Ltd,/stocks/total-transport-systems-TOTA,Logistics,TOTAL,Smallcap,53.22000122,0.970000029,578341.75
GBLO,GB Logistics Commerce Ltd,/stocks/gb-logistics-commerce-GBLO,Logistics,GBLOGISTIC,Smallcap,30,-1.960000038,577344
DIGC,Digicontent Ltd,/stocks/digicontent-DIGC,Online Services,DGCONTENT,Smallcap,26.01000023,0.039999999,576679.5
ALSA,Alacrity Securities Ltd,/stocks/alacrity-securities-ALSA,Investment Banking & Brokerage,ALSL,Smallcap,68.44999695,1.080000043,576628
DUCO,Ducon Infratechnologies Ltd,/stocks/ducon-infratechnologies-DUCO,IT Services & Consulting,DUCON,Smallcap,3.230000019,1.570000052,575285.1875
CORA,Coral Laboratories Ltd,/stocks/coral-laboratories-CORA,Pharmaceuticals,CORALAB,Smallcap,609.75,0.939999998,574626.125
GRAV,Gravity (India) Ltd,/stocks/gravity-india-GRAV,Textiles,GRAVITY,Smallcap,11.80000019,0.850000024,573203.375
ELC,Elcid Investments Ltd,/stocks/elcid-investments-ELC,Equity,ELCIDIN,Smallcap,114550,0.5,572520
TREJ,Trejhara Solutions Ltd,/stocks/trejhara-solutions-TREJ,IT Services & Consulting,TREJHARA,Smallcap,143.1000061,-0.579999983,570855.8125
ENB,Enbee Trade and Finance Ltd,/stocks/enbee-trade-and-finance-ENB,Specialized Finance,ENBETRD,Smallcap,0.310000002,6.900000095,563295.125
ITFL,Indian Terrain Fashions Ltd,/stocks/indian-terrain-fashions-ITFL,Apparel & Accessories,INDTERRAIN,Smallcap,33.27999878,1.25,561934.375
SAV,Savera Industries Ltd,/stocks/savera-industries-SAV,"Hotels, Resorts & Cruise Lines",SAVERA,Smallcap,160.1000061,0.059999999,561063.375
ASC,Ascensive Educare Ltd,/stocks/ascensive-educare-ASC,Education Services,ASCENSIVE,Smallcap,19.48999977,2.039999962,559200
BALK,Balkrishna Paper Mills Ltd,/stocks/balkrishna-paper-mills-BALK,Paper Products,BALKRISHNA,Smallcap,18.59000015,0.699999988,559058.1875
8KMS,Securekloud Technologies Ltd,/stocks/8k-miles-software-services-8KMS,Software Services,SECURKLOUD,Smallcap,18.52000046,-2.680000067,557431.4375
MURD,Murudeshwar Ceramics Ltd,/stocks/murudeshwar-ceramics-MURD,Building Products - Ceramics,MURUDCERA,Smallcap,31.86000061,-0.340000004,556635.6875
PAV,Pavna Industries Ltd,/stocks/pavna-industries-PAV,Auto Parts,PAVNAIND,Smallcap,17.79000092,1.480000019,556143.1875
NEPH,Nephro Care India Ltd,/stocks/nephro-care-india-NEPH,Hospitals & Diagnostic Centres,NEPHROCARE,Smallcap,67.55000305,-1.529999971,555840
NATC,Natural Capsules Ltd,/stocks/natural-capsules-NATC,Pharmaceuticals,NATCAPSUQ,Smallcap,152.4499969,-0.579999983,555353.6875
SEM,Sunrise Efficient Marketing Ltd,/stocks/sunrise-efficient-marketing-SEM,Business Support Services,SEML,Smallcap,50.54000092,-5,554407.5
CORO,Coromandel Engineering Company Ltd,/stocks/coromandel-engineering-company-CORO,Construction & Engineering,COROENGG,Smallcap,59,-1.570000052,553047.0625
ASHE,Asian Hotels (East) Ltd,/stocks/asian-hotels-east-ASHE,"Hotels, Resorts & Cruise Lines",AHLEAST,Smallcap,144.5800018,-0.209999993,552792.875
AHL,Abans Financial Services Ltd,/stocks/abans-holdings-AHL,Asset Management,AFSL,Smallcap,201.0700073,-0.039999999,552632.5
CEIT,Cerebra Integrated Technologies Ltd,/stocks/cerebra-integrated-technologies-CEIT,Technology Hardware,CEREBRAINT,Smallcap,3.140000105,1.950000048,550438.75
DURO,Duroply Industries Ltd,/stocks/duroply-industries-DURO,Paper Products,DUROPLY,Smallcap,119.9499969,-3.420000076,548602.875
AMARJ,Amarjothi Spinning Mills Ltd,/stocks/amarjothi-spinning-mills-AMARJ,Textiles,AMARJOTHI,Smallcap,160.3999939,,545231.3125
DHUS,Dhunseri Investments Ltd,/stocks/dhunseri-investments-DHUS,Asset Management,DHUNINV,Smallcap,887.7999878,1.629999995,545205.875
AMJL,AMJ Land Holdings Ltd,/stocks/amj-land-holdings-AMJL,Real Estate,AMJLAND,Smallcap,38.56999969,3.069999933,544711.3125
TRU,Trust Fintech Ltd,/stocks/trust-fintech-TRU,Software Services,TRUST,Smallcap,30.29999924,-3.039999962,544500
ODI,ODigMa Consultancy Solutions Ltd,/stocks/odigma-consultancy-solutions-ODI,Advertising,ODIGMA,Smallcap,25.15999985,-0.439999998,542901.6875
MALR,Marvel Decor Ltd,/stocks/marvel-decor-MALR,Home Furnishing,MDL,Smallcap,77.15000153,-1.220000029,542780
MALPA,Malpani Pipes and Fittings Ltd,/stocks/malpani-pipes-and-fittings-MALPA,Building Products - Others,MALPANI,Smallcap,67.98999786,-2.769999981,541200
SPP,SPP Polymer Ltd,/stocks/spp-polymer-SPP,Packaging,SPPPOLY,Smallcap,13.5,3.049999952,540000
VEDA,Vedant Asset Ltd,/stocks/vedant-asset-VEDA,Specialized Finance,VEDANTASSET,Smallcap,89.98000336,4.989999771,539880
PRAX,Praxis Home Retail Ltd,/stocks/praxis-home-retail-PRAX,Home Furnishing,PRAXIS,Smallcap,7.949999809,-2.569999933,539345.8125
ITL,ITL Industries Ltd,/stocks/itl-industries-ITL,Industrial Machinery,ITL,Smallcap,268,1.840000033,539083.5625
MAX,Maximus International Ltd,/stocks/maximus-international-MAX,Commodities Trading,MAXIMUS,Smallcap,13.14999962,3.539999962,538798.875
MONIK,Monika Alcobev Ltd,/stocks/monika-alcobev-MONIK,Alcoholic Beverages,MONIKA,Smallcap,223,0.02,536400
SWI,Switching Technologies Gunther Ltd,/stocks/switching-technologies-gunther-SWI,Electrical Components & Equipments,SWITCHTE,Smallcap,123.9499969,5,536201.8125
KHO,Khoobsurat Ltd,/stocks/khoobsurat-KHO,Investment Banking & Brokerage,KHOOBSURAT,Smallcap,0.529999971,,535901.625
SABO,Saboo Sodium Chloro Ltd,/stocks/saboo-sodium-chloro-SABO,Packaged Foods & Meats,SABOOSOD,Smallcap,13.14999962,-2.950000048,535242.125
CHEM,Chembond Material Technologies Ltd,/stocks/chembond-chemicals-CHEM,Specialty Chemicals,CHEMBOND,Smallcap,183.5,-0.790000021,535033.4375
SAHAS,Sahaj Solar Ltd,/stocks/sahaj-solar-SAHAS,Renewable Energy Equipment & Services,SAHAJSOLAR,Smallcap,132.5500031,-1.299999952,534600
INTLC,International Combustion (India) Ltd,/stocks/international-combustion-india-INTLC,Industrial Machinery,INTLCOMBQ,Smallcap,512.9500122,1.549999952,533734.5625
WAA,WAA Solar Ltd,/stocks/waa-solar-WAA,Renewable Energy,WAA,Smallcap,51,-1.899999976,532688
CARGO,Cargosol Logistics Ltd,/stocks/cargosol-logistics-CARGO,Logistics,CARGOSOL,Smallcap,20.29999924,9.729999542,532560
AUST,Austere Systems Ltd,/stocks/austere-systems-AUST,Software Services,AUSTERE,Smallcap,43,-1.149999976,532200
MFML,Mahalaxmi Fabric Mills Ltd,/stocks/mahalaxmi-fabric-mills-MFML,Textiles,MFML,Smallcap,20.29000092,1.860000014,531579.375
NAG,Nagpur Power and Industries Ltd,/stocks/nagpur-power-and-industries-NAG,Mining - Manganese,NAGPI,Smallcap,146,-3.309999943,530659.75
ALFAT,Alfa Transformers Ltd,/stocks/alfa-transformers-ALFAT,Heavy Electrical Equipments,ALFATRAN,Smallcap,41.68999863,-2,530622.5
VEEK,Veekayem Fashion & Apparels Ltd,/stocks/veekayem-fashion-and-apparels-VEEK,Textiles,VEEKAYEM,Smallcap,130,-4.940000057,529360
RTS,Rts Power Corporation Ltd,/stocks/rts-power-corporation-RTS,Heavy Electrical Equipments,RTSPOWR,Smallcap,105,-0.709999979,528624.8125
FORG,Forge Auto International Ltd,/stocks/forge-auto-international-FORG,Auto Parts,FORGEAUTO,Smallcap,88.05000305,,528360
AROG,Aro Granite Industries Ltd,/stocks/aro-granite-industries-AROG,Building Products - Granite,AROGRANITE,Smallcap,25.52000046,-0.230000004,527183.6875
RAJG,Rajasthan Securities Ltd,/stocks/rajasthan-gases-RAJG,Gas Distribution,RAJSEC,Smallcap,52.70000076,,526536.625
VJT,VJTF Eduservices Ltd,/stocks/vjtf-eduservices-VJT,Education Services,VJTFEDU,Smallcap,69.58999634,15.78999996,525616.5
VATX,Vaxtex Cotfab Ltd,/stocks/vaxtex-cotfab-VATX,Textiles,VCL,Smallcap,1.320000052,3.940000057,524253.5938
FIF,Fractal Industries Ltd,/stocks/fractal-industries-FIF,Conglomerates,FIL,Smallcap,214,-1.919999957,522000
NPL,National Peroxide Ltd,/stocks/national-peroxide-NPL,Specialty Chemicals,NPL,Smallcap,586.0499878,-1.139999986,521866.4375
CEL,Cella Space Ltd,/stocks/cella-space-CEL,Logistics,CELLA,Smallcap,17.45999908,-4.429999828,521340.875
SHREO,Shree Osfm E-Mobility Ltd,/stocks/shree-osfm-e-mobility-SHREO,Tour & Travel Services,SHREEOSFM,Smallcap,58.54999924,6.449999809,521280
CHANN,Candour Techtex Ltd,/stocks/chandni-textiles-engineering-industries-CHANN,Textiles,CANDOUR,Smallcap,81.87999725,4.989999771,519701.5938
VIVO,Vivo Bio Tech Ltd,/stocks/vivo-bio-tech-VIVO,Biotechnology,VIVOBIOT,Smallcap,23.54999924,0.209999993,517926.1875
SHYC,Shyam Century Ferrous Ltd,/stocks/shyam-century-ferrous-SHYC,Iron & Steel,SHYAMCENT,Smallcap,5.71999979,-3.210000038,516798.5
IBR,Azad India Mobility Ltd,/stocks/indian-bright-steel-company-IBR,Commodities Trading,AZADIND,Smallcap,100.0299988,1.25999999,516102.5313
PMC,Pmc Fincorp Ltd,/stocks/pmc-fincorp-PMC,Diversified Financials,PMCFIN,Smallcap,1.820000052,0.550000012,515782.5313
SNL,SNL Bearings Ltd,/stocks/snl-bearings-SNL,Industrial Machinery,SNL,Smallcap,382.9500122,-1.5,514397.0625
RRE,RDB Real Estate Constructions Ltd,/stocks/rdb-real-estate-construction-RRE,Real Estate,RRECL,Smallcap,169.9499969,3.380000114,514320.8125
PANCH,Panchmahal Steel Ltd,/stocks/panchmahal-steel-PANCH,Iron & Steel,PANCHMAHQ,Smallcap,290,-5.480000019,513224.8125
MEDIC,Medi-Caps Ltd,/stocks/medi-caps-MEDIC,Pharmaceuticals,MEDICAPQ,Smallcap,26.04999924,-6.860000134,512912.4063
ASTON,Astonea Labs Ltd,/stocks/astonea-labs-ASTON,Pharmaceuticals,ASTONEALAB,Smallcap,256.1000061,,512200
SIL,Julien Agro Infratech Ltd,/stocks/silverpoint-infratech-SIL,Agro Products,JULIEN,Smallcap,1.389999986,1.460000038,511333.75
BRAC,Brace Port Logistics Ltd,/stocks/brace-port-logistics-BRAC,Logistics,BRACEPORT,Smallcap,55.79999924,1.450000048,511008
NAVB,Navkar Urbanstructure Ltd,/stocks/navkar-builders-NAVB,Construction & Engineering,NAVKARURB,Smallcap,0.980000019,-2,510889.5
SYNO,Synoptics Technologies Ltd,/stocks/synoptics-technologies-SYNO,IT Services & Consulting,SYNOPTICS,Smallcap,72,4.650000095,510408
RAMAV,Rama Vision Ltd,/stocks/rama-vision-RAMAV,FMCG - Personal Products,RAMAVISION,Smallcap,135,-1.820000052,510341.4063
AMN,Amines and Plasticizers Ltd,/stocks/amines-and-plasticizers-AMN,Commodity Chemicals,AMNPLST,Smallcap,193.3099976,0.810000002,509231.0625
PRJE,Prajay Engineers Syndicate Ltd,/stocks/prajay-engineers-syndicate-PRJE,Construction & Engineering,PRAENG,Smallcap,20.01000023,1.519999981,509163.9063
FCSS,FCS Software Solutions Ltd,/stocks/fcs-software-solutions-FCSS,Software Services,FCSSOFT,Smallcap,1.5,-1.320000052,507757.5
HINDU,Hindustan Agrigentics Ltd,/stocks/hindustan-agrigenetics-HINDU,Seeds,HINDUST,Smallcap,42,-0.449999988,507145.5938
HISR,Hisar Metal Industries Ltd,/stocks/hisar-metal-industries-HISR,Building Products - Pipes,HISARMETAL,Smallcap,154.1699982,-0.600000024,505631.5
DHR,Dhruv Consultancy Services Ltd,/stocks/dhruv-consultancy-services-DHR,Construction & Engineering,DHRUV,Smallcap,26,-4.170000076,505487.4063
BENG,Bengal & Assam Company Ltd,/stocks/bengal-and-assam-company-BENG,Specialized Finance,BENGALASM,Smallcap,6349.5,0.769999981,505285.5938
SKYI,Sky Industries Ltd,/stocks/sky-industries-SKYI,Textiles,SKYIND,Smallcap,94.80000305,6.78000021,503934.75
SADE,Sadbhav Engineering Ltd,/stocks/sadbhav-engineering-SADE,Construction & Engineering,SADBHAV,Smallcap,8.960000038,-1.429999948,503820
LIO,Liotech Industries Ltd,/stocks/liotech-industries-LIO,Building Products - Others,LIOTECH,Smallcap,179.6000061,-5,502880
RJSG,Rajshree Sugars & Chemicals Ltd,/stocks/rajshree-sugars-and-chemicals-RJSG,Sugar,RAJSREESUG,Smallcap,31.28000069,0.479999989,501617.5
STARI,Star Imaging and Path Lab Ltd,/stocks/star-imaging-and-path-lab-STARI,Hospitals & Diagnostic Centres,STARIMAGIN,Smallcap,100.5,0.5,501400
SONAL,Sonalis Consumer Products Ltd,/stocks/sonalis-consumer-products-SONAL,FMCG - Foods,SONALIS,Smallcap,42,-2.329999924,501120
ORTX,Oriental Trimex Ltd,/stocks/oriental-trimex-ORTX,Cement,ORIENTALTL,Smallcap,5.699999809,0.349999994,500774.5625
BPLP,Bharat Parenterals Ltd,/stocks/bharat-parenterals-BPLP,Pharmaceuticals,BPLPHARMA,Smallcap,1385,-0.930000007,500059.5625
ZEN,Zenotech Laboratories Ltd,/stocks/zenotech-laboratories-ZEN,Biotechnology,ZENOTECH,Smallcap,45.90000153,3.400000095,499970.3438
TTC,Toss The Coin Ltd,/stocks/toss-the-coin-TTC,Oil & Gas - Refining & Marketing,TTC,Smallcap,229,-6.610000134,499380
NBII,NBI Industrial Finance Company Ltd,/stocks/nbi-industrial-finance-company-NBII,Diversified Financials,NBIFIN,Smallcap,1897,1.710000038,499348.5
RELIA,Reliable Ventures India Ltd,/stocks/reliable-ventures-india-RELIA,"Hotels, Resorts & Cruise Lines",RELIABVEN,Smallcap,25.84000015,-5,498622.3125
SHYAD,Shyam Dhani Industries Ltd,/stocks/shyam-dhani-industries-SHYAD,FMCG - Foods,SHYAMDHANI,Smallcap,62.09999847,-1.429999948,498560
KANP,Kanpur Plastipack Ltd,/stocks/kanpur-plastipack-KANP,Packaging,KANPRPLA,Smallcap,194.6699982,-1.960000038,498374.7188
AREY,Aarey Drugs and Pharmaceuticals Ltd,/stocks/aarey-drugs-and-pharmaceuticals-AREY,Pharmaceuticals,AAREYDRUGS,Smallcap,84.87000275,-2,498271.7813
VAG,Emrock Corporation Ltd,/stocks/vaghani-techno-build-VAG,Construction & Engineering,EMROCK,Smallcap,259.8999939,-3.950000048,497459.5313
BRED,Beardsell Ltd,/stocks/beardsell-BRED,Building Products - Prefab Structures,BEARDSELL,Smallcap,29.03000069,-0.790000021,495464.3125
RHL,Robust Hotels Ltd,/stocks/robust-hotels-RHL,"Hotels, Resorts & Cruise Lines",RHL,Smallcap,181.5500031,1.139999986,494997.125
EMAI,EMA Partners India Ltd,/stocks/ema-partners-india-EMAI,Employment Services,EMAPARTNER,Smallcap,83.30000305,0.970000029,493620
ADV,Goyal Aluminiums Ltd,/stocks/advitiya-trade-india-ADV,Iron & Steel,GOYALALUM,Smallcap,6.800000191,-0.439999998,491023.0938
YOG,UR Sugar Industries Ltd,/stocks/hkg-YOG,Trading Companies & Distributors,URSUGAR,Smallcap,2.849999905,4.78000021,490736.4063
ASSOC,Associated Coaters Ltd,/stocks/associated-coaters-ASSOC,Building Products - Others,ASSOCIATED,Smallcap,95,-12.84000015,489550
INSP,Inspirisys Solutions Ltd,/stocks/inspirisys-solutions-INSP,IT Services & Consulting,INSPIRISYS,Smallcap,101.8499985,2.50999999,488879.9063
TAV,Eforu Entertainment Ltd,/stocks/tavernier-resources-TAV,"Precious Metals, Jewellery & Watches",EFORU,Smallcap,89.5,9.899999619,488207.375
BNRS,BN Rathi Securities Ltd,/stocks/b-n-rathi-securities-BNRS,Investment Banking & Brokerage,BNRSEC,Smallcap,16.97999954,-1.279999971,487937.2813
CARU,CL Educate Ltd,/stocks/cl-educate-CARU,Education Services,CLEDUCATE,Smallcap,54.02999878,1.980000019,487890.9063
SAHA,Sahara Housingfina Corporation Ltd,/stocks/sahara-housing-fina-corporation-SAHA,Home Financing,SAHARAHOUS,Smallcap,42,-8.359999657,487446.7813
RDB,RDB Rasayans Ltd,/stocks/rdb-rasayans-RDB,Packaging,RDBRL,Smallcap,150.6499939,-1.919999957,487368.4688
JYOTJ,Jyoti Ltd,/stocks/jyoti-JYOTJ,Heavy Electrical Equipments,JYOTI,Smallcap,59.83000183,0.340000004,485172.5938
GDST,Goldstar Power Ltd,/stocks/goldstar-power-GDST,Batteries,GOLDSTAR,Smallcap,8.5,-0.579999983,484875
SHEET,Rajnish Retail Ltd,/stocks/sheetal-diamonds-SHEET,"Precious Metals, Jewellery & Watches",RRETAIL,Smallcap,2.349999905,-0.839999974,483807.0938
JFLL,JFL Life Sciences Ltd,/stocks/jfl-life-sciences-JFLL,Pharmaceuticals,JFLLIFE,Smallcap,10.10000038,3.589999914,483360
PRECI,East India Drums and Barrels Manufacturing Ltd,/stocks/precision-containeurs-PRECI,Packaging,EASTINDIA,Smallcap,99.30000305,4.269999981,481582.5313
ANY,Anya Polytech & Fertilizers Ltd,/stocks/anya-polytech-and-fertilizers-ANY,Fertilizers & Agro Chemicals,ANYA,Smallcap,16.04999924,-4.75,481500
NVE,Nanavati Ventures Ltd,/stocks/nanavati-ventures-NVE,"Precious Metals, Jewellery & Watches",NVENTURES,Smallcap,106.6999969,0.189999998,480150
ASHC,Ashirwad Capital Ltd,/stocks/ashirwad-capital-ASHC,Diversified Financials,ASHCAP,Smallcap,2.849999905,2.519999981,479799.5938
KFB,Kothari Fermentation and Biochem Ltd,/stocks/kothari-fermentation-and-biochem-KFB,Agro Products,KFBL,Smallcap,45.91999817,4.010000229,479532.1875
ALML,Alkali Metals Ltd,/stocks/alkali-metals-ALML,Commodity Chemicals,ALKALI,Smallcap,84.44000244,-0.649999976,479520.3125
DOLL,Dollex Agrotech Ltd,/stocks/dollex-agrotech-DOLL,Sugar,DOLLEX,Smallcap,31.10000038,3.670000076,479360
BBS,B2B Software Technologies Ltd,/stocks/b2b-software-technologies-BBS,Software Services,B2BSOFT,Smallcap,24.70000076,2.869999886,476264.875
CYBEL,Cybele Industries Ltd,/stocks/cybele-industries-CYBEL,Building Products - Others,CYBELEIND,Smallcap,45.15000153,-4.75,475920.75
DDI,Deep Diamond India Ltd,/stocks/deep-diamond-india-DDI,"Precious Metals, Jewellery & Watches",DEEPAI,Smallcap,2.150000095,-0.460000008,474702.4375
LAKHN,Panasonic Energy India Co Ltd,/stocks/panasonic-energy-india-company-LAKHN,Batteries,PANAENERG,Smallcap,268.6499939,-1.679999948,473768.9375
CYBE,Orchasp Ltd,/stocks/cybermate-infotek-CYBE,IT Services & Consulting,ORCHASP,Smallcap,1.889999986,-2.579999924,473707.7188
TRANC,Transchem Ltd,/stocks/transchem-TRANC,Pharmaceuticals,TRANSCHEM,Smallcap,322.0499878,-1.99000001,473410.5
SIGN,Signet Industries Ltd,/stocks/signet-industries-SIGN,Plastic Products,SIGIND,Smallcap,46.97000122,-1.049999952,473379.875
MORG,Morgan Ventures Ltd,/stocks/morgan-ventures-MORG,Investment Banking & Brokerage,MORGAN,Smallcap,46,-3.5,472350.8438
BEA,Beacon Trusteeship Ltd,/stocks/beacon-trusteeship-BEA,Diversified Financials,BEACON,Smallcap,94.90000153,3.150000095,471700
API,Apis India Ltd,/stocks/apis-india-API,Agro Products,APIS,Smallcap,60.34999847,0.119999997,471681.2813
BARFL,Barflex Polyfilms Ltd,/stocks/barflex-polyfilms-BARFL,Packaging,BARFLEX,Smallcap,59.09999847,3.680000067,471360
TOY,Toyam Sports Ltd,/stocks/toyam-industries-TOY,Diversified Financials,TOYAMSL,Smallcap,0.75,1.350000024,470354.375
SHAHI,Shahi Shipping Ltd,/stocks/shahi-shipping-SHAHI,Logistics,SHAHISHIP,Smallcap,13.30000019,5.300000191,468396.25
VICTO,Victory Electric Vehicles International Ltd,/stocks/victory-electric-vehicles-international-VICTO,Three Wheelers,VICTORYEV,Smallcap,17.75,3.5,467910
FRS,Puretrop Fruits Ltd,/stocks/freshtrop-fruits-FRS,Agro Products,PURETROP,Smallcap,156.8500061,3.019999981,466417.9688
PATEL,Patel Chem Specialities Ltd,/stocks/patel-chem-specialities-PATEL,Specialty Chemicals,PATELCHEM,Smallcap,97.5,1.039999962,466368
RESG,ResGen Ltd,/stocks/resgen-RESG,Oil & Gas - Refining & Marketing,RESGEN,Smallcap,47.61999893,-1,465757.5
BHAI,Bhartiya International Ltd,/stocks/bhartiya-international-BHAI,Apparel & Accessories,BIL,Smallcap,785,-1.659999967,465285.5938
CLS,Crop Life Science Ltd,/stocks/crop-life-science-CLS,Agro Products,CLSL,Smallcap,46.25,-0.639999986,461300
SHIG,Shigan Quantum Technologies Ltd,/stocks/shigan-quantum-technologies-SHIG,Auto Parts,SHIGAN,Smallcap,62.70000076,-2.029999971,460125
PRI,Prime Fresh Ltd,/stocks/prime-fresh-PRI,Agricultural & Farm Machinery,PRIMEFRESH,Smallcap,210.3500061,-1.059999943,460123.375
DCMN,DCM Nouvelle Ltd,/stocks/dcm-nouvelle-DCMN,Textiles,DCMNVL,Smallcap,154,-1.629999995,458759.5
RSSI,R S Software (India) Ltd,/stocks/r-s-software-india-RSSI,Software Services,RSSOFTWARE,Smallcap,35.27999878,-1.970000029,458628.8438
SATE,S A Tech Software India Ltd,/stocks/s-a-tech-software-india-SATE,IT Services & Consulting,SATECH,Smallcap,37.5,1.75999999,458400
BRIGH,Bright Brothers Ltd,/stocks/bright-brothers-BRIGH,Commodity Chemicals,BRIGHTBR,Smallcap,238.5,0.209999993,455573.1875
AKSH,Aksharchem (India) Ltd,/stocks/aksharchem-india-AKSH,Specialty Chemicals,AKSHARCHEM,Smallcap,230.6900024,-1.25999999,454589
SURAS,Suraj Products Ltd,/stocks/suraj-products-SURAS,Iron & Steel,SURAJ,Smallcap,234.25,3.380000114,453848.5938
SHIVM,Bandaram Pharma Packtech Ltd,/stocks/shiva-medicare-SHIVM,Paper Products,BANDARAM,Smallcap,21.71999931,-6.78000021,453792.75
ANA,ANG Lifesciences India Ltd,/stocks/ang-lifesciences-india-ANA,Pharmaceuticals,ANG,Smallcap,33.25999832,-4.809999943,453792.4688
VER,Veritas (India) Ltd,/stocks/veritas-india-VER,Commodities Trading,VERITAS,Smallcap,178.5,2,453160.8438
MET,Maestros Electronics & Telecommunications Systems Ltd,/stocks/maestros-electronics-and-telecommun-systems-MET,Electronic Equipments,METSL,Smallcap,133.6999969,-1.220000029,453154.1875
CARG,Cargotrans Maritime Ltd,/stocks/cargotrans-maritime-CARG,Logistics,CARGOTRANS,Smallcap,99.40000153,-0.550000012,452520
MLK,Milkfood Ltd,/stocks/milkfood-MLK,FMCG - Foods,MLKFOOD,Smallcap,71.77999878,-0.99000001,452154.5625
MEE,Meera Industries Ltd,/stocks/meera-industries-MEE,Industrial Machinery,MEERA,Smallcap,45.38999939,2,451349.4688
SADB,Sadbhav Infrastructure Projects Ltd,/stocks/sadbhav-infrastructure-projects-SADB,Roads,SADBHIN,Smallcap,2.859999895,2.880000114,450921.9063
GIRI,Giriraj Civil Developers Ltd,/stocks/giriraj-civil-developers-GIRI,Construction & Engineering,GIRIRAJ,Smallcap,128.8999939,-1.789999962,450450
RAVE,Ravelcare Ltd,/stocks/ravelcare-RAVE,FMCG - Personal Products,RAVEL,Smallcap,113.1999969,-0.310000002,450280
WALP,Walpar Nutritions Ltd,/stocks/walpar-nutritions-WALP,Packaged Foods & Meats,WALPAR,Smallcap,32.09999847,4.900000095,448980
SHEM,Shemaroo Entertainment Ltd,/stocks/shemaroo-entertainment-SHEM,Movies & TV Serials,SHEMAROO,Smallcap,125,1.580000043,448490.6875
MFCL,Hybrid Financial Services Ltd,/stocks/hybrid-financial-services-MFCL,Business Support Services,HYBRIDFIN,Smallcap,20.76000023,4.320000172,447583.5625
GOOD,Goodricke Group Ltd,/stocks/goodricke-group-GOOD,Tea & Coffee,GOODRICKE,Smallcap,184.4499969,-0.300000012,446340.5938
AGN,Agni Green Power Ltd,/stocks/agni-green-power--AGN,Renewable Energy,AGNI,Smallcap,17.60000038,-1.120000005,446250
ISTL,IST Ltd,/stocks/ist-ISTL,Industrial Machinery,ISTLTD,Smallcap,636.7000122,0.519999981,446067.5625
MONO,Monotype India Ltd,/stocks/monotype-india-MONO,Diversified Financials,MONOT,Smallcap,0.379999995,2.700000048,445921.4063
INFII,Infinity Infoway Ltd,/stocks/infinity-infoway-INFII,Software Services,INFINITY,Smallcap,374.1000061,-4.079999924,445692
KKJ,Kabra Jewels Ltd,/stocks/kabra-jewels-KKJ,"Precious Metals, Jewellery & Watches",KKJEWELS,Smallcap,109.9499969,0.270000011,445480
SHRAD,Shradha AI Technologies Ltd,/stocks/shradha-industries-SHRAD,IT Services & Consulting,SHRAAITECH,Smallcap,26.20000076,1.590000033,445136
BBTR,B&B Triplewall Containers Ltd,/stocks/bandb-triplewall-containers-BBTR,Packaging,BBTCL,Smallcap,223.3699951,-0.280000001,444805.1875
COUN,Country Club Hospitality & Holidays Ltd,/stocks/country-club-hospitality-and-holidays-COUN,"Hotels, Resorts & Cruise Lines",CCHHL,Smallcap,13,1.960000038,444736.5938
LOO,Looks Health Services Ltd,/stocks/looks-health-services-LOO,Health Care Equipment & Supplies,LOOKS,Smallcap,8.649999619,-2.700000048,444092.5
KAYT,Kaytex Fabrics Ltd,/stocks/kaytex-fabrics-KAYT,Textiles,KAYTEX,Smallcap,61.70000076,2.75,443304
USK,Udayshivakumar Infra Ltd,/stocks/udayshivakumar-infra-USK,Construction & Engineering,USK,Smallcap,22.80999947,-0.870000005,443109.0313
AKI,AKI India Ltd,/stocks/aki-india-AKI,Apparel & Accessories,AKI,Smallcap,4.880000114,-0.409999996,441010.7188
INTLT,International Travel House Ltd,/stocks/international-travel-house-INTLT,"Hotels, Resorts & Cruise Lines",ITHL,Smallcap,311.6499939,-1.139999986,440665.5938
KARTK,Kartik Investments Trust Ltd,/stocks/kartik-investments-trust-KARTK,Diversified Financials,KARTKIN,Smallcap,8966.450195,5,439310.4688
ASO,ASI Industries Ltd,/stocks/asi-industries-ASO,Mining - Diversified,ASIIL,Smallcap,24.52000046,2.289999962,439083.5
MANIL,Manilam Industries India Ltd,/stocks/manilam-industries-india-MANIL,Building Products - Laminates,MANILAM,Smallcap,53.04999924,-6.349999905,438480
DRH,Samsrita Labs Ltd,/stocks/dr-habeebullah-life-sciences-DRH,Biotechnology,SAMSRITA,Smallcap,11.89999962,1.360000014,437715.9063
IDIC,Indian Card Clothing Company Ltd,/stocks/indian-card-clothing-company-IDIC,Industrial Machinery,INDIANCARD,Smallcap,220.1100006,-1.299999952,436660.375
SHSE,ShreeOswal Seeds and Chemicals Ltd,/stocks/shreeoswal-seeds-and-chemicals-SHSE,Seeds,OSWALSEEDS,Smallcap,11.15999985,,436172.8125
RAIN,Rainbow Foundations Ltd,/stocks/rainbow-foundations-RAIN,Real Estate,RAINBOWF,Smallcap,39,0.670000017,435786.25
GLSH,Garware Offshore Services Ltd,/stocks/global-offshore-services-GLSH,Oil & Gas - Equipment & Services,GARWAOFFS,Smallcap,50,-0.039999999,434988.3125
GIAR,Gillanders Arbuthnot & Co Ltd,/stocks/gillanders-arbuthnot-and-co-GIAR,Conglomerates,GILLANDERS,Smallcap,90.44000244,-0.870000005,434959.4375
RVH,Ravinder Heights Ltd,/stocks/ravinder-heights-RVH,Real Estate,RVHL,Smallcap,44.81999969,-0.159999996,434340
MODI,Modi Rubber Ltd,/stocks/modi-rubber-MODI,Tires & Rubber,MODIRUBBER,Smallcap,132.6199951,-0.959999979,434213.7813
NOL,National Oxygen Ltd,/stocks/national-oxygen-NOL,Commodity Chemicals,NOL,Smallcap,54.75,1.610000014,433144.125
SHO,Shoora Designs Ltd,/stocks/shoora-designs-SHO,Textiles,SHOORA,Smallcap,96.23999786,-2,433080
VAL,Valencia Nutrition Ltd,/stocks/valencia-nutrition-VAL,Alcoholic Beverages,VALENCIA,Smallcap,59.86000061,-1.220000029,429600
THI,Thinkink Picturez Ltd,/stocks/thinkink-picturez-THI,Animation,THINKINK,Smallcap,0.200000003,5.260000229,427879.8125
KKL,Kaushalya Logistics Ltd,/stocks/kaushalya-logistics-KKL,Logistics,KLL,Smallcap,31.64999962,-2.00999999,426904
SHALP,Shalimar Productions Ltd,/stocks/shalimar-productions-SHALP,Movies & TV Serials,SHALPRO,Smallcap,0.239999995,-4,426528.9688
AVIA,Avi Ansh Textile Ltd,/stocks/avi-ansh-textile-AVIA,Textiles,AVIANSH,Smallcap,107.5,2.430000067,426480
GPS,Gabriel Pet Straps Ltd,/stocks/gabriel-pet-straps-GPS,Plastic Products,GPSL,Smallcap,118.0999985,1.419999957,424152
AAI,Akar Auto Industries Ltd,/stocks/akar-auto-industries-AAI,Auto Parts,AAIL,Smallcap,85.69999695,-0.680000007,421089.5625
KES,Kesar Petroproducts Ltd,/stocks/kesar-petroproducts-KES,Commodity Chemicals,KESARPE,Smallcap,17.21999931,-1.879999995,419421.125
BAMB,Bambino Agro Industries Ltd,/stocks/bambino-agro-industries-BAMB,FMCG - Foods,BAMBINO,Smallcap,203.3500061,-0.730000019,417691.6875
ATVP,ATV Projects India Ltd,/stocks/atv-projects-india-ATVP,Industrial Machinery,ATVPR,Smallcap,26.76000023,-1.179999948,416836.25
VICE,Viceroy Hotels Ltd,/stocks/viceroy-hotels-VICE,"Hotels, Resorts & Cruise Lines",VHLTD,Smallcap,132.3500061,1.360000014,416755.1875
PARAO,Paragon Fine & Speciality Chemical Ltd,/stocks/paragon-fine-and-speciality-chemical-PARAO,Specialty Chemicals,PARAGON,Smallcap,49.25,1.75999999,416052
MKE,MK Exim (India) Ltd,/stocks/m-k-exim-india-MKE,Textiles,MKEXIM,Smallcap,60.99000168,-1.470000029,415201.75
TBKH,Byke Hospitality Ltd,/stocks/byke-hospitality-TBKH,"Hotels, Resorts & Cruise Lines",BYKE,Smallcap,32.54999924,-0.340000004,414360.625
BOHA,Bohra Industries Ltd,/stocks/bohra-industries-BOHA,Fertilizers & Agro Chemicals,BOHRAIND,Smallcap,13.80000019,3.920000076,414162
ROY,Royal India Corporation Ltd,/stocks/royal-india-corporation-ROY,Commodity Chemicals,ROYALIND,Smallcap,6.070000172,4.840000153,411990
EMMB,Emmbi Industries Ltd,/stocks/emmbi-industries-EMMB,Packaging,EMMBI,Smallcap,94.18000031,-0.419999987,411990
WARR,Warren Tea Ltd,/stocks/warren-tea-WARR,Agro Products,WARRENTEA,Smallcap,47,1.179999948,411845.4063
SRNP,Shree Rama Newsprint Ltd,/stocks/shree-rama-newsprint-SRNP,Paper Products,RAMANEWS,Smallcap,28.97999954,1.080000043,410542.8438
LGT,LGT Global Hospitality Ltd,/stocks/lgt-business-connextions-LGT,Tour & Travel Services,LGT,Smallcap,42.5,3.029999971,409152
HIN,Hind Aluminium Industries Ltd,/stocks/hind-aluminium-industries-HIN,Metals - Aluminium,HINDALUMI,Smallcap,100.4000015,2.549999952,408616.9688
SHU,Shubham Polyspin Ltd,/stocks/shubham-polyspin-SHU,Textiles,SHUBHAM,Smallcap,44.79000092,-1.779999971,406929.8438
VAR,Variman Global Enterprises Ltd,/stocks/variman-global-enterprises-VAR,IT Services & Consulting,VARIMAN,Smallcap,4.300000191,0.230000004,406251.375
INTB,Innovana Thinklabs Ltd,/stocks/innovana-thinklabs-INTB,Software Services,INNOVANA,Smallcap,325.6499939,-1.909999967,405773.8125
MANK,Manaksia Ltd,/stocks/manaksia-MANK,Metals - Diversified,MANAKSIA,Smallcap,58.31999969,-1.070000052,405540.9688
UNIA,Universal Autofoundry Ltd,/stocks/universal-autofoundry-UNIA,Auto Parts,UNIAUTO,Smallcap,52.79999924,0.189999998,405401.875
TUN,Tuni Textile Mills Ltd,/stocks/tuni-textile-mills-TUN,Textiles,TUNITEX,Smallcap,1.039999962,,404894.0313
KOR,Jay Jalaram Technologies Ltd,/stocks/jay-jalaram-technologies-KOR,Electrical Components & Equipments,KORE,Smallcap,136,1,404400
YSL,Yamuna Syndicate Ltd,/stocks/yamuna-syndicate-YSL,Commodities Trading,YSL,Smallcap,26998.44922,1.879999995,404081.4063
APMI,APM Industries Ltd,/stocks/apm-industries-APMI,Textiles,APMIN,Smallcap,51.88999939,4.889999866,403193.5
SRIG,Srigee DLM Ltd,/stocks/srigee-dlm-SRIG,Industrial Machinery,SRIGEE,Smallcap,83.05000305,-1.129999995,401136
NATPE,Naperol Investments Ltd,/stocks/national-peroxide-NATPE,Specialized Finance,NAPEROL,Smallcap,663.7999878,0.379999995,400092.5625
HITK,Hit Kit Global Solutions Ltd,/stocks/hit-kit-global-solutions-HITK,FMCG - Foods,HITKITGLO,Smallcap,2.25,-4.659999847,398388.0625
WOL,WOL 3D India Ltd,/stocks/wol-3d-india-WOL,Electronic Equipments,WOL3D,Smallcap,132.3500061,-0.49000001,397050
RATHS,Rathi Steel and Power Ltd,/stocks/rathi-steel-and-power-RATHS,Iron & Steel,RATHIST,Smallcap,18.98999977,1.99000001,395410.6875
NISM,NIS Management Ltd,/stocks/nis-management-NISM,Business Support Services,NISMGMT,Smallcap,48,6.190000057,395388
DOL,Dolfin Rubbers Ltd,/stocks/dolfin-rubbers-DOL,Auto Parts,DOLFIN,Smallcap,169.4499969,-1.309999943,395307.8125
MPIN,MEP Infrastructure Developers Ltd,/stocks/mep-infrastructure-developers-MPIN,Roads,MEP,Smallcap,0.689999998,-1.429999948,393273.7813
SAVI,Magnus Steel and Infra Ltd,/stocks/savant-infocomm-SAVI,IT Services & Consulting,MAGNUS,Smallcap,78.98000336,-4.989999771,393083.4688
OKP,OK Play India Ltd,/stocks/ok-play-india-OKP,Industrial Machinery,OKPLA,Smallcap,4.079999924,0.74000001,390559.8125
SHRIG,Shri Gang Industries and Allied Products Ltd,/stocks/shri-gang-industries-and-allied-products-SHRIG,Packaged Foods & Meats,SHRIGANG,Smallcap,67.51000214,-0.779999971,390508.6563
GNGE,Ganges Securities Ltd,/stocks/ganges-securities-GNGE,Diversified Financials,GANGESSECU,Smallcap,120.1600037,0.189999998,390328.4375
BHART,Regis Industries Ltd,/stocks/bhartia-bachat-BHART,Business Support Services,REGIS,Smallcap,2.269999981,0.439999998,388939.2188
BNK,Quest Capital Markets Ltd,/stocks/bnk-capital-markets-BNK,Investment Banking & Brokerage,QUESTCAP,Smallcap,275,0.639999986,387592.7813
AVAI,Available Finance Ltd,/stocks/available-finance-AVAI,Specialized Finance,AVAILFC,Smallcap,152.1000061,0.230000004,387451.0938
ARVE,Arvee Laboratories (India) Ltd,/stocks/arvee-laboratories-india-ARVE,Specialty Chemicals,ARVEE,Smallcap,164.9600067,1.409999967,387309.375
DRON,Drone Destination Ltd,/stocks/drone-destination-DRON,Education Services,DRONE,Smallcap,41,-0.970000029,386745
AUTOI,Autoriders International Ltd,/stocks/autoriders-international-AUTOI,Tour & Travel Services,AUTOINT,Smallcap,354.9500122,-1.75999999,385471.7188
RCI,JTL Defence Ltd,/stocks/rci-industries-and-technologies-RCI,Metals - Copper,JTLDEFENCE,Smallcap,532.0999756,4.989999771,385240.4063
CFE,Confidence Futuristic Energetech Ltd,/stocks/confidence-futuristic-energetech-CFE,Oil & Gas - Storage & Transportation,CFEL,Smallcap,36.31000137,-0.439999998,384914.5938
BITS,BITS Ltd,/stocks/bits-BITS,Education Services,BITS,Smallcap,8.050000191,1.129999995,384895.2188
JAU,Jauss Polymers Ltd,/stocks/jauss-polymers-JAU,Packaging,JAUSPOL,Smallcap,26.29999924,-4.989999771,384406.375
FOCU,Focus Business Solution Ltd,/stocks/focus-business-solution-FOCU,Business Support Services,FOCUS,Smallcap,180,5.880000114,383940
HARY,Haryana Capfin Ltd,/stocks/haryana-capfin-HARY,Consumer Finance,HARYNACAP,Smallcap,139.1999969,-6.579999924,383771.5
RFLL,Rita Finance and Leasing Ltd,/stocks/rita-finance-and-leasing-RFLL,Specialized Finance,RFLL,Smallcap,11.59000015,-4.920000076,380853.6563
PREMU,Premium Plast Ltd,/stocks/premium-plast-PREMU,Plastic Products,PREMIUM,Smallcap,42,-0.829999983,378090
NEPT,Neptune Petrochemicals Ltd,/stocks/neptune-petrochemicals-NEPT,Building Products - Ceramics,NEPTUNE,Smallcap,188.8000031,,378040
PRIMP,Prima Plastics Ltd,/stocks/prima-plastics-PRIMP,Housewares,PRIMAPLA,Smallcap,120,3,376899.9688
PURP,Purple Finance Ltd,/stocks/purple-finance-PURP,Consumer Finance,PURPLEFIN,Smallcap,63.99000168,-0.370000005,375822.375
ZODC,Zodiac-JRD-MKJ Ltd,/stocks/zodiac-jrd-mkj-ZODC,"Precious Metals, Jewellery & Watches",ZODJRDMKJ,Smallcap,36.09999847,2.180000067,375795
PHO,HBG Hotels Ltd,/stocks/phoenix-township-PHO,"Hotels, Resorts & Cruise Lines",HBGHOTELS,Smallcap,91,3,375419.3438
MOX,Moxsh Overseas Educon Ltd,/stocks/moxsh-overseas-educon-MOX,Academic & Educational Services,MOXSH,Smallcap,121.75,3.180000067,374624
APPA,Aptus Pharma Ltd,/stocks/aptus-pharma-APPA,Pharmaceuticals,APPL,Smallcap,233.8999939,-0.02,374400
BOBA,Bombay Super Hybrid Seeds Ltd,/stocks/bombay-super-hybrid-seeds-BOBA,Seeds,BSHSL,Smallcap,90.48999786,1.159999967,373872.4688
PCIL,Panasonic Carbon India Co Ltd,/stocks/panasonic-carbon-india-co-PCIL,Batteries,PANCARBON,Smallcap,468,-0.050000001,373243.0625
NIC,Nicco Parks & Resorts Ltd,/stocks/nicco-parks-and-resorts-NIC,"Hotels, Resorts & Cruise Lines",NICCOPAR,Smallcap,79,-1.25,373182
RUDR,Rudra Gas Enterprise Ltd,/stocks/rudra-gas-enterprise-RUDR,Gas Distribution,RUDRAGAS,Smallcap,75.05000305,0.74000001,372550
ARCY,Archidply Industries Ltd,/stocks/archidply-industries-ARCY,Wood Products,ARCHIDPLY,Smallcap,80.27999878,0.25999999,371526.25
FRAN,Franklin Industries Ltd,/stocks/franklin-industries-FRAN,Investment Banking & Brokerage,FRANKLININD,Smallcap,0.389999986,,371383.125
VALIN,Valiant Laboratories Ltd,/stocks/valiant-laboratories-VALIN,Pharmaceuticals,VALIANTLAB,Smallcap,65.01000214,0.310000002,371346.25
DIGID,Digidrive Distributors Ltd,/stocks/digidrive-distributors-DIGID,Online Services,DIGIDRIVE,Smallcap,18.38999939,-2.390000105,370613.6563
VAH,Vahh Chemicals Ltd,/stocks/vahh-chemicals-VAH,Specialty Chemicals,VAHH,Smallcap,61,-4.690000057,369960
SANTE,Sanrhea Technical Textiles Ltd,/stocks/sanrhea-technical-textile-SANTE,Building Products - Others,SANTETX,Smallcap,135.8999939,4.539999962,369076.5
PARP,Paras Petrofils Ltd,/stocks/paras-petrofils-PARP,Textiles,PARASPETRO,Smallcap,2.079999924,1.460000038,368931.9688
TEMA,Heads UP Ventures Ltd,/stocks/mandhana-retail-ventures-TEMA,Textiles,HEADSUP,Smallcap,6.889999866,-1.289999962,368359.0313
OML,Om Metallogic Ltd,/stocks/om-metallogic-OML,Metals - Aluminium,OML,Smallcap,28.69000053,-5,367232
AURO,Auro Laboratories Ltd,/stocks/auro-laboratories-AURO,Pharmaceuticals,AUROLAB,Smallcap,255,0.310000002,366881.6875
SCYS,Steel City Securities Ltd,/stocks/steel-city-securities-SCYS,Investment Banking & Brokerage,STEELCITY,Smallcap,79.45999908,0.560000002,366867.8125
ASIN,Asian Petro Products and Exporters Ltd,/stocks/asian-petroproducts-and-exports-ASIN,Paper Products,ASINPET,Smallcap,9.890000343,,366364.8125
SSO,Oxygenta Pharmaceutical Ltd,/stocks/s-s-organics-SSO,Pharmaceuticals,OXYGENTAPH,Smallcap,47.75999832,0.319999993,365694.9375
VADV,Vadivarhe Speciality Chemicals Ltd,/stocks/vadivarhe-speciality-chemicals-VADV,Specialty Chemicals,VSCL,Smallcap,30.10000038,3.440000057,365160
BEEK,Beekay Steel Industries Ltd,/stocks/beekay-steel-industries-BEEK,Iron & Steel,BEEKAY,Smallcap,411,-0.75,364394.0938
HIDN,Hindcon Chemicals Ltd,/stocks/hindcon-chemicals-HIDN,Commodity Chemicals,HINDCON,Smallcap,21.63999939,-0.090000004,364058.4688
OND,On Door Concepts Ltd,/stocks/on-door-concepts-OND,Retail - Online,ONDOOR,Smallcap,203.9499969,-0.49000001,363240
SWAD,Swadeshi Industries and Leasing Ltd,/stocks/swadeshi-industries-and-leasing-SWAD,Plastic Products,SWADEIN,Smallcap,82.76000214,-1.99000001,362956.2188
SHRD,Sharda Ispat Ltd,/stocks/sharda-ispat-SHRD,Iron & Steel,SHRDAIS,Smallcap,153.9499969,-5.199999809,362768
GST,Globalspace Technologies Ltd,/stocks/globalspace-technologies-GST,IT Services & Consulting,GSTL,Smallcap,24.46999931,0.620000005,362399.625
VAIH,Vaishali Pharma Ltd,/stocks/vaishali-pharma-VAIH,Pharmaceuticals,VAISHALI,Smallcap,7.309999943,-0.140000001,361737.0938
CROW,Crown Lifters Ltd,/stocks/crown-lifters-CROW,Heavy Machinery,CROWN,Smallcap,113.1699982,0.649999976,360338.1563
LANDM,Landmarc Leisure Corporation Ltd,/stocks/landmarc-leisure-corporation-LANDM,"Hotels, Resorts & Cruise Lines",LANDMARC,Smallcap,1.799999952,-1.100000024,359476.375
SHKS,Shri Hare-Krishna Sponge Iron Ltd,/stocks/shri-hare-krishna-sponge-iron-SHKS,Iron & Steel,SHKSIL,Smallcap,35.5,-4.050000191,359000
PRITI,Pritika Engineering Components Ltd,/stocks/pritika-engineering-components-PRITI,Industrial Machinery,PRITIKA,Smallcap,61.29999924,-0.889999986,358560
BRP,Bansal Roofing Products Ltd,/stocks/bansal-roofing-products-BRP,Building Products - Glass,BRPL,Smallcap,123.9499969,-0.280000001,357125.2188
MEDIT,Medistep Healthcare Ltd,/stocks/medistep-healthcare-MEDIT,Pharmaceuticals,MEDISTEP,Smallcap,19.79999924,9.699999809,355500
UNIVS,Universal Starch Chem Allied Ltd,/stocks/universal-starch-chem-allied-UNIVS,Packaged Foods & Meats,UNIVSTAR,Smallcap,203,-0.370000005,355385.5313
AGRP,Agro Phos (India) Ltd,/stocks/agro-phos-india-AGRP,Fertilizers & Agro Chemicals,AGROPHOS,Smallcap,30.59000015,-0.550000012,352620.1875
CORI,Coral India Finance and Housing Ltd,/stocks/coral-india-finance-and-housing-CORI,Real Estate,CORALFINAC,Smallcap,33.18000031,0.239999995,351782.0938
ALPA,Alpa Laboratories Ltd,/stocks/alpa-laboratories-ALPA,Pharmaceuticals,ALPA,Smallcap,68.72000122,-0.540000021,351696
KAY,Kay Power and Paper Ltd,/stocks/kay-power-and-paper-KAY,Paper Products,KAYPOWR,Smallcap,9.010000229,-8.899999619,348711.4688
CRO,Yaan Enterprises Ltd,/stocks/crown-tours-CRO,Tour & Travel Services,YAANENT,Smallcap,100,1.00999999,347719.3125
NIRM,Nirman Agri Genetics Ltd,/stocks/nirman-agri-genetics-NIRM,Agro Products,NIRMAN,Smallcap,44,1.379999995,347247
HINDD,Hindustan Adhesives Ltd,/stocks/hindustan-adhesives-HINDD,Packaging,HINDADH,Smallcap,265.6000061,2.849999905,347006.4063
BMIL,Bedmutha Industries Ltd,/stocks/bedmutha-industries-BMIL,Iron & Steel,BEDMUTHA,Smallcap,111.5599976,2.769999981,344641.5
SAW,Sawaca Enterprises Ltd,/stocks/sawaca-business-machines-SAW,Commodities Trading,SAWACA,Smallcap,0.310000002,,342097.1875
DIVYA,Divyadhan Recycling Industries Ltd,/stocks/divyadhan-recycling-industries-DIVYA,Textiles,DIVYADHAN,Smallcap,56.95000076,-1.980000019,341700
TAK,Takyon Networks Ltd,/stocks/takyon-networks-TAK,Communication & Networking,TAKYON,Smallcap,21.45999908,0.280000001,341280
LOY,LOYAL EQUIPMENTS Ltd,/stocks/loyal-equipments-LOY,Industrial Machinery,LOYAL,Smallcap,161,1.039999962,340273.375
BAG,B A G Convergence Ltd,/stocks/bag-convergence-BAG,TV Channels & Broadcasters,BAGDIGITAL,Smallcap,107.4000015,1.799999952,339360
GEME,GEM Enviro Management Ltd,/stocks/gem-enviro-management-GEME,Environmental Services,GEMENVIRO,Smallcap,38.70999908,1.710000038,339328
VGI,Veer Global Infraconstruction Ltd,/stocks/veer-global-infraconstruction-VGI,Construction & Engineering,VGIL,Smallcap,145.8999939,2.170000076,338933.6875
NR,7NR Retail Ltd,/stocks/7nr-retail-NR,Apparel & Accessories,7NR,Smallcap,5.550000191,-2.289999962,338428.375
TER,Terai Tea Co Ltd,/stocks/terai-tea-co-TER,Tea & Coffee,TERAI,Smallcap,122,5.949999809,338403.375
MOHH,Mohini Health & Hygiene Ltd,/stocks/mohini-health-and-hygiene-MOHH,Health Care Equipment & Supplies,MHHL,Smallcap,32.20000076,-3.880000114,338310
HEXA,Hexa Tradex Ltd,/stocks/hexa-tradex-HEXA,Commodities Trading,HEXATRADEX,Smallcap,158.1000061,0.150000006,337662.5313
GLOX,Globe Enterprises (India) Ltd,/stocks/globe-textiles-india-GLOX,Apparel & Accessories,GLOBE,Smallcap,2.210000038,,337562.0313
CCA,City Crops Agro Ltd,/stocks/city-crops-agro-CCA,Building Products - Granite,CCAL,Smallcap,28.12000084,4.960000038,337440
MOHT,Mohit Industries Ltd,/stocks/mohit-industries-MOHT,Textiles,MOHITIND,Smallcap,23.32999992,-4.190000057,337107.4688
PARR,Par Drugs and Chemicals Ltd,/stocks/par-drugs-and-chemicals-PARR,Pharmaceuticals,PAR,Smallcap,90.69999695,2.450000048,336563.8438
SHIVA,Shivansh Finserve Ltd,/stocks/shivansh-finserve-SHIVA,Investment Banking & Brokerage,SHIVA,Smallcap,9.760000229,-4.690000057,335595
GTI,Gabion Technologies India Ltd,/stocks/gabion-technologies-india-GTI,Building Products - Others,GTIL,Smallcap,69.5,1.879999995,335184
JAIP,Jaipan Industries Ltd,/stocks/jaipan-industries-JAIP,Home Electronics & Appliances,JAIPAN,Smallcap,30.43000031,3.930000067,333876.0938
BIOF,Biofil Chemicals and Pharmaceuticals Ltd,/stocks/biofil-chemicals-and-pharmaceuticals-BIOF,Pharmaceuticals,BIOFILCHEM,Smallcap,33.70999908,-0.819999993,333153.6875
ARGG,Archies Ltd,/stocks/archies-ARGG,Retail - Speciality,ARCHIES,Smallcap,14.30000019,3.400000095,333008.25
EVA,Evans Electric Ltd,/stocks/evans-electric-EVA,Business Support Services,EVANS,Smallcap,67,5.510000229,332500
SAMY,Samyak International Ltd,/stocks/samyak-international-SAMY,Commodities Trading,SAMYAKINT,Smallcap,16.11000061,-3.650000095,331542.625
VRW,Megamont Ltd,/stocks/v-r-woodart-VRW,Wood Products,MEGAMONT,Smallcap,188,4.440000057,331392.7188
ODY,Odyssey Corporation Ltd,/stocks/odyssey-corporation-ODY,Conglomerates,ODYCORP,Smallcap,7.389999866,2.920000076,330121.2188
BHEX,Bhandari Hosiery Exports Ltd,/stocks/bhandari-hosiery-exports-BHEX,Apparel & Accessories,BHANDARI,Smallcap,3.029999971,2.359999895,329415.25
IWP,Indian Wood Products Co Ltd,/stocks/indian-wood-products-company-IWP,Agro Products,IWP,Smallcap,32.38999939,-2.119999886,329116.4688
DCML,Dcm Ltd,/stocks/dcm-DCML,Conglomerates,DCM,Smallcap,97.80000305,-0.200000003,327893.1875
PURV,Purv Flexipack Ltd,/stocks/purv-flexipack-PURV,Plastic Products,PURVFLEXI,Smallcap,50.09999847,-0.99000001,327808
LEXU,Lexus Granito (India) Ltd,/stocks/lexus-granito-india-LEXU,Building Products - Ceramics,LEXUS,Smallcap,16.31999969,0.550000012,327303.9688
DHA,Trucap Finance Ltd,/stocks/dhanvarsha-finvest-DHA,Consumer Finance,TRU,Smallcap,5.519999981,4.940000057,326406.875
TTIL,Tirupati Innovar Ltd,/stocks/tirupati-tyres-TTIL,Tires & Rubber,TIRUPATIIN,Smallcap,8.869999886,-1.99000001,324775.0625
CINE,Cinevista Ltd,/stocks/cinevista-CINE,Movies & TV Serials,CINEVISTA,Smallcap,16.46999931,-1.610000014,322128.8438
SUDI,Suditi Industries Ltd,/stocks/suditi-industries-SUDI,Textiles,SUDTIND-B,Smallcap,81.75,3.480000019,321107.2813
UDA,Uday Jewellery Industries Ltd,/stocks/uday-jewellery-industries-UDA,"Precious Metals, Jewellery & Watches",UDAYJEW,Smallcap,148.25,0.100000001,320544
SAYA,Sayaji Industries Ltd,/stocks/sayaji-industries-SAYA,Agro Products,SAYAJIIND,Smallcap,102,0.050000001,319628.7813
CMPU,Compucom Software Ltd,/stocks/compucom-software-CMPU,Education Services,COMPUSOFT,Smallcap,13.26000023,0.150000006,319333
JGT,Jasch Gauging Technologies Ltd,/stocks/jasch-gauging-technologies-JGT,Industrial Machinery,JGTL,Smallcap,505.1499939,1.019999981,319033.5938
GBF,Goenka Business & Finance Ltd,/stocks/goenka-business-and-finance-GBF,Diversified Financials,GBFL,Smallcap,10.39999962,0.779999971,318050.5
AST,Asian Star Co Ltd,/stocks/asian-star-company-AST,"Precious Metals, Jewellery & Watches",ASTAR,Smallcap,622,-0.839999974,318046.1563
RIL,Rachana Infrastructure Ltd,/stocks/rachana-infrastructure-RIL,Construction & Engineering,RILINFRA,Smallcap,40.09999847,-0.25,317580
LUD,Ludlow Jute & Specialities Ltd,/stocks/ludlow-jute-and-specialities-LUD,Textiles,LUDLOWJUT,Smallcap,345,-1.50999999,313931.9063
MAK,Makers Laboratories Ltd,/stocks/makers-laboratories-MAK,Pharmaceuticals,MAKERSL,Smallcap,150.0500031,-6.829999924,313827.8438
CDG,CDG Petchem Ltd,/stocks/cdg-petchem-CDG,Plastic Products,CDG,Smallcap,233,-4.679999828,313321.1875
ETM,Emerald Tyre Manufacturers Ltd,/stocks/emerald-tyre-manufacturers-ETM,Tires & Rubber,ETML,Smallcap,86.94999695,3.079999924,313020
SERV,Service Care Ltd,/stocks/service-care-SERV,Employment Services,SERVICE,Smallcap,52.15000153,4.300000191,312780
AUSM,Ausom Enterprise Ltd,/stocks/ausom-enterprise-AUSM,Commodities Trading,AUSOMENT,Smallcap,114.3300018,-0.879999995,312293.5313
MOH,Mohite Industries Ltd,/stocks/mohite-industries-MOH,Textiles,MOHITE,Smallcap,3.130000114,4.329999924,311735.5
GRAP,Graphisads Ltd,/stocks/graphisads-GRAP,Advertising,GRAPHISAD,Smallcap,28.70000076,-1.029999971,311688
KREB,Krebs Biochemicals and Industries Ltd,/stocks/krebs-biochemicals-and-industries-KREB,Pharmaceuticals,KREBSBIO,Smallcap,58.54999924,-0.800000012,310744.0938
OSWAL,Indian Sucrose Ltd,/stocks/indian-sucrose-OSWAL,Sugar,INDSUCR,Smallcap,74.47000122,1.669999957,310481.8125
KATA,Kataria Industries Ltd,/stocks/kataria-industries-KATA,Construction & Engineering,KATARIA,Smallcap,104.6999969,3.150000095,310140
PARSH,Yogi Ltd,/stocks/parsharti-investment-PARSH,Real Estate,YOGI,Smallcap,170.9499969,-1.00999999,310052.0938
PIONR,Pioneer Investcorp Ltd,/stocks/pioneer-investcorp-PIONR,Investment Banking & Brokerage,PIONRINV,Smallcap,89.19000244,-4.460000038,309851.0313
JYOTG,Jyoti Global Plast Ltd,/stocks/jyoti-global-plast-JYOTG,Plastic Products,JYOTIGLOBL,Smallcap,38.95000076,,308800
SWASI,Swastik Pipe Ltd,/stocks/swastik-pipe-SWASI,Iron & Steel,SWASTIK,Smallcap,14.64999962,,308664
RSC,RSC International Ltd,/stocks/rsc-international-RSC,Textiles,RSCINT,Smallcap,30.46999931,0.07,307416.1875
ZEAL,Zeal Global Services Ltd,/stocks/zeal-global-services-ZEAL,Logistics,ZEAL,Smallcap,64.65000153,-0.540000021,307296
MERCT,Mercury Trade Links Ltd,/stocks/mercury-trade-links-MERCT,Investment Banking & Brokerage,MERCTRD,Smallcap,5.079999924,-1.549999952,306630.375
GIEN,Teamo Productions HQ Ltd,/stocks/gi-engineering-solutions-GIEN,Construction & Engineering,TPHQ,Smallcap,0.49000001,,306464.625
PALR,Palred Technologies Ltd,/stocks/palred-technologies-PALR,IT Services & Consulting,PALREDTEC,Smallcap,58.90000153,-1.669999957,305979.75
AES,Aesthetik Engineers Ltd,/stocks/aesthetik-engineers-AES,Construction & Engineering,AESTHETIK,Smallcap,77,1.580000043,305600
SKPS,SKP Securities Ltd,/stocks/skp-securities-SKPS,Investment Banking & Brokerage,SKPSEC,Smallcap,116.9499969,1.120000005,304820.9375
RURD,Rudrabhishek Enterprises Ltd,/stocks/rudrabhishek-enterprises-RURD,Real Estate,REPL,Smallcap,64.52999878,-2.25999999,303921.75
DYNAV,Dynavision Ltd,/stocks/dynavision-DYNAV,Diversified Financials,DYNAVSN,Smallcap,203,1.450000048,303443.2813
CONTA,Indus Aluminium Recyclers Ltd,/stocks/containerway-international-CONTA,Logistics,CONTAINER,Smallcap,17.61000061,-3.769999981,301231.8438
GUJCR,Gujarat Craft Industries Ltd,/stocks/gujarat-craft-industries-GUJCR,Plastic Products,GUJCRAFT,Smallcap,100.4100037,1.419999957,301228.1875
TEJ,Tejnaksh Healthcare Ltd,/stocks/tejnaksh-healthcare-TEJ,Hospitals & Diagnostic Centres,TEJNAKSH,Smallcap,14.93000031,-3.859999895,301160.1875
AIM,Alliance Integrated Metaliks Ltd,/stocks/alliance-integrated-metaliks-AIM,Building Products - Prefab Structures,AIML,Smallcap,2.440000057,-4.690000057,300259.0938
ROYAL,Royal Sense Ltd,/stocks/royal-sense-ROYAL,Health Care Equipment & Supplies,ROYAL,Smallcap,95.90000153,6.25,299310
KANDA,Kandarp Digi Smart Bpo Ltd,/stocks/kandarp-digi-smart-bpo-KANDA,Outsourced services,KANDARP,Smallcap,100,1.730000019,298980
FORTI,Fortis Malar Hospitals Ltd,/stocks/fortis-malar-hospitals-FORTI,Hospitals & Diagnostic Centres,FORTISMLR,Smallcap,52.09999847,1.25999999,298723.125
RGF,RGF Capital Markets Ltd,/stocks/r-g-f-capital-markets-RGF,Diversified Financials,RGF,Smallcap,2.049999952,4.590000153,298241.5
ECOP,Ecoplast Ltd,/stocks/ecoplast-ECOP,Commodity Chemicals,ECOPLAST,Smallcap,455.7999878,-1.960000038,297770.6875
ART,Artemis Electricals and Projects Ltd,/stocks/artemis-electricals-ART,Electrical Components & Equipments,AEPL,Smallcap,17.10000038,0.119999997,297280.5625
ANUBH,Anubhav Plast Ltd,/stocks/anubhav-plast-ANUBH,Plastic Products,ANUBHAV,Smallcap,61.91999817,-4.989999771,297216
AMBEY,Dhansa Labs Ltd,/stocks/ambey-laboratories-AMBEY,Fertilizers & Agro Chemicals,DHANSA,Smallcap,24.20000076,-4.909999847,296520
INDRN,Indrayani Biotech Ltd,/stocks/indrayani-biotech-INDRN,Software Services,INDRANIB,Smallcap,8.449999809,-4.840000153,296384.875
SHIVT,Shiv Texchem Ltd,/stocks/shiv-texchem-SHIVT,Specialty Chemicals,SHIVTEXCHEM,Smallcap,122.0500031,,295200
BAGF,B.A.G. Films and Media Ltd,/stocks/bag-films-and-media-BAGF,Movies & TV Serials,BAGFILMS,Smallcap,4.630000114,-1.49000001,294917.125
GGP,Gala Global Products Ltd,/stocks/gala-global-products-GGP,Business Support Services,GGPL,Smallcap,1.700000048,-0.579999983,294078.5938
GML,Quint Digital Ltd,/stocks/gaurav-mercantiles-GML,Advertising,QUINT,Smallcap,39.97999954,-0.050000001,293598.75
NARM,Narmada Macplast Drip Irrigation Systems Ltd,/stocks/narmada-macplast-drip-irrigation-systems-NARM,Agricultural & Farm Machinery,NARMP,Smallcap,23.64999962,-0.25,293035.5938
ACCU,Accuracy Shipping Ltd,/stocks/accuracy-shipping-ACCU,Logistics,ACCURACY,Smallcap,5.380000114,-1.279999971,292718.875
SML,Sarthak Metals Ltd,/stocks/sarthak-metals-SML,Electrical Components & Equipments,SMLT,Smallcap,71.41999817,1.909999967,292455.25
SHRE,Shree Ganesh Bio-Tech (India) Ltd,/stocks/shree-ganesh-biotech-india-SHRE,Agro Products,SHREEGANES,Smallcap,0.560000002,,290460.5
SAGAR,Epuja Spiritech Ltd,/stocks/sagar-productions-SAGAR,Online Services,EPUJA,Smallcap,1.330000043,4.71999979,288629.875
ARAB,Arabian Petroleum Ltd,/stocks/arabian-petroleum-ARAB,Commodity Chemicals,ARABIAN,Smallcap,72.94999695,3.619999886,286680
NEWI,Newtime Infrastructure Ltd,/stocks/newtime-infrastructure-NEWI,Real Estate,NEWINFRA,Smallcap,2.039999962,1.49000001,286575.25
RUD,Rudra Global Infra Products Ltd,/stocks/rudra-global-infra-products-RUD,Iron & Steel,RUDRA,Smallcap,17.32999992,0.409999996,286118.3125
EMKY,Emkay Taps and Cutting Tools Ltd,/stocks/emkay-taps-and-cutting-tools-EMKY,Industrial Machinery,EMKAYTOOLS,Smallcap,95,-2.609999895,285840
AMITS,Amit Securities Ltd,/stocks/amit-securities-AMITS,Commodities Trading,AMITSEC,Smallcap,50.90000153,-4.980000019,285508.4375
KKTY,Kakatiya Cement Sugar and Industries Ltd,/stocks/kakatiya-cement-sugar-and-industries-KKTY,Cement,KAKATCEM,Smallcap,118.3399963,0.300000012,285079.1563
ORCR,AG Ventures Ltd,/stocks/oriental-carbon-and-chemicals-ORCR,Asset Management,AGVENTURES,Smallcap,121.0999985,0.039999999,283706
AGTL,Agri-Tech (India) Ltd,/stocks/agri-tech-india-AGTL,Agro Products,AGRITECH,Smallcap,114.8300018,1.980000019,282308.125
KIR,Kiran Vyapar Ltd,/stocks/kiran-vyapar-KIR,Investment Banking & Brokerage,KIRANVYPAR,Smallcap,192.7299957,1.960000038,282172.5938
SRD,Shankar Lal Rampal Dye-Chem Ltd,/stocks/shankar-lal-rampal-dye-chem-SRD,Specialty Chemicals,SRD,Smallcap,40.02999878,-0.300000012,281809.4688
OVA,Oval Projects Engineering Ltd,/stocks/oval-projects-engineering-OVA,Oil & Gas - Equipment & Services,OVAL,Smallcap,59,5.170000076,281568
TRANF,Last Mile Enterprises Ltd,/stocks/trans-financial-resources-TRANF,Construction & Engineering,LASTMILE,Smallcap,8,-1.230000019,281102.9375
AARA,Aaradhya Disposal Industries Ltd,/stocks/aaradhya-disposal-industries-AARA,Paper Products,AARADHYA,Smallcap,77.80000305,10.51000023,280080
SHVU,Shiv Aum Steels Ltd,/stocks/shiv-aum-steels-SHVU,Commodities Trading,SHIVAUM,Smallcap,424.5499878,2.299999952,279776.125
JATT,Jattashankar Industries Ltd,/stocks/jattashankar-industries-JATT,Textiles,JATTAINDUS,Smallcap,424,-0.239999995,279558.7188
LPN,Laxmipati Engineering Works Ltd,/stocks/lp-naval-engineering-LPN,Construction & Engineering,LAXMIPATI,Smallcap,557,,278500
MANOJ,Manoj Jewellers Ltd,/stocks/manoj-jewellers-MANOJ,Retail - Speciality,MANOJJEWEL,Smallcap,34.54999924,-6.619999886,278480
PANA,Panafic Industrials Ltd,/stocks/panafic-industrials-PANA,Diversified Financials,PANAFIC,Smallcap,1.419999957,1.429999948,277678.1563
MIDEA,Mideast Portfolio Management Ltd,/stocks/mid-east-portfolio-management-MIDEA,Investment Banking & Brokerage,MIDEASTP,Smallcap,34.00999832,-5,277283.5313
RETI,Retina Paints Ltd,/stocks/retina-paints-RETI,Specialty Chemicals,RETINA,Smallcap,47.40000153,9.43999958,276060
LAC,Lactose (India) Ltd,/stocks/lactose-india-LAC,Pharmaceuticals,LACTOSE,Smallcap,104,0.970000029,274948.0625
SBKL,Sundaram Brake Linings Ltd,/stocks/sundaram-brake-linings-SBKL,Auto Parts,SUNDRMBRAK,Smallcap,816.75,0.209999993,274505.2813
DHUT,Dhunseri Tea & Industries Ltd,/stocks/dhunseri-tea-and-industries-DHUT,Tea & Coffee,DTIL,Smallcap,142.3999939,-0.200000003,274208.4688
CHOKS,Choksi Laboratories Ltd,/stocks/choksi-laboratories-CHOKS,Labs & Life Sciences Services,CHOKSILA,Smallcap,123.3000031,1.070000052,274042.3438
GCK,GALAXY Supermarket Ltd,/stocks/galaxy-cloud-kitchens-GCK,FMCG - Foods,GSLTD,Smallcap,18.60000038,1.919999957,273563.5625
LASA,Lasa Supergenerics Ltd,/stocks/lasa-supergenerics-LASA,Pharmaceuticals,LASA,Smallcap,7.429999828,0.129999995,273489.5
SMAR,Smart Finsec Ltd,/stocks/smart-finsec-SMAR,Specialized Finance,SMARTFIN,Smallcap,8.210000038,-2.029999971,273335.4375
SOFTB,IDream Film Infrastructure Company Ltd,/stocks/idream-film-infrastructure-company-SOFTB,Animation,IDREAM,Smallcap,604.4000244,4.989999771,271836
HILL,Hilltone Software and Gases Ltd,/stocks/hilltone-software-and-gases-HILL,Industrial Machinery,HILLTONE,Smallcap,43.91999817,-0.860000014,271541.7813
KUB,Kuber Udyog Ltd,/stocks/kuber-udyog-KUB,Specialty Chemicals,KUBERJI,Smallcap,17.76000023,-4.980000019,269170.5625
MACPL,Machino Plastics Ltd,/stocks/machino-plastics-MACPL,Auto Parts,MACPLASQ,Smallcap,287,1.559999943,269129.4063
PANJ,Panjon Ltd,/stocks/panjon-PANJ,Pharmaceuticals,PANJON,Smallcap,17.96999931,-3.650000095,268885.75
ACE,Ace men engg works Ltd,/stocks/ace-men-engg-works-ACE,Diversified Financials,ACEMEN,Smallcap,97.5,3.049999952,268640.0625
TRIJ,Abate AS Industries Ltd,/stocks/trijal-industries-TRIJ,Health Care Equipment & Supplies,ABATEAS,Smallcap,9.979999542,-0.100000001,268294.1563
GKWL,GKW Ltd,/stocks/gkw-GKWL,Logistics,GKWLIMITED,Smallcap,1715,0.01,267805.1875
SABV,Sab Events & Governance Now Media Ltd,/stocks/sab-events-and-governance-now-media-SABV,Publishing,SABEVENTS,Smallcap,8.729999542,4.679999828,267090.1875
MAHAC,Maharashtra Corp Ltd,/stocks/maharashtra-corporation-MAHAC,Textiles,MAHACORP,Smallcap,0.349999994,-2.779999971,266824.875
MUKR,Mukta Arts Ltd,/stocks/mukta-arts-MUKR,Movies & TV Serials,MUKTAARTS,Smallcap,55.86000061,-0.039999999,266703.6563
SPRL,SP Refractories Ltd,/stocks/sp-refractories-SPRL,Cement,SPRL,Smallcap,111,-4.059999943,266400
LUH,DhanSafal Finserve Ltd,/stocks/luharuka-media-and-infra-LUH,Specialized Finance,DHANSAFAL,Smallcap,2.5,2.039999962,264132.0625
COMMI,Committed Cargo Care Ltd,/stocks/committed-cargo-care-COMMI,Logistics,COMMITTED,Smallcap,329.9500122,0.090000004,263960
BFF,Grameva Ltd,/stocks/bangalore-fort-farms-BFF,Agro Products,GRAMEVA,Smallcap,110.1999969,-5,263813.4375
CONC,Concord Drugs Ltd,/stocks/concord-drugs-CONC,Pharmaceuticals,CONCORD,Smallcap,77.44999695,1.799999952,263686.625
SINE,Sintercom India Ltd,/stocks/sintercom-india-SINE,Industrial Machinery,SINTERCOM,Smallcap,75.45999908,-0.170000002,263335.6563
JINDH,Jindal Hotels Ltd,/stocks/jindal-hotels-JINDH,"Hotels, Resorts & Cruise Lines",JINDHOT,Smallcap,62.63000107,-2.420000076,263271.7188
BI,Bilcare Ltd,/stocks/bilcare-BI,Packaging,BI,Smallcap,59.65000153,-2.210000038,262488.75
IDI,Iconik Sports and Events Ltd,/stocks/id-info-business-services-IDI,IT Services & Consulting,ICONIKSPEV,Smallcap,39.13000107,2.869999886,262268.0938
ANSL,Ansal Housing Ltd,/stocks/ansal-housing-ANSL,Real Estate,ANSALHSG,Smallcap,6.389999866,,262148.625
SWAG,Croissance Ltd,/stocks/swagruha-infrastructure-SWAG,Restaurants & Cafes,CROISSANCE,Smallcap,1.129999995,-2.589999914,261764.5156
PERI,Peria Karamalai Tea and Produce Company Ltd,/stocks/peria-karamalai-tea-and-produce-company-PERI,Tea & Coffee,PKTEA,Smallcap,763.8499756,-2.930000067,261533.625
MAJ,Majestic Auto Ltd,/stocks/majestic-auto-MAJ,Auto Parts,MAJESAUT,Smallcap,337.6000061,3.289999962,261408.5156
PANK,Kairosoft AI Solutions Ltd,/stocks/pankaj-piyush-trade-and-investment-PANK,Specialized Finance,VOLKAI,Smallcap,82.19999695,1.919999957,260383.0625
HARSH,Harshdeep Hortico Ltd,/stocks/harshdeep-hortico-HARSH,Housewares,HARSHDEEP,Smallcap,87,1.159999967,259860
LIBA,Libas Consumer Products Ltd,/stocks/libas-consumer-products-LIBA,Apparel & Accessories,LIBAS,Smallcap,11.05000019,-0.810000002,259596.125
VIRT,Kati Patang Lifestyle Ltd,/stocks/virtualsoft-systems-VIRT,IT Services & Consulting,KATIPATANG,Smallcap,15.5,3.25999999,259353.375
RATH,Rathi Bars Ltd,/stocks/rathi-bars-RATH,Iron & Steel,RATHIBAR,Smallcap,21,2.49000001,258368.5938
ELF,E L Forge Ltd,/stocks/el-forge-ELF,Iron & Steel,ELFORGE,Smallcap,19.72999954,1.49000001,256956.2031
GUJT,Gujarat Terce Laboratories Ltd,/stocks/gujarat-terce-laboratories-GUJT,Pharmaceuticals,GUJTERC,Smallcap,33.90000153,0.379999995,255854.1094
WEWI,We Win Ltd,/stocks/we-win-WEWI,Outsourced services,WEWIN,Smallcap,48.88000107,2.599999905,255341.9688
OPTIV,Optivalue Tek Consulting Ltd,/stocks/optivalue-tek-consulting-OPTIV,IT Services & Consulting,OPTIVALUE,Smallcap,80.5,1.899999976,255200
SAB,SAB Industries Ltd,/stocks/sab-industries-SAB,Conglomerates,SAB,Smallcap,204,3.450000048,255114.375
IKA,Mkventures Capital Ltd,/stocks/ikab-securities-and-investment-IKA,Specialized Finance,MKVENTURES,Smallcap,1190,-0.579999983,254845.4375
PREM,Premco Global Ltd,/stocks/premco-global-PREM,Textiles,PREMCO,Smallcap,365.8999939,0.870000005,253583.4063
NTC,NTC Industries Ltd,/stocks/ntc-industries-NTC,FMCG - Tobacco,NTCIND,Smallcap,149.1999969,-0.600000024,253475.6875
EIG,Eighty Jewellers Ltd,/stocks/eighty-jewellers-EIG,"Precious Metals, Jewellery & Watches",EIGHTY,Smallcap,42.65999985,-3,253320
KEM,Kemistar Corporation Ltd,/stocks/kemistar-corporation-KEM,Commodity Chemicals,KEMISTAR,Smallcap,49.66999817,3.5,253227.8125
AMBO,Ambo Agritec Ltd,/stocks/ambo-agritec-AMBO,Agro Products,AMBOAGRI,Smallcap,12.25,-5.699999809,253000
ACII,ACI Infocom Ltd,/stocks/aci-infocom-ACII,IT Services & Consulting,ACIIN,Smallcap,1.230000019,-2.380000114,252656.4688
CHOK,Choksi Asia Ltd,/stocks/choksi-imaging-CHOK,Health Care Equipment & Supplies,CHOKSI,Smallcap,167.5,3.460000038,252349.6875
ANII,ANI Integrated Services Ltd,/stocks/ani-integrated-services-ANII,Construction & Engineering,AISL,Smallcap,60.5,4.940000057,252294
DIGJ,DIGJAM Ltd,/stocks/digjam-DIGJ,Textiles,DIGJAMLMTD,Smallcap,45.54000092,1.919999957,252275.7031
JUS,Justo Realfintech Ltd,/stocks/justo-realfintech-JUS,Real Estate,JUSTO,Smallcap,84,-1.179999948,252000
AIRO,Airo Lam Ltd,/stocks/airolam-AIRO,Building Products - Laminates,AIROLAM,Smallcap,92.33000183,-0.079999998,251877.5938
PML,Paul Merchants Ltd,/stocks/paul-merchants-PML,Consumer Finance,PML,Smallcap,490.7999878,2.289999962,251859.5938
PRLP,Pearl Polymers Ltd,/stocks/pearl-polymers-PRLP,Plastic Products,PEARLPOLY,Smallcap,18.17000008,-1.25,251703.9375
SSM,SSMD Agrotech India Ltd,/stocks/ssmd-agrotech-india-SSM,FMCG - Foods,SSMD,Smallcap,63,-0.540000021,251680
JAINA,Jainam Ferro Alloys (I) Ltd,/stocks/jainam-ferro-alloys-i-JAINA,Metals - Diversified,JAINAM,Smallcap,250,,250000
MDRC,Modern Diagnostic & Research Centre Ltd,/stocks/modern-diagnostic-and-research-centre-MDRC,Hospitals & Diagnostic Centres,MDRC,Smallcap,52,,249600
IND,Indo Us Bio-Tech Ltd,/stocks/indo-us-bio-tech-IND,Agro Products,INDOUS,Smallcap,89.15000153,0.959999979,248951.7031
BUL,Bulkcorp International Ltd,/stocks/bulkcorp-international-BUL,Packaging,BULKCORP,Smallcap,52.09999847,1.659999967,248448
SHANH,Shanthala FMCG Products Ltd,/stocks/shanthala-fmcg-products-SHANH,FMCG - Personal Products,SHANTHALA,Smallcap,24.39999962,4.050000191,247104
VIAZ,Viaz Tyres Ltd,/stocks/viaz-tyres-VIAZ,Tires & Rubber,VIAZ,Smallcap,61.70000076,,246800
SAHL,Shalibhadra Finance Ltd,/stocks/shalibhadra-finance-SAHL,Diversified Financials,SAHLIBHFI,Smallcap,77.65000153,-2.200000048,246686.4375
CSL,Continental Securities Ltd,/stocks/continental-securities-CSL,Investment Banking & Brokerage,CSL,Smallcap,13.27000046,-0.230000004,246370.7969
VANI,Vani Commercials Ltd,/stocks/vani-commercial-VANI,Investment Banking & Brokerage,VANICOM,Smallcap,9.140000343,4.21999979,246125.8438
VVMD,Vivimed Labs Ltd,/stocks/vivimed-labs-VVMD,Specialty Chemicals,VIVIMEDLAB,Smallcap,5.789999962,1.049999952,245574.9063
PROFX,PRO FX Tech Ltd,/stocks/pro-fx-tech-PROFX,Electronic Equipments,PROFX,Smallcap,75.09999847,4.889999866,244864
STERP,Sterling Powergensys Ltd,/stocks/sterling-powergensys-STERP,Textiles,STERPOW,Smallcap,34.06999969,1.279999971,244859.7031
NOID,Noida Toll Bridge Company Ltd,/stocks/noida-toll-bridge-company-NOID,Roads,NOIDATOLL,Smallcap,4.78000021,3.019999981,244740.1563
PRITH,Prithvi Exchange (India) Ltd,/stocks/prithvi-exchange-india-PRITH,Investment Banking & Brokerage,PRITHVIEXCH,Smallcap,106.1500015,-0.790000021,244495.75
VCU,VCU Data Management Ltd,/stocks/vcu-data-management-VCU,Electronic Equipments,VCU,Smallcap,8,0.879999995,244023.125
JAIM,Jai Mata Glass Ltd,/stocks/jai-mata-glass-JAIM,Housewares,JAIMATAG,Smallcap,1.809999943,2.25999999,243491.5
SOC,Sundrex Oil Company Limited,/stocks/sundrex-oil-company-SOC,Commodity Chemicals,SOCL,Smallcap,25.35000038,4.96999979,243168
PNCL,Pritish Nandy Communications Ltd,/stocks/pritish-nandy-communications-PNCL,Movies & TV Serials,PNC,Smallcap,21.47999954,-2.589999914,243025.3594
SUNS,Johnson Pharmacare Ltd,/stocks/sun-and-shine-worldwide-SUNS,Pharmaceuticals,JOHNPHARMA,Smallcap,0.479999989,,242464.3125
DEVL,Dev Labtech Venture Ltd,/stocks/dev-labtech-venture-DEVL,Hospitals & Diagnostic Centres,DEVLAB,Smallcap,20.17000008,0.050000001,242040
SNDH,Sandesh Ltd,/stocks/sandesh-SNDH,Publishing,SANDESH,Smallcap,992.7999878,1.049999952,240623.0156
INDS,Indsil Hydro Power and Manganese Ltd,/stocks/indsil-hydro-power-and-manganese-INDS,Metals - Iron,INDSILHYD,Smallcap,40.29999924,1.029999971,240419.0938
MAYA,Mayasheel Ventures Ltd,/stocks/mayasheel-ventures-MAYA,Roads,MAYASHEEL,Smallcap,40,-2.440000057,240120
TRIO,Trio Mercantile And Trading Ltd,/stocks/trio-mercantile-and-trading-TRIO,Commodities Trading,TRIOMERC,Smallcap,2.029999971,4.639999866,237764.0938
NID,Eiko Lifesciences Ltd,/stocks/narendra-investments-delhi-NID,Specialty Chemicals,EIKO,Smallcap,49.95000076,1.440000057,237761.0469
COS,Cospower Engineering Ltd,/stocks/cospower-engineering-COS,Electrical Components & Equipments,COSPOWER,Smallcap,1897.150024,-5,237143.75
WALCH,Walchand Peoplefirst Ltd,/stocks/walchand-peoplefirst-WALCH,Education Services,WALCHPF,Smallcap,126,-3.819999933,236644.7656
MYSO,Mysore Petro Chemicals Ltd,/stocks/mysore-petro-chemicals-MYSO,Commodity Chemicals,MYSORPETRO,Smallcap,102.0100021,5.690000057,236569.8438
ARYAM,Aryaman Financial Services Ltd,/stocks/aryaman-financial-services-ARYAM,Investment Banking & Brokerage,ARYAMAN,Smallcap,599,2.25,235633.4375
BANB,Banaras Beads Ltd,/stocks/banaras-beads-BANB,Apparel & Accessories,BANARBEADS,Smallcap,100.9199982,0.079999998,235493.0156
JHSS,JHS Svendgaard Laboratories Ltd,/stocks/jhs-svendgaard-laboratories-JHSS,FMCG - Personal Products,JHS,Smallcap,7.639999866,0.660000026,235004.5156
DUD,DU Digital Global Ltd,/stocks/du-digital-technologies-DUD,IT Services & Consulting,DUGLOBAL,Smallcap,31.45000076,1.129999995,234975
JIW,Jiwanram Sheoduttrai Industries Ltd,/stocks/jiwanram-sheoduttrai-industries-JIW,Business Support Services,JIWANRAM,Smallcap,5.650000095,,234360
ARUN,Arunaya Organics Ltd,/stocks/arunaya-organics-ARUN,Specialty Chemicals,ARUNAYA,Smallcap,16.70000076,1.830000043,233520
PARL,Parle Industries Ltd,/stocks/parle-industries-PARL,Commodities Trading,PARLEIND,Smallcap,9.850000381,-1.99000001,233474.5469
ANI,Race Eco Chain Ltd,/stocks/anisha-impex-ANI,Textiles,RACE,Smallcap,113,-0.379999995,233241.75
AROI,Adroit Infotech Ltd,/stocks/adroit-infotech-AROI,IT Services & Consulting,ADROITINFO,Smallcap,8.970000267,-0.439999998,233121.9063
WHITE,Happy Square Outsourcing Services Ltd,/stocks/happy-square-outsourcing-services-WHITE,Employment Services,WHITEFORCE,Smallcap,36.40000153,-4.960000038,233088
JOCI,Jocil Ltd,/stocks/jocil-JOCI,Commodity Chemicals,JOCIL,Smallcap,144.5700073,-2.319999933,232790.0156
CHEN,Chennai Ferrous Industries Ltd,/stocks/chennai-ferrous-industries-CHEN,Iron & Steel,CHENFERRO,Smallcap,87.40000153,1.50999999,232536.2344
PANT,Panth Infinity Ltd,/stocks/panth-infinity-PANT,Commodities Trading,PANTH,Smallcap,10.80000019,-0.180000007,232365.5938
NARMA,Narmadesh Brass Industries Ltd,/stocks/narmadesh-brass-industries-NARMA,Metals - Diversified,NARMADESH,Smallcap,329.7000122,5,232351.2031
DEF,Defrail Technologies Ltd,/stocks/defrail-technologies-DEF,Building Products - Ceramics,DEFRAIL,Smallcap,72.59999847,0.140000001,232160
EMIA,EMIAC Technologies Ltd,/stocks/emiac-technologies-EMIA,Advertising,EMIAC,Smallcap,96.01000214,-1.059999943,231624
SONAM,Sona Machinery Ltd,/stocks/sona-machinery-SONAM,Agro Products,SONAMAC,Smallcap,33.09999847,0.150000006,231280
ANK,Anka India Ltd,/stocks/anka-india-ANK,IT Services & Consulting,ANKIN,Smallcap,20.10000038,-4.78000021,231083.375
IDEN,Identical Brains Studios Ltd,/stocks/identical-brains-studios-IDEN,Animation,IDENTICAL,Smallcap,16.54999924,-3.220000029,230300
MITT,Mittal Life Style Ltd,/stocks/mittal-life-style-MITT,Textiles,MITTAL,Smallcap,0.959999979,-1.029999971,229186.5625
ACCE,Accel Ltd,/stocks/accel-ACCE,Movies & TV Serials,ACCEL,Smallcap,12.89000034,0.230000004,229184.2031
BAROD,Baroda Rayon Corporation Ltd,/stocks/baroda-rayon-corporation-BAROD,Textiles,BARODARY,Smallcap,130.3500061,0.310000002,228796.875
OLA,Olatech Solutions Ltd,/stocks/olatech-solutions-OLA,Software Services,OLATECH,Smallcap,82.05000305,-0.219999999,227799.75
SHREM,Shree Metalloys Ltd,/stocks/shree-metalloys-SHREM,Metals - Copper,SHREMETAL,Smallcap,38.15000153,-4.360000134,227752.0469
SHIVG,Shiva Global Agro Industries Ltd,/stocks/shiva-global-agro-industries-SHIVG,Fertilizers & Agro Chemicals,SHIVAAGRO,Smallcap,40.50999832,-2.849999905,227475
PES,Pune E - Stock Broking Ltd,/stocks/pune-e-stock-broking-PES,Investment Banking & Brokerage,PESB,Smallcap,284,0.349999994,227200
CBA,Net Avenue Technologies Ltd,/stocks/net-avenue-technologies-CBA,Textiles,CBAZAAR,Smallcap,5.699999809,4.590000153,227200
SICI,Sicagen India Ltd,/stocks/sicagen-india-SICI,Building Products - Pipes,SICAGEN,Smallcap,53.11000061,-0.579999983,227081.9219
PACI,Pacific Industries Ltd,/stocks/pacific-industries-PACI,Mining - Diversified,PACIFICI,Smallcap,132,-2.190000057,226150.6563
TAMT,Tamilnadu Telecommunication Ltd,/stocks/tamilnadu-telecommunication-TAMT,Telecom Equipments,TNTELE,Smallcap,9.119999886,-0.75999999,226066.0469
SOD,Sodhani Capital Ltd,/stocks/sodhani-capital-SOD,Asset Management,SODHACAP,Smallcap,57,-0.959999979,226000
JUP,Jupiter Infomedia Ltd,/stocks/jupiter-infomedia-JUP,Publishing,JUPITERIN,Smallcap,58.5,0.550000012,225084.6406
ELFI,Elfin Agro India Ltd,/stocks/elfin-agro-india-ELFI,FMCG - Foods,ELFIN,Smallcap,74.80000305,2.190000057,224400
WEIZ,Weizmann Ltd,/stocks/weizmann-WEIZ,Textiles,WEIZMANIND,Smallcap,81.05999756,-0.379999995,224212.2344
LKP,LKP Securities Ltd,/stocks/lkp-securities-LKP,Diversified Financials,LKPSEC,Smallcap,16.98999977,-0.699999988,223231.0469
PURPE,Purple Wave Infocom Ltd,/stocks/purple-wave-infocom-PURPE,Electronic Equipments,PURPLEWAVE,Smallcap,110.0999985,-2.569999933,223100
SVA,Swasti Vinayaka Art and Heritage Corporation Ltd,/stocks/swasti-vinayaka-art-and-heritage-corporation-SVA,Real Estate,SVARTCORP,Smallcap,3.700000048,0.270000011,223053.5938
PALC,Palco Metals Ltd,/stocks/palco-metals-PALC,Metals - Diversified,PALCO,Smallcap,132.3000031,0.230000004,222894.5625
SURAT,Surat Trade and Mercantile Ltd,/stocks/surat-textile-mills-SURAT,Commodities Trading,SURATRAML,Smallcap,4.639999866,,222693.1563
NAR,Dhatre Udyog Ltd,/stocks/narayani-steels-NAR,"Precious Metals, Jewellery & Watches",DHATRE,Smallcap,4.480000019,5.659999847,222279.2031
NATPA,National Plastic Industries Ltd,/stocks/national-plastic-industries-NATPA,Plastic Products,NATPLAS,Smallcap,44.04999924,2.279999971,222052.875
MEL,JMJ Fintech Ltd,/stocks/meenakshi-enterprises-MEL,Education Services,JMJFIN,Smallcap,9.75,0.620000005,221218.2031
KNN,Ken Enterprises Ltd,/stocks/ken-enterprises-KNN,Textiles,KEN,Smallcap,37.90000153,4.989999771,220560
YUV,Yuvraaj Hygiene Products Ltd,/stocks/yuvraaj-hygiene-products-YUV,FMCG - Household Products,YUVRAAJHPL,Smallcap,7.349999905,0.550000012,219491.6094
VGC,Vibrant Global Capital Ltd,/stocks/vibrant-global-capital-VGC,Diversified Financials,VGCL,Smallcap,52.27999878,-5,219229.125
DEEM,Deem Roll Tech Ltd,/stocks/deem-roll-tech-DEEM,Iron & Steel,DEEM,Smallcap,54,,219000
REGA,Regal Entertainment and Consultants Ltd,/stocks/regal-entertainment-and-consultants-REGA,Diversified Financials,REGAL,Smallcap,15.71000004,-7.320000172,218815.4375
JAC,Jackson Investments Ltd,/stocks/jackson-investments-JAC,Investment Banking & Brokerage,JACKSON,Smallcap,0.400000006,,218356.7969
SRA,Shriram Asset Management Co Ltd,/stocks/shriram-asset-management-co-SRA,Asset Management,SRAMSET,Smallcap,287,2.099999905,218152.5625
ATA,Atam Valves Ltd,/stocks/atam-valves-ATA,Industrial Machinery,ATAM,Smallcap,70.01999664,0.170000002,218116
TGL,Teerth Gopicon Ltd,/stocks/teerth-gopicon-TGL,Construction & Engineering,TGL,Smallcap,16.25,4.840000153,217750
GAR,Garment Mantra Lifestyle Ltd,/stocks/garment-mantra-lifestyle-GAR,Textiles,GARMNTMNTR,Smallcap,1.149999976,,216824.5781
BIH,Bihar Sponge Iron Ltd,/stocks/bihar-sponge-iron-BIH,Iron & Steel,BIHSPONG,Smallcap,12.80000019,-1.309999943,216524.875
TSC,TSC India Ltd,/stocks/tsc-india-TSC,Tour & Travel Services,TSC,Smallcap,27.10000038,-6.070000172,216240
TECHK,Techknowgreen Solutions Ltd,/stocks/techknowgreen-solutions-TECHK,Environmental Services,TECHKGREEN,Smallcap,134.5500031,-5.179999828,216000
EAND,E-Land Apparel Ltd,/stocks/e-land-apparel-EAND,Apparel & Accessories,ELAND,Smallcap,13.5,9.579999924,215764
ANM,Anmol India Ltd,/stocks/anmol-india-ANM,Commodities Trading,ANMOL,Smallcap,11.31000042,1.429999948,215647.7656
NECC,North Eastern Carrying Corporation Ltd,/stocks/north-eastern-carrying-corporation-NECC,Logistics,NECCLTD,Smallcap,16.72999954,-2.220000029,215580.2969
LAND,Landmark Property Development Co Ltd,/stocks/landmark-property-development-co-LAND,Real Estate,LPDC,Smallcap,6.510000229,-0.75999999,215447.0469
HDIL,Housing Development and Infrastructure Ltd,/stocks/housing-development-and-infrastructure-HDIL,Real Estate,HDIL,Smallcap,1.74000001,,215265.8438
TIN,Fratelli Vineyards Ltd,/stocks/tinna-trade-TIN,Alcoholic Beverages,FRATELLI,Smallcap,96,-1.029999971,214472.5781
COMF,Comfort Fincap Ltd,/stocks/comfort-fincap-COMF,Diversified Financials,COMFINCAP,Smallcap,7.28000021,1.110000014,213676.3125
PRNI,Priti International Ltd,/stocks/priti-international-PRNI,Home Furnishing,PRITI,Smallcap,40.50999832,3.339999914,213149.2969
ASR,Add-Shop E-Retail Ltd,/stocks/add-shop-e-retail-ASR,FMCG - Personal Products,ASRL,Smallcap,7.010000229,0.569999993,212948.4063
PICCA,Piccadily Sugar and Allied Industries Ltd,/stocks/piccadily-sugar-and-allied-inds-PICCA,Alcoholic Beverages,PICCASUG,Smallcap,34.58000183,0.610000014,212022.1563
STL,Shreeji Translogistics Ltd,/stocks/shreeji-translogistics-STL,Logistics,STL,Smallcap,8.649999619,4.590000153,211875.125
AKSO,Aksh Optifibre Ltd,/stocks/aksh-optifibre-AKSO,Communication & Networking,AKSHOPTFBR,Smallcap,6.599999905,-1.929999948,211252.7969
IPR,IP Rings Ltd,/stocks/ip-rings-IPR,Auto Parts,IPRINGLTD,Smallcap,127.3499985,-0.200000003,211244.875
VIC,Scoobee Day Garments (India) Ltd,/stocks/victory-paper-and-boards-india-VIC,Apparel & Accessories,SCOOBEEDAY,Smallcap,71.98999786,-2.720000029,210410.5781
REMID,Remi Edelstahl Tubulars Ltd,/stocks/remi-edelstahl-tubulars-REMID,Iron & Steel,REMIEDEL,Smallcap,177.75,-0.029999999,210367.2969
DHP,DHP India Ltd,/stocks/dhp-india-DHP,Industrial Machinery,DHPIND,Smallcap,535,3.230000019,210304.9219
CNI,Tomorrow Technologies Global Innovations Ltd,/stocks/cni-research-CNI,Investment Banking & Brokerage,TTGIL,Smallcap,8.25,-0.600000024,209770.1563
MAXP,Maxposure Ltd,/stocks/maxposure-MAXP,Advertising,MAXPOSURE,Smallcap,35,1.159999967,208380
BAS,Basant Agro Tech (India) Ltd,/stocks/basant-agro-tech-india-BAS,Commodity Chemicals,BASANTGL,Smallcap,12.02000046,1.00999999,208103.5
CURA,CURA Technologies Ltd,/stocks/cura-technologies-CURA,Software Services,CURAA,Smallcap,79.11000061,-5,208083.9219
KIZ,Kizi Apparels Ltd,/stocks/kizi-apparels-KIZ,Apparel & Accessories,KIZI,Smallcap,13.40999985,-6.21999979,208050
SMA,SM Auto Stamping Ltd,/stocks/sm-auto-stamping-SMA,Auto Parts,SMAUTO,Smallcap,25.95000076,-0.189999998,207840
ALUW,Aluwind Infra-Tech Ltd,/stocks/aluwind-architectural-ALUW,Building Products - Others,ALUWIND,Smallcap,46.5,-0.430000007,207720
BISL,BSEL Algo Ltd,/stocks/bsel-infrastructure-realty-BISL,Investment Banking & Brokerage,BSELALGO,Smallcap,4.409999847,-1.340000033,207514.4844
KANN,Kanani Industries Ltd,/stocks/kanani-industries-KANN,"Precious Metals, Jewellery & Watches",KANANIIND,Smallcap,1.519999981,-0.649999976,207309.7656
AKS,Akshar Spintex Ltd,/stocks/akshar-spintex-AKS,Textiles,AKSHAR,Smallcap,0.449999988,,207097.6563
RAJIN,Rajputana Industries Ltd,/stocks/rajputana-industries-RAJIN,Metals - Copper,RAJINDLTD,Smallcap,69,-2.200000048,207060
KANCH,Kanchi Karpooram Ltd,/stocks/kanchi-karpooram-KANCH,Commodity Chemicals,KANCHI,Smallcap,370.8999939,1.49000001,206260.4375
BAW,Baweja Studios Ltd,/stocks/baweja-studios-BAW,Movies & TV Serials,BAWEJA,Smallcap,28.75,4.739999771,205272
ASPI,Aspinwall and Company Ltd,/stocks/aspinwall-and-co-ASPI,Tea & Coffee,ASPINWALL,Smallcap,249,-1.570000052,205138.125
ARCI,ARC Insulation & Insulators Ltd,/stocks/arc-insulation-and-insulators-ARCI,Building Products - Others,ARCIIL,Smallcap,41.84999847,2.200000048,203900
JMD,JMD Ventures Ltd,/stocks/jmd-ventures-JMD,Rail,JMDVL,Smallcap,6.730000019,4.989999771,203270.3125
RNP,Renol Polychem Ltd,/stocks/renol-polychem-RNP,Specialty Chemicals,RNPL,Smallcap,84.5,0.600000024,202800
PANC,Panchsheel Organics Ltd,/stocks/panchsheel-organics-PANC,Pharmaceuticals,PANCHSHEEL,Smallcap,118.0999985,0.469999999,202382.7813
CRAN,Cranex Ltd,/stocks/cranex-CRAN,Industrial Machinery,CRANEX,Smallcap,96.5,-3.109999895,201721.2344
DAC,Dachepalli Publishers Ltd,/stocks/dachepalli-publishers-DAC,Education Services,DACHEPALLI,Smallcap,84,1.200000048,201600
KAH,Kahan Packaging Ltd,/stocks/kahan-packaging-KAH,Packaging,KAHAN,Smallcap,42,5,199968
PCS,PCS Technology Ltd,/stocks/pcs-technology-PCS,IT Services & Consulting,PCS,Smallcap,19.47999954,-0.460000008,199943.4531
JDO,Jaysynth Orgochem Ltd,/stocks/j-d-orgochem-JDO,Specialty Chemicals,JAYSYNTH,Smallcap,12.47000027,1.299999952,199454.1875
LOG,Logiciel Solutions Ltd,/stocks/logiciel-solutions-LOG,Software Services,LOGICIEL,Smallcap,35.63999939,4.03000021,199200
TCM,TCM Ltd,/stocks/tcm-TCM,Commodity Chemicals,TCMLMTD,Smallcap,43.99000168,-1.679999948,198637.0156
BGW,Bhagwati Autocast Ltd,/stocks/bhagwati-autocast-BGW,Iron & Steel,BGWTATO,Smallcap,500.1000061,-2.440000057,198322.3125
TEC,Saven Technologies Ltd,/stocks/saven-technologies-TEC,IT Services & Consulting,7TEC,Smallcap,40.40000153,1.970000029,198314.9063
INDG,India Gelatine & Chemicals Ltd,/stocks/india-gelatine-and-chemicals-INDG,Commodity Chemicals,INDGELA,Smallcap,367.4500122,-0.029999999,197988.6563
VALID,Valencia India Ltd,/stocks/valencia-india-VALID,"Hotels, Resorts & Cruise Lines",VALINDIA,Smallcap,18.19000053,-0.600000024,196560
JHA,Jhaveri Credits and Capital Ltd,/stocks/jhaveri-credits-and-capital-JHA,Investment Banking & Brokerage,JHACC,Smallcap,200,-1.090000033,196431.2969
GSSI,GSS Infotech Ltd,/stocks/gss-infotech-GSSI,Software Services,GSS,Smallcap,12.77000046,-2.069999933,196089.875
GOLK,Golkunda Diamonds and Jewellery Ltd,/stocks/golkunda-diamonds-and-jewellery-GOLK,"Precious Metals, Jewellery & Watches",GOLKUNDIA,Smallcap,264,-2.940000057,195311.5469
ROYA,Royal Cushion Vinyl Products Ltd,/stocks/royal-cushion-vinyl-products-ROYA,Building Products - Glass,ROYALCU,Smallcap,16.39999962,-5.260000229,194893.1875
VKA,Vantage Knowledge Academy Ltd,/stocks/vantage-knowledge-academy-VKA,Publishing,VKAL,Smallcap,1,3.089999914,194879.5156
FLEI,Flexituff Ventures International Ltd,/stocks/flexituff-ventures-international-FLEI,Packaging,FLEXITUFF,Smallcap,5.679999828,4.409999847,194331.75
ATHE,Athena Global Technologies Ltd,/stocks/athena-global-technologies-ATHE,IT Services & Consulting,ATHENAGLO,Smallcap,57.47000122,-4.989999771,193531.0938
SOV,Sovereign Diamonds Ltd,/stocks/sovereign-diamonds-SOV,"Precious Metals, Jewellery & Watches",SOVERDIA,Smallcap,24,7.53000021,193205.0469
SOM,Crescentis Capital Ltd,/stocks/som-datt-finance-corporation-SOM,Specialized Finance,CRESCENTIS,Smallcap,121,1.50999999,192760.0156
ENF,Enfuse Solutions Ltd,/stocks/enfuse-solutions-ENF,IT Services & Consulting,ENFUSE,Smallcap,161,-1.620000005,192600
VITAL,Vital Chemtech Ltd,/stocks/vital-chemtech-VITAL,Commodity Chemicals,VITAL,Smallcap,47.68000031,1.019999981,192203.9375
RBS,Ramdevbaba Solvent Ltd,/stocks/ramdevbaba-solvent-RBS,FMCG - Household Products,RBS,Smallcap,80,,192000
IOS,Trans India House Impex Ltd,/stocks/io-system-IOS,Commodities Trading,TIHIL,Smallcap,3.980000019,,191856
SDR,S D Retail Ltd,/stocks/s-d-retail-SDR,Retail - Apparel,SDREAMS,Smallcap,96.5,1.049999952,191700
RELC,Reliance Chemotex Industries Ltd,/stocks/reliance-chemotex-industries-RELC,Textiles,RELCHEMQ,Smallcap,133.0599976,-1.059999943,191501.3594
MITC,MITCON Consultancy & Engineering Services Ltd,/stocks/mitcon-consultancy-and-engineering-services-MITC,Education Services,MITCON,Smallcap,76.56999969,-3.829999924,191496.4531
JAYK,Jay Kailash Namkeen Ltd,/stocks/jay-kailash-namkeen-JAYK,Wood Products,JAYKAILASH,Smallcap,23.93000031,-4.960000038,191440
KRME,Karma Energy Ltd,/stocks/karma-energy-KRME,Renewable Energy,KARMAENG,Smallcap,41.00999832,-0.170000002,190554.0938
LAF,Laffans Petrochemicals Ltd,/stocks/laffans-petrochemicals-LAF,Commodity Chemicals,LAFFANSQ,Smallcap,30.5,6.679999828,190133.1563
NDA,N D A Securities Ltd,/stocks/nda-securities-NDA,Investment Banking & Brokerage,NDASEC,Smallcap,30.01000023,-1.929999948,189973.5
CRS,Crestchem Ltd,/stocks/crestchem-CRS,Specialty Chemicals,CRSTCHM,Smallcap,127,-3.789999962,189696.5938
FUND,Fundviser Capital (India) Ltd,/stocks/fundviser-capital-india-FUND,Construction Materials,FUNDVISER,Smallcap,389,4.909999847,189521.6406
CHE,Chemcrux Enterprises Ltd,/stocks/chemcrux-enterprises-CHE,Commodity Chemicals,CHEMCRUX,Smallcap,89.40000153,1.649999976,189299.0469
SFM,Supreme Facility Management Ltd,/stocks/supreme-facility-management-SFM,Business Support Services,SFML,Smallcap,23.79999924,6.730000019,188480
TIGL,T & I Global Ltd,/stocks/t-and-i-global-TIGL,Agro Products,TIGLOB,Smallcap,166.0500031,0.360000014,188252.75
OMEA,Omega AG Seeds Punjab Ltd,/stocks/omega-ag-seeds-punjab-OMEA,Agro Products,OMEAG,Smallcap,9.949999809,-2.359999895,187910
ISHI,Ishita Drugs and Industries Ltd,/stocks/ishita-drugs-and-industries-ISHI,Pharmaceuticals,ISHITADR,Smallcap,73.09999847,-1.75999999,187532.8125
AMBA,Ambar Protein Industries Ltd,/stocks/ambar-protein-industries-AMBA,Agro Products,AMBARPIL,Smallcap,209.75,-8.289999962,187385.4063
REVAT,Revathi Equipment India ltd,/stocks/revathi-equipment-india-REVAT,Industrial Machinery,RVTH,Smallcap,757.8499756,-0.469999999,186443.9219
MNF,Mother Nutri Foods Ltd,/stocks/mother-nutri-foods-MNF,FMCG - Foods,MNFL,Smallcap,155.1000061,-2.390000105,186120
MFL,MFL India Ltd,/stocks/mfl-india-MFL,Logistics,MFLINDIA,Smallcap,0.389999986,-2.5,185730.0938
NAGR,Nagreeka Exports Ltd,/stocks/nagreeka-exports-NAGR,Textiles,NAGREEKEXP,Smallcap,25.61000061,0.430000007,185565.5938
COT,United Cotfab Ltd,/stocks/united-cotfab-COT,Textiles,COTFAB,Smallcap,15.35000038,,185400
GSA,G.S. Auto International Ltd,/stocks/g-s-auto-international-GSA,Auto Parts,GSAUTO,Smallcap,14.39999962,-0.689999998,185301.0938
SKCI,Shri Keshav Cements and Infra Ltd,/stocks/shri-keshav-cements-and-infra-SKCI,Cement,SKCIL,Smallcap,128.5,-2.650000095,185179.5
RADHE,Radhe Developers (India) Ltd,/stocks/radhe-developers-india-RADHE,Real Estate,RADHEDE,Smallcap,1.679999948,1.200000048,185063.7656
VINE,Vineet Laboratories Ltd,/stocks/vineet-laboratories-VINE,Specialty Chemicals,VINEETLAB,Smallcap,33.65000153,0.090000004,184750.2969
SHRJ,Shri Jagdamba Polymers Ltd,/stocks/shri-jagdamba-polymers-SHRJ,Textiles,SHRJAGP,Smallcap,574.9000244,-2.089999914,184354.1406
MARL,Maral Overseas Ltd,/stocks/maral-overseas-MARL,Textiles,MARALOVER,Smallcap,53.27999878,-0.25999999,184332.2813
RCR,Shanti Guru Industries Ltd,/stocks/rcl-retail-RCR,FMCG - Foods,SHANTIGURU,Smallcap,8.890000343,4.960000038,184170
SAMB,Sambandam Spinning Mills Ltd,/stocks/sambandam-spinning-mills-SAMB,Textiles,SAMBANDAM,Smallcap,103.4000015,-1.289999962,183543.125
SKFN,Sakthi Finance Ltd,/stocks/sakthi-finance-SKFN,Consumer Finance,SAKTHIFIN,Smallcap,28.5,,183408.5938
ZNTH,Zenith Steel Pipes & Industries Ltd,/stocks/zenith-steel-pipes-and-industries-ZNTH,Building Products - Pipes,ZENITHSTL,Smallcap,5.610000134,-1.059999943,183209.7656
BOD,Bodhtree Consulting Ltd,/stocks/bodhtree-consulting-BOD,IT Services & Consulting,BODHTREE,Smallcap,19.39999962,2.539999962,183147.9063
PODR,Poddar Pigments Ltd,/stocks/poddar-pigments-PODR,Specialty Chemicals,PODDARMENT,Smallcap,241,-0.819999993,182770.4063
COCO,Country Condo's Ltd,/stocks/country-condos-COCO,Real Estate,COUNCODOS,Smallcap,4.929999828,0.819999993,182662.2031
QUE,AmpVolts Ltd,/stocks/quest-softech-india-QUE,Electronic Equipments,AMPVOLTS,Smallcap,29.53000069,,181963.8594
VINN,Vinny Overseas Ltd,/stocks/vinny-overseas-VINN,Textiles,VINNY,Smallcap,1.110000014,,181816.8906
USME,Usha Martin Education And Solutions Ltd,/stocks/usha-martin-education-and-solutions-USME,Education Services,UMESLTD,Smallcap,6.039999962,-4.130000114,181542.2344
INDOC,Indo-City Infotech Ltd,/stocks/indo-city-infotech-INDOC,Diversified Financials,INDOCITY,Smallcap,13.5,-2.099999905,181404.0781
GENP,Genpharmasec Ltd,/stocks/generic-pharmasec-GENP,Commodities Trading,GENPHARMA,Smallcap,1.120000005,-1.75,180140.7969
FMNL,Future Market Networks Ltd,/stocks/future-market-networks-FMNL,Real Estate,FMNL,Smallcap,10.44999981,-1.50999999,180032.7656
ADC,Adcon Capital Services Ltd,/stocks/adcon-capital-services-ADC,Investment Banking & Brokerage,ADCON,Smallcap,0.519999981,,179641.7969
CATV,Catvision Ltd,/stocks/catvision-CATV,Communication & Networking,CATVISION,Smallcap,18.95000076,-4.150000095,179218.4375
RUCH,Ruchi Infrastructure Ltd,/stocks/ruchi-infrastructure-RUCH,Agro Products,RUCHINFRA,Smallcap,6.130000114,0.159999996,179008.2656
SARD,Tahmar Enterprises Ltd,/stocks/sarda-papers-SARD,Alcoholic Beverages,TAHMARENT,Smallcap,4.670000076,-0.639999986,178961.7656
DHIL,Dhillon Freight Carrier Ltd,/stocks/dhillon-freight-carrier-DHIL,Logistics,DHILLON,Smallcap,37.20000076,0.810000002,178224
SAFEC,SAFECURE SERVICES LIMITED,/stocks/safecure-services-SAFEC,Business Support Services,SAFECURE,Smallcap,24.10000038,-1.110000014,177408
FIN,Fine-Line Circuits Ltd,/stocks/fine-line-circuits-FIN,Electronic Equipments,FINELINE,Smallcap,69.94000244,5,177158.0156
TEE,Teesta Agro Industries Ltd,/stocks/teesta-agro-industries-TEE,Fertilizers & Agro Chemicals,TEEAI,Smallcap,117.9000015,2.789999962,176993.2813
NATU,Natural Biocon (India) Ltd,/stocks/natural-biocon-india-NATU,Agro Products,NATURAL,Smallcap,3.440000057,-9.710000038,176750.6406
SURYL,Suryalata Spinning Mills Ltd,/stocks/suryalata-spinning-mills-SURYL,Textiles,SURYALA,Smallcap,448,-0.100000001,176740.4375
OBC,OBCL Ltd,/stocks/orissa-bengal-carrier-OBC,Logistics,OBCL,Smallcap,55.58000183,-0.300000012,176410.7813
AICI,Ai Champdany Industries Ltd,/stocks/ai-champdany-industries-AICI,Textiles,AICHAMP,Smallcap,33.75999832,-4.980000019,175468.9219
DFP,Dindigul Farm Product Ltd,/stocks/dindigul-farm-product-DFP,Building Products - Ceramics,DFPL,Smallcap,17.04999924,0.289999992,175000
AUS,Austin Engineering Company Ltd,/stocks/austin-engineering-company-AUS,Industrial Machinery,AUSTENG,Smallcap,131.8999939,-0.25999999,174530.7969
3PLA,3P Land Holdings Ltd,/stocks/3p-land-holdings-3PLA,Real Estate,3PLAND,Smallcap,33.47999954,2.480000019,174368.1563
TARA,Tarapur Transformers Ltd,/stocks/tarapur-transformers-TARA,Heavy Electrical Equipments,TARAPUR,Smallcap,18.51000023,-0.270000011,174358.4063
WORT,Worth Investment & Trading Co Ltd,/stocks/worth-investment-and-trading-company-WORT,Specialized Finance,WORTH,Smallcap,3.789999962,-1.809999943,173949.625
GOW,Gowra Leasing and Finance Ltd,/stocks/gowra-leasing-and-finance-GOW,Consumer Finance,GOWRALE,Smallcap,97,-5,173824
CRAY,Crayons Advertising Ltd,/stocks/crayons-advertising-CRAY,Advertising,CRAYONS,Smallcap,27.54999924,-3.160000086,173280
CUR,Current Infraprojects Ltd,/stocks/current-infraprojects-CUR,Construction & Engineering,CURRENT,Smallcap,108,2.809999943,172800
RRF,R R Financial Consultants Ltd,/stocks/r-r-financial-consultants-RRF,Investment Banking & Brokerage,RRFIN,Smallcap,105.8499985,5,172641.3438
FAA,Faalcon Concepts Ltd,/stocks/faalcon-concepts-FAA,Construction & Engineering,FAALCON,Smallcap,28.60000038,-2.99000001,171180
ACM,Aditya Consumer Marketing Ltd,/stocks/aditya-consumer-marketing-ACM,Retail - Speciality,ACML,Smallcap,35,11.93000031,170800
PARMA,Parmax Pharma Ltd,/stocks/parmax-pharma-PARMA,Pharmaceuticals,PARMAX,Smallcap,82.87999725,1.99000001,170401.2813
ANSA,Ansal Buildwell Ltd,/stocks/ansal-buildwell-ANSA,Real Estate,ANSALBU,Smallcap,83.30000305,-1.559999943,170341.8594
CPM,City Pulse Multiventures Ltd,/stocks/city-pulse-multiplex-CPM,Movies & TV Serials,CPML,Smallcap,1134.25,-5,170137.5
LFIC,Lakshmi Finance and Industrial Corp Ltd,/stocks/lakshmi-finance-and-industrial-corp-LFIC,Diversified Financials,LFIC,Smallcap,145.4700012,-2.039999962,168634.0156
PSI,PS IT Infrastructure & Services Ltd,/stocks/ps-it-infrastructure-and-services-PSI,Technology Hardware,PSITINFRA,Smallcap,1.059999943,,168542.4063
PROD,Prodocs Solutions Ltd,/stocks/prodocs-solutions-PROD,IT Services & Consulting,PRODOCS,Smallcap,168,0.449999988,168000
BENC,Benchmark Computer Solutions Ltd,/stocks/benchmark-computer-solutions-BENC,Software Services,BENCHMARK,Smallcap,42,5,168000
APLAB,Aplab Ltd,/stocks/aplab-APLAB,Electronic Equipments,APLAB,Smallcap,93,-3.130000114,167558.8594
SAC,Sacheta Metals Ltd,/stocks/sacheta-metals-SAC,Housewares,SACHEMT,Smallcap,3.839999914,-0.519999981,166815.6563
PELA,Pelatro Ltd,/stocks/pelatro-PELA,Advertising,PELATRO,Smallcap,278,-2.420000076,166800
SCAN,Family Care Hospitals Ltd,/stocks/scandent-imaging-SCAN,Hospitals & Diagnostic Centres,FAMILYCARE,Smallcap,2.880000114,-1.370000005,166167.3594
EURO,Eurotex Industries and Exports Ltd,/stocks/eurotex-industries-and-exports-EURO,Textiles,EUROTEXIND,Smallcap,14.93000031,-3.049999952,166052.7969
JAYAN,Jayant Infratech Ltd,/stocks/jayant-infratech-JAYAN,Construction & Engineering,JAYANT,Smallcap,73.5,,165375
BIB,Bharat Immunologicals and Biologicals Corporation Ltd,/stocks/bharat-immunological-and-biological-corporation-BIB,Pharmaceuticals,BIBCL,Smallcap,16.79000092,0.779999971,165355.3125
UVD,United Van Der Horst Ltd,/stocks/united-van-der-horst-UVD,Industrial Machinery,UVDRHOR,Smallcap,35.5,-0.839999974,165227.3438
SUL,Sulabh Engineers and Services Ltd,/stocks/sulabh-engineers-and-services-SUL,Specialized Finance,SULABEN,Smallcap,2.799999952,2.940000057,165120.6406
SHREP,Shree Pacetronix Ltd,/stocks/shree-pacetronix-SHREP,Health Care Equipment & Supplies,SHREEPAC,Smallcap,130.8999939,0.649999976,165058.8281
INDIR,Indian Acrylics Ltd,/stocks/indian-acrylics-INDIR,Textiles,INDIANACRY,Smallcap,5.849999905,,164603.1094
ACK,Acknit Industries Ltd,/stocks/acknit-industries-ACK,Apparel & Accessories,ACKNIT,Smallcap,300,2.039999962,164312.3125
RAJAT,FYNX Capital Ltd,/stocks/rajath-finance-RAJAT,Consumer Finance,FYNX,Smallcap,4.53000021,-4.829999924,164052.7031
AKA,Kalyan Capitals Ltd,/stocks/akashdeep-metal-industries-AKA,Consumer Finance,KALYANCAP,Smallcap,8.579999924,-4.980000019,163883.5156
DARJ,Darjeeling Industriies Ltd,/stocks/darjeeling-ropeway-company-DARJ,Textiles,DARJEELING,Smallcap,30.87000084,-4.989999771,163271.4375
DLTA,Delta Manufacturing Ltd,/stocks/delta-manufacturing-DLTA,Industrial Machinery,DELTAMAGNT,Smallcap,60.11000061,-0.639999986,162784.4844
DILG,Diligent Media Corporation Ltd,/stocks/diligent-media-corporation-DILG,Publishing,DNAMEDIA,Smallcap,2.890000105,,162509.9219
OCTAV,Perfect-Octave Media Projects Ltd,/stocks/perfect-octave-media-projects-OCTAV,Movies & TV Serials,OCTAVE,Smallcap,3.75999999,-6,162212.6406
PCC,Pee Cee Cosma Sope Ltd,/stocks/pee-cee-cosma-sope-PCC,FMCG - Household Products,PCCOSMA,Smallcap,298.6499939,0.670000017,161917.1719
INCA,Incap Ltd,/stocks/incap-INCA,Electronic Equipments,INCAP,Smallcap,100,-6.849999905,161530.9844
SEAG,Prabhhans Industries Ltd,/stocks/sea-gold-infrastructure-SEAG,Paper Products,PRABHHANS,Smallcap,31.85000038,0.090000004,161460.6406
VBI,VB Industries Ltd,/stocks/v-b-industries-VBI,Diversified Financials,VBIND,Smallcap,7.849999905,9.640000343,160978.9531
VIVAA,Vivaa Tradecom Ltd,/stocks/vivaa-tradecom-VIVAA,Retail - Apparel,VIVAA,Smallcap,80.44999695,4.960000038,160900
RASR,Ras Resorts and Apart Hotels Ltd,/stocks/ras-resorts-and-apart-hotels-RASR,"Hotels, Resorts & Cruise Lines",RASRESOR,Smallcap,57,-0.730000019,160739.375
NATPL,National Plastic Technologies Ltd,/stocks/national-plastic-technologies-NATPL,Plastic Products,NATPLASTI,Smallcap,212,,160495.7188
HPT,HP Telecom India Ltd,/stocks/hp-telecom-india-HPT,Technology Hardware,HPTL,Smallcap,266.9500122,-5,160170
EARK,earKART Ltd,/stocks/earkart-EARK,Health Care Equipment & Supplies,EARKART,Smallcap,160,2.200000048,160000
ICI,Indo Cotspin Ltd,/stocks/indo-cotspin-ICI,Textiles,ICL,Smallcap,31.78000069,0.699999988,159940.1719
SPCO,Srinibas Pradhan Constructions Ltd,/stocks/srinibas-pradhan-constructions-SPCO,Roads,SPCON,Smallcap,132.8500061,6.28000021,159420
ARIT,Aritas Vinyl Ltd,/stocks/aritas-vinyl-ARIT,Textiles,ARITAS,Smallcap,13.30000019,-0.079999998,158760
DHRU,Dhruva Capital Services Ltd,/stocks/dhruva-capital-services-DHRU,Specialized Finance,DHRUVCA,Smallcap,357.3999939,-5,158685.5938
MALP,Malu Paper Mills Ltd,/stocks/malu-paper-mills-MALP,Paper Products,MALUPAPER,Smallcap,31.10000038,-0.639999986,158461.0156
ABA,Abans Enterprises Ltd,/stocks/abans-enterprises-ABA,Commodities Trading,ABANSENT,Smallcap,29.47999954,-0.839999974,157521.4531
ETL,Emkay Tools Ltd,/stocks/emkay-tools-ETL,Industrial Machinery,ETL,Smallcap,1045,0.479999989,156750
BHI,Bhilwara Spinners Ltd,/stocks/bhilwara-spinners-BHI,Textiles,BHILSPIN,Smallcap,128.8000031,3,156307.5313
RMIL,Radaan Media Works India Ltd,/stocks/radaan-media-works-india-RMIL,Movies & TV Serials,RADAAN,Smallcap,2.970000029,-0.670000017,156195.2031
CMN,Chaman Metallics Ltd,/stocks/chaman-metallics-CMN,Iron & Steel,CMNL,Smallcap,102.0500031,-3.910000086,156180
DED,Dhanashree Electronics Ltd,/stocks/dhanashree-electronics-DED,Electrical Components & Equipments,DEL,Smallcap,123.1500015,-4.980000019,156154.2031
UPA,Aastamangalam Finance Ltd,/stocks/upasana-finance-UPA,Specialized Finance,AASTAFIN,Smallcap,35.5,5.190000057,155481.4531
CHOW,Chowgule Steamships Ltd,/stocks/chowgule-steamships-CHOW,Logistics,CHOWGULSTM,Smallcap,22.12000084,-0.449999988,155290.4844
THIRD,UVS Hospitality and Services Ltd,/stocks/thirdwave-financial-intermediaries-THIRD,Restaurants & Cafes,UVS,Smallcap,94,0.839999974,155205.4063
DLC,Dr Lalchandani Labs Ltd,/stocks/dr-lalchandani-labs-DLC,Hospitals & Diagnostic Centres,DLCL,Smallcap,7.929999828,,155200
ALAN,Alan Scott Enterprises Ltd,/stocks/alan-scott-industries-ALAN,Movies & TV Serials,ALANSCOTT,Smallcap,379,-0.49000001,155016.4063
ZENX,Zenith Exports Ltd,/stocks/zenith-exports-ZENX,Textiles,ZENITHEXPO,Smallcap,202.5,2.930000067,154998.4219
KEN,Kenvi Jewels Ltd,/stocks/kenvi-jewels-KEN,"Precious Metals, Jewellery & Watches",KENVI,Smallcap,2.130000114,,153870.2813
ALE,Alexander Stamps and Coin Ltd,/stocks/alexander-stamps-and-coin-ALE,Diversified Financials,ALEXANDER,Smallcap,7.579999924,3.690000057,153773.4063
GUJPE,Gujarat Petrosynthese Ltd,/stocks/gujarat-petrosynthese-GUJPE,Specialty Chemicals,GUJPETR,Smallcap,57.97999954,0.330000013,153685.2031
PSPL,PDP Shipping & Projects Ltd,/stocks/pdp-shipping-and-projects-PSPL,Logistics,PSPL,Smallcap,57,-3.369999886,153390
CELF,Celebrity Fashions Ltd,/stocks/celebrity-fashions-CELF,Apparel & Accessories,CELEBRITY,Smallcap,7.889999866,0.769999981,153365.4531
SUV,Suvidhaa Infoserve Ltd,/stocks/suvidhaa-infoserve-SUV,Online Services,SUVIDHAA,Smallcap,2.700000048,0.370000005,153297.7188
NMST,Newmalayalam Steel Ltd,/stocks/newmalayalam-steel-NMST,Building Products - Others,NMSTEEL,Smallcap,24.5,2.940000057,153088
WOS,Western Overseas Study Abroad Ltd,/stocks/western-overseas-study-abroad-WOS,Education Services,WOSAL,Smallcap,19,-2.559999943,152960
VALS,Valson Industries Ltd,/stocks/valson-industries-VALS,Textiles,VALSONQ,Smallcap,36.86999893,2.420000076,152867.8125
RAPP,Rappid Valves (India) Ltd,/stocks/rappid-valves-india-RAPP,Industrial Machinery,RAPPID,Smallcap,254.1499939,-2.25,152490
UJAA,Ujaas Energy Ltd,/stocks/ujaas-energy-UJAA,Renewable Energy,UEL,Smallcap,130.2899933,-0.180000007,152250
SHET,Shetron Ltd,/stocks/shetron-SHET,Packaging,SHETR,Smallcap,100.25,2.309999943,151404.6563
THR,Three M Paper Boards Ltd,/stocks/three-m-paper-boards-THR,Packaging,THREEMPAPE,Smallcap,26,5.050000191,151380
HOT,H S India Ltd,/stocks/h-s-india-HOT,"Hotels, Resorts & Cruise Lines",HOTLSILV,Smallcap,11,-2.220000029,151171.7031
SOLIM,Solitaire Machine Tools Ltd,/stocks/solitaire-machine-tools-SOLIM,Industrial Machinery,SOLIMAC,Smallcap,89,2.700000048,150503.4063
ASHOK,Aeonx Digital Technology Ltd,/stocks/ashok-alco-chem-ASHOK,IT Services & Consulting,AEONXDIGI,Smallcap,117,1.690000057,150181.9531
KAJ,K I C Metaliks Ltd,/stocks/kic-metaliks-KAJ,Iron & Steel,KAJARIR,Smallcap,37.11999893,0.079999998,150067.4688
CPS,C P S Shapers Ltd,/stocks/c-p-s-shapers-CPS,Retail - Apparel,CPS,Smallcap,1000,-2.910000086,150000
HOL,Holmarc Opto-Mechatronics Ltd,/stocks/holmarc-opto-mechatronics-HOL,Industrial Machinery,HOLMARC,Smallcap,97.5,,149880
WHI,White Organic Agro Ltd,/stocks/white-organic-agro-WHI,FMCG - Foods,WHITEORG,Smallcap,3.75999999,-3.589999914,149802.1563
REFR,Refractory Shapes Ltd,/stocks/refractory-shapes-REFR,Construction & Engineering,REFRACTORY,Smallcap,29,-4.289999962,149450
SEE,SunGarner Energies Ltd,/stocks/sungarner-energies-SEE,Renewable Energy Equipment & Services,SEL,Smallcap,186,-0.800000012,149400
TELE,TeleCanor Global Ltd,/stocks/telecanor-global-TELE,IT Services & Consulting,TELECANOR,Smallcap,24.31999969,4.960000038,148789.7656
ANJAN,Anjani Synthetics Ltd,/stocks/anjani-synthetics-ANJAN,Textiles,ANJANI,Smallcap,22.98999977,-1.75,148580.2969
PRL,Premier Roadlines Ltd,/stocks/premier-roadlines-PRL,Logistics,PRLIND,Smallcap,49.34999847,1.129999995,148080
SNWR,Sanwaria Consumer Ltd,/stocks/sanwaria-consumer-SNWR,FMCG - Foods,SANWARIA,Smallcap,0.200000003,,147195.2031
TATI,Tatia Global Vennture Ltd,/stocks/tatia-global-venture-TATI,Textiles,TATIAGLOB,Smallcap,2.420000076,1.25999999,146676
GARNE,Garnet Construction Ltd,/stocks/garnet-construction-GARNE,Real Estate,GARNET,Smallcap,69.94999695,-2.289999962,146582.125
CUB,Cubical Financial Services Ltd,/stocks/cubical-financial-services-CUB,Specialized Finance,CUBIFIN,Smallcap,3.670000076,0.819999993,146535.4219
PRISM,Prismx Global Ventures Ltd,/stocks/prismx-global-ventures-PRISM,Commodities Trading,PRISMX,Smallcap,0.620000005,5.079999924,146499.5938
PARM,Parmeshwari Silk Mills Ltd,/stocks/parmeshwari-silk-mills-PARM,Textiles,PARMSILK,Smallcap,352.6000061,4.989999771,146329
NIDH,Nidhi Granites Ltd,/stocks/nidhi-granites-NIDH,Investment Banking & Brokerage,NIDHGRN,Smallcap,370,-1.320000052,145743.9375
ARIST,Aristo Bio-Tech and Lifescience Ltd,/stocks/aristo-bio-tech-and-lifescience-ARIST,Fertilizers & Agro Chemicals,ARISTO,Smallcap,91,-4.909999847,145600
FONE,Fonebox Retail Ltd,/stocks/fonebox-retail-FONE,Retail - Speciality,FONEBOX,Smallcap,72.5,,145000
PARAM,Paramatrix Technologies Ltd,/stocks/paramatrix-technologies-PARAM,IT Services & Consulting,PARAMATRIX,Smallcap,60,-1.639999986,144648
SPND,SPL Industries Ltd,/stocks/spl-industries-SPND,Apparel & Accessories,SPLIL,Smallcap,31.62999916,-1.220000029,144490.5
ILFE,IL&FS Engineering and Construction Company Ltd,/stocks/ilandfs-engineering-and-construction-company-ILFE,Construction & Engineering,IL&FSENGG,Smallcap,30,-1.539999962,143579.2031
IGC,IGC Industries Ltd,/stocks/igc-industries-IGC,Textiles,IGCIL,Smallcap,2.210000038,4.739999771,142992.1563
NEWJ,Newjaisa Technologies Ltd,/stocks/newjaisa-technologies-NEWJ,Technology Hardware,NEWJAISA,Smallcap,19.04999924,1.870000005,142725
LCCI,LCC Infotech Ltd,/stocks/lcc-infotech-LCCI,IT Services & Consulting,LCCINFOTEC,Smallcap,4.53000021,-3.410000086,142245.7969
FLE,Flex Foods Ltd,/stocks/flex-foods-FLE,Agro Products,FLEXFO,Smallcap,45.5,-0.889999986,142209
SLCM,Surya Lakshmi Cotton Mills Ltd,/stocks/surya-lakshmi-cotton-mills-SLCM,Textiles,SURYALAXMI,Smallcap,58.34000015,-0.150000006,142194.2813
GLC,Globe Multi Ventures Ltd,/stocks/globe-commercials-GLC,Commodities Trading,GLCL,Smallcap,19.05999947,-1.549999952,142087.4063
EUP,Euphoria Infotech (India) Ltd,/stocks/euphoria-infotech-india-EUP,IT Services & Consulting,EUPHORIAIT,Smallcap,30.63999939,0.959999979,141936
PPS,Picturepost Studios Ltd,/stocks/picturepost-studios-PPS,Animation,PPSL,Smallcap,3.150000095,-4.550000191,141750
STDI,Standard Industries Ltd,/stocks/standard-industries-STDI,Textiles,SIL,Smallcap,15.92000008,0.379999995,141344.3125
UMU,UMA Converter Ltd,/stocks/uma-converter-UMU,Packaging,UMA,Smallcap,18,4.349999905,140800
USG,USG Tech Solutions Ltd,/stocks/usg-tech-solutions-USG,IT Services & Consulting,USGTECH,Smallcap,10.86999989,-1.980000019,140570.8438
SELM,Sel Manufacturing Company Ltd,/stocks/sel-manufacturing-company-SELM,Textiles,SELMC,Smallcap,29.62000084,0.029999999,140452
ABR,Abram Food Ltd,/stocks/abram-food-ABR,FMCG - Foods,ABRFL,Smallcap,58.31000137,-4.989999771,139944
SILL,Silly Monks Entertainment Ltd,/stocks/silly-monks-entertainment-SILL,Advertising,SILLYMONKS,Smallcap,16.20000076,-0.370000005,139931.4531
CONTP,Continental Petroleums Ltd,/stocks/continental-petroleums-CONTP,Commodity Chemicals,CONTPTR,Smallcap,82.98999786,0.939999998,139771.1719
MYS,Mystic Electronics Ltd,/stocks/mystic-electronics-MYS,Electronic Equipments,MYSTICELE,Smallcap,3.700000048,14.90999985,139566.2344
SIDDC,Siddhi Cotspin Ltd,/stocks/siddhi-cotspin-SIDDC,Textiles,SIDDHICOTS,Smallcap,29.04999924,0.170000002,139248
SIMA,Simandhar Impex Ltd,/stocks/simandhar-impex-SIMA,"Precious Metals, Jewellery & Watches",SIMANDHAR,Smallcap,141.5,4.809999943,139043.5156
ADL,Archidply Decor Ltd,/stocks/archidply-decor-ADL,Wood Products,ADL,Smallcap,68.98999786,-1.889999986,138891
WICL,Welspun Investments and Commercials Ltd,/stocks/welspun-investments-and-commercials-WICL,Diversified Financials,WELINV,Smallcap,1790,4.940000057,138706.4063
ASPIR,Aspire & Innovative Advertising Ltd,/stocks/aspire-and-innovative-advertising-ASPIR,Home Electronics & Appliances,ASPIRE,Smallcap,13.60000038,-4.559999943,138200
SUPET,Supertex Industries Ltd,/stocks/supertex-industries-SUPET,Textiles,SUPERTEX,Smallcap,5.940000057,-1,137895.125
RRAY,Raj Rayon Industries Ltd,/stocks/raj-rayon-industries-RRAY,Textiles,RAJRILTD,Smallcap,23.26000023,-1.980000019,137838.7656
SHEEL,Sheel Biotech Ltd,/stocks/sheel-biotech-SHEEL,Seeds,SHEEL,Smallcap,68.90000153,-4.170000076,137800
APTP,APT Packaging Ltd,/stocks/apt-packaging-APTP,Plastic Products,APTPACK,Smallcap,75,4.170000076,137751.5938
LYPS,Lypsa Gems & Jewellery Ltd,/stocks/lypsa-gems-and-jewellery-LYPS,"Precious Metals, Jewellery & Watches",LYPSAGEMS,Smallcap,4.639999866,0.649999976,137239.7031
PHI,Team24 Consumer Products Ltd,/stocks/kore-foods-PHI,Packaged Foods & Meats,TEAM24,Smallcap,30,3.809999943,137225.9063
VRF,VR Films & Studios Ltd,/stocks/v-r-films-and-studios-VRF,Movies & TV Serials,VRFILMS,Smallcap,14.98999977,3.019999981,137213.125
LWS,LWS Knitwear Ltd,/stocks/lws-knitwear-LWS,Textiles,LWSKNIT,Smallcap,17.62999916,3.829999924,136775.25
GAL,Galactico Corporate Services Ltd,/stocks/galactico-corporate-services-GAL,Diversified Financials,GALACTICO,Smallcap,2.00999999,-1.950000048,136646.9375
ACS,Arvind Port and Infra Ltd,/stocks/arvind-and-company-shipping-agencies-ACS,Logistics,ARVINDPORT,Smallcap,30.25,-2.25999999,136035
GANGB,GANGA Bath Fittings Ltd,/stocks/ganga-bath-fittings-GANGB,Building Products - Others,GANGABATH,Smallcap,22.60000038,0.670000017,135900
ELEF,Elegant Floriculture & Agrotech (India) Ltd,/stocks/elegant-floriculture-and-agrotech-india-ELEF,Agro Products,ELEFLOR,Smallcap,5.130000114,1.179999948,135724.8438
HIT,Hittco Tools Ltd,/stocks/hittco-tools-HIT,Industrial Machinery,HITTCO,Smallcap,9.800000191,-4.760000229,135611.9063
TOUC,Touchwood Entertainment Ltd,/stocks/touchwood-entertainment-TOUC,Advertising,TOUCHWOOD,Smallcap,70.33000183,0.469999999,135517.5781
PSF,Paramount Speciality Forgings Ltd,/stocks/paramount-speciality-forgings-PSF,Industrial Machinery,PSFL,Smallcap,34.5,4.230000019,135480
DECC,Deccan Transcon Leasing Ltd,/stocks/deccan-transcon-leasing-DECC,Logistics,DECCANTRAN,Smallcap,22.54999924,-0.439999998,135300
RAR,Resourceful Automobile Ltd,/stocks/resourceful-automobile-RAR,Retail - Speciality,RAL,Smallcap,54.65000153,-4.940000057,135144
SANGA,Sangani Hospitals Ltd,/stocks/sangani-hospitals-SANGA,Hospitals & Diagnostic Centres,SANGANI,Smallcap,45,,135000
VELH,Velan Hotels Ltd,/stocks/velan-hotels-VELH,"Hotels, Resorts & Cruise Lines",VELHO,Smallcap,6.690000057,4.860000134,134751.875
BAGW,Bhagawati Gas Ltd,/stocks/bhagawati-gas-BAGW,Commodity Chemicals,BHAGGAS,Smallcap,9.289999962,1.980000019,134249.7969
SOUT,Southern Latex Ltd,/stocks/southern-latex-SOUT,Wood Products,SOUTLAT,Smallcap,36,2.450000048,133706.6406
BDI,B D Industries (Pune) Ltd,/stocks/b-d-industries-pune-BDI,Plastic Products,BDI,Smallcap,110.5,,132600
SAGA,Sagarsoft (India) Ltd,/stocks/sagarsoft-india-SAGA,IT Services & Consulting,SAGARSOFT,Smallcap,72,-5.300000191,131863.0938
VICTM,Victoria Mills Ltd,/stocks/victoria-mills-VICTM,Real Estate,VICTMILL,Smallcap,5151.049805,-0.970000029,131652
GARWA,Garware Marine Industries Ltd,/stocks/garware-marine-industries-GARWA,Shipbuilding,GARWAMAR,Smallcap,21.89999962,,131401.7969
STC,S & T Corporation Ltd,/stocks/s-and-t-corporation-STC,Packaged Foods & Meats,STCORP,Smallcap,3.880000114,-3.24000001,130681.9219
WILM,Williamson Magor and Co Ltd,/stocks/williamson-magor-and-co-WILM,Specialized Finance,WILLAMAGOR,Smallcap,27.79000092,4.829999924,130638.5625
SHARD,Eco Hotels and Resorts Ltd,/stocks/sharad-fibres-and-yarn-processors-SHARD,"Hotels, Resorts & Cruise Lines",ECOHOTELS,Smallcap,13.44999981,-1.679999948,130578.75
VISAG,Visagar Financial Services Ltd,/stocks/visagar-financial-services-VISAG,Diversified Financials,VISAGAR,Smallcap,0.349999994,2.940000057,130538.2422
KKSI,K K Silk Mills Ltd,/stocks/k-k-silk-mills-KKSI,Apparel & Accessories,KKSILK,Smallcap,10.94999981,,130200
MDVM,Madhav Marbles and Granites Ltd,/stocks/madhav-marbles-and-granites-MDVM,Building Products - Granite,MADHAV,Smallcap,35.99000168,-1.799999952,129922.3828
VRL,Vasundhara Rasayans Ltd,/stocks/vasundhara-rasayans-VRL,Pharmaceuticals,VRL,Smallcap,170,-2.579999924,129860.5625
TVVI,TV Vision Ltd,/stocks/tv-vision-TVVI,TV Channels & Broadcasters,TVVISION,Smallcap,5.119999886,1.789999962,129620.2578
GAY,Gayatri Sugars Ltd,/stocks/gayatri-sugars-GAY,Sugar,GAYATRI,Smallcap,8.350000381,0.360000014,129183.0703
VIVA,Vivanta Industries Ltd,/stocks/vivanta-industries-VIVA,Pharmaceuticals,VIVANTA,Smallcap,1.769999981,0.569999993,128779.2031
NCIL,Nagreeka Capital & Infrastructure Ltd,/stocks/nagreeka-capital-and-infrastructure-NCIL,Asset Management,NAGREEKCAP,Smallcap,24.77000046,0.49000001,128663.2188
LICL,Landmark Global Learning Ltd,/stocks/landmark-immigration-consultants-LICL,Business Support Services,LGLL,Smallcap,15.67000008,-2.369999886,128560
MNI,Mega Nirman & Industries Ltd,/stocks/mega-nirman-and-industries-MNI,Cement,MNIL,Smallcap,34,0.889999986,127885.9609
ESH,Esha Media Research Ltd,/stocks/esha-media-research-ESH,Advertising,ESHAMEDIA,Smallcap,26.52000046,-4.539999962,127836
DELA,delaPlex Ltd,/stocks/delaplex-DELA,IT Services & Consulting,DELAPLEX,Smallcap,107.9499969,1.789999962,127764
MME,Moving Media Entertainment Ltd,/stocks/moving-media-entertainment-MME,Business Support Services,MMEL,Smallcap,31.89999962,,127680
SHAU,Shivam Autotech Ltd,/stocks/shivam-autotech-SHAU,Auto Parts,SHIVAMAUTO,Smallcap,17.81999969,4.949999809,127573.3828
JJF,J J Finance Corporation Ltd,/stocks/j-j-finance-corporation-JJF,Diversified Financials,JJFINCOR,Smallcap,43.54999924,-4.639999866,127520.1172
SKIF,Shree Krishna Infrastructure Ltd,/stocks/shree-krishna-infrastructure-SKIF,Real Estate,SKIFL,Smallcap,8.5,-4.920000076,127500
SRME,SRM Energy Ltd,/stocks/srm-energy-SRME,Renewable Energy,SRMENERGY,Smallcap,27.47999954,4.96999979,126490.4375
CHAND,Chandra Prabhu International Ltd,/stocks/chandra-prabhu-international-CHAND,Commodities Trading,CHANDRAP,Smallcap,11.43999958,0.620000005,125897.1719
VR,V R Infraspace Ltd,/stocks/v-r-infraspace-VR,Real Estate,VR,Smallcap,104.5,-5,125400
ANUPA,Anupam Finserv Ltd,/stocks/anupam-finserv-ANUPA,Consumer Finance,ANUPAM,Smallcap,1.970000029,-1.00999999,125242.6406
GAGA,Gagan Gases Ltd,/stocks/gagan-gases-GAGA,Oil & Gas - Storage & Transportation,GAGAN,Smallcap,21.25,2.019999981,125054.9766
DMR,DMR Engineering Ltd,/stocks/dmr-hydroengineering-and-infrastructures-DMR,Business Support Services,DMR,Smallcap,32,-3,124800
PEI,Premier Energy and Infrastructure Ltd,/stocks/premier-energy-and-infrastructure-PEI,Construction & Engineering,PEIL,Smallcap,6.099999905,-0.810000002,123874.1406
SCT,Suncare Traders Ltd,/stocks/suncare-traders-SCT,Commodities Trading,SCTL,Smallcap,0.460000008,-2.130000114,123691.7031
SMG,S M Gold Ltd,/stocks/sm-gold-SMG,"Precious Metals, Jewellery & Watches",SMGOLD,Smallcap,12.17000008,-0.409999996,123554.4766
TAIN,Tainwala Chemicals and Plastics (India) Ltd,/stocks/tainwala-chemicals-and-plastics-india-TAIN,Plastic Products,TAINWALCHM,Smallcap,198.6799927,-1.769999981,123483.3594
SHARV,Sharvaya Metals Ltd,/stocks/sharvaya-metals-SHARV,Metals - Aluminium,SHARVAYA,Smallcap,105.5,1.25,123240
EVO,EVOQ Remedies Ltd,/stocks/evoq-remedies-EVO,Pharmaceuticals,EVOQ,Smallcap,2.359999895,-4.840000153,123240
SWARN,Swarnsarita Jewels India Ltd,/stocks/swarnsarita-gems-SWARN,"Precious Metals, Jewellery & Watches",SWARNSAR,Smallcap,30.54999924,0.100000001,122345.2031
LAB,Labelkraft Technologies Ltd,/stocks/labelkraft-technologies-LAB,Electronic Equipments,LABELKRAFT,Smallcap,61,,122000
SRU,SRU Steels Ltd,/stocks/sru-steels-SRU,Iron & Steel,SRUSTEELS,Smallcap,1.74000001,-4.400000095,121683.4219
NANA,Nandani Creation Ltd,/stocks/nandani-creation-NANA,Apparel & Accessories,JAIPURKURT,Smallcap,27.94000053,1.340000033,121471.2969
INDR,Ind Renewable Energy Ltd,/stocks/ind-renewable-energy-INDR,Renewable Energy Equipment & Services,INDRENEW,Smallcap,11.30000019,-3.579999924,121358.8828
NAT,Natura Hue Chem Ltd,/stocks/natura-hue-chem-NAT,Ports,NATHUEC,Smallcap,35.29000092,,121256.4375
JYOT,Mizzen Ventures Ltd,/stocks/jyothi-infraventures-JYOT,Construction & Engineering,MIZVEN,Smallcap,133,-0.670000017,121178.4609
CMM,Chennai Meenakshi Multispeciality Hospital Ltd,/stocks/chennai-meenakshi-multispeciality-hospital-CMM,Hospitals & Diagnostic Centres,CMMHOSP,Smallcap,38.84999847,-1.649999976,120535.8672
YAM,Yamini Investments Company Ltd,/stocks/yamini-investment-company-YAM,Specialized Finance,YAMNINV,Smallcap,0.639999986,1.590000033,120498.2109
BAL,Balgopal Commercial Ltd,/stocks/balgopal-commercial-BAL,Apparel & Accessories,BALGOPAL,Smallcap,215,-2.269999981,120307.6719
JFL,Jhandewalas Foods Ltd,/stocks/jhandewalas-foods-JFL,Packaged Foods & Meats,JFL,Smallcap,24.25,2.230000019,120050
KKS,KK Shah Hospitals Limited,/stocks/kk-shah-hospitals-KKS,Hospitals & Diagnostic Centres,KKSHL,Smallcap,40,-0.419999987,120000
SAND,Sandu Pharmaceuticals Ltd,/stocks/sandu-pharmaceuticals-SAND,FMCG - Personal Products,SANDUPHQ,Smallcap,41.59999847,0.600000024,119647.1719
SIH,Sihora Industries Ltd,/stocks/sihora-industries-SIH,Textiles,SIHORA,Smallcap,59.59999847,0.02,119200
OCE,Oceanic Foods Ltd,/stocks/oceanic-foods-OCE,Agro Products,OCEANIC,Smallcap,58.34000015,-0.389999986,118801.0781
AVO,KOBO Biotech Ltd,/stocks/avon-lifesciences-AVO,Pharmaceuticals,KOBO,Smallcap,8.279999733,1.970000029,118693.7969
AAT,Aatmaj Healthcare Ltd,/stocks/aatmaj-healthcare-AAT,Hospitals & Diagnostic Centres,AATMAJ,Smallcap,20.5,9.329999924,118680
CJG,C J Gelatine Products Ltd,/stocks/c-j-gelatine-products-CJG,Specialty Chemicals,CJGEL,Smallcap,23,-4.639999866,118455.4766
ATC,ATC Energies System Ltd,/stocks/atc-energies-system-ATC,Batteries,ATCENERGY,Smallcap,24.35000038,-1.809999943,117936
EPI,EPIC Energy Ltd,/stocks/epic-energy-EPI,Electrical Components & Equipments,EPIC,Smallcap,36,-1.909999967,117775.2031
DUK,Duke Offshore Ltd,/stocks/duke-offshore-DUK,Oil & Gas - Equipment & Services,DUKEOFS,Smallcap,25.87000084,1.970000029,117630.8906
KSRE,Kesar Enterprises Ltd,/stocks/kesar-enterprises-KSRE,Sugar,KESARENT,Smallcap,6.300000191,2.440000057,117532.3594
TIE,Tierra Agrotech Ltd,/stocks/tierra-agrotech-TIE,Agro Products,TIERRA,Smallcap,41.99000168,4.869999886,117380.0703
TIRT,Tirth Plastic Ltd,/stocks/tirth-plastic-TIRT,Building Products - Others,TIRTPLS,Smallcap,29.73999977,4.980000019,117235.0781
BME,Bombay Metrics Supply Chain Ltd,/stocks/bombay-metrics-supply-chain-BME,Logistics,BMETRICS,Smallcap,36.79999924,-0.140000001,117216
AMIA,Amiable Logistics (India) Ltd,/stocks/amiable-logistics-india-AMIA,Logistics,AMIABLE,Smallcap,72.94999695,-0.07,116720
SUDA,Sudal Industries Ltd,/stocks/sudal-industries-SUDA,Metals - Aluminium,SUDAI,Smallcap,33,0.790000021,116490.1172
HINDH,Hindustan Hardy Ltd,/stocks/hindustan-hardy-HINDH,Auto Parts,HINDHARD,Smallcap,826.0499878,-2.25,116019.3594
BLUEP,Blue Pebble Ltd,/stocks/blue-pebble-BLUEP,Construction & Engineering,BLUEPEBBLE,Smallcap,73,-2.599999905,115712
AGU,A G Universal Ltd,/stocks/a-g-universal-AGU,Iron & Steel,AGUL,Smallcap,57.75,-4.940000057,115500
ASHF,Star Housing Finance Ltd,/stocks/akme-star-housing-finance-ASHF,Consumer Finance,STARHFL,Smallcap,6.570000172,1.080000043,115203
ARMO,Armour Security (India) Ltd,/stocks/armour-security-india-ARMO,Business Support Services,ARMOUR,Smallcap,19,,115200
SHRIK,Shri Krishna Devcon Ltd,/stocks/shri-krishna-devcon-SHRIK,Real Estate,SHRIKRISH,Smallcap,43.79000092,5.75,114891.6563
KEY,Key Corp Ltd,/stocks/key-corp-KEY,Consumer Finance,KEYCORP,Smallcap,61.88000107,4.989999771,114738.5234
KSR,KSR Footwear Ltd,/stocks/ksr-footwear-KSR,Footwear,KSR,Smallcap,31.54000092,1.809999943,114510.7188
VEE,Veer Energy & Infrastructure Ltd,/stocks/veer-energy-and-infrastructure-VEE,Renewable Energy,VEERENRGY,Smallcap,12.69999981,1.840000033,114453.0625
SPL,Swashthik Plascon Ltd,/stocks/swashthik-plascon-SPL,Plastic Products,SPL,Smallcap,23.5,,114384
THEG,Grob Tea Co Ltd,/stocks/grob-tea-co-THEG,Tea & Coffee,GROBTEA,Smallcap,955.1500244,5.820000172,114276.8438
LES,Lesha Industries Ltd,/stocks/lesha-industries-LES,Commodities Trading,LESHAIND,Smallcap,0.779999971,,114210.7188
SUC,Sangam Finserv Ltd,/stocks/suchitra-finance-and-trading-company-SUC,Specialized Finance,SANGAMFIN,Smallcap,40.90000153,4.579999924,114176.3203
SUPEU,Super Sales India Ltd,/stocks/super-sales-india-SUPEU,Conglomerates,SUPER,Smallcap,823,0.370000005,113629.2031
JON,Jonjua Overseas Ltd,/stocks/jonjua-overseas-JON,Conglomerates,JONJUA,Smallcap,3.359999895,-1.470000029,113389.9219
MARGO,Margo Finance Ltd,/stocks/margo-finance-MARGO,Diversified Financials,MARGOFIN,Smallcap,69.90000153,-1.50999999,113358.7188
GGL,Gautam Gems Ltd,/stocks/gautam-gems-GGL,"Precious Metals, Jewellery & Watches",GGL,Smallcap,3.130000114,-1.570000052,112877.1016
BRAD,Brady And Morris Engineering Co Ltd,/stocks/brady-and-morris-engineering-company-BRAD,Industrial Machinery,BRADYM,Smallcap,773,2.789999962,111914.8438
NAMA,Naman Industries Proxima Ltd,/stocks/naman-in-store-india-NAMA,Business Support Services,NAMAN,Smallcap,46.59999847,-3.920000076,111840
ISHA,Ishan International Ltd,/stocks/ishan-international-ISHA,Industrial Machinery,ISHAN,Smallcap,0.600000024,,111360
PENTA,Pentagon Rubber Ltd,/stocks/pentagon-rubber-PENTA,Auto Parts,PENTAGON,Smallcap,56,-0.270000011,111000
MNUG,Manugraph India Ltd,/stocks/manugraph-india-MNUG,Industrial Machinery,MANUGRAPH,Smallcap,15.23999977,-1.299999952,110960.2188
COMP,Competent Automobiles Company Ltd,/stocks/competent-automobiles-COMP,Retail - Speciality,COMPEAU,Smallcap,368.6000061,-0.5,110856
ELD,Eldeco Housing and Industries Ltd,/stocks/eldeco-housing-and-industries-ELD,Real Estate,ELDEHSG,Smallcap,805.7000122,0.25999999,110328.6406
JLL,Jindal Leasefin Ltd,/stocks/jindal-leasefin-JLL,Investment Banking & Brokerage,JLL,Smallcap,119.0500031,4.980000019,110002.2031
INTED,Integrated Proteins Ltd,/stocks/integrated-proteins-INTED,Packaged Foods & Meats,INTEGFD,Smallcap,150.8999939,1.720000029,109627.8438
DEC,Deccan Health Care Ltd,/stocks/deccan-health-care-DEC,FMCG - Personal Products,DECCAN,Smallcap,13.35000038,4.130000114,109546.7188
ENET,Elnet Technologies Ltd,/stocks/elnet-technologies-ENET,Real Estate,ELNET,Smallcap,338.7999878,1.00999999,109447.9766
KRA,Kranti Industries Ltd,/stocks/kranti-industries-KRA,Auto Parts,KRANTI,Smallcap,63.5,0.629999995,109320.1172
JTA,Annvrridhhi Ventures Ltd,/stocks/j-taparia-projects-JTA,Agro Products,ANVRDHI,Smallcap,9.75,-3.849999905,109053.75
PIOE,Pioneer Embroideries Ltd,/stocks/pioneer-embroideries-PIOE,Apparel & Accessories,PIONEEREMB,Smallcap,22.69000053,-0.699999988,108952.6797
ISF,ISF Ltd,/stocks/isf-ISF,Specialized Finance,ISFL,Smallcap,0.680000007,-1.450000048,108659.9219
CMR,Cyber Media Research & Services Ltd,/stocks/cyber-media-research-and-services-CMR,IT Services & Consulting,CMRSL,Smallcap,67.84999847,-4.96999979,108560
SYST,Systematix Corporate Services Ltd,/stocks/systematix-corporate-services-SYST,Diversified Financials,SYSTMTXC,Smallcap,64.98999786,-0.050000001,108303.9219
DRL,Disha Resources Ltd,/stocks/disha-resources-DRL,Commodity,DRL,Smallcap,26.79999924,4,108268.7109
CKK,C K K Retail Mart Ltd,/stocks/c-k-k-retail-mart-CKK,Agro Products,CKKRETAIL,Smallcap,135,1.889999986,108000
DEE,Deep Polymers Ltd,/stocks/deep-polymers-DEE,Specialty Chemicals,DEEP,Smallcap,38.75,1.470000029,107666.1016
CATE,Cambridge Technology Enterprises Ltd,/stocks/cambridge-technology-enterprises-CATE,IT Services & Consulting,CTE,Smallcap,31.30999947,-2.549999952,107467.3594
ASI,Asia Capital Ltd,/stocks/asia-capital-ASI,Investment Banking & Brokerage,ASIACAP,Smallcap,68.69000244,1.99000001,106934.7578
SONA,Sonal Adhesives Ltd,/stocks/sonal-adhesives-SONA,Specialty Chemicals,SONALAD,Smallcap,48.04999924,-1.720000029,106811.4297
REGE,Regent Enterprises Ltd,/stocks/regent-enterprises-REGE,Agro Products,REGENTRP,Smallcap,5.449999809,5.420000076,106576.7422
ANTC,Antarctica Ltd,/stocks/antarctica-ANTC,Packaging,ANTGRAPHIC,Smallcap,0.800000012,,106440
UPH,U. P. Hotels Ltd,/stocks/u-p-hotels-UPH,"Hotels, Resorts & Cruise Lines",UPHOT,Smallcap,1407,1.570000052,106149.1172
SHIP,Shipwaves Online Ltd,/stocks/shipwaves-online-SHIP,Logistics,SHIPWAVES,Smallcap,3.579999924,3.470000029,105300
AXE,Axel Polymers Ltd,/stocks/axel-polymers-AXE,Commodity Chemicals,AXELPOLY,Smallcap,42,4.789999962,105198.6094
VANDU,Leo Dryfruits & Spices Trading Ltd,/stocks/leo-dryfruits-and-spices-trading-VANDU,IT Services & Consulting,VANDU,Smallcap,52.5,-0.939999998,105000
FIR,First Fintec Ltd,/stocks/firstobject-technologies-FIR,IT Services & Consulting,FIRSTFIN,Smallcap,8.109999657,-4.920000076,104440.5781
HOVS,HandsOn Global Management (HGM) Ltd,/stocks/hov-services-HOVS,Business Support Services,HGM,Smallcap,52.50999832,-0.50999999,104438.3203
STAMdv,GACM Technologies Ltd-DVR,/stocks/stampede-capital---dvr-STAMdv,Investment Banking & Brokerage,GATECHDVR,Smallcap,0.460000008,-2.130000114,104386.5313
MAKS,Maks Energy Solutions India Ltd,/stocks/maks-energy-solutions-india-MAKS,Electrical Components & Equipments,MAKS,Smallcap,23,-4.960000038,103950
ALPIN,Alpine Housing Development Corporation Ltd,/stocks/alpine-housing-development-corporation-ALPIN,Real Estate,ALPINEHOU,Smallcap,91.48000336,1.75999999,103420.2422
RAMI,Raminfo Ltd,/stocks/ram-info-RAMI,Software Services,RAMINFO,Smallcap,46.38000107,1.379999995,103410.2266
NACD,NACDAC Infrastructure Ltd,/stocks/nacdac-infrastructure-NACD,Construction & Engineering,NACDAC,Smallcap,25.79000092,,103160
YUD,Yudiz Solutions Ltd,/stocks/yudiz-solutions-YUD,IT Services & Consulting,YUDIZ,Smallcap,25.64999962,-5,103080
SANJ,Sanjivani Paranteral Ltd,/stocks/sanjivani-paranteral-SANJ,Pharmaceuticals,SANJIVIN,Smallcap,156,1.129999995,102700.8828
ADA,SMT Engineering Ltd,/stocks/adarsh-mercantile-ADA,Industrial Machinery,SMTEL,Smallcap,440,3.019999981,102638.6016
AMANA,Amanaya Ventures Ltd,/stocks/amanaya-ventures-AMANA,"Precious Metals, Jewellery & Watches",AMANAYA,Smallcap,17.10000038,0.289999992,102600
ENT,Enterprise International Ltd,/stocks/enterprise-international-ENT,Textiles,ENTRINT,Smallcap,20.27000046,,102535.8594
HARI,Harish Textile Engineers Ltd,/stocks/harish-textile-engineers-HARI,Industrial Machinery,HARISH,Smallcap,66.05000305,0.239999995,102280.4688
DHANR,Dhanalaxmi Roto Spinners Ltd,/stocks/dhanalaxmi-roto-spinners-DHANR,Textiles,DHANROTO,Smallcap,74.61000061,0.319999993,102264.2969
SMBH,Sambhaav Media Ltd,/stocks/sambhaav-media-SMBH,Publishing,SAMBHAAV,Smallcap,6.449999809,0.159999996,101500.2031
GJRI,Gujarat Raffia Industries Ltd,/stocks/gujarat-raffia-industries-GJRI,Packaging,GUJRAFFIA,Smallcap,40.97000122,0.270000011,101210.2188
KIM,Kimia Biosciences Ltd,/stocks/kimia-biosciences-KIM,Pharmaceuticals,KIMIABL,Smallcap,32.97000122,3.319999933,100742.3984
STLG,STL Global Ltd,/stocks/stl-global-STLG,Textiles,SGL,Smallcap,9.840000153,-2.480000019,100620
POO,Poojawestern Metaliks Ltd,/stocks/poojawestern-metaliks-POO,Metals - Diversified,POOJA,Smallcap,17.54999924,0.400000006,100289.5625
RAYA,Royale Manor Hotels and Industries Ltd,/stocks/royale-manor-hotels-and-industries-RAYA,"Hotels, Resorts & Cruise Lines",RAYALEMA,Smallcap,29.71999931,-3.599999905,100155.9219
CURI,Curis Lifesciences Ltd,/stocks/curis-lifesciences-CURI,Pharmaceuticals,CURIS,Smallcap,99.80000305,0.400000006,99800
HINP,Hindprakash Industries Ltd,/stocks/hindprakash-industries-HINP,Diversified Chemicals,HPIL,Smallcap,126.5,1.200000048,99316.79688
NTE,Norben Tea and Exports Ltd,/stocks/norben-tea-and-exports-NTE,Tea & Coffee,NORBTEAEXP,Smallcap,71.12000275,-0.310000002,99006.35938
MAI,Maruti Infrastructure Ltd,/stocks/maruti-infrastructure-MAI,Construction & Engineering,MAINFRA,Smallcap,12.14999962,-0.330000013,98790.24219
CED,Cedaar Textile Ltd,/stocks/cedaar-textile-CED,Textiles,CEDAAR,Smallcap,19.75,1.279999971,98550
SHRK,Shrenik Ltd,/stocks/shrenik-SHRK,Paper Products,SHRENIK,Smallcap,0.379999995,,98542.35938
VERA,Vera Synthetic Ltd,/stocks/vera-synthetic-VERA,Textiles,VERA,Smallcap,65.55000305,-5,98325
ORO,Orosil Smiths India Ltd,/stocks/orosil-smith-india-ORO,"Precious Metals, Jewellery & Watches",OROSMITHS,Smallcap,6.349999905,1.110000014,97813.79688
RPI,Hampton Sky Realty Ltd,/stocks/ritesh-properties-and-industries-RPI,Real Estate,HAMPTON,Smallcap,9.279999733,1.980000019,97736.52344
MMR,MM Rubber Company Ltd,/stocks/m-m-rubber-co-MMR,Home Furnishing,MMRUBBR-B,Smallcap,59.59999847,-0.150000006,97550.53125
TGBB,TGB Banquets and Hotels Ltd,/stocks/tgb-banquets-and-hotels-TGBB,"Hotels, Resorts & Cruise Lines",TGBHOTELS,Smallcap,8.81000042,-1.889999986,97465.03125
RISA,Risa International Ltd,/stocks/risa-international-RISA,Real Estate,RISAINTL,Smallcap,0.49000001,-3.920000076,97261.57031
MPK,M P K Steels (1) Ltd,/stocks/m-p-k-steels-i-MPK,Iron & Steel,MPKSTEELS,Smallcap,121,,96800
TIRS,Tirupati Sarjan Ltd,/stocks/tirupati-sarjan-TIRS,Real Estate,TIRSARJ,Smallcap,8.069999695,-1.590000033,96557.28125
CRAS,Cranes Software International Ltd,/stocks/cranes-software-international-CRAS,Software Services,CRANESSOFT,Smallcap,3.549999952,-1.389999986,96529.39844
CLI,Clio Infotech Ltd,/stocks/clio-infotech-CLI,Consumer Finance,CLIOINFO,Smallcap,9.630000114,4.900000095,96405.92969
ZOD,Zodiac Ventures Ltd,/stocks/zodiac-ventures-ZOD,Real Estate,ZODIACVEN,Smallcap,1.690000057,1.809999943,96374.88281
UNIQ,Unique Organics Ltd,/stocks/unique-organics-UNIQ,Packaged Foods & Meats,UNIQUEO,Smallcap,83.80000305,5.099999905,96203.52344
FAL,Falcon Technoprojects India Ltd,/stocks/falcon-technoprojects-india-FAL,Construction & Engineering,FALCONTECH,Smallcap,11.5,1.769999981,96096
MARCL,Marc Loire Fashions Ltd,/stocks/marc-loire-fashions-MARCL,Footwear,MARCLOIRE,Smallcap,39,-2.480000019,96000
SSR,SMR Jewels Ltd,/stocks/smr-jewels-SSR,"Precious Metals, Jewellery & Watches",SMR,Smallcap,95.30000305,,95300
CAPT,Capital Trust Ltd,/stocks/capital-trust-CAPT,Consumer Finance,CAPTRUST,Smallcap,13.06999969,0.379999995,94922.74219
KRID,Kridhan Infra Ltd,/stocks/kridhan-infra-KRID,Iron & Steel,KRIDHANINF,Smallcap,2.809999943,0.360000014,94778.75
RUC,IMEC Services Ltd,/stocks/imec-services-RUC,Business Support Services,IMEC,Smallcap,135,0.109999999,93979.60156
MARC,Marco Cables & Conductors Ltd,/stocks/marco-cables-and-conductors-MARC,Cables,MARCO,Smallcap,31.25,1.129999995,93810
PACE,Pace E-Commerce Ventures Ltd,/stocks/pace-e-commerce-ventures-PACE,Retail - Online,PACE,Smallcap,16,2.829999924,93600
UNIL,United Nilgiri Tea Estates Company Ltd,/stocks/united-nilgiri-tea-estates-company-UNIL,Tea & Coffee,UNITEDTEA,Smallcap,485.3999939,0.340000004,93478.89844
SHEK,Shekhawati Industries Ltd,/stocks/shekhawati-poly-yarn-SHEK,Textiles,SHEKHAWATI,Smallcap,14.39999962,1.409999967,92748.96094
JINDC,Jindal Capital Ltd,/stocks/jindal-capital-JINDC,Diversified Financials,JINDCAP,Smallcap,31.75,-0.589999974,92693.75781
LAGN,Lagnam Spintex Ltd,/stocks/lagnam-spintex-LAGN,Textiles,LAGNAM,Smallcap,80.33000183,1.039999962,92665.64844
KIF,Kifs Financial Services Ltd,/stocks/kifs-financial-services-KIF,Specialized Finance,KIFS,Smallcap,115,-4.960000038,92513.52344
MAHAA,Lake Shore Realty Ltd,/stocks/mahaan-foods-MAHAA,Real Estate,LAKESHORE,Smallcap,71.13999939,4.730000019,92444.10938
MAYUR,Mayur Leather Products Ltd,/stocks/mayur-leather-products-MAYUR,Footwear,MAYUR,Smallcap,20.75,4.75,92435.07031
GENU,Genus Prime Infra Ltd,/stocks/genus-prime-infra-GENU,Real Estate,GENUSPRIME,Smallcap,31.12000084,-0.159999996,92407.34375
LEE,Lee & Nee Softwares (Exports) Ltd,/stocks/lee-and-nee-software-exports-LEE,IT Services & Consulting,LEENEE,Smallcap,7.829999924,0.379999995,92274.29688
SIPA,South India Paper Mills Ltd,/stocks/south-india-paper-mills-SIPA,Paper Products,STHINPA,Smallcap,104.5,-2.880000114,91544.85938
SUG,Sugal and Damani Share Brokers Ltd,/stocks/sugal-and-damani-share-brokers-SUG,Investment Banking & Brokerage,SUGALDAM,Smallcap,61.99000168,3.440000057,91254.79688
SYM,Symbiox Investment & Trading Co Ltd,/stocks/symbiox-investment-and-trading-co-SYM,Textiles,SYMBIOX,Smallcap,1.549999952,-3.130000114,91059
SWAST,Swasti Vinayaka Synthetics Ltd,/stocks/swasti-vinayaka-synthetics-SWAST,Apparel & Accessories,SWASTIVI,Smallcap,3.700000048,-0.540000021,90934.35938
GLOBT,Globtier Infotech Ltd,/stocks/globtier-infotech-GLOBT,Software Services,GLOBTIER,Smallcap,18.88999939,-4.929999828,90624
HBSH,HB Stockholdings Ltd,/stocks/hb-stockholdings-HBSH,Investment Banking & Brokerage,HBSL,Smallcap,51.99000168,-1.419999957,90586.64844
FRONC,Frontier Capital Ltd,/stocks/frontier-capital-FRONC,Diversified Financials,FRONTCAP,Smallcap,9.380000114,-0.949999988,90202.65625
STRA,Stratmont Industries Ltd,/stocks/stratmont-industries-STRA,Commodities Trading,STRATMONT,Smallcap,57.5,-1.389999986,90034.45313
SHPL,Sayaji Hotels (Pune) Ltd,/stocks/sayaji-hotels-pune-SHPL,"Hotels, Resorts & Cruise Lines",SHPLPUNE,Smallcap,800,-1.200000048,89614.74219
STD,Standard Surfactants Ltd,/stocks/standard-surfactants-STD,FMCG - Household Products,STDSFAC,Smallcap,51.22000122,-2.730000019,89508.64844
ARSH,Arshiya Ltd,/stocks/arshiya-ARSH,Logistics,ARSHIYA,Smallcap,1.080000043,1.889999986,89399.10156
LADD,Ladderup Finance Ltd,/stocks/ladderup-finance-LADD,Investment Banking & Brokerage,LADDERUP,Smallcap,56.61999893,6.829999924,89270.70313
WINSO,Winsome Breweries Ltd,/stocks/winsome-breweries-WINSO,Alcoholic Beverages,WINSOMBR,Smallcap,21.87999916,2,89146.86719
ORPR,Orient Press Ltd,/stocks/orient-press-ORPR,Packaging,ORIENTLTD,Smallcap,69,-0.029999999,88949.89844
GUJA,Gujarat Poly Electronics Ltd,/stocks/gujarat-poly-electronics-GUJA,Electronic Equipments,GUJARATPOLY,Smallcap,75.5,1.220000029,88475.64063
TWMS,Twentyfirst Century Management Services Ltd,/stocks/twentyfirst-century-management-services-TWMS,Investment Banking & Brokerage,21STCENMGM,Smallcap,31.45000076,-0.939999998,88114.5
WEL,Espire Hospitality Ltd,/stocks/wellesley-corporation-WEL,"Hotels, Resorts & Cruise Lines",ESPIRE,Smallcap,182.8500061,-0.219999999,88107.60156
DUN,Duncan Engineering Ltd,/stocks/duncan-engineering-DUN,Auto Parts,DUNCANENG,Smallcap,381,6.110000134,87967.10938
VWSP,Vikas WSP Ltd,/stocks/vikas-wsp-VWSP,Agro Products,VIKASWSP,Smallcap,1.00999999,1,87595.20313
WEP,WeP Solutions Ltd,/stocks/wep-solutions-WEP,IT Services & Consulting,WEPSOLN,Smallcap,24.35000038,1.419999957,87564.61719
ZENL,Zenlabs Ethica Ltd,/stocks/zenlabs-ethica-ZENL,Pharmaceuticals,ZENLABS,Smallcap,35.79999924,0.930000007,87552
SHREH,Shree Marutinandan Tubes Ltd,/stocks/shree-marutinandan-tubes-SHREH,Building Products - Pipes,SHREE,Smallcap,60,-1.639999986,87540
AKGE,AKG Exim Ltd,/stocks/akg-exim-AKGE,Commodities Trading,AKG,Smallcap,10.98999977,-2.140000105,87523.79688
SUPT,Super Tannery Ltd,/stocks/super-tannery-SUPT,Textiles,SUPTANERY,Smallcap,7.110000134,2.00999999,87298.53906
VIKS,Vikas Proppant & Granite Ltd,/stocks/vikas-proppant-and-granite-VIKS,Agro Products,VIKASPROP,Smallcap,0.280000001,,87070.67969
AML,Ashoka Metcast Ltd,/stocks/ashoka-metcast-AML,Commodities Trading,ASHOKAMET,Smallcap,15.18000031,0.200000003,86651.36719
KESR,Kesar Terminals & Infrastructure Ltd,/stocks/kesar-terminals-and-infrastructure-KESR,Oil & Gas - Storage & Transportation,KTIL,Smallcap,64.51000214,0.779999971,85980.5625
MIS,Misquita Engineering Ltd,/stocks/misquita-engineering-MIS,Industrial Machinery,MISQUITA,Smallcap,85.90000153,4.820000172,85900
HARD,Hardcastle and Waud Manufacturing Co Ltd,/stocks/hardcastle-and-waud-mfg-co-HARD,Commodity Chemicals,HARDCAS,Smallcap,859.7999878,4.519999981,85306.65625
SOUR,Source Natural Foods and Herbal Supplements Ltd,/stocks/source-natural-foods-and-herbal-supplements-SOUR,Pharmaceuticals,SOURCENTRL,Smallcap,118.9000015,2.539999962,85262.39844
KRE,Kretto Syscon Ltd,/stocks/kretto-syscon-KRE,IT Services & Consulting,KRETTOSYS,Smallcap,0.600000024,1.690000057,85054.67969
MARI,Maris Spinners Ltd,/stocks/maris-spinners-MARI,Textiles,MARIS,Smallcap,28.32999992,0.779999971,84493.5
RUL,Rulka Electricals Ltd,/stocks/rulka-electricals-RUL,Heavy Electrical Equipments,RULKA,Smallcap,93.55000305,-4.539999962,84357
VERTE,Vertexplus Technologies Ltd,/stocks/vertexplus-technologies-VERTE,IT Services & Consulting,VERTEXPLUS,Smallcap,46.84999847,4.929999828,84330
WHB,W H Brady & Company Ltd,/stocks/w-h-brady-and-co-WHB,Heavy Machinery,WHBRADY,Smallcap,543.3499756,1.210000038,84037.89844
AUROI,Auro Impex & Chemicals Ltd,/stocks/auro-impex-and-chemicals-AUROI,Metals - Diversified,AUROIMPEX,Smallcap,26.5,-1.850000024,84000
CHM,Chambal Breweries and Distilleries Ltd,/stocks/chambal-breweries-and-distilleries-CHM,Alcoholic Beverages,CHMBBRW,Smallcap,25.23999977,1.980000019,83292
INTEA,Intec Capital Ltd,/stocks/intec-capital-INTEA,Specialized Finance,INTECCAP,Smallcap,15.73999977,0.639999986,83182.78125
AAAI,Ambica Agarbathies Aroma & Industries Ltd,/stocks/ambica-agarbathies-aroma-and-industries-AAAI,Specialty Chemicals,AMBICAAGAR,Smallcap,25.05999947,-0.560000002,82651.60156
TRANV,Transvoy Logistics India Ltd,/stocks/transvoy-logistics-india-TRANV,Logistics,TRANSVOY,Smallcap,103.1999969,4.900000095,82560
SOB,Sobhaygya Mercantile Ltd,/stocks/sobhagya-mercantile-SOB,Diversified Financials,SOBME,Smallcap,881.7999878,-0.50999999,82404.15625
GLDN,Golden Tobacco Ltd,/stocks/golden-tobacco-GLDN,FMCG - Tobacco,GOLDENTOBC,Smallcap,25.97999954,3.880000114,82391.61719
ASP,Aspira Pathlab & Diagnostics Ltd,/stocks/aspira-pathlab-and-diagnostics-ASP,Hospitals & Diagnostic Centres,ASPIRA,Smallcap,128.8999939,-1.980000019,82109.29688
EVERT,Newtrac Foods & Beverages Ltd,/stocks/evergreen-textiles-EVERT,Agro Products,NEWTRAC,Smallcap,5,5.929999828,81996.9375
ORIB,Orient Beverages Ltd,/stocks/orient-beverages-ORIB,Soft Drinks,ORIBEVER,Smallcap,180.6999969,1.179999948,81759.85156
TROM,Trom Industries Ltd,/stocks/trom-industries-TROM,Renewable Energy Equipment & Services,TROM,Smallcap,67,1.279999971,81600
MTHR,Modern Threads (India) Ltd,/stocks/modern-threads-india-MTHR,Textiles,MODTHREAD,Smallcap,48.11000061,-6.659999847,81374.20313
RADH,Le Lavoir Ltd,/stocks/radhey-trade-holding-RADH,Business Support Services,LELAVOIR,Smallcap,115,-5,81305
GUJS,Gujarat State Financial Corp,/stocks/gujarat-state-financial-corporation-GUJS,Specialized Finance,GUJSTATFIN,Smallcap,11,1.850000024,80839.88281
ADM,AD- Manum Finance Ltd,/stocks/ad-manum-finance-ADM,Specialized Finance,ADMANUM,Smallcap,61.97000122,4.940000057,80734.67969
SMR,Smruthi Organics Ltd,/stocks/smruthi-organics-SMR,Pharmaceuticals,SMRUTHIORG,Smallcap,115.5,0.829999983,80715.11719
SAMT,Samtex Fashions Ltd,/stocks/samtex-fashions-SAMT,Apparel & Accessories,SAMTEX,Smallcap,1.580000043,,80640.29688
MTED,MT Educare Ltd,/stocks/mt-educare-MTED,Education Services,MTEDUCARE,Smallcap,2.099999905,-4.980000019,80470.42188
VAMA,VAMA Industries Ltd,/stocks/vama-industries-VAMA,Technology Hardware,VAMA,Smallcap,3.569999933,1.710000038,80379
HPCO,H P Cotton Textile Mills Ltd,/stocks/h-p-cotton-textile-mills-HPCO,Textiles,HPCOTTON,Smallcap,103,-0.479999989,80235.14063
PRE,Prerna Infrabuild Ltd,/stocks/prerna-infrabuild-PRE,Real Estate,PRERINFRA,Smallcap,27.25,-0.839999974,79982
DANG,Dangee Dums Ltd,/stocks/dangee-dums-DANG,FMCG - Foods,DANGEE,Smallcap,3.289999962,0.300000012,79964.57813
JUNG,Jungle Camps India Ltd,/stocks/jungle-camps-india-JUNG,Tour & Travel Services,JUNGLECAMP,Smallcap,49.90000153,,79840
TIJA,Tijaria Polypipes Ltd,/stocks/tijaria-polypipes-TIJA,Building Products - Pipes,TIJARIA,Smallcap,4.28000021,-1.149999976,79776.27344
RAS,Rasi Electrodes Ltd,/stocks/rasi-electrodes-RAS,Agricultural & Farm Machinery,RASIELEC,Smallcap,12.89000034,2.299999952,79753.21875
EKE,Ekennis Software Service Ltd,/stocks/ekennis-software-service-EKE,IT Services & Consulting,EKENNIS,Smallcap,99.55000305,-4.960000038,79640
ARTE,Artefact Projects Ltd,/stocks/artefact-projects-ARTE,Construction & Engineering,ARTEFACT,Smallcap,54.20999908,1.080000043,79622.54688
SOLV,Solvex Edibles Ltd,/stocks/solvex-edibles-SOLV,FMCG - Foods,SOLVEX,Smallcap,24.77000046,-1.980000019,79264
GREE,Greenchef Appliances Ltd,/stocks/greenchef-appliances-GREE,Home Electronics & Appliances,GREENCHEF,Smallcap,49.5,-1.100000024,79232
NEWL,New Light Industries Ltd,/stocks/new-light-apparels-NEWL,Apparel & Accessories,NEWLIGHT,Smallcap,1.25999999,,79071.07813
TRANS,Transcorp International Ltd,/stocks/transcorp-international-TRANS,Consumer Finance,TRANSCOR,Smallcap,26.93000031,0.600000024,78997.79688
RCD,Rajgor Castor Derivatives Ltd,/stocks/rajgor-castor-derivatives-RCD,Commodity Chemicals,RCDL,Smallcap,26,-0.75999999,78000
DCC,Dar Credit & Capital Ltd,/stocks/dar-credit-and-capital-DCC,Consumer Finance,DCCL,Smallcap,39,,78000
BABAF,Baba Food Processing (India) Ltd,/stocks/baba-food-processing-india-BABAF,Agro Products,BABAFP,Smallcap,23.5,,77920
MPA,MPAgro Industries Ltd,/stocks/m-p-agro-industries-MPA,Fertilizers & Agro Chemicals,MPAGI,Smallcap,10,-4.309999943,77858.36719
JAMS,Jamshri Realty Ltd,/stocks/jamshri-realty-JAMS,Real Estate,JAMSHRI,Smallcap,80.51000214,-1.039999962,77247.52344
QVC,QVC Exports Ltd,/stocks/qvc-exports-QVC,Mining - Manganese,QVCEL,Smallcap,24.85000038,4.409999847,76640
GLOBA,Global Capital Markets Ltd,/stocks/global-capital-markets-GLOBA,Diversified Financials,GLOBALCA,Smallcap,0.469999999,2.170000076,76549.0625
KALAN,Kalana Ispat Ltd,/stocks/kalana-ispat-KALAN,Iron & Steel,KALANA,Smallcap,19,,76080
WAG,Wagend Infra Venture Ltd,/stocks/wagend-infra-venture-WAG,Specialized Finance,WAGEND,Smallcap,1.129999995,1.799999952,75566.49219
SBEC,SBEC Systems (India) Ltd,/stocks/sbec-systems-india-SBEC,IT Services & Consulting,SBECSYS,Smallcap,21.75,4.769999981,75196.79688
KIRLO,Envair Electrodyne Ltd,/stocks/envair-electrodyne-KIRLO,Industrial Machinery,ENVAIREL,Smallcap,81.44999695,-2,75002.63281
ASHIS,Ashish Polyplast Ltd,/stocks/ashish-polyplast-ASHIS,Building Products - Pipes,ASHISHPO,Smallcap,31.28000069,4.690000057,74582.5625
MIE,Manglam Infra & Engineering Ltd,/stocks/manglam-infra-and-engineering-MIE,Construction & Engineering,MIEL,Smallcap,12.25,-3.920000076,74460
LLOY,Lloyds Luxuries Ltd,/stocks/lloyds-luxuries-LLOY,Wellness Services,LLOYDS,Smallcap,74.40000153,3.619999886,74400
HBL,HB Leasing and Finance Co Ltd,/stocks/hb-leasing-and-finance-co-HBL,Diversified Financials,HBLEAS,Smallcap,10.05000019,-0.5,74309.39844
SWADP,Swadeshi Polytex Ltd,/stocks/swadeshi-polytex-SWADP,Real Estate,SWADPOL,Smallcap,37.68000031,4.170000076,74231.92188
COSM,Cosmo Ferrites Ltd,/stocks/cosmo-ferrites-COSM,Electrical Components & Equipments,COSMOFE,Smallcap,209.1000061,2,74230.5
ITA,Italian Edibles Ltd,/stocks/italian-edibles-ITA,Packaged Foods & Meats,ITALIANE,Smallcap,37,,74000
ANU,Anuroop Packaging Ltd,/stocks/anuroop-packaging-ANU,Packaging,ANUROOP,Smallcap,12.01000023,-3.920000076,73046.75
TATIA,Ashram Online.com Ltd,/stocks/ashram-onlinecom-TATIA,Retail - Online,ASHRAM,Smallcap,5.900000095,,72812.17969
ILFT,IL&FS Transportation Networks Ltd,/stocks/ilandfs-transportation-networks-ILFT,Roads,IL&FSTRANS,Smallcap,2.130000114,-1.389999986,72779.64844
GLI,Glittek Granites Ltd,/stocks/glittek-granites-GLI,Building Products - Granite,GLITTEKG,Smallcap,43.79000092,1.980000019,72778.97656
INDSO,Apollo Ingredients Ltd,/stocks/indsoya-INDSO,Hospitals & Diagnostic Centres,APOLLOIN,Smallcap,92.75,1.99000001,72623.25
RITEZ,Rite Zone Chemcon India Ltd,/stocks/rite-zone-chemcon-india-RITEZ,Construction & Engineering,RITEZONE,Smallcap,22.70000076,4.849999905,72544
CIC,3C IT Solutions & Telecoms (India) Ltd,/stocks/3c-it-solutions-and-telecoms-india-CIC,IT Services & Consulting,3CIT,Smallcap,18.10000038,9.760000229,72200
RON,Roni Households Ltd,/stocks/roni-households-RON,Plastic Products,RONI,Smallcap,40.00999832,-5.840000153,72018
SOFTR,Softrak Venture Investment Ltd,/stocks/softrak-venture-investment-SOFTR,Packaged Foods & Meats,SOFTRAKV,Smallcap,1.600000024,,71860.46875
SCANP,SGL Resources Ltd,/stocks/scanpoint-geomatics-SCANP,Software Services,SGLRES,Smallcap,2.900000095,1.75,71687.21875
SAGP,Sagardeep Alloys Ltd,/stocks/sagardeep-alloys-SAGP,Metals - Diversified,SAGARDEEP,Smallcap,25.06999969,1.909999967,71602.74219
JAYU,Jay Ushin Ltd,/stocks/jay-ushin-JAYU,Auto Parts,JAYUSH,Smallcap,885,,71595.09375
DIL,Diligent Industries Ltd,/stocks/diligent-industries-DIL,Packaged Foods & Meats,DILIGENT,Smallcap,2.079999924,0.479999989,71390.15625
GAYA,Gayatri BioOrganics Ltd,/stocks/gayatri-bioorganics-GAYA,Specialty Chemicals,GAYATRIBI,Smallcap,7.199999809,-1.100000024,71358.53906
CHP,Callista Industries Ltd,/stocks/callista-industries-CHP,Real Estate,CALLISTA,Smallcap,189.3999939,1.830000043,71025
SII,Sabrimala Industries India Ltd,/stocks/sabrimala-industries-india-SII,Technology Hardware,SIIL,Smallcap,11.18999958,0.99000001,70817
CAME,Camex Ltd,/stocks/camex-CAME,Specialty Chemicals,CAMEXLTD,Smallcap,43.79999924,4.679999828,70400.03125
REVA,Semac Construction Ltd,/stocks/revathi-equipment-REVA,Construction & Engineering,SEMAC,Smallcap,350.5499878,3.960000038,70371.84375
SALE,Salem Erode Investments Ltd,/stocks/salem-erode-investments-SALE,Investment Banking & Brokerage,SALEM,Smallcap,37.99000168,-1.320000052,70239.14844
VID,Vikram Kamats Hospitality Ltd,/stocks/vidli-restaurants-VID,Hospitals & Diagnostic Centres,KAMATS,Smallcap,40.95999908,1.50999999,69787.90625
RAJS,Raj Oil Mills Ltd,/stocks/raj-oil-mills-RAJS,Packaged Foods & Meats,ROML,Smallcap,45.29999924,-1.99000001,69433.25
ACEN,Ace Integrated Solutions Ltd,/stocks/ace-integrated-solutions-ACEN,Education Services,ACEINTEG,Smallcap,21.44000053,0.280000001,69378.57813
MANIV,M R Maniveni Foods Ltd,/stocks/m-r-maniveni-foods-MANIV,FMCG - Foods,MANIVENI,Smallcap,34.65000153,,69300
RRI,RRIL Ltd,/stocks/rril-RRI,Textiles,RRIL,Smallcap,18.29000092,2.059999943,69280.38281
META,Metal Coatings (India) Ltd,/stocks/metal-coatings-india-META,Iron & Steel,METALCO,Smallcap,50.22000122,0.25999999,69237.35938
GIL,Gilada Finance and Investments Ltd,/stocks/gilada-finance-and-investments-GIL,Investment Banking & Brokerage,GILADAFINS,Smallcap,14.27000046,3.180000067,69158.74219
JAGA,Jagan Lamps Ltd,/stocks/jagan-lamps-JAGA,Auto Parts,JAGANLAM,Smallcap,49.15000153,3.25999999,69108.71875
GIA,Gian Life Care Ltd,/stocks/gian-lifecare-GIA,Health Care Equipment & Supplies,GIANLIFE,Smallcap,5.03000021,2.859999895,68728.97656
RAJKS,Rajkamal Synthetics Ltd,/stocks/rajkamal-synthetics-RAJKS,Textiles,RAJKSYN,Smallcap,25.52000046,-3.630000114,68473.35156
SAY,Sayaji Hotels Ltd,/stocks/sayaji-hotels-SAY,"Hotels, Resorts & Cruise Lines",SAYAJIHOTL,Smallcap,305.2000122,-3.109999895,68202.29688
INNOV,Innovative Tech Pack Ltd,/stocks/innovative-tech-pack-INNOV,Packaging,INNOVTEC,Smallcap,13.60000038,-1.090000033,68202.11719
PANAC,Panabyte Technologies Ltd,/stocks/panache-innovations-PANAC,Commodities Trading,PANABYTE,Smallcap,17.78000069,0.910000026,68125.67969
BKV,BKV Industries Ltd,/stocks/bkv-industries-BKV,Packaged Foods & Meats,BKV,Smallcap,11.35999966,12.59000015,68075.9375
BINZ,BIL Vyapar Limited,/stocks/binani-industries-BINZ,Conglomerates,BILVYAPAR,Smallcap,4.239999771,4.429999828,68044.20313
INDIA,Indianivesh Ltd,/stocks/indianivesh-INDIA,Diversified Financials,INDIANVSH,Smallcap,7.099999905,3.200000048,67893.21094
CONTN,Containe Technologies Ltd,/stocks/containe-technologies-CONTN,Auto Parts,CONTAINE,Smallcap,22.92000008,4.949999809,67680
ELIX,Elixir Capital Ltd,/stocks/elixir-capital-ELIX,Diversified Financials,ELIXIR,Smallcap,121.6999969,-0.209999993,67059.15625
SCAG,SC Agrotech Ltd,/stocks/sc-agrotech-SCAG,Agro Products,SCAGRO,Smallcap,22.60000038,-1.909999967,66974.67969
FOR,Fortune International Ltd,/stocks/fortune-international-FOR,Conglomerates,FORINTL,Smallcap,78.5,,66489.5
ALP,Alphalogic Techsys Ltd,/stocks/alphalogic-techsys-ALP,Software Services,ALPHALOGIC,Smallcap,45.38000107,-0.150000006,66270.27344
PARVA,Parvati Sweetners and Power Ltd,/stocks/parvati-sweetners-and-power-PARVA,Sugar,PARVATI,Smallcap,7,0.289999992,66259.99219
LKM,L K Mehta Polymers Ltd,/stocks/lkmehta-polymers-LKM,Plastic Products,LKMEHTA,Smallcap,41.25999832,-4.599999905,66016
LAXM,Laxmi Cotspin Ltd,/stocks/laxmi-cotspin-LAXM,Textiles,LAXMICOT,Smallcap,14.65999985,0.75999999,65934.17969
BGI,BGIL Films & Technologies Ltd,/stocks/bgil-films-and-technologies-BGI,Movies & TV Serials,BGIL,Smallcap,9.119999886,-5,65774.70313
AIS,Telogica Ltd,/stocks/aishwarya-technologies-and-telecom-AIS,Communication & Networking,TELOGICA,Smallcap,9.449999809,5,65538.0625
REGC,Regency Ceramics Ltd,/stocks/regency-ceramics-REGC,Building Products - Ceramics,REGENCERAM,Smallcap,40.5,-3.269999981,64303.51953
SWAT,Swati Projects Ltd,/stocks/swati-projects-SWAT,Specialized Finance,SWATIPRO,Smallcap,32.15000153,-2.549999952,64078.92188
ACCEL,AccelerateBS India Ltd,/stocks/acceleratebs-india-ACCEL,Software Services,ACCELERATE,Smallcap,100,,64000
VSF,VSF Projects Ltd,/stocks/vsf-projects-VSF,Construction & Engineering,VSFPROJ,Smallcap,36.43999863,-1.110000014,63426.21875
SILV,Silver Oak (India) Ltd,/stocks/silver-oak-india-SILV,Alcoholic Beverages,SILVOAK,Smallcap,77,1.889999986,62820.89844
TEL,Groarc Industries India Ltd,/stocks/telesys-info-infra-i-TEL,Biotechnology,GROARC,Smallcap,5.650000095,-3.25,62747.85156
MAPR,Madhucon Projects Ltd,/stocks/madhucon-projects-MAPR,Construction & Engineering,MADHUCON,Smallcap,6.110000134,-0.330000013,62685.16016
SIT,Sita Enterprises Ltd,/stocks/sita-enterprises-SIT,Diversified Financials,SITAENT,Smallcap,141.9499969,-1.799999952,62664.60156
GKP,G K P Printing & Packaging Ltd,/stocks/g-k-p-printing-and-packaging-GKP,Packaging,GKP,Smallcap,6.050000191,1.50999999,62418
ROOP,Roopa Industries Ltd,/stocks/roopa-industries-ROOP,Specialty Chemicals,ROOPAIND,Smallcap,49.99000168,-1.980000019,62333.08984
PRIMU,Prime Urban Development India Ltd,/stocks/prime-urban-development-india-PRIMU,Textiles,PRIMEURB,Smallcap,8.479999542,-2.420000076,62222.71875
DCFS,DCM Financial Services Ltd,/stocks/dcm-financial-services-DCFS,Consumer Finance,DCMFINSERV,Smallcap,5.400000095,-0.920000017,62136.26953
PADM,Padmalaya Telefilms Ltd,/stocks/padmalaya-telefilms-PADM,Movies & TV Serials,PADMALAYAT,Smallcap,4.070000172,-4.010000229,62082.12109
MITTA,Mittal Sections Ltd,/stocks/mittal-sections-MITTA,Building Products - Others,MITTALSTL,Smallcap,30.89999962,4.670000076,61880
KAR,Karnavati Finance Ltd,/stocks/karnavati-finance-KAR,Consumer Finance,KARNAVATI,Smallcap,1.389999986,-2.799999952,61755
SMI,Nexome Capital Markets Ltd,/stocks/smifs-capital-markets-SMI,Investment Banking & Brokerage,NEXOME,Smallcap,119.8499985,2.700000048,61641.62891
AGA,Agarwal Float Glass India Ltd,/stocks/agarwal-float-glass-india-AGA,Commodity Chemicals,AGARWALFT,Smallcap,41,1.49000001,61500
ASTO,Astron Paper & Board Mill Ltd,/stocks/astron-paper-and-board-mill-ASTO,Paper Products,ASTRON,Smallcap,3.980000019,0.75999999,61457.96875
NIRA,Niraj Ispat Industries Ltd,/stocks/niraj-ispat-industries-NIRA,Textiles,NIRAJISPAT,Smallcap,199.3899994,-0.589999974,61366.23828
ALKO,Alkosign Ltd,/stocks/alkosign-ALKO,Online Services,ALKOSIGN,Smallcap,54.50999832,-6.019999981,61323.75
INTS,Interstate Oil Carrier Ltd,/stocks/inter-state-oil-carrier-INTS,Logistics,INTSTOIL,Smallcap,38.5,0.389999986,61315.53906
SVPG,SVP Global Textiles Ltd,/stocks/svp-global-ventures-SVPG,Textiles,SVPGLOB,Smallcap,3.859999895,-2.529999971,61054.64844
QGO,Qgo Finance Ltd,/stocks/qgo-finance-QGO,Consumer Finance,QGO,Smallcap,41,-3.460000038,60701.64844
SRM,Sri Ramakrishna Mills (Coimbatore) Ltd,/stocks/sri-ramakrishna-mills-coimbatore-SRM,Textiles,SRMCL,Smallcap,53.88000107,1.74000001,60520.26172
KANC,Kanco Tea & Industries Ltd,/stocks/kanco-tea-and-industries-KANC,Agro Products,KANCOTEA,Smallcap,53.20000076,-1.299999952,60407.55078
CITA,Citadel Realty and Developers Ltd,/stocks/citadel-realty-and-developers-CITA,Real Estate,CITADEL,Smallcap,38.27999878,3.799999952,60182.07813
SSPD,SSPDL Ltd,/stocks/sspdl-SSPD,Real Estate,SSPDL,Smallcap,18.82999992,4.960000038,59985.92188
SER,Lexoraa Industries Ltd,/stocks/servoteach-industries-SER,"Precious Metals, Jewellery & Watches",LEXORAA,Smallcap,22.98999977,8.289999962,59322.37109
VERT,VERTEX Securities Ltd,/stocks/vertex-securities-VERT,Investment Banking & Brokerage,VERTEX,Smallcap,3.700000048,1.370000005,59178.07813
DHT,DocMode Health Technologies Ltd,/stocks/docmode-health-technologies-DHT,Education Services,DHTL,Smallcap,36.84999847,-4.900000095,58960
ESA,Esaar (India) Ltd,/stocks/esaar-india-ESA,Diversified Financials,ESARIND,Smallcap,11.34000015,-1.99000001,58820.57813
VADI,Vadilal Enterprises Ltd,/stocks/vadilal-enterprises-VADI,Packaged Foods & Meats,VADILENT,Smallcap,9800,,58800
GIT,Gita Renewable Energy Ltd,/stocks/gita-renewable-energy-GIT,Renewable Energy,GITARENEW,Smallcap,74.19999695,-1.539999962,58414.35938
SPC,S P Capital Financing Ltd,/stocks/s-p-capital-financing-SPC,Diversified Financials,SPCAPIT,Smallcap,52.97999954,-1.49000001,58249.42969
EAS,East West Freight Carriers Ltd,/stocks/east-west-holdings-EAS,Investment Banking & Brokerage,EASTWEST,Smallcap,2.630000114,1.149999976,57866.16016
AMARD,Amerise Biosciences Ltd,/stocks/amradeep-industries-AMARD,Wood Products,AMERISE,Smallcap,0.810000002,-1.220000029,57763.44922
SANP,Sangal Papers Ltd,/stocks/sangal-papers-SANP,Paper Products,SANPA,Smallcap,148.0500031,-1.820000052,57419.19141
SRIS,Sri Havisha Hospitality and Infrastructure Ltd,/stocks/sri-havisha-hospitality-and-infrastructure-SRIS,Oil & Gas - Storage & Transportation,HAVISHA,Smallcap,1.269999981,2.420000076,57327.35938
GRE,Greencrest Financial Services Ltd,/stocks/greencrest-financial-services-GRE,Diversified Financials,GREENCREST,Smallcap,0.529999971,3.920000076,56858.37109
KLK,Edvenswa Enterprises Ltd,/stocks/klk-electrical-KLK,IT Services & Consulting,EDVENSWA,Smallcap,24.29999924,-1.139999986,56796.89844
ABC,ABC India Ltd,/stocks/abc-india-ABC,Logistics,ABCINDQ,Smallcap,67.20999908,0.479999989,56790.44922
MAITE,Maitreya Medicare Ltd,/stocks/maitreya-medicare-MAITE,Hospitals & Diagnostic Centres,MAITREYA,Smallcap,141.9499969,,56780
GCMS,GCM Securities Ltd,/stocks/gcm-securities-GCMS,Investment Banking & Brokerage,GCMSECU,Smallcap,0.689999998,1.470000029,56527.89844
IEC,IEC Education Ltd,/stocks/iec-education-IEC,Education Services,IECEDU,Smallcap,22.04999924,-1.610000014,55739.16016
TRE,Trescon Ltd,/stocks/trescon-TRE,Real Estate,TRESCON,Smallcap,8.949999809,4.070000172,55646.66016
SANCT,Sanco Trans Ltd,/stocks/sanco-trans-SANCT,Logistics,SANCTRN,Smallcap,770,,55512.05859
BIS,Karnawati Innovation Ltd,/stocks/bisil-plast-BIS,Packaging,KARNAWATI,Smallcap,1.25999999,-3.079999924,55312.5
KIRAN,Kiran Syntex Ltd,/stocks/kiran-syntex-KIRAN,Textiles,KIRANSY-B,Smallcap,17.89999962,2.289999962,55265.28125
ACME,Acme Resources Ltd,/stocks/acme-resources-ACME,Diversified Financials,ACME,Smallcap,31.29000092,-0.25999999,54890.37109
COL,Colorchips New Media Ltd,/stocks/colorchips-new-media-COL,Movies & TV Serials,COLORCHIPS,Smallcap,12.56000042,-2.710000038,54715.76172
MSL,Mangalam Seeds Ltd,/stocks/mangalam-seeds-MSL,Seeds,MSL,Smallcap,122,-2.900000095,54657.30078
PRUD,Prudential Sugar Corp Ltd,/stocks/prudential-sugar-corporation-PRUD,Sugar,PRUDMOULI,Smallcap,15.06000042,0.270000011,54624.48047
SPENT,Spenta International Ltd,/stocks/spenta-international-SPENT,Apparel & Accessories,SPENTA,Smallcap,104.0199966,-13.56999969,54610.5
CELL,Cell Point (India) Ltd,/stocks/cell-point-india-CELL,Retail - Speciality,CELLPOINT,Smallcap,15.35000038,1.99000001,54576
FLFL,Future Lifestyle Fashions Ltd,/stocks/future-lifestyle-fashions-FLFL,Retail - Apparel,FLFL,Smallcap,1.379999995,-4.170000076,54312.28125
PWA,Prakash Woollen & Synthetic Mills Ltd,/stocks/prakash-woollen-and-synthetic-mills-PWA,Textiles,PWASML,Smallcap,22.79999924,-0.870000005,54173
VIR,Virtual Global Education Ltd,/stocks/virtual-global-education-VIR,Education Services,VIRTUALG,Smallcap,0.5,-1.960000038,53977
AMM,AMS Polymers Ltd,/stocks/ams-polymers-AMM,Specialty Chemicals,AMS,Smallcap,46,-3.5,53792.67969
TCF,TCFC Finance Ltd,/stocks/tcfc-finance-TCF,Investment Banking & Brokerage,TCFCFINQ,Smallcap,24.79999924,0.200000003,53553.07813
POLYH,Polymechplast Machines Ltd,/stocks/polymechplast-machines-POLYH,Industrial Machinery,POLYCHMP,Smallcap,52.20000076,-2.049999952,53236.75
AIK,AIK Pipes and Polymers Ltd,/stocks/aik-pipes-and-polymers-AIK,Building Products - Pipes,AIKPIPES,Smallcap,22.29999924,4.989999771,52680
EFO,Electro Force (India) Ltd,/stocks/electro-force-india-EFO,Electronic Equipments,EFORCE,Smallcap,22.20000076,2.779999971,52560
AVAX,Avax Apparels and Ornaments Ltd,/stocks/avax-apparels-and-ornaments-AVAX,Apparel & Accessories,AVAX,Smallcap,52,-2.180000067,52000
APOLL,Apollo Finvest (India) Ltd,/stocks/apollo-finvest-india-APOLL,Diversified Financials,APOLLOFI,Smallcap,339,-2.559999943,51977.92188
ARU,Aruna Hotels Ltd,/stocks/aruna-hotels-ARU,"Hotels, Resorts & Cruise Lines",ARUNAHTEL,Smallcap,7.119999886,-2.470000029,51621.19922
SUPEI,Super Iron Foundry Ltd,/stocks/super-iron-foundry-SUPEI,Dredging,SUPERIRON,Smallcap,43,0.579999983,51600
WAL,Wallfort Financial Services Ltd,/stocks/wallfort-financial-services-WAL,Investment Banking & Brokerage,WALLFORT,Smallcap,81.5,1.24000001,51499.5
GAJ,Gajanan Securities Services Ltd,/stocks/gajanan-securities-services-GAJ,Investment Banking & Brokerage,GAJANANSEC,Smallcap,52.72000122,-2.190000057,51442.94141
PRO,Pro Clb Global Ltd,/stocks/provestment-services-PRO,Consumer Finance,PROCLB,Smallcap,26.98999977,-1.850000024,51341.14844
SUZ,Kush Industries Ltd,/stocks/kush-industries-SUZ,Textiles,KUSHIND,Smallcap,6.449999809,1.570000052,50972.32031
VIPO,Visagar Polytex Ltd,/stocks/visagar-polytex-VIPO,Textiles,VIVIDHA,Smallcap,0.540000021,,50733
SURAJ,Suraj Ltd,/stocks/suraj-SURAJ,Iron & Steel,SURAJLTD,Smallcap,234.9900055,3.980000019,50593.53125
SOUTH,Southern Magnesium and Chemicals Ltd,/stocks/southern-magnesium-and-chemicals-SOUTH,Mining - Manganese,SOUTHMG,Smallcap,75.09999847,-0.860000014,50591.25
MADS,Madhusudan Industries Ltd,/stocks/madhusudan-industries-MADS,Real Estate,MADHUDIN,Smallcap,40.72000122,-3.579999924,50561.42188
ASIAT,Asian Tea & Exports Ltd,/stocks/asian-tea-and-exports-ASIAT,Agro Products,ASIANTNE,Smallcap,9.350000381,1.080000043,50457.44922
CAPRI,Caprihans India Ltd,/stocks/caprihans-india-CAPRI,Commodity Chemicals,CAPRIHANS,Smallcap,78.98999786,2.930000067,50345.76172
APPL,Utique Enterprises Ltd,/stocks/utique-enterprises-APPL,Commodities Trading,UTIQUE,Smallcap,3.930000067,-1.00999999,50179.83984
SPA,Space Incubatrics Technologies Ltd,/stocks/space-incubatrics-technologies-SPA,IT Services & Consulting,SPACEINCUBA,Smallcap,0.180000007,,49825.98047
SSS,Share Samadhan Ltd,/stocks/share-samadhan-SSS,Specialized Finance,SSL,Smallcap,31,-3.130000114,49600
UTL,UTL Industries Ltd,/stocks/utl-industries-UTL,Iron & Steel,UTLINDS,Smallcap,1.710000038,-1.159999967,49241.87891
FURE,Future Enterprises Ltd,/stocks/future-enterprises-FURE,Conglomerates,FEL,Smallcap,0.389999986,,49095.14844
TRFI,Transwarranty Finance Ltd,/stocks/transwarranty-finance-TRFI,Diversified Financials,TFL,Smallcap,11.98999977,0.930000007,49073.39844
NIV,Nivaka Fashions Ltd,/stocks/nivaka-fashions-NIV,Apparel & Accessories,NIVAKA,Smallcap,0.810000002,-4.710000038,49027.67969
BNR,BNR Udyog Ltd,/stocks/bnr-udyog-BNR,IT Services & Consulting,BNRUDY,Smallcap,36,2.589999914,48923.03906
UNNI,Uniinfo Telecom Services Ltd,/stocks/uniinfo-telecom-services-UNNI,Telecom Services,UNIINFO,Smallcap,11.77999973,0.680000007,48400.66016
THEA,Tree House Education and Accessories Ltd,/stocks/tree-house-education-and-accessories-THEA,Education Services,TREEHOUSE,Smallcap,6.96999979,1.460000038,48336.5
INDIH,India Home Loan Ltd,/stocks/india-home-loans-INDIH,Home Financing,INDIAHOME,Smallcap,31.35000038,-0.790000021,48313.85156
PRAG,Prag Bosimi Synthetics Ltd,/stocks/prag-bosimi-synthetics-PRAG,Textiles,PRAGBOS,Smallcap,1.710000038,-5.519999981,47940
UNIH,Universus Photo Imagings Ltd,/stocks/universus-photo-imagings-UNIH,Health Care Equipment & Supplies,UNIVPHOTO,Smallcap,357.9500122,-0.209999993,47925.33984
CEE,Ceenik Exports (India) Ltd,/stocks/ceenik-exports-india-CEE,Textiles,CEENIK,Smallcap,178,1.74000001,47856.05859
SHARP,Sharpline Broadcast Ltd,/stocks/sharpline-broadcast-SHARP,Advertising,SHARPLINE,Smallcap,10.48999977,0.479999989,47750.60156
RFS,Richfield Financial Services Ltd,/stocks/richfield-financial-services-RFS,Investment Banking & Brokerage,RFSL,Smallcap,24,2,47729.96094
TGFL,Team India Guaranty Ltd,/stocks/times-guaranty-TGFL,Specialized Finance,TEAMGTY,Smallcap,232.6900024,0.349999994,47689.07813
SNTI,Shanti Overseas (India) Ltd,/stocks/shanti-overseas-india-SNTI,Packaged Foods & Meats,SHANTI,Smallcap,6.769999981,1.200000048,47611.48047
SARV,Sarvottam Finvest Ltd,/stocks/sarvottam-finvest-SARV,Investment Banking & Brokerage,SARVOTTAM,Smallcap,19,-7.050000191,47602.75
GEM,Gemstone Investments Ltd,/stocks/gemstone-investments-GEM,Consumer Finance,GEMSI,Smallcap,1.629999995,1.879999995,47554.57031
DIAN,Diana Tea Co Ltd,/stocks/diana-tea-company-DIAN,Tea & Coffee,DIANATEA,Smallcap,26.25,-0.680000007,47508.16016
RAP,RAP Corp Ltd,/stocks/rap-media-RAP,Real Estate,RAP,Smallcap,36.90000153,4.980000019,47467.32031
SRIC,Sri Chakra Cement Ltd,/stocks/sri-chakra-cement-SRIC,Cement,SRICC,Smallcap,41.00999832,-0.239999995,47421.5
GOKA,Gokak Textiles Ltd,/stocks/gokak-textiles-GOKA,Textiles,GOKAKTEX,Smallcap,70.5,0.75999999,47299.32031
DRA,DRA Consultants Ltd,/stocks/dra-consultants-DRA,Business Support Services,DRA,Smallcap,18.80999947,-0.109999999,47025
QUI,Quicktouch Technologies Ltd,/stocks/quicktouch-technologies-QUI,Software Services,QUICKTOUCH,Smallcap,23.14999962,-3.339999914,46820
ABG,Starlog Enterprises Ltd,/stocks/starlog-enterprises-ABG,Construction & Engineering,STARLOG,Smallcap,38,1.00999999,46610.69922
SRIO,Emergent Industrial Solutions Ltd,/stocks/emergent-energy-and-services-SRIO,Commodities Trading,EMERGENT,Smallcap,433.6000061,1.549999952,46512
KKA,Kkalpana Industries (India) Ltd,/stocks/kkalpana-industries-india-KKA,Specialty Chemicals,KKALPANAIND,Smallcap,7.099999905,0.569999993,46490.5
RGR,Retro Green Revolution Ltd,/stocks/retro-green-revolution-RGR,Agricultural & Farm Machinery,RGRL,Smallcap,1.49000001,3.470000029,46360.85156
SPECS,Spectrum Talent Management Ltd,/stocks/spectrum-talent-management-SPECS,Employment Services,SPECTSTM,Smallcap,57.95000076,2.019999981,46360
SIMB,Simbhaoli Sugars Ltd,/stocks/simbhaoli-sugars-SIMB,Sugar,SIMBHALS,Smallcap,6.920000076,2.369999886,45859.66016
CONST,Constronics Infra Ltd,/stocks/invicta-meditek-CONST,Construction & Engineering,CONSTRONIC,Smallcap,48.5,0.939999998,45689.01172
MINAL,Minal Industries Ltd,/stocks/minal-industries-MINAL,"Precious Metals, Jewellery & Watches",MINALIND,Smallcap,2.440000057,0.409999996,45382.26172
NEO,Neo Infracon Ltd,/stocks/neo-infracon-NEO,Real Estate,NEOINFRA,Smallcap,44.95000076,4.559999943,45119.01953
JAY,Jayshree Chemicals Ltd,/stocks/jayshree-chemicals-JAY,Commodity Chemicals,JAYCH,Smallcap,6.090000153,0.660000026,44954.80078
ATV,SVC Industries Ltd,/stocks/svc-industries-ATV,Commodity Chemicals,SVCIND,Smallcap,2.289999962,1.330000043,44927.67969
INT,Caspian Corporate Services Ltd,/stocks/intellivate-capital-advisors-INT,Business Support Services,CASPIAN,Smallcap,35.79999924,1.789999962,44912.28125
BAN,Banas Finance Ltd,/stocks/banas-finance-BAN,Specialized Finance,BANASFN,Smallcap,7.079999924,1,44837.76172
SECM,SecMark Consultancy Ltd,/stocks/secmark-consultancy-SECM,IT Services & Consulting,SECMARK,Smallcap,123.9400024,1.230000019,44774.82813
VIRAT,Virat Crane Industries Ltd,/stocks/virat-crane-industries-VIRAT,Agro Products,VIRATCRA,Smallcap,38,-2.539999962,44584.42969
BERV,Bervin Investment and Leasing Ltd,/stocks/bervin-investments-and-leasing-BERV,Diversified Financials,BERVINL,Smallcap,47.59999847,4.960000038,44281.12109
SHRES,Shree Securities Ltd,/stocks/shree-securities-SHRES,Diversified Financials,SHREESEC,Smallcap,0.209999993,-4.550000191,44147.67188
VIKRA,Vikram Aroma Ltd,/stocks/vikram-aroma-VIKRA,Specialty Chemicals,VIKRAMAR,Smallcap,70,0.140000001,43695.5
SAMK,Samkrg Pistons and Rings Ltd,/stocks/samkrg-pistons-and-rings-SAMK,Auto Parts,SAMKRG,Smallcap,120.3499985,-0.119999997,43647.23828
VLIN,VL Infraprojects Ltd,/stocks/vlinfraprojects-VLIN,Water Management,VLINFRA,Smallcap,28.85000038,,43275
FER,Fervent Synergies Ltd,/stocks/fervent-synergies-FER,Conglomerates,FERVENTSYN,Smallcap,15.47000027,2.519999981,43200
COMR,Comrade Appliances Ltd,/stocks/comrade-appliances-COMR,Cables,COMRADE,Smallcap,21.60000038,3.349999905,43200
JSL,JSL Industries Ltd,/stocks/jsl-industries-JSL,Electrical Components & Equipments,JSLINDL,Smallcap,920,-2.319999933,42882.32813
CBP,Chandra Bhagat Pharma Ltd,/stocks/chandra-bhagat-pharma-CBP,Pharmaceuticals,CBPL,Smallcap,42.70000076,-4.690000057,42700
ABI,Abirami Financial Services (India) Ltd,/stocks/abirami-financial-services-india-ABI,Diversified Financials,ABIRAFN,Smallcap,33,-1.669999957,42614.30078
SHMT,Shyam Telecom Ltd,/stocks/shyam-telecom-SHMT,Telecom Equipments,SHYAMTEL,Smallcap,18.62000084,-2,42509.46094
NOVAI,Nova Iron and Steel Ltd,/stocks/nova-iron-and-steel-NOVAI,Iron & Steel,NOVIS,Smallcap,12.76000023,-4.920000076,42378.5
MODR,Modern Shares and Stockbrokers Ltd,/stocks/modern-shares-and-stockbrokers-MODR,Investment Banking & Brokerage,MODRNSH,Smallcap,36.25,6.550000191,42315.08984
DAR,Darshan Orna Ltd,/stocks/darshan-orna-DAR,"Precious Metals, Jewellery & Watches",DARSHANORNA,Smallcap,2.25999999,-0.439999998,42183
MONG,Moongipa Capital Finance Ltd,/stocks/moongipa-capital-finance-MONG,Consumer Finance,MONGIPA,Smallcap,15.31000042,-1.289999962,42051.5
MEDIA,Mediaone Global Entertainment Ltd,/stocks/mediaone-global-entertainment-MEDIA,Movies & TV Serials,MEDIAONE,Smallcap,15.30000019,3.029999971,41816.25
SAL,Shree Salasar Investments Ltd,/stocks/shree-salasar-investments-SAL,Investment Banking & Brokerage,SALSAIN,Smallcap,226,0.579999983,41799.03125
MML,Money Masters Leasing and Finance Ltd,/stocks/money-masters-leasing-and-finance-MML,Diversified Financials,MMLF,Smallcap,0.689999998,,41699.46094
SPAR,Sparc Electrex Ltd,/stocks/sparc-systems-SPAR,Electronic Equipments,SPAR,Smallcap,4.599999905,-4.960000038,41526.46875
HRH,Hrh Next Services Ltd,/stocks/hrh-next-services-HRH,Business Support Services,HRHNEXT,Smallcap,27.5,1.850000024,41250
RED,Yash Innoventures Ltd,/stocks/redex-protech-RED,Construction & Engineering,YASHINNO,Smallcap,31,-0.419999987,41013
GLOBE,Globale Tessile Ltd,/stocks/globale-tessile-GLOBE,Textiles,GLOBALE,Smallcap,11.89999962,3.660000086,40888.39844
INFO,Infomedia Press Ltd,/stocks/infomedia-press-INFO,Publishing,INFOMEDIA,Smallcap,5.690000057,-0.180000007,40859.53906
FGP,F G P Ltd,/stocks/fgp-FGP,Business Support Services,FGP,Smallcap,12.09000015,4.039999962,40829.82031
RAMG,Ramgopal Polytex Ltd,/stocks/ramgopal-polytex-RAMG,Commodities Trading,RAMGOPOLY,Smallcap,17.21999931,4.809999943,40587.51953
NATR,Natraj Proteins Ltd,/stocks/natraj-proteins-NATR,FMCG - Foods,NATRAJPR,Smallcap,39.95000076,4.039999962,40549.03906
AMPL,Ankit Metal & Power Ltd,/stocks/ankit-metal-and-power-AMPL,Iron & Steel,ANKITMETAL,Smallcap,1.470000029,-1.340000033,40442.64063
MEGR,Megri Soft Ltd,/stocks/megri-soft-MEGR,IT Services & Consulting,MEGRISOFT,Smallcap,86.36000061,5.639999866,40303.03906
GLOBU,Globus Power Generation Ltd,/stocks/globus-power-generation-GLOBU,Power Generation,GLOBUSCON,Smallcap,12.64999962,4.460000038,40273.35156
ZENIF,Zenith Fibres Ltd,/stocks/zenith-fibres-ZENIF,Textiles,ZENIFIB,Smallcap,52.09999847,-0.75999999,40078.5
HIND,Hindustan Bio Sciences Ltd,/stocks/hindustan-bio-sciences-HIND,Biotechnology,HINDBIO,Smallcap,7.010000229,-1.409999967,39485.19141
ANUB,Kaizen Agro Infrabuild Ltd,/stocks/anubhav-infrastructure-ANUB,Agro Products,KAIZENAGRO,Smallcap,9.699999809,5.090000153,39247.19922
CEYE,Creative Eye Ltd,/stocks/creative-eye-CEYE,Movies & TV Serials,CREATIVEYE,Smallcap,6.309999943,1.450000048,39109.60156
ADNK,Incredible Industries Ltd,/stocks/adhunik-industries-ADNK,Iron & Steel,INCREDIBLE,Smallcap,33.06000137,0.300000012,39010.19922
SETU,Setubandhan Infrastructure Ltd,/stocks/setubandhan-infrastructure-SETU,Construction & Engineering,SETUINFRA,Smallcap,0.460000008,,38961.12109
JAYB,Jayabharat Credit Ltd,/stocks/jayabharat-credit-JAYB,Specialized Finance,JAYBHCR,Smallcap,14.77999973,-4.949999809,38955.94922
INTEL,Gourmet Gateway India Ltd,/stocks/intellivate-capital-ventures-INTEL,Business Support Services,GOURMET,Smallcap,13.89000034,-0.07,38738.69922
AMFO,Amforge Industries Ltd,/stocks/amforge-industries-AMFO,Consumer Finance,AMFORG,Smallcap,7.139999866,,38711.51953
STAND,Standard Batteries Ltd,/stocks/standard-batteries-STAND,Diversified Financials,STDBAT,Smallcap,50.59999847,2.220000029,38576.16016
PER,Perfectpac Ltd,/stocks/perfectpac-PER,Packaging,PERFEPA,Smallcap,69,,38502
SUNG,Sungold Capital Ltd,/stocks/sungold-capital-SUNG,Diversified Financials,SUNGOLD,Smallcap,2.920000076,3.180000067,38435.73828
SAF,Saffron Industries Ltd,/stocks/saffron-industries-SAF,Paper Products,SAFFRON,Smallcap,27.98999977,-6.610000134,38224.19922
PBM,P B M Polytex Ltd,/stocks/pbm-polytex-PBM,Textiles,PBMPOLY,Smallcap,56.47000122,2.670000076,38218.05078
RLR,RLF Ltd,/stocks/rlf-RLR,Textiles,RLF,Smallcap,9.779999733,-1.710000038,38178.35938
STUD,Studio LSD Ltd,/stocks/studio-lsd-STUD,Animation,STUDIOLSD,Smallcap,9.5,-0.519999981,38080
ADTE,Adtech Systems Ltd,/stocks/adtech-systems-ADTE,Electronic Equipments,ADTECH,Smallcap,59.74000168,1.840000033,38062.57813
GFI,Raconteur Global Resources Ltd,/stocks/ganesh-films-india-GFI,Mining - Diversified,RACONTEUR,Smallcap,11.84000015,4.960000038,37888
MFS,MFS Intercorp Ltd,/stocks/mfs-intercorp-MFS,Iron & Steel,MFSINTRCRP,Smallcap,13.5,,37647.66016
KIN,Kinetic Trust Ltd,/stocks/kinetic-trust-KIN,Investment Banking & Brokerage,KINETRU,Smallcap,30.32999992,4.980000019,37572.80859
KEE,Keerthi Industries Ltd,/stocks/keerthi-industries-KEE,Cement,KEERTHI,Smallcap,39.99000168,2.539999962,37510.62109
ARCL,ARCL Organics Ltd,/stocks/arcl-organics-ARCL,Specialty Chemicals,ARCL,Smallcap,184,1.629999995,37494.10156
PIOT,Piotex Industries Ltd,/stocks/piotex-industries-PIOT,Textiles,PIOTEX,Smallcap,31,6.900000095,37200
YAR,Yarn Syndicate Ltd,/stocks/yarn-syndicate-YAR,Textiles,YARNSYN,Smallcap,15.10999966,-2.329999924,37194.39844
SALO,Salona Cotspin Ltd,/stocks/salona-cotspin-SALO,Textiles,SALONA,Smallcap,250.6499939,-0.180000007,37153.92188
SAVF,Mantra Capital Ltd,/stocks/savani-financials-SAVF,Specialized Finance,MANTRA,Smallcap,16,-4.820000172,37101.87109
ASIT,Asit C Mehta Financial Services Ltd,/stocks/asit-c-mehta-financial-services-ASIT,Diversified Financials,ASITCFIN,Smallcap,117.0500031,-3.700000048,36949.87891
ARISE,Arihant's Securities Ltd,/stocks/arihants-securities-ARISE,Diversified Financials,ARISE,Smallcap,19.64999962,7.03000021,36935.32031
SHIVR,Shivagrico Implements Ltd,/stocks/shivagrico-implements-SHIVR,Agricultural & Farm Machinery,SHIVAGR,Smallcap,22.48999977,-2.220000029,36856.19141
KAB,Kabsons Industries Ltd,/stocks/kabsons-industries-KAB,Gas Distribution,KABSON,Smallcap,21.19000053,-4.980000019,36834.10156
PHOEN,Phoenix International Ltd,/stocks/phoenix-international-PHOEN,Footwear,PHOENXINTL,Smallcap,29.39999962,3.519999981,36829.80078
SAPP,Shree Ajit Pulp and Paper Ltd,/stocks/shree-ajit-pulp-and-paper-SAPP,Paper Products,SAPPL,Smallcap,278.7000122,0.699999988,36785.76172
CONA,Conart Engineers Ltd,/stocks/conart-engineers-CONA,Construction & Engineering,CONART,Smallcap,95,1.350000024,36773.55078
ZENI,Zenith Healthcare Ltd,/stocks/zenith-health-care-ZENI,Pharmaceuticals,ZENITHHE,Smallcap,3.089999914,0.649999976,36588.26172
INC,Incon Engineers Ltd,/stocks/incon-engineers-INC,Industrial Machinery,INCON,Smallcap,27.93000031,5,36504.51172
NEXM,Next Mediaworks Ltd,/stocks/next-mediaworks-NEXM,Radio,NEXTMEDIA,Smallcap,4.03000021,2.029999971,36324.96094
ZDH,Dhanvantri Jeevan Rekha Ltd,/stocks/dhanvantri-jeevan-rekha-ZDH,Hospitals & Diagnostic Centres,ZDHJERK,Smallcap,26.45000076,-3.5,36265.67969
TRAB,Transgene Biotek Ltd,/stocks/transgene-biotek-TRAB,Biotechnology,TRABI,Smallcap,2.960000038,-2.630000114,36143.12109
ESIL,Eastern Silk Industries Ltd,/stocks/eastern-silk-industries-ESIL,Textiles,EASTSILK,Smallcap,49,-1.169999957,36117.89844
COLI,Colinz Laboratories Ltd,/stocks/colinz-laboratories-COLI,Pharmaceuticals,COLINZ,Smallcap,77.55000305,-5,36060.75
GRO,Grovy India Ltd,/stocks/grovy-india-GRO,Real Estate,GROVY,Smallcap,50.99000168,3.25999999,35884.17188
NAL,Nalin Lease Finance Ltd,/stocks/nalin-lease-finance-NAL,Consumer Finance,NLFL,Smallcap,37.45000076,-6.119999886,35523.83984
RUBR,Checkpoint Trends Ltd,/stocks/rubra-medicaments-RUBR,Business Support Services,CENTUPLE,Smallcap,38.58000183,1.019999981,35490.55859
GTN,GTN Industries Ltd,/stocks/gtn-industries-GTN,Textiles,GTNINDS,Smallcap,21.20999908,-1.120000005,35304.05859
KEMP,Kemp and Company Ltd,/stocks/kemp-and-co-KEMP,Retail - Speciality,KEMP,Smallcap,1138.099976,-5,35282.96094
ZVI,Flomic Global Logistics Ltd,/stocks/vinaditya-trading-company-ZVI,Logistics,FLOMIC,Smallcap,51,-1.870000005,35171.21875
PARK,Parker Agro Chem Exports Ltd,/stocks/parker-agrochem-exports-PARK,Oil & Gas - Storage & Transportation,PARKERAC,Smallcap,14.68999958,4.929999828,35106.5
BHAS,Bhaskar Agro Chemicals Ltd,/stocks/bhaskar-agrochemicals-BHAS,Specialty Chemicals,BHASKAGR,Smallcap,129.8500061,4,35082.96094
SAD,Crystal Business System Ltd,/stocks/sadhna-broadcast-SAD,Telecom Services,CRYSTAL,Smallcap,1.950000048,-0.50999999,35019.85156
GSB,GSB Finance Ltd,/stocks/gsb-finance-GSB,Investment Banking & Brokerage,GSBFIN,Smallcap,31.86000061,-0.409999996,34999.51953
SSPM,Super Spinning Mills Ltd,/stocks/super-spinning-mills-SSPM,Textiles,SUPERSPIN,Smallcap,5.489999771,-1.960000038,34910.91016
IBI,IB Infotech Enterprises Ltd,/stocks/ib-infotech-enterprises-IBI,IT Services & Consulting,IBINFO,Smallcap,40.43999863,-1.99000001,34859.28125
SVAMS,Svam Software Ltd,/stocks/svam-software-SVAMS,Software Services,SVAMSOF,Smallcap,5.900000095,-3.279999971,34809.89844
POLYE,Polychem Ltd,/stocks/polychem-POLYE,Specialty Chemicals,POLYCHEM,Smallcap,1974.900024,2.210000038,34638.66016
VENT,Ventura Textiles Ltd,/stocks/ventura-textiles-VENT,Textiles,VENTURA,Smallcap,8.869999886,3.74000001,34560
KONT,Kontor Space Ltd,/stocks/kontor-space-KONT,Business Support Services,KONTOR,Smallcap,57.5,-1.710000038,34500
KANSH,Kanishk Steel Industries Ltd,/stocks/kanishk-steel-industries-KANSH,Iron & Steel,KANSHST,Smallcap,54.49000168,2.180000067,34251.48828
PAL,Palm Jewels Limited,/stocks/palm-jewels-PAL,"Precious Metals, Jewellery & Watches",PALMJEWELS,Smallcap,15.30000019,-0.910000026,34231.89063
COVA,Covance Softsol Ltd,/stocks/covance-softsol-COVA,IT Services & Consulting,COVANCE,Smallcap,192,4.980000019,33984
REA,Real Eco Energy Ltd,/stocks/real-eco-energy-REA,Real Estate,REALECO,Smallcap,4.170000076,-2.799999952,33954.17969
SARTH,Sarthak Global Ltd,/stocks/sarthak-global-SARTH,Investment Banking & Brokerage,SARTHAKGL,Smallcap,34.95999908,1.690000057,33935.89844
AMC,Amco India Ltd,/stocks/amco-india-AMC,Plastic Products,AMCOIND,Smallcap,61.5,,33826.78125
SOU,Southern Infoconsultants Ltd,/stocks/southern-infosys-SOU,IT Services & Consulting,SOUTHERNIN,Smallcap,22,,33814
GSTL,Globesecure Technologies Ltd,/stocks/globesecure-technologies-GSTL,IT Services & Consulting,GSTL,Smallcap,16.89999962,-1.74000001,33800
KCD,KCD Industries India Ltd,/stocks/kcd-industries-india-KCD,Real Estate,KCDGROUP,Smallcap,3.900000095,1.830000043,33514.25
SHREY,Shreyas Intermediates Ltd,/stocks/shreyas-intermediates-SHREY,Specialty Chemicals,SHREYASI,Smallcap,5.75,-2.539999962,33456.85156
GOB,Goblin India Ltd,/stocks/goblin-india-GOB,Retail - Speciality,GOBLIN,Smallcap,8.359999657,-4.889999866,33440
RAU,Raunaq lnternational Ltd,/stocks/raunaq-epc-international-RAU,Construction & Engineering,RAUNAQ,Smallcap,26.77000046,4.980000019,33408.92188
RAT,Ratnabhumi Developers Ltd,/stocks/ratnabhumi-developers-RAT,Real Estate,RATNABHUMI,Smallcap,197.6000061,-4.980000019,33394.39844
RAM,Ramsons Projects Ltd,/stocks/ramsons-projects-RAM,Diversified Financials,RAMSONS,Smallcap,89.19999695,-1.440000057,33147.62109
SATIP,Sati Poly Plast Ltd,/stocks/sati-poly-plast-SATIP,Packaging,SATIPOLY,Smallcap,33,-1.200000048,33000
SOLI,Solid Stone Co Ltd,/stocks/solid-stone-company-SOLI,Building Products - Others,SOLIDSTON,Smallcap,24,-0.74000001,32929.28125
MEF,Mefcom Capital Markets Ltd,/stocks/mefcom-capital-markets-MEF,Investment Banking & Brokerage,MEFCOMCAP,Smallcap,10,1.519999981,32788.32031
PRIMI,Prime Industries Ltd,/stocks/prime-industries-PRIMI,Real Estate,PRIMIND,Smallcap,42,1.919999957,32574.49023
SRIKP,Sri KPR Industries Ltd,/stocks/sri-kpr-industries-SRIKP,Building Products - Pipes,SRIKPRIND,Smallcap,21.47999954,0.469999999,32452
PAR,Parshva Enterprises Ltd,/stocks/parshva-enterprises-PAR,"Precious Metals, Jewellery & Watches",PARSHVA,Smallcap,180,-4.690000057,32218.21094
GUJH,Gujarat Hotels Ltd,/stocks/gujarat-hotels-GUJH,"Hotels, Resorts & Cruise Lines",GUJHOTE,Smallcap,187.3999939,2.210000038,32212.61914
CEET,Ceeta Industries Ltd,/stocks/ceeta-industries-CEET,FMCG - Foods,CEETAIN,Smallcap,34.5,1.5,32182.69922
SUPER,Superior Finlease Ltd,/stocks/superior-finlease-SUPER,Specialized Finance,SUPERIOR,Smallcap,1.99000001,,32092.26953
SVAM,Shiva Mills Ltd,/stocks/shiva-mills-SVAM,Textiles,SHIVAMILLS,Smallcap,59.41999817,-4.159999847,31764.48047
KBS,KBS India Ltd,/stocks/kbs-india-KBS,Investment Banking & Brokerage,KBSINDIA,Smallcap,1.450000048,3.569999933,31661.55078
FTL,Finelistings Technologies Ltd,/stocks/finelistings-technologies-FTL,Retail - Speciality,FTL,Smallcap,15.77999973,-5,31560
INDBN,Ind Bank Housing Ltd,/stocks/ind-bank-housing-INDBN,Consumer Finance,INDBNK,Smallcap,45.65999985,0.330000013,31531.03906
POLS,Polson Ltd,/stocks/polson-POLS,Commodity Chemicals,POLSON,Smallcap,10500,0.959999979,31299.99023
ASIAA,Asian Warehousing Ltd,/stocks/asian-warehousing-ASIAA,Advertising,ASIAN,Smallcap,34.72000122,2.119999886,31287.24023
SEYA,Seya Industries Ltd,/stocks/seya-industries-SEYA,Specialty Chemicals,SEYAIND,Smallcap,12.85999966,-1.080000043,31061.46094
ADORM,Thrive Future Habitats Ltd,/stocks/ador-multi-products-ADORM,FMCG - Personal Products,THRIVE,Smallcap,94.5,3.549999952,31020.84961
YOR,York Exports Ltd,/stocks/york-exports-YOR,Textiles,YORKEXP,Smallcap,53.50999832,4.960000038,31003.91992
CITIC,CitiChem India Ltd,/stocks/citichem-india-CITIC,Specialty Chemicals,CITICHEM,Smallcap,15.5,-3.130000114,31000
THAC,Thacker and Company Ltd,/stocks/thacker-and-company-THAC,Real Estate,THACKER,Smallcap,1138.900024,3.519999981,30996.56055
SUR,Suryaamba Spinning Mills Ltd,/stocks/suryaamba-spinning-mills-SUR,Textiles,SURYAAMBA,Smallcap,128,10.53999996,30934.61914
POLY,Polylink Polymers (India) Ltd,/stocks/polylink-polymers-india-POLY,Commodity Chemicals,POLYLINK,Smallcap,22.10000038,3.269999981,30908.08984
HOW,Howard Hotels Ltd,/stocks/howard-hotels-HOW,"Hotels, Resorts & Cruise Lines",HOWARHO,Smallcap,22.09000015,0.050000001,30869.11914
GARW,Garware Synthetics Ltd,/stocks/garware-synthetics-GARW,Textiles,GARWSYN,Smallcap,19.95000076,5,30842.08008
COSY,COSYN Ltd,/stocks/cosyn-COSY,IT Services & Consulting,COSYN,Smallcap,19.92000008,0.959999979,30747.65039
VISH,Vishal Bearings Ltd,/stocks/vishal-bearings-VISH,Industrial Machinery,VISHALBL,Smallcap,60.08000183,-1.179999948,30644.66992
GUJCN,Gujarat Containers Ltd,/stocks/gujarat-containers-GUJCN,Packaging,GUJCONT,Smallcap,144.1999969,-4.059999943,30200
RICHI,Kisaan Parivar Industries Ltd,/stocks/richirich-inventures-RICHI,Agro Products,KISAAN,Smallcap,15.06000042,-1.5,30196.48047
INDON,Indong Tea Company Ltd,/stocks/indong-tea-company-INDON,Tea & Coffee,INDONG,Smallcap,7.5,-7.409999847,30000
CHIT,MKP Mobility Ltd,/stocks/chitradurga-spintex-CHIT,Auto Parts,MKPMOB,Smallcap,115.1500015,,29939
MACIN,Machhar Industries Ltd,/stocks/machhar-industries-MACIN,Commodity Chemicals,MACIND,Smallcap,308,4.920000076,29919.43945
DAU,Daulat Securities Ltd,/stocks/daulat-securities-DAU,Investment Banking & Brokerage,DAULAT,Smallcap,29.79999924,0.170000002,29887.38086
ROJ,RO Jewels Ltd,/stocks/r-o-jewels-ROJ,"Precious Metals, Jewellery & Watches",ROJL,Smallcap,1.690000057,-0.589999974,29693.90039
LAKS,Lakshmi Mills Company Ltd,/stocks/lakshmi-mills-company-LAKS,Textiles,LAKSHMIMIL,Smallcap,7400,-0.270000011,29634.03906
MARU,Maruti Global Industries Ltd,/stocks/maruti-securities-MARU,Investment Banking & Brokerage,MGIL,Smallcap,39.29999924,0.720000029,29519.88086
UNITI,United Interactive Ltd,/stocks/united-interactive-UNITI,IT Services & Consulting,UNITEDINT,Smallcap,65.69999695,-4.78000021,29366.16016
AMTL,Advance Metering Technology Ltd,/stocks/advance-metering-technology-AMTL,Electrical Components & Equipments,AMTL,Smallcap,19.77000046,-0.649999976,29282.88086
ARM,Arman Holdings Ltd,/stocks/arman-holdings-ARM,Diversified Financials,ARMAN,Smallcap,108.1999969,-1.049999952,29208.96094
MONN,MPDLLtd,/stocks/mpdl-MONN,Real Estate,MPDL,Smallcap,33.59999847,2.130000114,29182.30078
VIPP,Vippy Spinpro Ltd,/stocks/vippy-spinpro-VIPP,Textiles,VIPPYSP,Smallcap,177,-2.210000038,28927.96094
BETX,Betex India Ltd,/stocks/betex-india-BETX,Textiles,BETXIND,Smallcap,473.8500061,4.760000229,28683.90039
RIDD,Riddhi Corporate Services Ltd,/stocks/riddhi-corporate-services-RIDD,IT Services & Consulting,RIDDHICORP,Smallcap,59.72000122,-0.649999976,28666.25
ANJ,Anjani Finance Ltd,/stocks/anjani-finance-ANJ,Diversified Financials,ANJANIFIN,Smallcap,9.140000343,-3.789999962,28631.67969
SALAU,Sal Automotive Ltd,/stocks/sal-automotive-SALAU,Auto Parts,SALAUTO,Smallcap,186.9499969,-0.370000005,28614.74023
PRIME,Prime Property Development Corp Ltd,/stocks/prime-property-development-corporation-PRIME,Real Estate,PRIMEPRO,Smallcap,29.39999962,-0.239999995,28508.98047
ADD,Addi Industries Ltd,/stocks/addi-industries-ADD,Textiles,ADDIND,Smallcap,87.80000305,4.340000153,28399.2793
SUNRA,Sunraj Diamond Exports Ltd,/stocks/sunraj-diamond-exports-SUNRA,"Precious Metals, Jewellery & Watches",SUNRAJDI,Smallcap,11.5,2.680000067,27938
MUKES,Mukesh Babu Financial Services Ltd,/stocks/mukesh-babu-financial-services-MUKES,Diversified Financials,MUKESHB,Smallcap,115.75,-4.340000153,27608
SABA,Sabar Flex India Ltd,/stocks/sabar-flex-india-SABA,Packaging,SABAR,Smallcap,5.5,-3.50999999,27500
SITI,Siti Networks Ltd,/stocks/siti-networks-SITI,Cable & D2H,SITINET,Smallcap,0.330000013,,27461.93945
VISV,Vishvprabha Ventures Ltd,/stocks/vishvprabha-ventures-VISV,Investment Banking & Brokerage,VISVEN,Smallcap,39.79999924,7.480000019,27375.51953
JAF,J A Finance Ltd,/stocks/j-a-finance-JAF,Specialized Finance,JAFINANCE,Smallcap,83,-1.190000057,27307
SAP,Sar Auto Products Ltd,/stocks/sar-auto-products-SAP,Auto Parts,SAPL,Smallcap,2719,1.960000038,27176.40039
MODIP,Modipon Ltd,/stocks/modipon-MODIP,Real Estate,MODIPON,Smallcap,42.20000076,,26712.59961
SWA,Swagtam Trading and Services Ltd,/stocks/swagtam-trading-and-services-SWA,Real Estate,SWAGTAM,Smallcap,61.70999908,-4.989999771,26593.71094
AMRA,Amraworld Agrico Ltd,/stocks/amraworld-agrico-AMRA,Commodities Trading,AMRAAGRI,Smallcap,0.529999971,,26219.69922
SHAL,Shalimar Wires Industries Ltd,/stocks/shalimar-wires-industries-SHAL,Electrical Components & Equipments,SHALIWIR,Smallcap,17.88999939,-0.610000014,26099.91992
ATE,Aten Papers & Foam Ltd,/stocks/aten-papers-and-foam-ATE,Paper Products,ATENPAPERS,Smallcap,21.71999931,0.140000001,26064
SOTF,SoftTech Engineers Ltd,/stocks/softtech-engineers-SOTF,Software Services,SOFTTECH,Smallcap,435,-1.779999971,25988.32031
OLY,Olympia Industries Ltd,/stocks/olympia-industries-OLY,Business Support Services,OLYMPTX,Smallcap,30,3.410000086,25942.01953
TRANR,Trans Freight Containers Ltd,/stocks/trans-freight-containers-TRANR,Industrial Machinery,TRANSFRE,Smallcap,20.97999954,2.24000001,25941.18945
ROL,Rolcon Engineering Company Ltd,/stocks/rolcon-engineering-company-ROL,Industrial Machinery,ROLCOEN,Smallcap,515,-2.650000095,25750
GUJI,Ashtasidhhi Industries Ltd,/stocks/gujarat-investa-GUJI,Diversified Financials,GUJINV,Smallcap,18.95000076,4.989999771,25673.55078
SPT,Saptarishi Agro Industries Ltd,/stocks/saptarishi-agro-industries-SPT,Agro Products,SPTRSHI,Smallcap,26.94000053,1.389999986,25563.43945
UHZ,U H Zaveri Ltd,/stocks/u-h-zaveri-UHZ,"Precious Metals, Jewellery & Watches",UHZAVERI,Smallcap,12.57999992,-0.550000012,25400
SHKA,Shree Karthik Papers Ltd,/stocks/shree-karthik-papers-SHKA,Paper Products,SHKARTP,Smallcap,6.889999866,-5.619999886,25273.59961
GOE,Goel Food Products Ltd,/stocks/goel-food-products-GOE,"Hotels, Resorts & Cruise Lines",GOEL,Smallcap,12.60000038,-0.790000021,25200
POOJ,Vashu Bhagnani Industries Ltd,/stocks/pooja-entertainment-and-films-POOJ,Movies & TV Serials,POOJAENT,Smallcap,79.97000122,4.559999943,25172.40039
DUR,Duropack Ltd,/stocks/duropack-DUR,Packaging,DUROPACK,Smallcap,59.61999893,0.200000003,25069.80078
AJW,Ajwa Fun World and Resort Ltd,/stocks/ajwa-fun-world-and-resort-AJW,Theme Parks & Gaming,AJWAFUN,Smallcap,41.77000046,2.380000114,24996
GLOBB,Metroglobal Ltd,/stocks/metroglobal-GLOBB,Commodities Trading,METROGLOBL,Smallcap,128,1.029999971,24794.25
COMPU,Computer Point Ltd,/stocks/computer-point-COMPU,IT Services & Consulting,COMPUPN,Smallcap,3.950000048,0.769999981,24675.65039
SHRIY,Shardul Securities Ltd,/stocks/shardul-securities-SHRIY,Investment Banking & Brokerage,SHARDUL,Smallcap,27.97999954,0.289999992,24433.2207
SUME,Sumedha Fiscal Services Ltd,/stocks/sumedha-fiscal-services-SUME,Investment Banking & Brokerage,SUMEDHA,Smallcap,39.18999863,-1.379999995,24281.25
NGIN,N G Industries Ltd,/stocks/n-g-industries-NGIN,Hospitals & Diagnostic Centres,NGIND,Smallcap,119.9499969,3.539999962,24264.90039
AFE,A F Enterprises Ltd,/stocks/a-f-enterprises-AFE,Investment Banking & Brokerage,AFEL,Smallcap,1.700000048,1.190000057,24233.55078
AMI,Amin Tannery Ltd,/stocks/amin-tannery-AMI,Conglomerates,AMINTAN,Smallcap,1.600000024,1.909999967,24163.19922
TOK,Tokyo Finance Ltd,/stocks/tokyo-finance-TOK,Consumer Finance,TOKYOFIN,Smallcap,20,5.039999962,24135.83984
NETT,Nettlinx Ltd,/stocks/nettlinx-NETT,IT Services & Consulting,NETTLINX,Smallcap,16.54000092,2.289999962,24098.7793
HBP,HB Portfolio Ltd,/stocks/hb-portfolio-HBP,Diversified Financials,HBPOR,Smallcap,59.25,5.300000191,23966.46094
FLOR,Flora Corporation Ltd,/stocks/flora-corporation-FLOR,Consumer Finance,FLORACORP,Smallcap,7.800000191,-2.74000001,23830.68945
KAMAN,Kamanwala Housing Construction Ltd,/stocks/kamanwala-housing-construction-KAMAN,Real Estate,KAMANWALA,Smallcap,15.77000046,2.339999914,23823.35938
ABHIC,Abhinav Capital Services Ltd,/stocks/abhinav-capital-services-ABHIC,Diversified Financials,ABHICAP,Smallcap,100.5999985,-0.889999986,23606.00977
TULA,Tulasee Bio-Ethanol Ltd,/stocks/tulasee-bio-ethanol-TULA,Renewable Energy,TULASEEBIOE,Smallcap,58.29000092,-1.980000019,23336
ABMN,Abm International Ltd,/stocks/abm-international-ABMN,Plastic Products,ABMINTLLTD,Smallcap,41.90000153,1.580000043,23165.69922
BALU,Balurghat Technologies Ltd,/stocks/balurghat-technologies-BALU,Logistics,BALTE,Smallcap,12,-4.230000019,22847.48047
DHE,Dhenu Buildcon Infra Ltd,/stocks/dhenu-buildcon-infra-DHE,Commodities Trading,DHENUBUILD,Smallcap,10.72999954,-1.919999957,22715.41016
PRISE,Prism Medico and Pharmacy Ltd,/stocks/prism-medico-and-pharmacy-PRISE,Agro Products,PRISMMEDI,Smallcap,28.20999908,-0.839999974,22700.33984
KGD,K G Denim Ltd,/stocks/k-g-denim-KGD,Textiles,KGDENIM,Smallcap,15.64999962,2.49000001,22687.74023
TDS,Tasty Dairy Specialities Ltd,/stocks/tasty-dairy-specialities-TDS,Agro Products,TDSL,Smallcap,4.5,,22674.59961
CYBM,Cyber Media India Ltd,/stocks/cyber-media-india-CYBM,Publishing,CYBERMEDIA,Smallcap,16.71999931,2.640000105,22628.75977
MONOP,Mono Pharmacare Ltd,/stocks/mono-pharmacare-MONOP,Retail - Speciality,MONOPHARMA,Smallcap,11.19999981,1.820000052,22400
DID,Dalmia Industrial Development Ltd,/stocks/dalmia-industrial-development-DID,Apparel & Accessories,DIDL,Smallcap,10.35000038,6.590000153,22227.81055
SURJ,Suraj Industries Ltd,/stocks/suraj-industries-SURJ,Packaged Foods & Meats,SURJIND,Smallcap,57,2.940000057,22200
MTP,Marg Techno-Projects Ltd,/stocks/marg-techno-projects-MTP,Diversified Financials,MTPL,Smallcap,13.84000015,0.439999998,22133.78906
SCA,Scan Projects Ltd,/stocks/scan-projects-SCA,Industrial Machinery,SCANPRO,Smallcap,122,-2.359999895,22127.56055
PAAS,Palash Securities Ltd,/stocks/palash-securities-PAAS,Diversified Financials,PALASHSECU,Smallcap,91.84999847,0.569999993,21990.39063
ESCOR,Invigorated Business Consulting Ltd,/stocks/escorts-finance-ESCOR,Business Support Services,INVIGO,Smallcap,6.889999866,6.489999771,21924.08984
RUNG,Rungta Irrigation Ltd,/stocks/rungta-irrigation-RUNG,Building Products - Pipes,RUNGTAIR,Smallcap,52.20000076,1.299999952,21868.03906
BAZ,Bazel International Ltd,/stocks/bazel-international-BAZ,Investment Banking & Brokerage,BAZELINTER,Smallcap,19,-0.779999971,21812
SHY,Shyamkamal Investments Ltd,/stocks/shyamkamal-investments-SHY,Specialized Finance,SHYMINV,Smallcap,12.89999962,3.529999971,21737.9707
LXM,Lakshmi Engineering and Warehousing Ltd,/stocks/lakshmi-automatic-loom-works-LXM,Logistics,LAKSHMIEW,Smallcap,2400,,21699.99023
PUR,Purple Entertainment Ltd,/stocks/purple-entertainment-PUR,Movies & TV Serials,PURPLE,Smallcap,6.199999809,3.329999924,21640.32031
MEW,Sizemasters Technology Ltd,/stocks/mewat-zinc-MEW,Animation,SIZEMASTER,Smallcap,370,1.649999976,21537
KHSE,Khandwala Securities Ltd,/stocks/khandwala-securities-KHSE,Investment Banking & Brokerage,KHANDSE,Smallcap,17.54999924,0.059999999,21502.2793
PAIN,Pan India Corp Ltd,/stocks/pan-india-corp-PAIN,Diversified Financials,PANINDIAC,Smallcap,1.779999971,,21495.2793
MIM,Medico Intercontinental Ltd,/stocks/medico-intercontinental-MIM,Pharmaceuticals,MIL,Smallcap,29.5,2.400000095,21453.66016
SIB,Sibar Auto Parts Ltd,/stocks/sibar-auto-parts-SIB,Auto Parts,SIBARAUT,Smallcap,8.199999809,0.610000014,21369.67969
UNIV,Universal Arts Ltd,/stocks/universal-arts-UNIV,Movies & TV Serials,UNIVARTS,Smallcap,5.099999905,,21323.09961
RIS,Rishabh Digha Steel and Allied Products Ltd,/stocks/rishabh-digha-steel-and-allied-products-RIS,Iron & Steel,RISHDIGA,Smallcap,34,4.230000019,21284
HAT,Hathway Bhawani Cabletel and Datacom Ltd,/stocks/hathway-bhawani-cabletel-and-datacom-HAT,Cable & D2H,HATHWAYB,Smallcap,11.51000023,-2.039999962,21249.30078
NYS,Nyssa Corporation Ltd,/stocks/nyssa-corporation-NYS,Real Estate,NYSSACORP,Smallcap,2.430000067,-0.819999993,21234.15039
HANS,Shree Hanuman Sugar & Industries Ltd,/stocks/shree-hanuman-sugar-and-industries-HANS,Sugar,HANSUGAR,Smallcap,3.75999999,-0.270000011,21204
CRA,Crane Infrastructure Ltd,/stocks/crane-infrastructure-CRA,Real Estate,CRANEINFRA,Smallcap,12.47999954,0.239999995,21140.33008
MILL,Millennium Online Solutions (India) Ltd,/stocks/millennium-online-solutions-india-MILL,Technology Hardware,MILLENNIUM,Smallcap,2.069999933,-1.429999948,20917.34961
GYA,Gyan Developers and Builders Ltd,/stocks/gyan-developers-and-builders-GYA,Real Estate,GYANDEV,Smallcap,45.59000015,4.760000229,20721.35938
OON,Objectone Information Systems Ltd,/stocks/objectone-information-systems-OON,IT Services & Consulting,OONE,Smallcap,6.949999809,-0.430000007,20719.91992
ADHB,Adhbhut Infrastructure Ltd,/stocks/adhbhut-infrastructure-ADHB,Real Estate,ADHBHUTIN,Smallcap,14.14000034,-0.629999995,20718.57031
ADAR,Adarsh Plant Protect Ltd,/stocks/adarsh-plant-protect-ADAR,Agricultural & Farm Machinery,ADARSHPL,Smallcap,30,,20561.80078
SEASN,Seasons Textiles Ltd,/stocks/seasons-textiles-SEASN,Textiles,SEASONST,Smallcap,18,-9.949999809,20486.90039
YASHR,Yashraj Containeurs Ltd,/stocks/yashraj-containeurs-YASHR,Packaging,YASHRAJC,Smallcap,4.300000191,-4.869999886,20338.00977
TECI,Tecil Chemicals and Hydro Power Ltd,/stocks/tecil-chemical-and-hydro-power-TECI,Commodity Chemicals,TECILCHEM,Smallcap,10.30000019,-0.289999992,19880.64063
MOR,Morarka Finance Ltd,/stocks/morarka-finance-MOR,Specialized Finance,MORARKFI,Smallcap,63.79999924,0.25,19675.03906
RAJP,Rajputana Investment & Finance Ltd,/stocks/rajputana-investment-and-finance-RAJP,Investment Banking & Brokerage,RAJPUTANA,Smallcap,33,-2.940000057,19601.11914
SCB,Saptak Chem and Business Ltd,/stocks/saptak-chem-and-business-SCB,Fertilizers & Agro Chemicals,SCBL,Smallcap,44.27999878,-5,19571.75977
ATHA,Atharv Enterprises Ltd,/stocks/atharv-enterprises-ATHA,Commodities Trading,ATHARVENT,Smallcap,3.75,,19432.5
IIT,IITL Projects Ltd,/stocks/iitl-projects-IIT,Real Estate,IITLPROJ,Smallcap,50,4.170000076,19418.09961
SAICO,Saianand Commercial Ltd,/stocks/saianand-commercial-SAICO,Diversified Financials,SAICOM,Smallcap,0.239999995,,18976.32031
HBE,Humming Bird Education Ltd,/stocks/humming-bird-education-HBE,Education Services,HBEL,Smallcap,15.14999962,-4.960000038,18937.5
MERC,Mercury Laboratories Ltd,/stocks/mercury-laboratories-MERC,Pharmaceuticals,MERCURYLAB,Smallcap,795,-3.279999971,18683.82031
RETA,JHS Svendgaard Retail Ventures Ltd,/stocks/jhs-svendgaard-retail-ventures-RETA,Retail - Department Stores,RETAIL,Smallcap,17.82999992,4.760000229,18357.35938
EUROL,Euro-Leder Fashion Ltd,/stocks/euro-leder-fashion-EUROL,Apparel & Accessories,EUROLED,Smallcap,16.62999916,-2,18315.35938
GVB,Genomic Valley Biotech Ltd,/stocks/genomic-valley-biotech-GVB,Biotechnology,GVBL,Smallcap,29,-2.950000048,17835
DLCM,DSJ Keep Learning Ltd,/stocks/dsj-communications-DLCM,Publishing,KEEPLEARN,Smallcap,1.940000057,0.519999981,17806.08008
DIVS,Divyashakti Ltd,/stocks/divyashakti-granites-DIVS,Building Products - Granite,DIVSHKT,Smallcap,51.68999863,4.340000153,17791.32031
MRU,Mrugesh Trading Ltd,/stocks/mrugesh-trading-MRU,Diversified Financials,MRUTR,Smallcap,59.20999908,2,17763
VBC,Chrome Silicon Ltd,/stocks/vbc-ferro-alloys-VBC,Metals - Diversified,CHROME,Smallcap,38.65999985,-0.079999998,17509.5
ANSP,Ansal Properties and Infrastructure Ltd,/stocks/ansal-properties-and-infrastructure-ANSP,Real Estate,ANSALAPI,Smallcap,2.779999971,-1.769999981,17055.30078
INDOA,Challani Capital Ltd,/stocks/indo-asia-finance-INDOA,Specialized Finance,CHALLANI,Smallcap,20.63999939,6.449999809,17025.51953
ERP,Erp Soft Systems Ltd,/stocks/erp-soft-systems-ERP,Software Services,ERPSOFT,Smallcap,62.88999939,4.989999771,16980.30078
TRAD,Trade Wings Ltd,/stocks/trade-wings-TRAD,Tour & Travel Services,TRADWIN,Smallcap,540.1500244,-5,16650.48047
ZWE,Welcast Steels Ltd,/stocks/welcast-steels-ZWE,Metals - Diversified,ZWELCAST,Smallcap,690.0999756,-0.200000003,16562.40039
YOGI,Yogi Infra Projects Ltd,/stocks/yogi-infra-projects-YOGI,Construction & Engineering,YOGISUNG,Smallcap,7.900000095,0.379999995,16542.19922
SAU,Saumya Consultants Ltd,/stocks/saumya-consultants-SAU,Diversified Financials,SAUMYA,Smallcap,122.8000031,-4.920000076,16516.83984
GARB,Garbi Finvest Ltd,/stocks/garbi-finvest-GARB,Consumer Finance,GARBIFIN,Smallcap,9.840000153,-2.670000076,16407.67969
RAJPA,Raj Packaging Industries Ltd,/stocks/raj-packaging-industries-RAJPA,Packaging,RAJPACK,Smallcap,29,4.349999905,16407.30078
ORTE,Ortel Communications Ltd,/stocks/ortel-communications-ORTE,Cable & D2H,ORTEL,Smallcap,1.649999976,4.429999828,16392.7793
LAH,Lahoti Overseas Ltd,/stocks/lahoti-overseas-LAH,Textiles,LAHOTIOV,Smallcap,43.52999878,1.159999967,16374.7998
AIN,Kanoria Energy & Infrastructure Ltd,/stocks/a-infrastructure-AIN,Building Products - Others,KEIL,Smallcap,16.90999985,-0.469999999,16373.59961
PREMA,Premier Capital Services Ltd,/stocks/premier-capital-services-PREMA,Business Support Services,PREMCAP,Smallcap,5.550000191,4.130000114,16359
REST,Restile Ceramics Ltd,/stocks/restile-ceramics-REST,Building Products - Ceramics,RESTILE,Smallcap,7.25,,16350.59961
VISTA,Vista Pharmaceuticals Ltd,/stocks/vista-pharmaceuticals-VISTA,Pharmaceuticals,VISTAPH,Smallcap,7.429999828,2.339999914,16306.91992
PNT,Pentokey Organy (India) Ltd,/stocks/pentokey-organy-india-PNT,Commodities Trading,PNTKYOR,Smallcap,37,-3.519999981,16300.07031
RISHP,Rishi Techtex Ltd,/stocks/rishi-techtex-RISHP,Textiles,RISHITECH,Smallcap,41,-0.819999993,16143.5
ORG,Organic Coatings Ltd,/stocks/organic-coatings-ORG,Specialty Chemicals,ORGCOAT,Smallcap,22.45000076,4.960000038,16119.09961
PANI,Panther Industrial Products Ltd,/stocks/panther-industrial-products-PANI,Investment Banking & Brokerage,PANIDPR,Smallcap,80,,16000
RAL,Ravileela Granites Ltd,/stocks/ravi-leela-granites-RAL,Building Products - Granite,RALEGRA,Smallcap,53.34999847,-4.730000019,15994.90039
SHAS,Shashijit Infraprojects Ltd,/stocks/shashijit-infraprojects-SHAS,Construction & Engineering,SHASHIJIT,Smallcap,2.210000038,-3.069999933,15987.40039
VOL,Voltaire Leasing and Finance Ltd,/stocks/voltaire-leasing-and-finance-VOL,Specialized Finance,VOLLF,Smallcap,14.98999977,2.109999895,15955.91992
GLA,Glance Finance Ltd,/stocks/glance-finance-GLA,Investment Banking & Brokerage,GLANCE,Smallcap,158,,15800
SABOO,Arigato Universe Ltd,/stocks/saboo-brothers-SABOO,Construction & Engineering,ARIGATO,Smallcap,53.29999924,-4.960000038,15357.83984
RISHI,Rishiroop Ltd,/stocks/rishiroop-RISHI,Commodity Chemicals,RISHIROOP,Smallcap,94.69999695,2.400000095,15233.95996
CLF,Classic Leasing & Finance Ltd,/stocks/classic-leasing-and-finance-CLF,Diversified Financials,CLFL,Smallcap,57.47999954,4.510000229,15148.7998
MITS,Mitshi India Ltd,/stocks/mitshi-india-MITS,Conglomerates,MITSHI,Smallcap,13.35000038,-7.480000019,15110.16016
RAW,Raw Edge Industrial Solutions Ltd,/stocks/raw-edge-industrial-solutions-RAW,Mining - Diversified,RAWEDGE,Smallcap,20.5,6.050000191,15075.71973
HARL,Haryana Leather Chemicals Ltd,/stocks/haryana-leather-chemicals-HARL,Specialty Chemicals,HARLETH,Smallcap,64,-2.869999886,14943.41016
NBF,NB Footwear Ltd,/stocks/nb-footwear-NBF,Apparel & Accessories,NBFOOT,Smallcap,7.25,2.980000019,14721
SKYL,Skyline Millars Ltd,/stocks/skyline-millars-SKYL,Real Estate,SKYLMILAR,Smallcap,15.60000038,-0.059999999,14511.90039
RAA,Raaj Medisafe India Ltd,/stocks/raaj-medisafe-india-RAA,Health Care Equipment & Supplies,RAAJMEDI,Smallcap,72.5,-0.140000001,14500
NARP,Narendra Properties Ltd,/stocks/narendra-properties-NARP,Real Estate,NARPROP,Smallcap,38.90000153,-4.070000172,14485.67969
VINT,Vintage Securities Ltd,/stocks/vintage-securities-VINT,Consumer Finance,VINTAGES,Smallcap,14.69999981,4.929999828,14470
MISH,Mishka Exim Ltd,/stocks/mishka-exim-MISH,Commodities Trading,MISHKA,Smallcap,40.00999832,0.029999999,14407.7998
AKAS,Akash Infra-Projects Ltd,/stocks/akash-infra-projects-AKAS,Construction & Engineering,AKASH,Smallcap,26.52000046,-0.860000014,14348.45996
MGF,Motor and General Finance Ltd,/stocks/motor-and-general-finance-MGF,Real Estate,MOTOGENFIN,Smallcap,28.20000076,-0.910000026,14136.32031
NATH,Nath Industries Ltd,/stocks/nath-industries-NATH,Paper Products,NATHIND,Smallcap,48.97999954,2.900000095,14113.5
HBES,HB Estate Developers Ltd,/stocks/hb-estate-developers-HBES,Real Estate,HBESD,Smallcap,79.16999817,1.360000014,14103.59961
PRIMG,Prima Agro Ltd,/stocks/prima-agro-PRIMG,Agro Products,PRIMAGR,Smallcap,15.72999954,-0.25,14099.66992
RAG,RTCL Ltd,/stocks/rtcl-RAG,Real Estate,RAGHUTOB,Smallcap,15.51000023,6.96999979,14096.16016
BEST,Best Eastern Hotels Ltd,/stocks/best-eastern-hotels-BEST,"Hotels, Resorts & Cruise Lines",BESTEAST,Smallcap,10.71000004,2.190000057,14048.63965
NETL,Netlink Solutions (India) Ltd,/stocks/netlink-solutions-india-NETL,IT Services & Consulting,NETLINK,Smallcap,180.1000061,,14047.7998
BHARA,Bharat Bhushan Finance & Commodity Brokers Ltd,/stocks/bharat-bhushan-finance-and-commodity-brokers-BHARA,Specialized Finance,BHARAT,Smallcap,24.54999924,1.74000001,14009.84961
BERL,Beryl Drugs Ltd,/stocks/beryl-drugs-BERL,Pharmaceuticals,BERLDRG,Smallcap,21.21999931,-7.130000114,13988.51953
PRECO,Precision Metaliks Ltd,/stocks/precision-metaliks-PRECO,Metals - Aluminium,PRECISION,Smallcap,6.900000095,1.470000029,13800
DHO,Dhoot Industrial Finance Ltd,/stocks/dhoot-industrial-finance-DHO,Commodities Trading,DHOOTIN,Smallcap,237.5,1,13777.32031
HIS,Hisar Spinning Mills Ltd,/stocks/hisar-spinning-mills-HIS,Textiles,HISARSP,Smallcap,45.88999939,-4.989999771,13767
MEGA,Mega Corp Ltd,/stocks/mega-corporation-MEGA,Diversified Financials,MEGACOR,Smallcap,3.279999971,-1.799999952,13739.91992
ESS,Yunik Managing Advisors Ltd,/stocks/essar-securities-ESS,Business Support Services,YUNIKM,Smallcap,7.489999771,7.460000038,13686.71973
BENGL,Bengal Tea & Fabrics Ltd,/stocks/bengal-tea-and-fabrics-BENGL,Textiles,BENGALT,Smallcap,143.8999939,4.050000191,13668.26953
ASHS,Ashirwad Steels And Industries Ltd,/stocks/ashirwad-steels-and-industries-ASHS,Specialized Finance,ASHSI,Smallcap,23.37999916,-0.850000024,13647.48047
VBD,V B Desai Financial Services Ltd,/stocks/v-b-desai-financial-services-VBD,Investment Banking & Brokerage,VBDESAI,Smallcap,17,3.029999971,13600
NIDA,Nidan Laboratories and Healthcare Ltd,/stocks/nidan-laboratories-and-healthcare-NIDA,Hospitals & Diagnostic Centres,NIDAN,Smallcap,13.60000038,-3.890000105,13600
WWA,Worldwide Aluminium Ltd,/stocks/worldwide-aluminium-WWA,Commodities Trading,WWALUM,Smallcap,19,-5,13429.25977
PBAI,PBA Infrastructure Ltd,/stocks/pba-infrastructure-PBAI,Construction & Engineering,PBAINFRA,Smallcap,13.35000038,0.379999995,13310.82031
ICDS,ICDS Ltd,/stocks/icds-ICDS,Diversified Financials,ICDSLTD,Smallcap,40.31000137,-0.370000005,13228.41016
SBF,Shree Bhavya Fabrics Ltd,/stocks/shree-bhavya-fabrics-SBF,Textiles,SBFL,Smallcap,21.5,2.529999971,13207.13965
TRI,Triveni Enterprises Ltd,/stocks/triveni-enterprises-TRI,Commodities Trading,TRIVENIENT,Smallcap,1.00999999,-2.880000114,13172.41992
LOYA,Loyal Textile Mills Ltd,/stocks/loyal-textile-mills-LOYA,Textiles,LOYALTEX,Smallcap,210,4.480000019,13154.7002
STANR,Stanrose Mafatlal Investments and Finance Ltd,/stocks/stanrose-mafatlal-investment-and-finance-STANR,Asset Management,STANROS,Smallcap,66.62000275,-1.220000029,13028.11035
BOMBC,Bombay Cycle and Motor Agency Ltd,/stocks/bombay-cycle-and-motor-agency-BOMBC,Conglomerates,BOMBCYC,Smallcap,1599.949951,3.069999933,12617.59961
MER,Mercantile Ventures Ltd,/stocks/mercantile-ventures-MER,Business Support Services,MERCANTILE,Smallcap,25.69000053,0.389999986,12501.29004
AADI,Aadi Industries Ltd,/stocks/aadi-industries-AADI,Stationery,AADIIND,Smallcap,9.100000381,-3.089999914,12462.38965
JOIN,Joindre Capital Services Ltd,/stocks/joindre-capital-services-JOIN,Investment Banking & Brokerage,JOINDRE,Smallcap,48.88999939,-0.100000001,12353.99023
RADI,Radix Industries (India) Ltd,/stocks/radix-industries-india-RADI,FMCG - Personal Products,RADIXIND,Smallcap,165.5,-4.309999943,12257.36035
PARAG,Paragon Finance Ltd,/stocks/paragon-finance-PARAG,Consumer Finance,PARAGONF,Smallcap,46.04999924,-1.559999943,12240.33984
CHD,CHD Chemicals Ltd,/stocks/chd-chemicals-CHD,Commodities Trading,CHDCHEM,Smallcap,5.519999981,,12237.83984
ASHN,Ashnoor Textile Mills Ltd,/stocks/ashnoor-textile-mills-ASHN,Textiles,ASHNOOR,Smallcap,38.77999878,2.319999933,12153.59961
OXF,Oxford Industries Ltd,/stocks/oxford-industries-OXF,Textiles,OXFORDIN,Smallcap,11.28999996,-4.96999979,12122
NATPY,National Plywood Industries Ltd,/stocks/national-plywood-industries-NATPY,Building Products - Laminates,NATPLY,Smallcap,2.460000038,,12113.04004
MONNE,Monind Ltd,/stocks/monnet-industries-MONNE,Metals - Diversified,MONIND,Smallcap,26.59000015,4.96999979,12098.4502
MODER,Modern Malleables Ltd,/stocks/modern-malleables-MODER,Electrical Components & Equipments,MODMA,Smallcap,59.79999924,-1.970000029,12080
LXPR,Lakshmi Precision Screws Ltd,/stocks/lakshmi-precision-screws-LXPR,Industrial Machinery,LAKPRE,Smallcap,5.730000019,4.949999809,12021.54004
WSF,WSFX Global Pay Ltd,/stocks/wall-street-finance-WSF,Payment Infrastructure,WSFX,Smallcap,61.5,-0.519999981,11988.59961
CILS,CIL Securities Ltd,/stocks/cil-securities-CILS,Investment Banking & Brokerage,CILSEC,Smallcap,37.88999939,4.289999962,11857.2002
ANN,Anna Infrastructures Ltd,/stocks/anna-infrastructures-ANN,Real Estate,ANNAINFRA,Smallcap,30,-0.029999999,11783.11035
BAK,Sanathnagar Enterprises Ltd,/stocks/sanathnagar-enterprises-BAK,Real Estate,SEL,Smallcap,37.99000168,-1.450000048,11671.94043
ANIK,Anik Industries Ltd,/stocks/anik-industries-ANIK,Commodities Trading,ANIKINDS,Smallcap,44.77999878,0.360000014,11656.37988
TRIVE,Triveni Glass Ltd,/stocks/triveni-glass-TRIVE,Building Products - Glass,TRIVENIGQ,Smallcap,6.309999943,-2.920000076,11528.37012
KAIR,Kaira Can Co Ltd,/stocks/kaira-can-company-KAIR,Packaging,KAIRA,Smallcap,1695.949951,3.809999943,11498.41016
REX,Rexnord Electronics and Controls Ltd,/stocks/rexnord-electronics-and-controls-REX,Industrial Machinery,REXNORD,Smallcap,83.94999695,-0.059999999,11399.40039
VENL,Venlon Enterprises Ltd,/stocks/venlon-enterprises-VENL,Commodity Chemicals,VENLONENT,Smallcap,3.980000019,2.049999952,11370.24023
VIVAN,Vivanza Biosciences Ltd,/stocks/vivanza-biosciences-VIVAN,Pharmaceuticals,VIVANZA,Smallcap,2,3.630000114,11348.96973
RGI,Rotographics (India) Ltd,/stocks/rotographics-india-RGI,Commodities Trading,RGIL,Smallcap,228.8000031,4.050000191,11231.73047
HIPO,Hipolin Ltd,/stocks/hipolin-HIPO,FMCG - Household Products,HIPOLIN,Smallcap,70.25,-0.029999999,11075.2002
UNJ,Unjha Formulations Ltd,/stocks/unjha-formulations-UNJ,FMCG - Personal Products,UNJHAFOR,Smallcap,18.54999924,-2.369999886,11072.5
WINY,Winsome Yarns Ltd,/stocks/winsome-yarns-WINY,Textiles,WINSOME,Smallcap,2.210000038,-1.779999971,11072.09961
MAN,Manomay Tex India Ltd,/stocks/manomay-tex-india-MAN,Textiles,MANOMAY,Smallcap,179.8500061,0.569999993,10994.63965
JOO,Shri Vasuprada Plantations Ltd,/stocks/joonktolle-tea-and-industries-JOO,Agro Products,VASUPRADA,Smallcap,101,-0.439999998,10906.48047
SIE,Superior Industrial Enterprises Ltd,/stocks/superior-industrial-enterprises-SIE,Packaging,SIEL,Smallcap,31.14999962,-0.349999994,10902.5
INNOK,Innokaiz India Ltd,/stocks/innokaiz-india-INNOK,Advertising,INNOKAIZ,Smallcap,13.53999996,-4.980000019,10832
INDOR,Indo Credit Capital Ltd,/stocks/indo-credit-capital-INDOR,Investment Banking & Brokerage,INDOCRED,Smallcap,8.170000076,-4.889999866,10725
POON,Poona Dal and Oil Industries Ltd,/stocks/poona-dal-and-oil-industries-POON,Agro Products,POONADAL,Smallcap,63,-1.549999952,10631.04004
DHAR,Dharani Finance Ltd,/stocks/dharani-finance-DHAR,Diversified Financials,DHARFIN,Smallcap,15,,10575
NIH,Nihar Info Global Ltd,/stocks/nihar-info-global-NIH,IT Services & Consulting,NIHARINF,Smallcap,5.699999809,-1.210000038,10501.40039
KJM,KJMC Corporate Advisors (India) Ltd,/stocks/kjmc-corporate-advisors-india-KJM,Investment Banking & Brokerage,KJMCCORP,Smallcap,54.95000076,4.730000019,10481.34961
PHR,Phaarmasia Ltd,/stocks/phaarmasia-PHR,Pharmaceuticals,PHRMASI,Smallcap,99.23000336,0.49000001,10378.16016
SKPM,Shree Krishna Paper Mills & Industries Ltd,/stocks/shree-krishna-paper-mills-and-industries-SKPM,Paper Products,SKPMIL,Smallcap,100,-0.99000001,10311.33008
EVER,Everlon Financials Ltd,/stocks/everlon-synthetics-EVER,Specialized Finance,EVERFIN,Smallcap,120,4.53000021,10260.66016
HCK,HCKK Ventures Ltd,/stocks/hckk-ventures-HCK,Real Estate,HCKKVENTURE,Smallcap,28.65999985,4.980000019,10202.95996
PASU,Pasupati Spinning and Weaving Mills Ltd,/stocks/pasupati-spinning-and-weaving-mills-PASU,Textiles,PASUSPG,Smallcap,27.93000031,5,10054.58984
KAL,Kalpa Commercial Ltd,/stocks/kalpa-commercial-KAL,Textiles,KALPACOMME,Smallcap,9.109999657,1,9981.480469
STLS,Steel Strips Infrastructures Ltd,/stocks/steel-strips-infrastructures-STLS,Real Estate,STLSTRINF,Smallcap,19,-5,9896.25
VISIO,Vision Cinemas Ltd,/stocks/vision-cinemas-VISIO,Movies & TV Serials,VISIONCINE,Smallcap,1.210000038,1.679999948,9566.259766
ASSO,Associated Ceramics Ltd,/stocks/associated-ceramics-ASSO,Building Products - Others,ASSOCER,Smallcap,169.4499969,-3.170000076,9514.799805
RASA,Rasandik Engineering Industries India Ltd,/stocks/rasandik-engineering-industries-india-RASA,Auto Parts,RASANDIK,Smallcap,63.54999924,-2.769999981,9480
NPR,NPR Finance Ltd,/stocks/npr-finance-NPR,Consumer Finance,NPRFIN,Smallcap,20.5,-0.920000017,9450.5
STRG,Sterling Greenwoods Ltd,/stocks/sterling-green-woods-STRG,Real Estate,STRGRENWO,Smallcap,21.73999977,-4.980000019,9374.25
ANS,ANS Industries Ltd,/stocks/ans-industries-ANS,Packaged Foods & Meats,ANSINDUS,Smallcap,12.11999989,1,9373.139648
MCC,Mac Charles (India) Ltd,/stocks/mac-charles-india-MCC,Renewable Energy,MCCHRLS-B,Smallcap,716,-0.059999999,9324.900391
VJL,Veejay Lakshmi Engineering Works Ltd,/stocks/veejay-lakshmi-engineering-works-VJL,Textiles,VJLAXMIE,Smallcap,36.95000076,-0.140000001,9314.179688
SALI,Salora International Ltd,/stocks/salora-international-SALI,Home Electronics & Appliances,SALORAINTL,Smallcap,29.5,-4.5,9308.25
OMN,Omni AX's Software Ltd,/stocks/omni-axs-software-OMN,Software Services,OMNIAX,Smallcap,3.690000057,-0.270000011,9233.120117
YASHM,Yash Management & Satellite Ltd.,/stocks/yash-management-and-satelite-YASHM,Specialized Finance,YASHMGM,Smallcap,9.75,0.100000001,9183.799805
TARAI,Tarai Foods Ltd,/stocks/tarai-foods-TARAI,Packaged Foods & Meats,TARAI,Smallcap,4.789999962,0.419999987,9105.929688
NEI,Neil Industries Ltd,/stocks/neil-industries-NEI,Diversified Financials,NEIL,Smallcap,6.369999886,0.310000002,8951.139648
MIV,Miven Machine Tools Ltd,/stocks/miven-machine-tools-MIV,Industrial Machinery,MIVENMACH,Smallcap,76.98000336,-0.49000001,8768.879883
RSD,RSD Finance Ltd,/stocks/rsd-finance-RSD,Diversified Financials,RSDFIN,Smallcap,80,-3.029999971,8549.099609
SHH,Shree Hari Chemicals Export Ltd,/stocks/shree-hari-chemicals-export-SHH,Specialty Chemicals,SHHARICH,Smallcap,110,-0.899999976,8528.519531
KAC,Kachchh Minerals Ltd,/stocks/kachchh-minerals-KAC,Mining - Diversified,KACHCHH,Smallcap,26.87000084,4.349999905,8408.400391
GKC,G K Consultants Ltd,/stocks/g-k-consultants-GKC,Diversified Financials,GKCONS,Smallcap,13.43999958,-2.609999895,8395.419922
OTC,OTCO International Ltd,/stocks/otco-international-OTC,IT Services & Consulting,OTCO,Smallcap,8.399999619,5,8388.379883
LIBO,Libord Finance Ltd,/stocks/libord-finance-LIBO,Diversified Financials,LIBORDFIN,Smallcap,16,-0.059999999,8373.05957
BLOI,Bloom Industries Ltd,/stocks/bloom-industries-BLOI,Iron & Steel,BLOIN,Smallcap,35.88999939,1.789999962,8362.370117
JAGS,Jagsonpal Services Ltd,/stocks/jagsonpal-finance-and-leasing-JAGS,Investment Banking & Brokerage,JAGSONSER,Smallcap,48.09999847,-4.940000057,8358.900391
MYMO,MY Money Securities Ltd,/stocks/my-money-securities-MYMO,Investment Banking & Brokerage,MYMONEY,Smallcap,42.47999954,0.379999995,8262.480469
KALL,Kallam Textiles Ltd,/stocks/kallam-textiles-KALL,Textiles,KALLAM,Smallcap,2.75999999,2.599999905,8248.660156
CONTI,Contil India Ltd,/stocks/contil-india-CONTI,Packaged Foods & Meats,CONTILI,Smallcap,23,-1.289999962,8216.360352
ANJA,Anjani Foods Ltd,/stocks/anjani-foods-ANJA,Restaurants & Cafes,ANJANIFOODS,Smallcap,16.12000084,,8152.560059
AJC,Ajcon Global Services Ltd,/stocks/ajcon-global-services-AJC,Diversified Financials,AJCON,Smallcap,6.159999847,1.149999976,8135.399902
EXP,Explicit Finance Ltd,/stocks/explicit-finance-EXP,Investment Banking & Brokerage,EXPLICITFIN,Smallcap,8.670000076,-4.929999828,8028
KJMC,KJMC Financial Services Ltd,/stocks/kjmc-financial-services-KJMC,Specialized Finance,KJMCFIN,Smallcap,51.5,-0.170000002,7997.879883
EMER,Emerald Leisures Ltd,/stocks/emerald-leisures-EMER,Wellness Services,EMERALL,Smallcap,190,8.170000076,7984.669922
SCC,Scintilla Commercial & Credit Ltd,/stocks/scintilla-commercial-and-credit-SCC,Specialized Finance,SCC,Smallcap,12.11999989,-4.940000057,7974.959961
MINA,Minaxi Textiles Ltd,/stocks/minaxi-textiles-MINA,Textiles,MINAXI,Smallcap,1.549999952,8.390000343,7973.959961
UNIR,Uniroyal Industries Ltd,/stocks/uniroyal-industries-UNIR,Textiles,UNIROYAL,Smallcap,20,4.489999771,7964
BHAGW,Bhagawati Oxygen Ltd,/stocks/bhagawati-oxygen-BHAGW,Commodity Chemicals,BHAGWOX,Smallcap,35.56000137,4.28000021,7889.660156
MARB,Martin Burn Ltd,/stocks/martin-burn-MARB,Real Estate,MARBU,Smallcap,41.5,-6.949999809,7869
YAS,Yash Chemex Ltd,/stocks/yash-chemex-YAS,Commodities Trading,YASHCHEM,Smallcap,53.16999817,2.25,7843.5
SICAP,SI Capital & Financial Services Ltd,/stocks/s-i-capital-and-financial-services-SICAP,Tour & Travel Services,SICAPIT,Smallcap,18.37999916,3.49000001,7783.200195
NEEL,Neelkanth Rock-Minerals Ltd,/stocks/neelkanth-rockminerals-NEEL,Building Products - Granite,NEELKAN,Smallcap,42.74000168,-1.99000001,7778.680176
INNA,Innovative Tyres & Tubes Ltd,/stocks/innovative-tyres-and-tubes-INNA,Tires & Rubber,ITTL,Smallcap,73.5,-2,7717.5
SARU,Sarup Industries Ltd,/stocks/sarup-industries-SARU,Footwear,SARUPINDUS,Smallcap,138,0.469999999,7586.700195
COAR,Coastal Roadways Ltd,/stocks/coastal-roadways-COAR,Logistics,COARO,Smallcap,25.09000015,4.980000019,7527
AIMC,Aimco Pesticides Ltd,/stocks/aimco-pesticides-AIMC,Fertilizers & Agro Chemicals,AIMCOPEST,Smallcap,52.09999847,0.02,7483.189941
ECO,Accedere Ltd,/stocks/ecom-infotech-india-ECO,IT Services & Consulting,ACCEDERE,Smallcap,74.66999817,-4.989999771,7467
GOT,Gothi Plascon (India) Ltd,/stocks/gothi-plascon-india-GOT,Real Estate,GOTHIPL,Smallcap,37.27000046,-1.919999957,7454
SART,Sarthak Industries Ltd,/stocks/sarthak-industries-SART,Commodities Trading,SARTHAKIND,Smallcap,26.25,-0.720000029,7381.870117
IFIN,Interactive Financial Services Ltd,/stocks/interactive-financial-services-IFIN,Investment Banking & Brokerage,IFINSER,Smallcap,13.60000038,1.570000052,7335.419922
APO,Apoorva Leasing Finance and Investment Company Ltd,/stocks/apoorva-leasing-finance-and-investment-co-APO,Specialized Finance,APOORVA,Smallcap,32,-4.480000019,7300.799805
RES,Response Informatics Ltd,/stocks/response-informatics-RES,Software Services,RESPONSINF,Smallcap,21,4.320000172,7238.100098
GTNT,GTN Textiles Ltd,/stocks/gtn-textiles-GTNT,Textiles,GTNTEX,Smallcap,8.039999962,,7130.640137
CONTC,Continental Chemicals Ltd,/stocks/continental-chemicals-CONTC,Software Services,CONTCHM,Smallcap,62,-4.980000019,6880.890137
TIR,Tirupati Foam Ltd,/stocks/tirupati-foam-TIR,Home Furnishing,TIRUFOAM,Smallcap,63.36000061,4.949999809,6842.879883
BCHO,Blue Coast Hotels Ltd,/stocks/blue-coast-hotels-BCHO,"Hotels, Resorts & Cruise Lines",BLUECOAST,Smallcap,27.31999969,-2.430000067,6836.339844
SINN,Sinnar Bidi Udyog Ltd,/stocks/sinnar-bidi-udyog-SINN,FMCG - Tobacco,SINNAR,Smallcap,769,-2.359999895,6754.589844
BAP,B & A Packaging India Ltd,/stocks/b-and-a-packaging-india-BAP,Paper Products,BAPACK,Smallcap,172.1999969,-6.840000153,6691.799805
GOR,Gorani Industries Ltd,/stocks/gorani-industries-GOR,Home Electronics & Appliances,GORANIN,Smallcap,47.25,4.699999809,6649.859863
IFI,India Finsec Ltd,/stocks/india-finsec-IFI,Diversified Financials,IFINSEC,Smallcap,225,0.219999999,6594.890137
PANY,Panyam Cements And Mineral Industrties Ltd,/stocks/panyam-cements-and-mineral-industries-PANY,Cement,PANCM,Smallcap,90.51000214,-2.200000048,6594.089844
SHP,Shree Precoated Steels Ltd,/stocks/shree-precoated-steels-SHP,Real Estate,SPSL,Smallcap,14.72000027,4.989999771,6531.240234
ARTN,Art Nirman Ltd,/stocks/art-nirman-ARTN,Real Estate,ARTNIRMAN,Smallcap,41.65000153,-0.100000001,6455.75
INTR,Inter Globe Finance Ltd,/stocks/inter-globe-finance-INTR,Investment Banking & Brokerage,INTRGLB,Smallcap,73.38999939,1.649999976,6447.359863
GAN,Ganga Papers India Ltd,/stocks/ganga-papers-india-GAN,Paper Products,GANGAPA,Smallcap,73.20999908,4.989999771,6441.600098
HEL,Helpage Finlease Ltd,/stocks/helpage-finlease-HEL,Diversified Financials,HELPAGE,Smallcap,21.5,0.189999998,6426.629883
EMME,Emmessar Biotech and Nutrition Ltd,/stocks/emmessar-biotech-and-nutrition-EMME,Pharmaceuticals,EMMESSA,Smallcap,24.11000061,-2.150000095,6266.879883
MADHS,Madhusudan Securities Ltd,/stocks/madhusudan-securities-MADHS,Investment Banking & Brokerage,MADHUSE,Smallcap,17.38999939,-1.639999986,6220.649902
NKIN,N K Industries Ltd,/stocks/n-k-industries-NKIN,Packaged Foods & Meats,NKIND,Smallcap,63.20999908,1.429999948,6192.47998
RANJ,Ranjit Securities Ltd,/stocks/ranjit-securities-RANJ,Consumer Finance,RANJITSE,Smallcap,59.77999878,-2,6157.339844
MKT,Market Creators Ltd,/stocks/market-creators-MKT,Investment Banking & Brokerage,MKTCREAT,Smallcap,15.60000038,4.699999809,6151.680176
INDIL,India Lease Development Ltd,/stocks/india-lease-development-INDIL,Specialized Finance,INDLEASE,Smallcap,9.350000381,,6114.25
GLSE,Gujarat Lease Financing Ltd,/stocks/gujarat-lease-financing-GLSE,Consumer Finance,GLFL,Smallcap,6,-0.170000002,6102
COMI,Compuage Infocom Ltd,/stocks/compuage-infocom-COMI,Technology Hardware,COMPINFO,Smallcap,1.25999999,3.279999971,6086.399902
PRIMA,Prima Industries Ltd,/stocks/prima-industries-PRIMA,FMCG - Foods,PRIMAIN,Smallcap,18.89999962,,6066.899902
BLUEC,Blue Chip Tex Industries Ltd,/stocks/bluechip-tex-industries-BLUEC,Textiles,BLUECHIPT,Smallcap,124,3.809999943,6046.600098
PARMC,Paramount Cosmetics (India) Ltd,/stocks/paramount-cosmetics-india-PARMC,FMCG - Personal Products,PARMCOS-B,Smallcap,34.70000076,3.549999952,5966.189941
NEX,Nexus Surgical and Medicare Ltd,/stocks/nexus-commodities-and-technologies-NEX,Pharmaceuticals,NEXUSSURGL,Smallcap,20,-0.99000001,5940
FRU,Fruition venture Ltd,/stocks/fruition-venture-FRU,Investment Banking & Brokerage,FRUTION,Smallcap,30,3.910000086,5880
DJS,DJS Stock and Shares Ltd,/stocks/djs-stock-and-shares-DJS,Investment Banking & Brokerage,DJSSS,Smallcap,1.929999948,1.049999952,5857.700195
ARAV,Aravali Securities and Finance Ltd,/stocks/aravali-securities-and-finance-ARAV,Investment Banking & Brokerage,ARAVALIS,Smallcap,4.119999886,-3.74000001,5840.049805
QUANT,Cemantic Infra-Tech Ltd,/stocks/quantum-build-tech-QUANT,Construction & Engineering,CEMAINFRA,Smallcap,4.46999979,4.679999828,5824.759766
LAHL,Ladam Affordable Housing Ltd,/stocks/ladam-affordable-housing-LAHL,Real Estate,LAHL,Smallcap,7.170000076,-0.829999983,5820.959961
CHLL,CHL Ltd,/stocks/chl-CHLL,"Hotels, Resorts & Cruise Lines",CHLLTD,Smallcap,28.90999985,1.25999999,5810.910156
VEN,Venmax Drugs and Pharmaceuticals Ltd,/stocks/venmax-drugs-and-pharmaceuticals-VEN,Pharmaceuticals,VENMAX,Smallcap,18.94000053,3.779999971,5768.100098
STEP,Step Two Corporation Ltd,/stocks/step-two-corporation-STEP,Investment Banking & Brokerage,STEP2COR,Smallcap,22.26000023,3.529999971,5762.560059
MUKAT,Mukat Pipes Ltd,/stocks/mukat-pipes-MUKAT,Building Products - Pipes,MUKATPIP,Smallcap,14.60999966,-1.879999995,5657.939941
ARN,Arnold Holdings Ltd,/stocks/arnold-holdings-ARN,Diversified Financials,ARNOLD,Smallcap,13.44999981,1.279999971,5615.799805
SUM,Sumeru Industries Ltd,/stocks/sumeru-industries-SUM,Business Support Services,SUMERUIND,Smallcap,1.600000024,-1.840000033,5556.600098
TRIU,Triumph International Finance India Ltd,/stocks/triumph-international-finance-india-TRIU,Investment Banking & Brokerage,TRIUMPIN,Smallcap,16.36000061,-3.710000038,5531.040039
CMB,Corporate Merchant Bankers Ltd,/stocks/corporate-merchant-bankers-CMB,Investment Banking & Brokerage,CMBL,Smallcap,53,0.75999999,5486.810059
KAK,Kakatiya Textiles Ltd,/stocks/kakatiya-textiles-KAK,Textiles,KAKTEX,Smallcap,9.649999619,-4.929999828,5335
INTC,Integra Capital Ltd,/stocks/integra-capital-management-INTC,Diversified Financials,INTCAPL,Smallcap,13.5,-3.569999933,5305.5
HEM,Hemang Resources Ltd,/stocks/hemang-resources-HEM,Commodities Trading,HEMANG,Smallcap,12.93999958,1.090000033,5280
MULL,Muller and Phipps (India) Ltd,/stocks/muller-and-phipps-india-MULL,FMCG - Personal Products,MULLER,Smallcap,219.9499969,-0.02,5239.75
MDR,Modern Steel Ltd,/stocks/modern-steels-MDR,Iron & Steel,MDRNSTL,Smallcap,13.42000008,3.230000019,5191.700195
RAV,Ravalgaon Sugar Farm Ltd,/stocks/ravalgaon-sugar-farm-RAV,Agro Products,RAVALSUGAR,Smallcap,958.0999756,-2.130000114,5002.899902
SHUKR,Shukra Jewellery Ltd,/stocks/shukra-jewellery-SHUKR,"Precious Metals, Jewellery & Watches",SHUKJEW,Smallcap,10,-0.5,5000
OMKA,Omkar Pharmachem Ltd,/stocks/omkar-pharmachem-OMKA,Commodity Chemicals,OMKARPH,Smallcap,17.10000038,-5,4980.25
PRMI,Premier Ltd,/stocks/premier-PRMI,Industrial Machinery,PREMIER,Smallcap,2.950000048,-1.00999999,4968.810059
CCL,CCL International Ltd,/stocks/ccl-international-CCL,Construction & Engineering,CCLINTER,Smallcap,23.79999924,0.039999999,4958.720215
SAMO,Samor Reality Ltd,/stocks/samor-reality-SAMO,Real Estate,SAMOR,Smallcap,94.88999939,-0.119999997,4940.660156
HINDA,Hindustan Appliances Ltd,/stocks/hindustan-appliances-HINDA,Textiles,HINDAPL,Smallcap,114,-5,4936.680176
KUM,Kumbhat Financial Services Ltd,/stocks/kumbhat-financial-services-KUM,Diversified Financials,KUMPFIN,Smallcap,23.79999924,,4758
MOHI,Mohit Paper Mills Ltd,/stocks/mohit-paper-mills-MOHI,Paper Products,MOHITPPR,Smallcap,27.25,-0.180000007,4679.649902
MILE,Milestone Global Ltd,/stocks/milestone-global-MILE,Building Products - Granite,MILESTONE,Smallcap,17.20999908,,4534.120117
NIT,Nitin Castings Ltd,/stocks/nitin-castings-NIT,Metals - Iron,NITINCAST,Smallcap,552.0999756,-4.769999981,4416.799805
HARIA,Haria Apparels Ltd,/stocks/haria-apparels-HARIA,Textiles,HARIAAPL,Smallcap,5.900000095,7.269999981,4306.799805
SUNL,Sunil Healthcare Ltd,/stocks/sunil-healthcare-SUNL,Pharmaceuticals,SUNLOC,Smallcap,71.55000305,-0.239999995,4267.200195
CHEMO,Starsource Multitrade Ltd,/stocks/chemo-pharma-laboratories-CHEMO,Advertising,STARSOURCE,Smallcap,80.25,-4.519999981,4261.72998
HAW,Hawa Engineers Ltd,/stocks/hawa-engineers-HAW,Industrial Machinery,HAWAENG,Smallcap,80,-2.140000105,4236.439941
HIG,Tusaldah Ltd,/stocks/high-street-filatex-HIG,Apparel & Accessories,TUSALDAH,Smallcap,147.5,-4.989999771,3947.320068
SKR,Shukra Bullions Ltd,/stocks/shukra-bullions-SKR,"Precious Metals, Jewellery & Watches",SKRABUL,Smallcap,36.36999893,-4.989999771,3927.959961
DECI,Decipher Labs Ltd,/stocks/decipher-labs-DECI,Pharmaceuticals,DECIPHER,Smallcap,6.960000038,-4,3887.860107
WHIT,Bombay Talkies Ltd,/stocks/bombay-talkies-WHIT,Movies & TV Serials,BOMTALKIES,Smallcap,3.700000048,2.210000038,3880.959961
WIL,Williamson Financial Services Ltd,/stocks/williamson-financial-services-WIL,Specialized Finance,WILLIMFI,Smallcap,7.730000019,4.739999771,3865
MEHT,Ruparel Food Products Ltd,/stocks/mehta-housing-finance-MEHT,Consumer Finance,RFL,Smallcap,154,2.670000076,3767.399902
BFL,BFL Asset Finvest Ltd,/stocks/bfl-asset-finvest-BFL,Investment Banking & Brokerage,BFLAFL,Smallcap,6.090000153,-0.159999996,3678.399902
COM,Comfort Commotrade Ltd,/stocks/comfort-commotrade-COM,Commodities Trading,COMCL,Smallcap,14.60000038,0.270000011,3663.01001
NAM,NAM Securities Ltd,/stocks/nam-securities-NAM,Investment Banking & Brokerage,NAM,Smallcap,77,4.929999828,3656.120117
VIKA,Vikalp Securities Ltd,/stocks/vikalp-securities-VIKA,Investment Banking & Brokerage,VIKALPS,Smallcap,20.89999962,-4.869999886,3594.800049
CHOR,Chordia Food Products Ltd,/stocks/chordia-food-products-CHOR,Packaged Foods & Meats,CHORDIA,Smallcap,68.51000214,0.589999974,3562.52002
PHOT,Photoquip India Ltd,/stocks/photoquip-india-PHOT,Electronic Equipments,PHOTOQUP,Smallcap,12.02000046,,3545.899902
TAI,Tai Industries Ltd,/stocks/tai-industries-TAI,Consumer Finance,TAIIND,Smallcap,24,-4.340000153,3490.149902
DYNAM,Dynamic Industries Ltd,/stocks/dynamic-industries-DYNAM,Specialty Chemicals,DYNAMIND,Smallcap,113.6999969,,3411
HARIE,Haria Exports Ltd,/stocks/haria-exports-HARIE,Commodities Trading,HARIAEXPO,Smallcap,6.5,,3380
SAMRA,Samrat Forgings Ltd,/stocks/samrat-forgings-SAMRA,Metals - Diversified,SAMRATFORG,Smallcap,237,0.340000004,3318
SFP,Square Four Projects India Ltd,/stocks/square-four-projects-india-SFP,Real Estate,SFPIL,Smallcap,9.119999886,-0.219999999,3292.199951
BRIJ,Brijlaxmi Leasing & Finance Ltd,/stocks/brijlaxmi-leasing-and-finance-BRIJ,Investment Banking & Brokerage,BRIJLEAS,Smallcap,10.27999973,8.779999733,3219.840088
GKB,GKB Ophthalmics Ltd,/stocks/gkb-ophthalmics-GKB,Health Care Equipment & Supplies,GKB,Smallcap,63.11000061,,3218.610107
NATG,National General Industries Ltd,/stocks/national-general-industries-NATG,Iron & Steel,NATGENI,Smallcap,54.54000092,-1.99000001,3163.320068
PASA,Pasari Spinning Mills Ltd,/stocks/pasari-spinning-mills-PASA,Textiles,PASARI,Smallcap,6.860000134,5.380000114,3160.199951
VAM,Vamshi Rubber Ltd,/stocks/vamshi-rubber-VAM,Building Products - Ceramics,VAMSHIRU,Smallcap,43.79999924,4.289999962,3069.5
KUN,Kunststoffe Industries Ltd,/stocks/kunststoffe-industries-KUN,Building Products - Pipes,KUNSTOFF,Smallcap,23.5,,3068.02002
ADIN,Adinath Textiles Ltd,/stocks/adinath-textiles-ADIN,Textiles,ADINATH,Smallcap,21.12000084,0.959999979,2952.540039
BOMB,Bombay Wire Ropes Ltd,/stocks/bombay-wire-ropes-BOMB,Iron & Steel,BOMBWIR,Smallcap,48.29999924,-0.50999999,2946.300049
JAIH,Jaihind Industries Ltd,/stocks/jaihind-synthetics-JAIH,Textiles,JAIHIND,Smallcap,37.29999924,-1.029999971,2894.399902
GIN,Gini Silk Mills Ltd,/stocks/gini-silk-mills-GIN,Textiles,GINISILK,Smallcap,58.45000076,1.649999976,2873.360107
SHRMF,Shree Manufacturing Co Ltd,/stocks/shree-manufacturing-company-SHRMF,Textiles,SHRMFGC,Smallcap,9.600000381,-4.949999809,2860.800049
SREC,Sreechem Resins Ltd,/stocks/sreechem-resins-SREC,Commodity Chemicals,SRECR,Smallcap,28.5,-4.329999924,2850
SSW,Shree Steel Wire Ropes Ltd,/stocks/shree-steel-wire-ropes-SSW,Iron & Steel,SSWRL,Smallcap,20.10000038,-1.279999971,2793.899902
SHILI,Sayaji Hotels (Indore) Ltd,/stocks/sayaji-hotels-indore-SHILI,"Hotels, Resorts & Cruise Lines",SHILINDORE,Smallcap,1390,-0.709999979,2785
RAJD,Rajdarshan Industries Ltd,/stocks/rajdarshan-industries-RAJD,Mining - Diversified,ARENTERP,Smallcap,35.18999863,-1.149999976,2736.23999
ADIT,Aditya Spinners Ltd,/stocks/aditya-spinners-ADIT,Textiles,ADITYASP,Smallcap,15.44999981,3.619999886,2708.27002
BRAW,Brawn Biotech Ltd,/stocks/brawn-biotech-BRAW,Pharmaceuticals,BRAWN,Smallcap,19.75,0.25,2609.850098
MILT,MPL Plastics Ltd,/stocks/mpl-plastics-MILT,Commodity Chemicals,MPL,Smallcap,6.5,-1.659999967,2586.449951
GANH,Ganesh Holdings Ltd,/stocks/ganesh-holdings-GANH,Investment Banking & Brokerage,GANHOLD,Smallcap,90,-4.710000038,2581.320068
SHER,Shervani Industrial Syndicate Ltd,/stocks/shervani-industrial-syndicate-SHER,Real Estate,SHERVANI,Smallcap,282,0.209999993,2520
ROSE,Roselabs Finance Ltd,/stocks/roselabs-finance-ROSE,Diversified Financials,ROSELABS,Smallcap,22.48999977,4.510000229,2473.899902
HINDM,Hindoostan Mills Ltd,/stocks/hindoostan-mills-HINDM,Textiles,HINDMILL,Smallcap,164,-0.610000014,2439.899902
ASHAI,Ashiana Agro Industries Ltd,/stocks/ashiana-agro-industries-ASHAI,Investment Banking & Brokerage,ASHAI,Smallcap,11.60000038,,2401.199951
INFR,Infronics Systems Ltd,/stocks/infronics-systems-INFR,IT Services & Consulting,INFRONICS,Smallcap,17.75,3.980000019,2363.409912
MIDIN,Mid India Industries Ltd,/stocks/mid-india-industries-MIDIN,Textiles,MIDINDIA,Smallcap,6.690000057,2.920000076,2340.679932
PREMS,Premier Synthetics Ltd,/stocks/premier-synthetics-PREMS,Textiles,PREMSYN,Smallcap,16.48999977,,2328.699951
THAK,Thakkers Developers Ltd,/stocks/thakkers-developers-THAK,Real Estate,THAKDEV,Smallcap,122.4599991,-5,2327.120117
RCC,Rajasthan Cylinders and Containers Ltd,/stocks/rajasthan-cylinders-and-containers-RCC,Oil & Gas - Storage & Transportation,RCCL,Smallcap,33.99000168,0.74000001,2295.47998
SOURC,Source Industries (India) Ltd,/stocks/source-industries-india-SOURC,Textiles,SOURCEIND,Smallcap,22.28000069,1.970000029,2228
SAM,Sam Industries Ltd,/stocks/sam-industries-SAM,Real Estate,SAMINDUS,Smallcap,43.68000031,-0.209999993,2186
DECP,Deccan Polypacks Ltd,/stocks/deccan-polypacks-DECP,Plastic Products,DECPO,Smallcap,32,-4.730000019,2184.870117
ETI,Econo Trade (India) Ltd,/stocks/econo-trade-india-ETI,Diversified Financials,ETIL,Smallcap,7.449999809,0.680000007,2176.719971
CONFI,Longspur International Ventures Ltd,/stocks/confidence-finance-and-trading-CONFI,Labs & Life Sciences Services,LONGSPUR,Smallcap,8.460000038,-4.940000057,2097.030029
MUK,Mukta Agriculture Ltd,/stocks/mukta-agriculture-MUK,Commodities Trading,MUKTA,Smallcap,2.900000095,-3.329999924,2069.76001
MINF,Mahaveer Infoway Ltd,/stocks/mahaveer-infoway-MINF,IT Services & Consulting,MAHAVEER,Smallcap,13.68000031,-4.929999828,2065.679932
SHRIC,Shricon Industries Ltd,/stocks/shricon-industries-SHRIC,Real Estate,SHRICON,Smallcap,185.25,-5,2047.430054
SWR,Swarna Securities Ltd,/stocks/swarna-securities-SWR,Investment Banking & Brokerage,SWRNASE,Smallcap,96,0.519999981,2044.77002
PADMA,Padmanabh Industries Ltd,/stocks/padmanabh-industries-PADMA,Diversified Chemicals,PADMAIND,Smallcap,8.409999847,-0.469999999,2015.52002
PANE,Pan Electronics (India) Ltd,/stocks/pan-electronics-india-PANE,Electrical Components & Equipments,PANELEC,Smallcap,26.60000038,2.309999943,2007.359985
STAN,Stanpacks (India) Ltd,/stocks/stanpacks-india-STAN,Packaging,STANPACK,Smallcap,9.970000267,,2003.969971
TFS,Typhoon Financial Services Ltd,/stocks/typhoon-financial-services-TFS,Diversified Financials,TFSL,Smallcap,39,1.299999952,1990.02002
NORR,Norris Medicines Ltd,/stocks/norris-medicines-NORR,Pharmaceuticals,NORRIS,Smallcap,14.51000023,1.679999948,1933.199951
ESC,Escorp Asset Management Ltd,/stocks/escorp-asset-management-ESC,Asset Management,ESCORP,Smallcap,103.9499969,,1871.099976
ICS,Integrated Capital Services Ltd,/stocks/integrated-capital-services-ICS,Business Support Services,ICSL,Smallcap,4.360000134,4.059999943,1870.5
SHV,Shreevatsaa Finance and Leasing Ltd,/stocks/shreevatsaa-finance-and-leasing-SHV,Diversified Financials,SHVFL,Smallcap,27,-4.420000076,1799.619995
TTI,TTI Enterprise Ltd,/stocks/tti-enterprise-TTI,Diversified Financials,TTIENT,Smallcap,8.68999958,-1.590000033,1781.640015
PUN,Punjab Communications Ltd,/stocks/punjab-communications-PUN,Telecom Equipments,PUNJCOMMU,Smallcap,51.45000076,-0.730000019,1744.540039
SUPRT,Supra Trends Ltd,/stocks/supra-trends-SUPRT,Apparel & Accessories,SUPRATRE,Smallcap,14.64999962,1.029999971,1688.959961
JAG,Jagjanani Textiles Ltd,/stocks/jagjanani-textiles-JAG,Textiles,JAGJANANI,Smallcap,4.329999924,-9.789999962,1623.599976
THAKR,Thakral Services (India) Ltd,/stocks/thakral-services-india-THAKR,Electronic Equipments,THAKRAL,Smallcap,13.60999966,4.849999905,1547
PUNI,Eyantra Ventures Ltd,/stocks/punit-commercials-PUNI,Business Support Services,EY,Smallcap,749,3.309999943,1510.23999
COV,iSERA Lifesciences Ltd,/stocks/covidh-technologies-COV,Software Services,ISERA,Smallcap,137,1.970000029,1507
POLYS,Polyspin Exports Ltd,/stocks/polyspin-exports-POLYS,Packaging,POLYSPIN,Smallcap,29.5,0.170000002,1504.5
LIM,Lime Chemicals Ltd,/stocks/lime-chemicals-LIM,Commodity Chemicals,LIMECHM,Smallcap,14.5,,1479
MAXH,Max Heights Infrastructure Ltd,/stocks/max-heights-infrastructure-MAXH,Real Estate,MAXHEIGHTS,Smallcap,12.14999962,-6.539999962,1451.969971
VAA,Vaarad Ventures Ltd,/stocks/vaarad-ventures-VAA,Conglomerates,VAARAD,Smallcap,9.630000114,-3.799999952,1415.609985
DAI,Daikaffil Chemicals India Ltd,/stocks/daikaffil-chemicals-india-DAI,Specialty Chemicals,DAIKAFFI,Smallcap,52.25999832,-1.99000001,1411.02002
TCI,TCI Industries Ltd,/stocks/tci-industries-TCI,Commodities Trading,TCIIND,Smallcap,1369,1.409999967,1369
ISL,Isl Consulting Ltd,/stocks/isl-consulting-ISL,Investment Banking & Brokerage,ISLCONSUL,Smallcap,19.62999916,-7.619999886,1365.459961
DFL,Decillion Finance Ltd,/stocks/decillion-finance-DFL,Specialized Finance,DFL,Smallcap,38.95000076,,1363.25
ZSV,Svaraj Trading and Agencies Ltd,/stocks/svaraj-trading-and-agencies-ZSV,Commodities Trading,ZSVARAJT,Smallcap,7.800000191,4.139999866,1355.400024
GALL,Gallops Enterprise Ltd,/stocks/gallops-enterprise-GALL,Real Estate,GALLOPENT,Smallcap,27,3.849999905,1350
VINY,Vinyoflex Ltd,/stocks/vinyoflex-VINY,Plastic Products,VINYOFL,Smallcap,51.75,0.49000001,1345.5
CITYM,Cityman Ltd,/stocks/cityman-CITYM,Textiles,CITYMAN,Smallcap,14.75,,1342.25
PIC,Picturehouse Media Ltd,/stocks/picturehouse-media-PIC,Movies & TV Serials,PICTUREHS,Smallcap,7.880000114,,1323.839966
OCTAL,Octal Credit Capital Ltd,/stocks/octal-credit-capital-OCTAL,Diversified Financials,OCTAL,Smallcap,18.73999977,,1293.060059
KAT,Katare Spinning Mills Ltd,/stocks/katare-spinning-mills-KAT,Textiles,KATRSPG,Smallcap,104.9000015,0.910000026,1259.040039
DELTA,Delta Industrial Resources Ltd,/stocks/delta-industrial-resources-DELTA,Textiles,DELTA,Smallcap,10.93000031,,1202.300049
PERV,Pervasive Commodities Ltd,/stocks/pervasive-commodities-PERV,Electrical Components & Equipments,PERVASIVE,Smallcap,3.720000029,1.919999957,1190.400024
SURI,Equilateral Enterprises Ltd,/stocks/equilateral-enterprises-SURI,"Precious Metals, Jewellery & Watches",EQUILATERA,Smallcap,17.57999992,-4.96999979,1165.560059
RAGH,Raghunath International Ltd,/stocks/raghunath-international-RAGH,Real Estate,RAGHUNAT,Smallcap,11.10999966,,1164.449951
ELE,Elegant Marbles and Grani Industries Ltd,/stocks/elegant-marbles-and-grani-industries-ELE,Building Products - Granite,ELEMARB,Smallcap,188.8500061,0.079999998,1135.560059
BLO,Bloom Dekor Ltd,/stocks/bloom-dekor-BLO,Wood Products,BLOOM,Smallcap,9.43999958,-0.319999993,1132.800049
USHA,Ushakiran Finance Ltd,/stocks/ushakiran-finance-USHA,Diversified Financials,USHAKIRA,Smallcap,35.68000031,2.5,1106.079956
INDOE,Indo Euro Indchem Ltd,/stocks/indo-euro-indchem-INDOE,Specialty Chemicals,INDOEURO,Smallcap,10.98999977,,1099
EASTR,Eastern Treads Ltd,/stocks/eastern-treads-EASTR,Tires & Rubber,EASTRED,Smallcap,29,,1075.589966
MORT,Morarjee Textiles Ltd,/stocks/morarjee-textiles-MORT,Textiles,MORARJEE,Smallcap,8.840000153,,1060.800049
CITI,Citi Port Financial Services Ltd,/stocks/citiport-financial-services-CITI,Diversified Financials,CITIPOR,Smallcap,40,3.200000048,1040
TYR,Tyroon Tea Co Ltd,/stocks/tyroon-tea-company-TYR,Agro Products,TYROON,Smallcap,85.55000305,-4.940000057,1037.280029
ARY,Aryan Share & Stock Brokers Ltd,/stocks/aryan-share-and-stock-brokers-ARY,Investment Banking & Brokerage,ARYAN,Smallcap,20.27000046,-0.639999986,1019.5
AMAL,Amalgamated Electricity Company Ltd,/stocks/amalgamated-electricity-company-AMAL,Electrical Components & Equipments,AMALGAM,Smallcap,90.40000153,-1.99000001,994.4000244
SIDDH,Siddheswari Garments Ltd,/stocks/siddheswari-garments-SIDDH,Investment Banking & Brokerage,SIDDHEGA,Smallcap,18.04999924,-5,985.5
SUNC,Suncity Synthetics Ltd,/stocks/suncity-synthetics-SUNC,Textiles,SUNCITYSY,Smallcap,9.949999809,-4.96999979,985.0499878
KID,Kiduja India Ltd,/stocks/kiduja-india-KID,Investment Banking & Brokerage,KIDUJA,Smallcap,16.10000038,-1.230000019,933.2199707
INL,Inland Printers Ltd,/stocks/inland-printers-INL,Online Services,INLANPR,Smallcap,50.93000031,0.949999988,922.6799927
MODW,Modella Woollens Ltd,/stocks/modella-woollens-MODW,Textiles,MODWOOL,Smallcap,56.5,,904
SURFI,Suryo Foods and Industries Ltd,/stocks/suryo-foods-and-industries-SURFI,Packaged Foods & Meats,SURFI,Smallcap,18.04000092,-4.800000191,902
ACRO,Acrow India Ltd,/stocks/acrow-india-ACRO,Industrial Machinery,ACROW,Smallcap,900,4.289999962,900
GDL,G D L Leasing and Finance Ltd,/stocks/gdl-leasing-and-finance-GDL,Diversified Financials,GDLLEAS,Smallcap,69.5,,861.7700195
SHRA,Shree Rajiv Lochan Oil Extraction Ltd,/stocks/shree-rajivlochan-oil-extraction-SHRA,Advertising,SHRAJOI,Smallcap,21.03000069,,820.1699829
DSI,Dalal Street Investments Ltd,/stocks/dalal-street-investments-DSI,Investment Banking & Brokerage,DSINVEST,Smallcap,370.8999939,,741.7999878
PATS,Patspin India Ltd,/stocks/patspin-india-PATS,Textiles,PATSPINLTD,Smallcap,6.869999886,-0.430000007,736.1599731
ADVL,Advance Lifestyles Ltd,/stocks/advance-lifestyles-ADVL,Textiles,ADVLIFE,Smallcap,32.09999847,2.390000105,707.0800171
PEE,Peeti Securities Ltd,/stocks/peeti-securities-PEE,Textiles,PEETISEC,Smallcap,18.01000023,0.059999999,684.3800049
ALF,Abhinav Leasing & Finance Ltd,/stocks/abhinav-leasing-and-finance-ALF,Specialized Finance,ALFL,Smallcap,1.129999995,,665.8499756
KEET,G-Tec Jainx Education Ltd,/stocks/keerti-knowledge-and-skills-KEET,Education Services,GTECJAINX,Smallcap,28.42000008,-2,596.8200073
NOR,Northlink Fiscal and Capital Services Ltd,/stocks/northlink-fiscal-and-capital-services-NOR,Construction & Engineering,NORTHLINK,Smallcap,24.39999962,4.989999771,585.5999756
PURS,Purshottam Investofin Ltd,/stocks/purshottam-investofin-PURS,Specialized Finance,PURSHOTTAM,Smallcap,36,0.949999988,570.0100098
MAITR,Maitri Enterprises Ltd,/stocks/maitri-enterprises-MAITR,Pharmaceuticals,MAITRI,Smallcap,38.47999954,,558
SIP,Shelter Infra Projects Ltd,/stocks/shelter-infra-projects-SIP,Construction & Engineering,SIPL,Smallcap,16.64999962,,499.5
INDA,Ind Agiv Commerce Ltd,/stocks/ind-agiv-commerce-INDA,Technology Hardware,INDAGIV,Smallcap,48.88000107,-5,488.7999878
DEVI,Devine Impex Ltd,/stocks/devine-impex-DEVI,Commodities Trading,DEVINE,Smallcap,8.300000191,,488.3999939
MASK,Mask Investments Ltd,/stocks/mask-investments-MASK,Investment Banking & Brokerage,MASKINVEST,Smallcap,155,2.50999999,457.5599976
SHG,Shree Ganesh Elastoplast Ltd,/stocks/shree-ganesh-elastoplast-SHG,Agro Products,SHGANEL,Smallcap,19.25,1.320000052,430.3200073
ARYA,Aryaman Capital Markets Ltd,/stocks/aryaman-capital-markets-ARYA,Diversified Financials,ARYACAPM,Smallcap,425,3.660000086,425
UNR,Uniroyal Marine Exports Ltd,/stocks/uniroyal-marine-exports-UNR,Packaged Foods & Meats,UNRYLMA,Smallcap,14.85000038,4.650000095,371.25
IIS,Ishaan Infrastructures and Shelters Ltd,/stocks/ishaan-infrastructure-and-shelters-IIS,Construction & Engineering,IISL,Smallcap,15.75,-3.079999924,370.9899902
BER,Beryl Securities Ltd,/stocks/beryl-securities-BER,Diversified Financials,BERYLSE,Smallcap,30.29999924,4.989999771,333.2999878
CAPRO,Caprolactam Chemicals Ltd,/stocks/caprolactam-chemicals-CAPRO,Specialty Chemicals,CAPRO,Smallcap,46.93000031,4.989999771,328.5100098
EASTB,East Buildtech Ltd,/stocks/east-buildtech-EASTB,Real Estate,EASTBUILD,Smallcap,58.34000015,4.980000019,322.3200073
SHIKH,Shikhar Consultants Ltd,/stocks/shikhar-consultants-SHIKH,Diversified Financials,SHIKHAR,Smallcap,12.68999958,3.339999914,296.25
VIRG,Virgo Global Ltd,/stocks/virgo-global-VIRG,IT Services & Consulting,VIRGOGLOB,Smallcap,5.679999828,-1.899999976,289.6799927
AMBI,Ambitious Plastomac Company Ltd,/stocks/ambitious-plastomac-company-AMBI,Real Estate,AMBIT,Smallcap,10.68999958,8.529999733,269.1900024
SUBS,Subhash Silk Mills Ltd,/stocks/subhash-silk-mills-SUBS,Textiles,SUBSM,Smallcap,86.44000244,-2,262.3200073
LYO,Lyons Corporate Market Ltd,/stocks/lyons-corporate-market-LYO,Diversified Financials,LYONSCO,Smallcap,23.35000038,1.74000001,256.8500061
TPR,Thirani Projects Ltd,/stocks/thirani-projects-TPR,Investment Banking & Brokerage,TPROJECT,Smallcap,4.099999905,-2.380000114,256.0799866
NUT,Nutech Global Ltd,/stocks/nutech-global-NUT,Textiles,NUTECGLOB,Smallcap,23.63999939,-4.980000019,236.3999939
POP,Popular Estate Management Ltd,/stocks/popular-estate-management-POP,Real Estate,POPULARES,Smallcap,18.05999947,5,229.9700012
LIB,Libord Securities Ltd,/stocks/libord-securities-LIB,Investment Banking & Brokerage,LIBORD,Smallcap,20.39999962,,224.3999939
FILM,Filmcity Media Ltd,/stocks/filmcity-media-FILM,Movies & TV Serials,FILME,Smallcap,2.200000048,,220
MANS,Mansi Finance (Chennai) Ltd,/stocks/mansi-finance-chennai-MANS,Specialized Finance,MANSIFIN,Smallcap,61,-4.010000229,185.5500031
ABHIF,Abhishek Finlease Ltd,/stocks/abhishek-finlease-ABHIF,Consumer Finance,ABHIFIN,Smallcap,59.65999985,-4.980000019,178.9799957
UPR,Unipro Technologies Ltd,/stocks/unipro-technologies-UPR,Software Services,UPROTECH,Smallcap,15.43999958,-4.980000019,154.3999939
HIK,Hi-Klass Trading and Investment Ltd,/stocks/hi-klass-trading-and-investment-HIK,Investment Banking & Brokerage,HIKLASS,Smallcap,72.31999969,3.569999933,144.6399994
FUT,Futuristic Solutions Ltd,/stocks/futuristic-solutions-FUT,Diversified Financials,FUTSOL,Smallcap,48,,144.4799957
HIMA,RKD Agri & Retail Ltd,/stocks/himalchuli-food-products-HIMA,Retail - Speciality,RKDAGRRTL,Smallcap,6.25,-4.869999886,137.5
COCHM,Cochin Malabar Estates and Industries Ltd,/stocks/cochin-malabar-estates-and-industries-COCHM,Agro Products,COCHMAL,Smallcap,133,-0.150000006,133
EPS,Epsom Properties Ltd,/stocks/epsom-properties-EPS,Real Estate,EPSOMPRO,Smallcap,8,,128
PRIY,Priya Ltd,/stocks/priya-PRIY,IT Services & Consulting,PRIYALT,Smallcap,23.36000061,4.989999771,116.8000031
DHANC,Dhanlaxmi Cotex Ltd,/stocks/dhanlaxmi-cotex-DHANC,Labs & Life Sciences Services,DHANCOT,Smallcap,111.4499969,-1.980000019,111.4499969
KAMA,Kamadgiri Fashion Ltd,/stocks/kamadgiri-fashion-KAMA,Textiles,KAMADGIRI,Smallcap,108.9000015,,108.9000015
LINK,Link Pharmachem Ltd,/stocks/link-pharma-chem-LINK,Commodity Chemicals,LINKPH,Smallcap,26.98999977,,107.9599991
INA,Inani Securities Ltd,/stocks/inani-securities-INA,Investment Banking & Brokerage,INANISEC,Smallcap,20.62999916,,106.1999969
UNICK,Unick Fix-A-Form And Printers Ltd,/stocks/unick-fix-a-form-and-printers-UNICK,Packaging,UNICK,Smallcap,48,-1.029999971,96.5
SON,Sonal Mercantile Ltd,/stocks/sonal-mercantile-SON,Consumer Finance,SONAL,Smallcap,95,,95
GRAVI,Graviss Hospitality Ltd,/stocks/graviss-hospitality-GRAVI,"Hotels, Resorts & Cruise Lines",GRAVISSHO,Smallcap,29.39999962,-0.469999999,88.19999695
HAST,Hasti Finance Ltd,/stocks/hasti-finance-HAST,Consumer Finance,HASTIFIN,Smallcap,5.510000229,-5,88.16000366
SRINC,Sri Nachammai Cotton Mills Ltd,/stocks/sri-nachammai-cotton-mills-SRINC,Textiles,SRINACHA,Smallcap,27.94000053,-0.180000007,83.81999969
KARA,Manor Estates and Industries Ltd,/stocks/manor-estates-and-industries-KARA,Real Estate,KARANWO,Smallcap,8.989999771,-4.96999979,81.36000061
RTE,Neelkanth Ltd,/stocks/r-t-exports-RTE,Agro Products,NEELKANTH,Smallcap,39.5,-2.029999971,80.44000244
FRO,Frontline Corporation Ltd,/stocks/frontline-corporation-FRO,Logistics,FRONTCORP,Smallcap,35,,70
PARS,Parshwanath Corp Ltd,/stocks/parshwanath-corporation-PARS,Real Estate,PARSHWANA,Smallcap,66.66000366,,66.66000366
SLS,Sri Lakshmi Saraswathi Textiles (Arni) Ltd,/stocks/sri-lakshmi-saraswathi-textiles-arni-SLS,Textiles,SLSTLQ,Smallcap,33.06999969,4.980000019,66.13999939
JAYI,Jayatma Industries Ltd,/stocks/jayatma-industries-JAYI,Textiles,JAYIND,Smallcap,12.93999958,4.860000134,64.69999695
LAK,Lakhotia Polyesters (India) Ltd,/stocks/lakhotia-polyesters-india-LAK,Textiles,LAKHOTIA,Smallcap,63.70000076,5.599999905,63.70000076
DECO,DECO MICA Ltd,/stocks/deco-mica-DECO,Building Products - Laminates,DECOMIC,Smallcap,58.99000168,2.789999962,58.99000168
AGIO,Agio Paper & Industries Ltd,/stocks/agio-paper-and-industries-AGIO,Paper Products,AGIOPAPER,Smallcap,3.599999905,,54
NEWM,New Markets Avenue Ltd,/stocks/new-markets-advisory-NEWM,IT Services & Consulting,NEWMKTAVE,Smallcap,39.49000168,1.99000001,39.49000168
SALG,Salguti Industries Ltd,/stocks/salguti-industries-SALG,Plastic Products,SALGUTI,Smallcap,29.79999924,-4.179999828,29.79999924
UNITD,United Credit Ltd,/stocks/united-credit-UNITD,Consumer Finance,UNITDCR,Smallcap,27.62999916,-0.970000029,27.62999916
PHY,Phyto Chem (India) Ltd,/stocks/phyto-chem-india-PHY,Fertilizers & Agro Chemicals,PHYTO,Smallcap,23.85000038,1.529999971,23.85000038
RAND,Rander Corp Ltd,/stocks/rander-corporation-RAND,Real Estate,RANDER,Smallcap,9.649999619,-0.409999996,19.13999939
LEA,Lead Financial Services Ltd,/stocks/lead-financial-services-LEA,Diversified Financials,LEADFIN,Smallcap,17.31999969,4.96999979,17.31999969
RAMAP,Raama Paper Mills Ltd,/stocks/rama-paper-mills-RAMAP,Paper Products,RAMAPPR-B,Smallcap,14.5,2.619999886,14.5
SYT,Systematix Securities Ltd,/stocks/systematix-securities-SYT,Diversified Financials,SYTIXSE,Smallcap,12.77999973,4.929999828,12.77999973
CGPO,CG Power and Industrial Solutions Ltd,/stocks/cg-power-and-industrial-solutions-CGPO,Heavy Electrical Equipments,CGPOWER,Largecap,892.5499878,-6.96999979,22332129280
ABBW,Hitachi Energy India Ltd,/stocks/abb-power-products-and-systems-india-ABBW,Heavy Electrical Equipments,POWERINDIA,Largecap,31040,-8.100000381,21366808576
HDBK,HDFC Bank Ltd,/stocks/hdfc-bank-HDBK,Private Banks,HDFCBANK,Largecap,801.0499878,0.649999976,20771475456
ICBK,ICICI Bank Ltd,/stocks/icici-bank-ICBK,Private Banks,ICICIBANK,Largecap,1411.400024,0.810000002,18219151360
GETD,GE Vernova T&D India Ltd,/stocks/ge-tandd-india-GETD,Heavy Electrical Equipments,GVT&D,Largecap,4401.5,-8.739999771,16995695616
HCLT,HCL Technologies Ltd,/stocks/hcl-technologies-HCLT,IT Services & Consulting,HCLTECH,Largecap,1139,5.650000095,14512811008
INFY,Infosys Ltd,/stocks/infosys-INFY,IT Services & Consulting,INFY,Largecap,1047.199951,0.610000014,12251307008
BSEL,BSE Ltd,/stocks/bse-BSEL,Stock Exchanges & Ratings,BSE,Largecap,3816.600098,-0.469999999,11644808192
BHEL,Bharat Heavy Electricals Ltd,/stocks/bharat-heavy-electricals-BHEL,Heavy Electrical Equipments,BHEL,Largecap,383.6000061,-4.570000172,11556340736
SBI,State Bank of India,/stocks/state-bank-of-india-SBI,Public Banks,SBIN,Largecap,1040,-1.100000024,10887433216
ZOM,Eternal Ltd,/stocks/zomato-ZOM,Online Services,ETERNAL,Largecap,281.6499939,0.699999988,10463533056
RELI,Reliance Industries Ltd,/stocks/reliance-industries-RELI,Oil & Gas - Refining & Marketing,RELIANCE,Largecap,1304,0.039999999,10230544384
BOB,Bank of Baroda Ltd,/stocks/bank-of-baroda-BOB,Public Banks,BANKBARODA,Largecap,252.1999969,-3.089999914,9930432512
BJFN,Bajaj Finance Ltd,/stocks/bajaj-finance-BJFN,Consumer Finance,BAJFINANCE,Largecap,1031.400024,1.279999971,9697372160
BRTI,Bharti Airtel Ltd,/stocks/bharti-airtel-BRTI,Telecom Services,BHARTIARTL,Largecap,1910.400024,1.889999986,9682909184
ADEL,Adani Enterprises Ltd,/stocks/adani-enterprises-ADEL,Commodities Trading,ADANIENT,Largecap,3212.100098,1.090000033,9043098624
VAML,Vedanta Aluminium Metal Ltd,/stocks/vedanta-aluminium-metal-VAML,Metals - Diversified,VAML,Largecap,461.7999878,0.01,8617807872
TCS,Tata Consultancy Services Ltd,/stocks/tata-consultancy-services-TCS,IT Services & Consulting,TCS,Largecap,2093.5,1.230000019,8455525888
AVEU,Avenue Supermarts Ltd,/stocks/avenue-supermarts-AVEU,Retail - Department Stores,DMART,Largecap,3994.399902,-4.599999905,7607382528
MAHM,Mahindra and Mahindra Ltd,/stocks/mahindra-and-mahindra-MAHM,Four Wheelers,M&M,Largecap,3136.899902,-1.210000038,7604453888
MUTT,Muthoot Finance Ltd,/stocks/muthoot-finance-MUTT,Consumer Finance,MUTHOOTFIN,Largecap,3054.899902,3.569999933,6242357760
ENR,Siemens Energy India Ltd,/stocks/siemens-energy-india-ENR,Power Generation,ENRIN,Largecap,3281.5,-7.550000191,6182514688
LART,Larsen and Toubro Ltd,/stocks/larsen-and-toubro-LART,Construction & Engineering,LT,Largecap,4026.600098,-0.810000002,6088157696
KTKM,Kotak Mahindra Bank Ltd,/stocks/kotak-mahindra-bank-KTKM,Private Banks,KOTAKBANK,Largecap,396.75,-0.639999986,5856184832
MRTI,Maruti Suzuki India Ltd,/stocks/maruti-suzuki-india-MRTI,Four Wheelers,MARUTI,Largecap,14366,0.129999995,5541698560
UNBK,Union Bank of India Ltd,/stocks/union-bank-of-india-UNBK,Public Banks,UNIONBANK,Largecap,163.0899963,-6.460000038,5510644736
TISC,Tata Steel Ltd,/stocks/tata-steel-TISC,Iron & Steel,TATASTEEL,Largecap,189.8000031,1.129999995,5441690624
WIPR,Wipro Ltd,/stocks/wipro-WIPR,IT Services & Consulting,WIPRO,Largecap,176.0800018,1.200000048,5219216896
BAJE,Bharat Electronics Ltd,/stocks/bharat-electronics-BAJE,Electronic Equipments,BEL,Largecap,418.0499878,0.720000029,5080296960
TREN,Trent Ltd,/stocks/trent-TREN,Retail - Apparel,TRENT,Largecap,3340.600098,0.689999998,5054573568
AXBK,Axis Bank Ltd,/stocks/axis-bank-AXBK,Private Banks,AXISBANK,Largecap,1342.099976,-1.5,4737587200
CNBK,Canara Bank Ltd,/stocks/canara-bank-CNBK,Public Banks,CANBK,Largecap,127.1900024,0.430000007,4556065792
MRCO,Marico Ltd,/stocks/marico-MRCO,FMCG - Personal Products,MARICO,Largecap,838.5499878,-2.039999962,4535123456
DLF,DLF Ltd,/stocks/dlf-DLF,Real Estate,DLF,Largecap,675.9000244,2.690000057,4474651136
VODA,Vodafone Idea Ltd,/stocks/vodafone-idea-VODA,Telecom Services,IDEA,Largecap,14.25,-1.590000033,4463198720
ADAI,Adani Energy Solutions Ltd,/stocks/adani-transmission-ADAI,Power Infrastructure,ADANIENSOL,Largecap,1568.800049,0.75999999,4421086720
ADAN,Adani Power Ltd,/stocks/adani-power-ADAN,Power Generation,ADANIPOWER,Largecap,221.7899933,-1.230000019,4372995072
TAMO,Tata Motors Passenger Vehicles Ltd,/stocks/tata-motors-TAMO,Four Wheelers,TMPV,Largecap,344.1000061,-0.529999971,4352529920
CUMM,Cummins India Ltd,/stocks/cummins-india-CUMM,Industrial Machinery,CUMMINSIND,Largecap,5478,-1.799999952,4335889920
SUN,Sun Pharmaceutical Industries Ltd,/stocks/sun-pharmaceutical-industries-SUN,Pharmaceuticals,SUNPHARMA,Largecap,1904.800049,1.809999943,4136646400
TEML,Tech Mahindra Ltd,/stocks/tech-mahindra-TEML,IT Services & Consulting,TECHM,Largecap,1410.099976,-0.790000021,4057720576
INBA,Indian Bank,/stocks/indian-bank-INBA,Public Banks,INDIANB,Largecap,798.9500122,-1.980000019,4017777920
BJFS,Bajaj Finserv Ltd,/stocks/bajaj-finserv-BJFS,Insurance,BAJAJFINSV,Largecap,1895.599976,2.150000095,3859909376
SRTR,Shriram Finance Ltd,/stocks/shriram-transport-finance-company-SRTR,Consumer Finance,SHRIRAMFIN,Largecap,1063.599976,-0.289999992,3859843840
GMRI,GMR Airports Ltd (India),/stocks/gmr-infrastructure-GMRI,Construction & Engineering,GMRAIRPORT,Largecap,112.8000031,0.899999976,3741564416
ADNA,Adani Green Energy Ltd,/stocks/adani-green-energy-ADNA,Renewable Energy,ADANIGREEN,Largecap,1556.199951,0.059999999,3462636544
HLL,Hindustan Unilever Ltd,/stocks/hindustan-unilever-HLL,FMCG - Household Products,HINDUNILVR,Largecap,2201.199951,-0.430000007,3391617024
APLH,Apollo Hospitals Enterprise Ltd,/stocks/apollo-hospitals-enterprise-APLH,Hospitals & Diagnostic Centres,APOLLOHOSP,Largecap,8893.5,2.269999981,3342780928
HALC,Hindalco Industries Ltd,/stocks/hindalco-industries-HALC,Metals - Aluminium,HINDALCO,Largecap,953.2000122,0.419999987,3234527488
APSE,Adani Ports and Special Economic Zone Ltd,/stocks/adani-ports-and-special-economic-zone-APSE,Ports,ADANIPORTS,Largecap,1874.199951,-0.479999989,3087109632
PGRD,Power Grid Corporation of India Ltd,/stocks/power-grid-corporation-of-india-PGRD,Power Transmission & Distribution,POWERGRID,Largecap,287.8500061,-0.119999997,2970680064
PNBK,Punjab National Bank,/stocks/punjab-national-bank-PNBK,Public Banks,PNB,Largecap,105.3499985,-1.460000038,2914132992
INGL,Interglobe Aviation Ltd,/stocks/interglobe-aviation-INGL,Airlines,INDIGO,Largecap,5426.5,-0.319999993,2738216448
NEST,Nestle India Ltd,/stocks/nestle-india-NEST,FMCG - Foods,NESTLEIND,Largecap,1459.800049,0.939999998,2708120064
TVSM,TVS Motor Company Ltd,/stocks/tvs-motor-company-TVSM,Two Wheelers,TVSMOTOR,Largecap,3627.399902,0.02,2656140288
ONGC,Oil and Natural Gas Corporation Ltd,/stocks/oil-and-natural-gas-corporation-ONGC,Oil & Gas - Exploration & Production,ONGC,Largecap,237.8399963,0.800000012,2637883392
HIAE,Hindustan Aeronautics Ltd,/stocks/hindustan-aeronautics-HIAE,Aerospace & Defense Equipments,HAL,Largecap,4428.899902,-0.119999997,2603907584
DIVI,Divi's Laboratories Ltd,/stocks/divis-laboratories-DIVI,Labs & Life Sciences Services,DIVISLAB,Largecap,6757,1.110000014,2592459008
TITN,Titan Company Ltd,/stocks/titan-company-TITN,"Precious Metals, Jewellery & Watches",TITAN,Largecap,4461.100098,-0.449999988,2426167040
ABB,ABB India Ltd,/stocks/abb-india-ABB,Heavy Electrical Equipments,ABB,Largecap,6950.5,1.299999952,2373425920
NTPC,NTPC Ltd,/stocks/ntpc-NTPC,Power Generation,NTPC,Largecap,356.4500122,-0.5,2358238720
EICH,Eicher Motors Ltd,/stocks/eicher-motors-EICH,Trucks & Buses,EICHERMOT,Largecap,7339.5,1.230000019,2325315840
GROWO,Billionbrains Garage Ventures Ltd,/stocks/billionbrains-garage-ventures-GROWO,Investment Banking & Brokerage,GROWW,Largecap,206.5,0.200000003,2309184768
POLC,Polycab India Ltd,/stocks/polycab-india-POLC,Electrical Components & Equipments,POLYCAB,Largecap,9548.5,-0.899999976,2200736512
TTPW,Tata Power Company Ltd,/stocks/tata-power-company-TTPW,Power Transmission & Distribution,TATAPOWER,Largecap,375.2000122,-0.319999993,2188923648
HZNC,Hindustan Zinc Ltd,/stocks/hindustan-zinc-HZNC,Mining - Diversified,HINDZINC,Largecap,536.5499878,1.480000019,2151129088
JIO,Jio Financial Services Ltd,/stocks/jio-financial-services-JIO,Consumer Finance,JIOFIN,Largecap,239.3500061,-0.159999996,2129693824
TMC,Tata Motors Ltd,/stocks/tata-motors-TMC,Trucks & Buses,TMCV,Largecap,432,-1.929999948,2022281728
ITC,ITC Ltd,/stocks/itc-ITC,FMCG - Tobacco,ITC,Largecap,289.9500122,0.02,1892508800
COAL,Coal India Ltd,/stocks/coal-india-COAL,Mining - Coal,COALINDIA,Largecap,438.7000122,-0.050000001,1887286016
SLIN,Solar Industries India Ltd,/stocks/solar-industries-india-SLIN,Commodity Chemicals,SOLARINDS,Largecap,18514,-0.779999971,1878019584
BOSH,Bosch Ltd,/stocks/bosch-BOSH,Auto Parts,BOSCHLTD,Largecap,41895,0.920000017,1853785600
ULTC,UltraTech Cement Ltd,/stocks/ultratech-cement-ULTC,Cement,ULTRACEMCO,Largecap,11723,1.620000005,1846880128
CIPL,Cipla Ltd,/stocks/cipla-CIPL,Pharmaceuticals,CIPLA,Largecap,1458.199951,0.150000006,1843320320
VARB,Varun Beverages Ltd,/stocks/varun-beverages-VARB,Soft Drinks,VBL,Largecap,515.7999878,1.00999999,1842968960
HDFL,HDFC Life Insurance Company Ltd,/stocks/hdfc-life-insurance-company-HDFL,Insurance,HDFCLIFE,Largecap,567.7000122,-0.639999986,1799943424
REDY,Dr Reddy's Laboratories Ltd,/stocks/drreddys-laboratories-REDY,Pharmaceuticals,DRREDDY,Largecap,1374.099976,2.109999895,1782762496
CHLA,Cholamandalam Investment and Finance Company Ltd,/stocks/cholamandalam-investment-and-finance-company-CHLA,Consumer Finance,CHOLAFIN,Largecap,1789.800049,0.07,1712155136
PWFC,Power Finance Corporation Ltd,/stocks/power-finance-corporation-PWFC,Specialized Finance,PFC,Largecap,425.7999878,-0.99000001,1673262080
TORP,Torrent Pharmaceuticals Ltd,/stocks/torrent-pharmaceuticals-TORP,Pharmaceuticals,TORNTPHARM,Largecap,4768.299805,2.289999962,1646796672
SIEM,Siemens Ltd,/stocks/siemens-SIEM,Conglomerates,SIEMENS,Largecap,3536.300049,-1.230000019,1530792064
MOSS,Samvardhana Motherson International Ltd,/stocks/motherson-sumi-systems-MOSS,Auto Parts,MOTHERSON,Largecap,146.3000031,-0.870000005,1499391232
BAJA,Bajaj Auto Ltd,/stocks/bajaj-auto-BAJA,Two Wheelers,BAJAJ-AUTO,Largecap,9785.5,-0.730000019,1427529600
JSTL,JSW Steel Ltd,/stocks/jsw-steel-JSTL,Iron & Steel,JSWSTEEL,Largecap,1230.199951,0.519999981,1423670144
HDFA,HDFC Asset Management Company Ltd,/stocks/hdfc-asset-management-company-HDFA,Asset Management,HDFCAMC,Largecap,2800.199951,1.470000029,1409457024
GRAS,Grasim Industries Ltd,/stocks/grasim-industries-GRAS,Cement,GRASIM,Largecap,3180.899902,0.370000005,1361979392
ASPN,Asian Paints Ltd,/stocks/asian-paints-ASPN,Paints,ASIANPAINT,Largecap,2737.800049,-0.239999995,1294956544
BRIT,Britannia Industries Ltd,/stocks/britannia-industries-BRIT,FMCG - Foods,BRITANNIA,Largecap,5379,0.090000004,1220791936
SBIL,SBI Life Insurance Company Ltd,/stocks/sbi-life-insurance-company-SBIL,Insurance,SBILIFE,Largecap,1788.699951,0.239999995,1128026496
IRF,Indian Railway Finance Corp Ltd,/stocks/indian-railway-finance-corporation-IRF,Specialized Finance,IRFC,Largecap,90.56999969,-0.289999992,1075153280
BPCL,Bharat Petroleum Corporation Ltd,/stocks/bharat-petroleum-corporation-BPCL,Oil & Gas - Refining & Marketing,BPCL,Largecap,308.1499939,-0.74000001,937268160
HYU,Hyundai Motor India Ltd,/stocks/hyundai-motor-india-HYU,Four Wheelers,HYUNDAI,Largecap,1993.400024,2.190000057,834274112
GAIL,Gail (India) Ltd,/stocks/gail-india-GAIL,Gas Distribution,GAIL,Largecap,174.1499939,-0.079999998,805468864
IOC,Indian Oil Corporation Ltd,/stocks/indian-oil-corporation-IOC,Oil & Gas - Refining & Marketing,IOC,Largecap,141.5599976,-0.039999999,800879360
TATAC,Tata Capital Ltd,/stocks/tata-capital-TATAC,Consumer Finance,TATACAP,Largecap,349.3999939,-1.940000057,796882624
BJAT,Bajaj Holdings and Investment Ltd,/stocks/bajaj-holdings-and-investment-BJAT,Asset Management,BAJAJHLDNG,Largecap,11079,2.039999962,728292160
PIDI,Pidilite Industries Ltd,/stocks/pidilite-industries-PIDI,Diversified Chemicals,PIDILITIND,Largecap,1598,-0.460000008,712421120
LIC,Life Insurance Corporation Of India,/stocks/life-insurance-corporation-of-india-LIC,Insurance,LICI,Largecap,430.25,-0.430000007,699699392
GOCP,Godrej Consumer Products Ltd,/stocks/godrej-consumer-products-GOCP,FMCG - Personal Products,GODREJCP,Largecap,1076.900024,-0.029999999,564345280
ICIAI,ICICI Prudential Asset Management Company Ltd,/stocks/icici-prudential-asset-management-co-ICIAI,Asset Management,ICICIAMC,Largecap,3334.800049,-0.75999999,427477952
