name,tlid,symbol,tlname
ZCHANAIN,2098,ZCHANAIN,antariksh-industries-ltd
NEWMKTADV,2371,NEWMKTADV,new-markets-avenue-ltd
MRUTR,2527,MRUTR,mrugesh-trading-ltd
COVIDH,3948,COVIDH,isera-lifesciences-ltd
NOBPOL,4212,NOBPOL,noble-polymers-ltd
CHEMIESYNT,4229,CHEMIESYNT,chemiesynth-vapi-ltd
OSWALEA,4433,OSWALEA,oswal-leasing-ltd
HARIGCRANK,82200,HARIGCRANK,harig-crankshafts-ltd
FRONTLINE,82445,FRONTLINE,frontline-financial-services-ltd
SHENTRACON,82620,SHENTRACON,shentracon-chemicals-ltd
PREMCAPM,82667,PREMCAPM,premium-capital-markets-investments-ltd
BJ,82781,BJ,prabhatam-infra-venture-ltd
PERVASIVE,82787,PERVASIVE,pervasive-commodities-ltd
OLYMPIC,82819,OLYMPIC,olympic-management-financial-services-ltd
505100,83275,505100,india-radiators-ltd
540467,125100,540467,parmeshwari-silk-mills-ltd
LIQUID1,1341540,LIQUID1,kotak-nifty-1d-rate-liquid-etf
HDFCLIQUID,1633725,HDFCLIQUID,hdfc-nifty-1d-rate-liquid-etf-growth
LIQUIDCASE,1880864,LIQUIDCASE,zerodha-nifty-1d-rate-liquid-etf
LIQUIDADD,2185495,LIQUIDADD,dsp-bse-liquid-rate-etf
LIQUIDBETF,2319579,LIQUIDBETF,bajaj-finserv-nifty-1d-rate-liquid-etf-growth
GROWWLIQID,2686491,GROWWLIQID,groww-nifty-1d-rate-liquid-etf
LIQUIDPLUS,2790928,LIQUIDPLUS,mirae-asset-nifty-1d-rate-liquid-etf-growth
AONELIQUID,3048262,AONELIQUID,angel-one-nifty-1d-rate-liquid-etf
LIQGRWBEES,3195988,LIQGRWBEES,nippon-india-nifty-1d-rate-liquid-etf-growth
LIQUIDSHRI,2396087,LIQUIDSHRI,shriram-nifty-1d-rate-liquid-etf
AANCHALISP,4111,AANCHALISP,aanchal-ispat-ltd
BHAGGAS,2029,BHAGGAS,bhagawati-gas-ltd
SOURCEIND,2841,SOURCEIND,source-industries-india-ltd
GBLINFRA,3593,GBLINFRA,global-infratech-finance-ltd
ELIQUID,3290813,ELIQUID,edelweiss-nifty-1d-rate-liquid-etf-growth
RAHME,3727,RAHME,tacent-projects-ltd
CLCIND,1274,CLCIND,clc-industries-ltd
KANELOIL,2053,KANELOIL,kanel-industries-ltd
BARONINF,3819,BARONINF,baron-infotech-ltd
MAHANIN,3609,MAHANIN,mahan-industries-ltd
SBILIQETF,3219939,SBILIQETF,sbi-nifty-1d-rate-liquid-etf-growth
RCIIND,4006,RCIIND,jtl-defence-ltd
GALPOWTEL,2191,GALPOWTEL,galada-power-telecommunications-ltd
ALKA,3417,ALKA,audroc-ltd
TAAZAINT,4009,TAAZAINT,keto-motors-ltd
BIJHANS,4460,BIJHANS,arvaya-healthcare-ltd
PAEL,993,PAEL,aurique-ltd
TMTINDIA,87767,TMTINDIA,tmt-india-ltd
GFSTEELS,82681,GFSTEELS,grand-foundry-ltd
ALCHCORP,3574,ALCHCORP,alchemist-corporation-ltd
SURYAKR,2438,SURYAKR,rajvi-logitrade-ltd
SHAMROCK,82623,SHAMROCK,shamrock-industrial-company-ltd
DOLPHMED,3148,DOLPHMED,dolphin-medical-services-ltd
OMKAR,3602,OMKAR,omkar-overseas-ltd
EUREKAI,2853,EUREKAI,eureka-industries-ltd
SAGRSOY-B,2332,SAGRSOY-B,signature-green-corporation-ltd
ACCORD,87806,ACCORD,accord-synergy-ltd
INDSOYA,2145,INDSOYA,apollo-ingredients-ltd
PMTELELIN,2626,PMTELELIN,p-m-telelinks-ltd
AVONLIFE,3617,AVONLIFE,kobo-biotech-ltd
SANGINITA,87737,SANGINITA,sanginita-chemicals-ltd
SASHWAT,2280,SASHWAT,sashwat-technocrats-ltd
UCL,100681,UCL,ushanti-colour-chem-ltd
PHTRADING,2520,PHTRADING,vega-jewellers-ltd
PHOTON,2394,PHOTON,photon-capital-advisors-ltd
TULASEEBIOE,3034,TULASEEBIOE,tulasee-bio-ethanol-ltd
RBGUPTA,3769,RBGUPTA,aarcon-facilities-ltd
NIYATILEAS,2459,NIYATILEAS,veerhealth-care-ltd
LIPPISYS,3166,LIPPISYS,lippi-systems-ltd
15070582,1616360,15070582,shoora-designs-ltd
SJCORP,2186,SJCORP,sj-corporation-ltd
ZSWASTSA,4410,ZSWASTSA,e-e-enterprises-ltd
HRMNYCP,3247,HRMNYCP,harmony-capital-services-ltd
OSCARGLO,3275,OSCARGLO,oscar-global-ltd
SPANDIAQ,3073,SPANDIAQ,span-divergent-ltd
RUIA,82133,RUIA,datiware-maritime-infra-ltd
HUIL,4739,HUIL,hindusthan-insulators-industries-ltd
SHAHFOOD,2791,SHAHFOOD,shah-foods-ltd
KALYANISHP,2946,KALYANISHP,sharp-india-ltd
ACFSL,3992,ACFSL,amrapali-capital-finance-services-ltd
NEELKAN,3453,NEELKAN,neelkanth-rock-minerals-ltd
MRIL,3212714,MRIL,mahendra-realtors-infrastructure-ltd
AEGISLOG,35,AEGISLOG,aegis-logistics-ltd
JINDAL,83051,JINDAL,jindal-leasefin-ltd
890234,3477518,890234,vertex-securities-ltd-partly-paidup
JEL,4231,JEL,jyotirgamya-enterprises-ltd
17200017,1512623,17200017,maple-infrastructure-trust
544080,1897652,544080,sayaji-hotels-indore-ltd
CUPID,3405,CUPID,cupid-ltd
PARMAX,82579,PARMAX,parmax-pharma-ltd
AVATAR,87771,AVATAR,avatar-industries-ltd
INDXTRA,3055,INDXTRA,iel-ltd
PRECISIO,2752,PRECISIO,precision-electronics-ltd
RAJGASES,3213,RAJGASES,rajasthan-securities-ltd
INOVSYNTH,3910,INOVSYNTH,innovassynth-technologies-india-ltd
RAMCOSYS,1105,RAMCOSYS,ramco-systems-ltd
15620065,3273760,15620065,om-metallogic-ltd
17152985,3023329,17152985,paradeep-parivahan-ltd
MAXIMUS,83059,MAXIMUS,maximus-international-ltd
STARCOM,3644,STARCOM,starcom-information-technology-ltd
VIJIFIN,4022,VIJIFIN,viji-finance-ltd
16691776,1065965,16691776,vedant-asset-ltd
UTSSAV,2475493,UTSSAV,utssav-cz-gold-jewels-ltd
EPWINDIA,3366460,EPWINDIA,epw-india-ltd
PHCAP,2038,PHCAP,p-h-capital-ltd
SIGNORIA,2119170,SIGNORIA,signoria-creation-ltd
TAPARIA,2237,TAPARIA,taparia-tools-ltd
PROGRESV,3524,PROGRESV,progrex-ventures-ltd
SAMTELTD,2079,SAMTELTD,samtel-india-ltd
KELENRG,2288,KELENRG,keltech-energies-ltd
PIONAGR,2814,PIONAGR,pioneer-agro-extracts-ltd
AVIPHOT,2993,AVIPHOT,avi-products-india-ltd
BRIPORT,4277,BRIPORT,brilliant-portfolios-ltd
PPL,148189,PPL,prakash-pipes-ltd
APEXECO,2803150,APEXECO,apex-ecotech-ltd
PGINDST,3533,PGINDST,marble-city-india-ltd
11290577,456782,11290577,jetmall-spices-and-masala-ltd
IYKOTHITE,2897,IYKOTHITE,iykot-hitech-toolroom-ltd
BBETF0432,748067,BBETF0432,edelweiss-bharat-bond-etf-april-2032
13193325,3367524,13193325,nanta-tech-ltd
INDSWFTLAB,621,INDSWFTLAB,ind-swift-laboratories-ltd
STOVEKRAFT,409322,STOVEKRAFT,stove-kraft-ltd
DIVYADHAN,2663456,DIVYADHAN,divyadhan-recycling-industries-ltd
INCON,3635,INCON,incon-engineers-ltd
RLFL,4055,RLFL,ramchandra-leasing-and-finance-ltd
VIPULLTD,1489,VIPULLTD,vipul-ltd
RAJRILTD,1097,RAJRILTD,raj-rayon-industries-ltd
SETL,2898836,SETL,standard-engineering-technology-ltd
16070372,1719925,16070372,vivaa-tradecom-ltd
INNOMET,2618331,INNOMET,innomet-advanced-materials-ltd
PANAFIC,4119,PANAFIC,panafic-industrials-ltd
SUPREMEENG,107255,SUPREMEENG,supreme-engineering-ltd
CAPRICORN,2541,CAPRICORN,capricorn-systems-global-solutions-ltd
DUKEOFS,3596,DUKEOFS,duke-offshore-ltd
RRKABEL,1681351,RRKABEL,r-r-kabel-ltd
SSFL,1550244,SSFL,srivari-spices-and-foods-ltd
DIFFNKG,2674303,DIFFNKG,diffusion-engineers-ltd
RIIT,3448665,RIIT,raajmarg-infra-investment-trust
AURUM,1762,AURUM,aurum-proptech-ltd
13192829,438982,13192829,adjia-technologies-ltd
SAAKSHI,1706792,SAAKSHI,saakshi-medtech-panels-ltd
MTEDUCARE,887,MTEDUCARE,mt-educare-ltd
BOROSCI,2330143,BOROSCI,borosil-scientific-ltd
INVPRECQ,2195,INVPRECQ,investment-precision-castings-ltd
CCAVENUE,1998,CCAVENUE,avenuesai-ltd
KREONFIN,3265,KREONFIN,kreon-finnancial-services-ltd
COLINZ,3500,COLINZ,colinz-laboratories-ltd
NINSYS,4369,NINSYS,nintec-systems-ltd
MONOLITH,3131699,MONOLITH,monolithisch-india-ltd
SMFIL,2628,SMFIL,smiths-founders-india-ltd
INDTONER,2958,INDTONER,indian-toners-developers-ltd
11625830,3265151,11625830,telge-projects-ltd
GJL,3416578,GJL,grover-jewells-ltd
GYTRIPA,2585,GYTRIPA,virya-resources-ltd
544166,2206008,544166,emmforce-autotech-ltd
MINFY,4258,MINFY,mahaveer-infoway-ltd
OMANSH,61511,OMANSH,pipan-oils-ltd
SOFTBPO,2180,SOFTBPO,idream-film-infrastructure-company-ltd
RIBATEX,3748,RIBATEX,riba-textiles-ltd
17160453,2486163,17160453,afcom-holdings-ltd
PIXTRANS,2072,PIXTRANS,pix-transmissions-ltd
SKMEGGPROD,1253,SKMEGGPROD,skm-egg-products-export-india-ltd
PALREDTEC,1781,PALREDTEC,palred-technologies-ltd
ONTIC,83112,ONTIC,ontic-finserve-ltd
TIRUPATIFL,87804,TIRUPATIFL,tirupati-forge-ltd
SHIVAUM,165687,SHIVAUM,shiv-aum-steels-ltd
ZSANMCOM,2524,ZSANMCOM,tandhan-industries-ltd
GEETANJ,4287,GEETANJ,geetanjali-credit-and-capital-ltd
SAKSOFT,1167,SAKSOFT,saksoft-ltd
RBA,357598,RBA,restaurant-brands-asia-ltd
PRADPME,2643,PRADPME,pradeep-metals-ltd
SHRIAHIMSA,3036052,SHRIAHIMSA,shri-ahimsa-naturals-ltd
TEAMTECH,3512726,TEAMTECH,teamtech-formwork-solutions-ltd
EXCELLENT,2597185,EXCELLENT,excellent-wires-packaging-ltd
ASTRAMICRO,123,ASTRAMICRO,astra-microwave-products-ltd
LTGILTCASE,3227841,LTGILTCASE,zerodha-nifty-8-13-yr-g-sec-etf
EBBETF0430,204264,EBBETF0430,edelweiss-bharat-bond-etf-april-2030
KANORICHEM,717,KANORICHEM,kanoria-chemicals-industries-ltd
CARNATIN,3358,CARNATIN,carnation-industries-ltd
SKFINDUS,3353111,SKFINDUS,skf-india-industrial-ltd
13110372,3520088,13110372,merritronix-ltd
TALBROAUTO,1347,TALBROAUTO,talbros-automotive-components-ltd
DHARFIN,2452,DHARFIN,dharani-finance-ltd
13150400,3388488,13150400,indo-smc-ltd
KRISHNACAP,4259,KRISHNACAP,krishna-capital-securities-ltd
PRIMECAPM,3962,PRIMECAPM,prime-capital-market-ltd
13560270,3183864,13560270,swastika-castal-ltd
GOLDTECH,485,GOLDTECH,aion-tech-solutions-ltd
ANANDRATHI,747241,ANANDRATHI,anand-rathi-wealth-ltd
VANDANA,3786,VANDANA,atvo-enterprises-ltd
SHARIKA,82642,SHARIKA,sharika-enterprises-ltd
STERSPN,3647,STERSPN,tejassvi-aaharam-ltd
RELAXO,1125,RELAXO,relaxo-footwears-ltd
13192882,644312,13192882,naapbooks-ltd
BLISSGVS,204,BLISSGVS,bliss-gvs-pharma-ltd
DAIKAFFI,3401,DAIKAFFI,daikaffil-chemicals-india-ltd
KMCSHIL,3037,KMCSHIL,kmc-speciality-hospitals-india-ltd
MANCREDIT,2253,MANCREDIT,mangal-credit-and-fincorp-ltd
EBBETF0433,1191837,EBBETF0433,edelweiss-bharat-bond-etf-april-2033
AVL,52912,AVL,aditya-vision-ltd
GRATEXI,3191,GRATEXI,gratex-industries-ltd
VADILALIND,1462,VADILALIND,vadilal-industries-ltd
UCAL,1438,UCAL,ucal-ltd
ORIENTHOT,986,ORIENTHOT,oriental-hotels-ltd
BGIL,2483,BGIL,bgil-films-technologies-ltd
VISCO,82588,VISCO,gamco-ltd
NRL,750562,NRL,nupur-recyclers-ltd
BIKEWO,2640250,BIKEWO,bikewo-green-tech-ltd
14095540,1305967,14095540,dharni-capital-services-ltd
LAL,82961,LAL,lorenzini-apparels-ltd
PATINTLOG,1011,PATINTLOG,patel-integrated-logistics-ltd
TRANSCHEM,2084,TRANSCHEM,transchem-ltd
JASCHIND,2051,JASCHIND,jasch-industries-ltd
CORALAB,3033,CORALAB,coral-laboratories-ltd
ACSTECH,3382,ACSTECH,acs-technologies-ltd
EBBETF0431,382146,EBBETF0431,edelweiss-bharat-bond-etf-april-2031
WIPL,87884,WIPL,the-western-india-plywood-ltd
LIKHITHA,303126,LIKHITHA,likhitha-infrastructure-ltd
11625740,2446670,11625740,vvip-infratech-ltd
NAMOEWASTE,2597187,NAMOEWASTE,namo-ewaste-management-ltd
MNPLFIN,2350,MNPLFIN,manipal-finance-corporation-ltd
GULFOILLUB,518,GULFOILLUB,gulf-oil-lubricants-india-ltd
BETA,83050,BETA,beta-drugs-ltd
CAPLIPOINT,237,CAPLIPOINT,caplin-point-laboratories-ltd
KAPILCO,4721,KAPILCO,skybiotech-healthcare-ltd
GNRL,2645,GNRL,gujarat-natural-resources-ltd
RFBL,3506241,RFBL,rfbl-flexi-pack-ltd
MIDEASTP,3117,MIDEASTP,mideast-portfolio-management-ltd
BCLENTERPR,4327,BCLENTERPR,bcl-enterprises-ltd
ONELIFECAP,973,ONELIFECAP,onelife-capital-advisors-ltd
ONMOBILE,975,ONMOBILE,onmobile-global-ltd
12310683,2985703,12310683,beezaasan-explotech-ltd
ARMSPAPER,3836,ARMSPAPER,konndor-industries-ltd
NXST,1452281,NXST,nexus-select-trust-reit
MAXHEALTH,276825,MAXHEALTH,max-healthcare-institute-ltd
HITECHGEAR,564,HITECHGEAR,the-hi-tech-gears-ltd
EVERESTIND,399,EVERESTIND,everest-industries-ltd
VSCL,87739,VSCL,vadivarhe-speciality-chemicals-ltd
AIAENG,46,AIAENG,aia-engineering-ltd
ELPROINTL,2160,ELPROINTL,elpro-international-ltd
13521265,3318396,13521265,shining-tools-ltd
SANTOSHF,3241,SANTOSHF,santosh-fine-fab-ltd
SRDAPRT,4454,SRDAPRT,sarda-proteins-ltd
SIVI,4015,SIVI,laxmipati-engineering-works-ltd
DWEKAM,61526,DWEKAM,danube-industries-ltd
BFFL,4187,BFFL,grameva-ltd
EBGNG,3187136,EBGNG,gng-electronics-ltd
GOKEX,480,GOKEX,gokaldas-exports-ltd
SIGMAADV,854,SIGMAADV,sigma-advanced-systems-ltd
ANG,71319,ANG,ang-lifesciences-india-ltd
VENUSPIPES,877861,VENUSPIPES,venus-pipes-tubes-ltd
ACUTAAS,644637,ACUTAAS,acutaas-chemicals-ltd
12270250,1532583,12270250,kaka-industries-ltd
STYL,3265793,STYL,seshaasai-technologies-ltd
HEALTHCARE,3431222,HEALTHCARE,mirae-asset-nifty-500-healthcare-etf
PIDILITIND,1037,PIDILITIND,pidilite-industries-ltd
14090390,179983,14090390,easun-capital-markets-ltd
VENUSREM,1474,VENUSREM,venus-remedies-ltd
AEROENTER,2424,AEROENTER,aeroflex-enterprises-ltd
MADHUSUDAN,1690559,MADHUSUDAN,madhusudan-masala-ltd
HYPERSOFT,4346,HYPERSOFT,hypersoft-technologies-ltd
AETHER,903803,AETHER,aether-industries-ltd
HONASA,1769048,HONASA,honasa-consumer-ltd
CPPLUS,3195212,CPPLUS,aditya-infotech-ltd
BLUEWATER,3107150,BLUEWATER,blue-water-logistics-ltd
KIRLOSENG,745,KIRLOSENG,kirloskar-oil-engines-ltd
FLEXFO,2966,FLEXFO,flex-foods-ltd
STARHEALTH,746520,STARHEALTH,star-health-and-allied-insurance-company-ltd
DRREDDY,346,DRREDDY,dr-reddy-s-laboratories-ltd
LTGILTBEES,25722,LTGILTBEES,nippon-india-etf-nifty-8-13-yr-g-sec-long-term-gilt
ACIIN,2758,ACIIN,aci-infocom-ltd
GILT5YBEES,496673,GILT5YBEES,nippon-india-etf-nifty-5-yr-benchmark-gsec
ACMESOLAR,2759890,ACMESOLAR,acme-solar-holdings-ltd
CINEVISTA,267,CINEVISTA,cinevista-ltd
BAHETI,1160011,BAHETI,baheti-recycling-industries-ltd
AMAGI,3390023,AMAGI,amagi-media-labs-ltd
SUNDRMFAST,1313,SUNDRMFAST,sundram-fasteners-ltd
ALANSCOTT,4183,ALANSCOTT,alan-scott-enterprises-ltd
NUVAMA,1715909,NUVAMA,nuvama-wealth-management-ltd
519064,83277,519064,khandelwal-extractions-ltd
RADICO,1090,RADICO,radico-khaitan-ltd
SHGOVTR,3659,SHGOVTR,rr-metalmakers-india-ltd
SETF10GILT,25664,SETF10GILT,sbi-etf-10-year-gilt
RPTECH,1992194,RPTECH,rashi-peripherals-ltd
DHENUBUILD,2113,DHENUBUILD,dhenu-buildcon-infra-ltd
HEALTHADD,2016346,HEALTHADD,dsp-nifty-healthcare-etf
EMAINDIA,2878,EMAINDIA,ema-india-ltd
13193017,1417311,13193017,sancode-technologies-ltd
PREMIUM,2725570,PREMIUM,premium-plast-ltd
13521267,3248611,13521267,l-t-elevator-ltd
17160419,1840440,17160419,sahara-maritime-ltd
HITECHCORP,565,HITECHCORP,hitech-corporation-ltd
BHARATFORG,184,BHARATFORG,bharat-forge-ltd
ICVLSTEELS,3941,ICVLSTEELS,aerpace-industries-ltd
AMRAFIN,4234,AMRAFIN,amrapali-fincap-ltd
TANFACIND,1349,TANFACIND,tanfac-industries-ltd
ASPIRA,83029,ASPIRA,aspira-pathlab-diagnostics-ltd
SUBSM,3287,SUBSM,subhash-silk-mills-ltd
ICIL,585,ICIL,indo-count-industries-ltd
THANGAMAYL,1384,THANGAMAYL,thangamayil-jewellery-ltd
CRANEX,2872,CRANEX,cranex-ltd
RRFIN,2477,RRFIN,rr-financial-consultants-ltd
SPICEISL,3202,SPICEISL,spice-islands-industries-ltd
HDBFS,3147463,HDBFS,hdb-financial-services-ltd
RUBICON,3283430,RUBICON,rubicon-research-ltd
INDUSFINL,3712,INDUSFINL,indus-finance-ltd
540062,83528,540062,golden-crest-education-services-ltd
VINSYS,1565402,VINSYS,vinsys-it-services-india-ltd
MAHABANK,815,MAHABANK,bank-of-maharashtra
PATELENG,1010,PATELENG,patel-engineering-ltd
QUADFUTURE,2897925,QUADFUTURE,quadrant-future-tek-ltd
HEALTHIETF,559910,HEALTHIETF,icici-prudential-nifty-healthcare-etf
CARTRADE,621767,CARTRADE,cartrade-tech-ltd
SHRIPISTON,87722,SHRIPISTON,spr-auto-technologies-ltd
YUG,61533,YUG,yug-decor-ltd
AMALGAMATED,82501,AMALGAMATED,amalgamated-electricity-company-ltd
SUMEETINDS,1307,SUMEETINDS,sumeet-industries-ltd
INNOVACAP,1842149,INNOVACAP,innova-captab-ltd
UNIHEALTH,1671909,UNIHEALTH,unihealth-hospitals-ltd
YASHO,87885,YASHO,yasho-industries-ltd
HOACFOODS,2273364,HOACFOODS,hoac-foods-india-ltd
OMFREIGHT,3272272,OMFREIGHT,om-freight-forwarders-ltd
SUPRAP,52905,SUPRAP,supra-pacific-financial-services-ltd
TASTYBITE,2792,TASTYBITE,tasty-bite-eatables-ltd
KRISHNA,2184,KRISHNA,krishna-ventures-ltd
ARVIND,105,ARVIND,arvind-ltd
16691920,3146164,16691920,icon-facilitators-ltd
SRMENERGY,2929,SRMENERGY,srm-energy-ltd
TAMBOLIIN,3901,TAMBOLIIN,tamboli-industries-ltd
17160478,3192332,17160478,shree-refrigerations-ltd
ASHOKRE,3235,ASHOKRE,ashoka-refineries-ltd
UNIABEXAL,2187,UNIABEXAL,uni-abex-alloy-products-ltd
HEALTHY,686926,HEALTHY,aditya-birla-sun-life-nifty-healthcare-etf
17154247,555691,17154247,times-green-energy-india-ltd
PVTBANKADD,1592864,PVTBANKADD,dsp-nifty-private-bank-etf
DENTA,2934615,DENTA,denta-water-and-infra-solutions-ltd
MACPOWER,87782,MACPOWER,macpower-cnc-machines-ltd
FRONTCAP,2381,FRONTCAP,frontier-capital-ltd
REFEX,1121,REFEX,refex-industries-ltd
PHARMAID,3043,PHARMAID,pharmaids-pharmaceuticals-ltd
UHTL,2728197,UHTL,united-heat-transfer-ltd
VCKCAP,2454,VCKCAP,shrydus-industries-ltd
AIML,3922,AIML,alliance-integrated-metaliks-ltd
SANCHAY,83081,SANCHAY,sanchay-finvest-ltd
PATELSAI,2767,PATELSAI,patels-airtemp-india-ltd
BAFNAPH,142,BAFNAPH,bafna-pharmaceuticals-ltd
SWSOLAR,155630,SWSOLAR,sterling-and-wilson-renewable-energy-ltd
TATACAP,3279131,TATACAP,tata-capital-ltd
CHPLIND,4250,CHPLIND,callista-industries-ltd
OFSS,964,OFSS,oracle-financial-services-software-ltd
RSCINT,3278,RSCINT,rsc-international-ltd
ECOM,3614,ECOM,accedere-ltd
TRENT,1412,TRENT,trent-ltd
KSB,768,KSB,ksb-ltd
PAISALO,1199,PAISALO,paisalo-digital-ltd
EFFWA,2401653,EFFWA,effwa-infra-research-ltd
WABAG,1507,WABAG,va-tech-wabag-ltd
531997,83580,531997,ikoma-technologies-ltd
RELIGARE,1128,RELIGARE,religare-enterprises-ltd
TVSINVIT,3171347,TVSINVIT,tvs-infrastructure-trust
HAWKINCOOK,2364,HAWKINCOOK,hawkins-cookers-ltd
GEE,2161,GEE,gee-ltd
JAYBARMARU,662,JAYBARMARU,jay-bharat-maruti-ltd
MORGANITE,2924,MORGANITE,foseco-crucible-india-ltd
PGIL,1033,PGIL,pearl-global-industries-ltd
RAMAPETRO,2075,RAMAPETRO,rama-petrochemicals-ltd
SFL,4957,SFL,sheela-foam-ltd
SHRENIK,87873,SHRENIK,shrenik-ltd
MINDACORP,863,MINDACORP,minda-corporation-ltd
ANUP,130216,ANUP,the-anup-engineering-ltd
SAREGAMA,1185,SAREGAMA,saregama-india-ltd
SLSTLQ,2857,SLSTLQ,sri-lakshmi-saraswathi-textiles-arni-ltd
HONAUT,569,HONAUT,honeywell-automation-india-ltd
WELCORP,1514,WELCORP,welspun-corp-ltd
ICICIBANK,584,ICICIBANK,icici-bank-ltd
PREMIERPOL,1069,PREMIERPOL,premier-polyfilm-ltd
13110362,3463251,13110362,highness-microelectronics-ltd
KAJARIACER,709,KAJARIACER,kajaria-ceramics-ltd
SIPAPER,2738,SIPAPER,south-india-paper-mills-ltd
LAURUSLABS,4984,LAURUSLABS,laurus-labs-ltd
INDNIPPON,613,INDNIPPON,india-nippon-electricals-ltd
INDIGO,1784,INDIGO,interglobe-aviation-ltd
SHRIDINESH,2154,SHRIDINESH,shri-dinesh-mills-ltd
GROWWHOSPI,3449543,GROWWHOSPI,groww-bse-hospitals-etf
INDOTECH,617,INDOTECH,indo-tech-transformers-ltd
GOLCA,3742,GOLCA,golden-carpets-ltd
PHARMABEES,569629,PHARMABEES,nippon-india-nifty-pharma-etf
TRIDHYA,1516912,TRIDHYA,tridhya-tech-ltd
REPCOHOME,1132,REPCOHOME,repco-home-finance-ltd
INDOBORAX,3018,INDOBORAX,indo-borax-chemicals-ltd
MSTCLTD,138917,MSTCLTD,mstc-ltd
WHELTEX,2557,WHELTEX,shantai-industries-ltd
ECOLINE,3264363,ECOLINE,ecoline-exim-ltd
MOHEALTH,966211,MOHEALTH,motilal-oswal-s-p-bse-healthcare-etf
MAHLIFE,818,MAHLIFE,mahindra-lifespace-developers-ltd
VIVIDEL,3464471,VIVIDEL,vivid-electromech-ltd
MKEXIM,4130,MKEXIM,m-k-exim-india-ltd
APOLLOHOSP,93,APOLLOHOSP,apollo-hospitals-enterprise-ltd
AJANTPHARM,49,AJANTPHARM,ajanta-pharma-ltd
SWANDEF,1043,SWANDEF,swan-defence-and-heavy-industries-ltd
GEMAROMA,3220743,GEMAROMA,gem-aromatics-ltd
RANEHOLDIN,1111,RANEHOLDIN,rane-holdings-ltd
TTKPRESTIG,1421,TTKPRESTIG,ttk-prestige-ltd
NELCO,926,NELCO,nelco-ltd
DEEPAKSPIN,2667,DEEPAKSPIN,deepak-spinners-ltd
AIRL,4345,AIRL,hiliks-technologies-ltd
JLHL,1665481,JLHL,jupiter-life-line-hospitals-ltd
AVALON,1416031,AVALON,avalon-technologies-ltd
BHAGYANGR,183,BHAGYANGR,bhagyanagar-india-ltd
KPL,4743,KPL,kwality-pharmaceuticals-ltd
INDIGRID,54525,INDIGRID,indigrid-infrastructure-trust
CINDRELL,3534,CINDRELL,cindrella-financial-services-ltd
SANSERA,658068,SANSERA,sansera-engineering-ltd
MARKOLINES,658069,MARKOLINES,markolines-pavement-technologies-ltd
ZOTA,87758,ZOTA,zota-healthcare-ltd
ABDL,2365668,ABDL,allied-blenders-distillers-ltd
RML,1142,RML,rane-madras-ltd
TSFINV,87798,TSFINV,tsf-investments-ltd
AEQUS,3346246,AEQUS,aequs-ltd
GPTINFRA,3916,GPTINFRA,gpt-infraprojects-ltd
NRBBEARING,956,NRBBEARING,nrb-bearings-ltd
KERNEX,731,KERNEX,kernex-microsystems-india-ltd
TIMEX,2083,TIMEX,timex-group-india-ltd
VLL,4198,VLL,virat-leasing-ltd
AXISHCETF,513603,AXISHCETF,axis-nifty-healthcare-etf
CONFINT,2173,CONFINT,longspur-international-ventures-ltd
ARCHITORG,3062,ARCHITORG,archit-organosys-ltd
ORIENTLTD,987,ORIENTLTD,orient-press-ltd
HMVL,567,HMVL,hindustan-media-ventures-ltd
PANACHE,87776,PANACHE,panache-digilife-ltd
AERONEU,1270010,AERONEU,aeroflex-neu-ltd
SAIPARENT,3461702,SAIPARENT,sai-parenterals-ltd
ADOR,31,ADOR,ador-welding-ltd
ORGCOAT,3477,ORGCOAT,organic-coatings-ltd
CUBEINVIT,1438523,CUBEINVIT,cube-highways-trust
SENORES,2867595,SENORES,senores-pharmaceuticals-ltd
MAHESHWARI,87859,MAHESHWARI,maheshwari-logistics-ltd
MANBA,2656550,MANBA,manba-finance-ltd
ASMTEC,3131,ASMTEC,asm-technologies-ltd
LICNETFGSC,1621,LICNETFGSC,lic-nomura-mf-g-sec-long-term-etf-growth-option
ZYDUSWELL,1550,ZYDUSWELL,zydus-wellness-ltd
CTL,4050,CTL,capital-trade-links-ltd
AAREYDRUGS,3023,AAREYDRUGS,aarey-drugs-pharmaceuticals-ltd
BPCAP,3999,BPCAP,b-p-capital-ltd
TEXEL,82865,TEXEL,texel-industries-ltd
THEJO,87770,THEJO,thejo-engineering-ltd
FEDDERSHOL,2478,FEDDERSHOL,fedders-holding-ltd
POKARNA,3854,POKARNA,pokarna-ltd
CEIGALL,2484735,CEIGALL,ceigall-india-ltd
GABRIEL,429,GABRIEL,gabriel-india-ltd
JBCHEPHARM,665,JBCHEPHARM,j-b-chemicals-pharmaceuticals-ltd
13570128,1804378,13570128,amic-forging-ltd
TANKUP,3074278,TANKUP,tankup-engineers-ltd
SWITCHTE,2747,SWITCHTE,switching-technologies-gunther-ltd
INDCEMCAP,2442,INDCEMCAP,india-cements-capital-ltd
SIMPLEXCAS,1243,SIMPLEXCAS,simplex-castings-ltd
SUDEV,82937,SUDEV,iirm-holdings-india-ltd
CHOLAFIN,262,CHOLAFIN,cholamandalam-investment-finance-company-ltd
CORONA,3351950,CORONA,corona-remedies-ltd
MOREPENLAB,876,MOREPENLAB,morepen-laboratories-ltd
IBULLSLTD,583,IBULLSLTD,indiabulls-ltd
16550780,3211185,16550780,star-imaging-and-path-lab-ltd
ZDHJERK,3451,ZDHJERK,dhanvantri-jeevan-rekha-ltd
LIBERTSHOE,789,LIBERTSHOE,liberty-shoes-ltd
SAPL,4153,SAPL,sar-auto-products-ltd
WHEELS,1520,WHEELS,wheels-india-ltd
BAJAJHCARE,4373,BAJAJHCARE,bajaj-healthcare-ltd
INCAP,2759,INCAP,incap-ltd
ELFORGE,370,ELFORGE,el-forge-ltd
SPECIALITY,1272,SPECIALITY,speciality-restaurants-ltd
MEGASTAR,94292,MEGASTAR,megastar-foods-ltd
JUBLCPL,2984792,JUBLCPL,jubilant-agri-and-consumer-products-ltd
MODINSULAT,83570,MODINSULAT,modern-insulators-ltd
MLKFOOD,2328,MLKFOOD,milkfood-ltd
PARTHAL,4724,PARTHAL,maitri-enterprises-ltd
NYKAA,705188,NYKAA,fsn-e-commerce-ventures-ltd
TSPIRITUAL,3847,TSPIRITUAL,t-spiritual-world-ltd
HESTERBIO,1568,HESTERBIO,hester-biosciences-ltd
HFCL,543,HFCL,hfcl-ltd
FINEORG,92286,FINEORG,fine-organic-industries-ltd
ONWARDTEC,976,ONWARDTEC,onward-technologies-ltd
FEDERALBNK,412,FEDERALBNK,federal-bank-ltd
JYOTIRES,2713,JYOTIRES,jyoti-resins-adhesives-ltd
SIKOZY,3063,SIKOZY,sikozy-realtors-ltd
JYOTICNC,1873481,JYOTICNC,jyoti-cnc-automation-ltd
SPRL,845608,SPRL,sp-refractories-ltd
EQUIPPP,493,EQUIPPP,equippp-social-impact-technologies-ltd
SICALLOG,1236,SICALLOG,sical-logistics-ltd
KABRAEXTRU,708,KABRAEXTRU,kabra-extrusion-technik-ltd
ASYAINFO,2432,ASYAINFO,axis-solutions-ltd
GSEC5IETF,843494,GSEC5IETF,icici-prudential-nifty-5-yr-benchmark-g-sec-etf
13150274,191733,13150274,cospower-engineering-ltd
GLOSTERLTD,126604,GLOSTERLTD,gloster-ltd
VIMTALABS,1484,VIMTALABS,vimta-labs-ltd
ASHWINI,3356198,ASHWINI,ashwini-container-movers-ltd
FREDUN,4347,FREDUN,fredun-pharmaceuticals-ltd
GSMFOILS,2285049,GSMFOILS,gsm-foils-ltd
16691851,1922182,16691851,qualitek-labs-ltd
CIPLA,268,CIPLA,cipla-ltd
VIKRAMTH,3341,VIKRAMTH,vikram-thermo-india-ltd
DAICHI,3200,DAICHI,dai-ichi-karkaria-ltd
RESONANCE,3009,RESONANCE,resonance-specialties-ltd
DCMSIL,3429605,DCMSIL,dcm-shriram-international-ltd
OMAXE,969,OMAXE,omaxe-ltd
DRSDILIP,118812,DRSDILIP,drs-dilip-roadlines-ltd
AKUMS,2471889,AKUMS,akums-drugs-pharmaceuticals-ltd
BLUSPRING,3135583,BLUSPRING,bluspring-enterprises-ltd
13010126,1922181,13010126,brisk-technovision-ltd
BEMHY,2907,BEMHY,bemco-hydraulics-ltd
CHOICEIN,3559,CHOICEIN,choice-international-ltd
12541974,3262880,12541974,aptus-pharma-ltd
REGENCY,52907,REGENCY,regency-fincorp-ltd
PREMEXPLN,3116,PREMEXPLN,premier-explosives-ltd
JAIPAN,2252,JAIPAN,jaipan-industries-ltd
BODHTREE,212,BODHTREE,bodhtree-consulting-ltd
5PAISA,71260,5PAISA,5paisa-capital-ltd
GLOBOFFS,467,GLOBOFFS,garware-offshore-services-ltd
ITCHOTELS,2956218,ITCHOTELS,itc-hotels-ltd
PSFL,2632761,PSFL,paramount-speciality-forgings-ltd
SATTVAENGG,3227948,SATTVAENGG,sattva-engineering-construction-ltd
INTERCONTINENTAL,82664,INTERCONTINENTAL,medico-intercontinental-ltd
KAKTEX,2844,KAKTEX,kakatiya-textiles-ltd
LINC,1571,LINC,linc-ltd
EMPOWER,2176,EMPOWER,empower-india-ltd
11251163,671910,11251163,getalong-enterprises-ltd
ACCPL,3095051,ACCPL,accretion-pharmaceuticals-ltd
THERMAX,1387,THERMAX,thermax-ltd
BDH,3087,BDH,bdh-industries-ltd
HUHTAMAKI,1002,HUHTAMAKI,huhtamaki-india-ltd
SYRMA,995074,SYRMA,syrma-sgs-technology-ltd
JAGSNPHARM,655,JAGSNPHARM,jagsonpal-pharmaceuticals-ltd
11540278,1852543,11540278,manoj-ceramic-ltd
AMANTA,3234203,AMANTA,amanta-healthcare-ltd
PROLIFE,87808,PROLIFE,prolife-industries-ltd
DENORA,324,DENORA,de-nora-india-ltd
DSINVEST,2093,DSINVEST,dalal-street-investments-ltd
KIRANPR,3577,KIRANPR,kiran-print-pack-ltd
IOLCP,640,IOLCP,iol-chemicals-and-pharmaceuticals-ltd
SADHNANIQ,2295,SADHNANIQ,sadhana-nitro-chem-ltd
LUPIN,804,LUPIN,lupin-ltd
QUESS,4595,QUESS,quess-corp-ltd
GRINDWELL,496,GRINDWELL,grindwell-norton-ltd
MIRZAINT,867,MIRZAINT,mirza-international-ltd
SW1,2147,SW1,sw-investments-ltd
GREENPLY,494,GREENPLY,greenply-industries-ltd
STYLAMIND,3226,STYLAMIND,stylam-industries-ltd
SMARTWORKS,3169772,SMARTWORKS,smartworks-coworking-spaces-ltd
XPROINDIA,1534,XPROINDIA,xpro-india-ltd
RUPA,1158,RUPA,rupa-company-ltd
13521321,3405349,13521321,msafe-equipments-ltd
NEULANDLAB,933,NEULANDLAB,neuland-laboratories-ltd
SHAKTIPUMP,1211,SHAKTIPUMP,shakti-pumps-india-ltd
NPBET,204261,NPBET,tata-nifty-private-bank-exchange-traded-fund
GLAND,338662,GLAND,gland-pharma-ltd
INFLUX,3139377,INFLUX,influx-healthtech-ltd
SSK,2699,SSK,ccme-global-ltd
PATILAUTOM,3136275,PATILAUTOM,patil-automation-ltd
TCPLPACK,2936,TCPLPACK,tcpl-packaging-ltd
HEMORGANIC,3048,HEMORGANIC,hemo-organic-ltd
EVEREADY,398,EVEREADY,eveready-industries-india-ltd
BORORENEW,2118,BORORENEW,borosil-renewables-ltd
FAZE3Q,3253,FAZE3Q,faze-three-ltd
PFLINFOTC,3691,PFLINFOTC,pfl-infotech-ltd
LIBORD,3446,LIBORD,libord-securities-ltd
CHANDAN,2976536,CHANDAN,chandan-healthcare-ltd
VIGOR,3239742,VIGOR,vigor-plast-india-ltd
11290413,140458,11290413,swojas-foods-ltd
RATEGAIN,747240,RATEGAIN,rategain-travel-technologies-ltd
CNOVAPETRO,274,CNOVAPETRO,true-green-bio-energy-ltd
THELEELA,3110331,THELEELA,leela-palaces-hotels-resorts-ltd
SPAL,4656,SPAL,s-p-apparels-ltd
ZIMLAB,94300,ZIMLAB,zim-laboratories-ltd
SRIVASAVI,1375045,SRIVASAVI,srivasavi-adhesive-tapes-ltd
SOFTRAK,82517,SOFTRAK,softrak-venture-investment-ltd
THOMASCOTT,1390,THOMASCOTT,thomas-scott-india-ltd
LOTUSDEV,3193648,LOTUSDEV,sri-lotus-developers-and-realty-ltd
EBANKNIFTY,2616763,EBANKNIFTY,edelweiss-nifty-bank-etf
GENCON,4271,GENCON,generic-engineering-construction-and-projects-ltd
GNA,4710,GNA,gna-axles-ltd
AAVAS,106807,AAVAS,aavas-financiers-ltd
MILLENNIUM,2439,MILLENNIUM,millennium-online-solutions-india-ltd
FDC,410,FDC,fdc-ltd
ATHERENERG,3080909,ATHERENERG,ather-energy-ltd
TEXINFRA,1378,TEXINFRA,texmaco-infrastructure-holdings-ltd
ZYDUSLIFE,229,ZYDUSLIFE,zydus-lifesciences-ltd
JAINIK,3128618,JAINIK,jainik-power-cables-ltd
TORNTPHARM,1409,TORNTPHARM,torrent-pharmaceuticals-ltd
CHEMBONDCH,3191490,CHEMBONDCH,chembond-chemicals-ltd
AYE,3418951,AYE,aye-finance-ltd
UNICHEMLAB,1445,UNICHEMLAB,unichem-laboratories-ltd
COMMITTED,1563602,COMMITTED,committed-cargo-care-ltd
IGARASHI,595,IGARASHI,igarashi-motors-india-ltd
SAMYAKINT,3239,SAMYAKINT,samyak-international-ltd
SBC,149051,SBC,sbc-exports-ltd
PHOENIXLTD,1036,PHOENIXLTD,phoenix-mills-ltd
SHRIRAMFIN,1288,SHRIRAMFIN,shriram-finance-ltd
MEDANTA,1108489,MEDANTA,global-health-ltd
GREAVESCOT,492,GREAVESCOT,greaves-cotton-ltd
PRIZOR,2424197,PRIZOR,prizor-viztech-ltd
CEMPRO,648,CEMPRO,cemindia-projects-ltd
PCBL,1034,PCBL,pcbl-chemical-ltd
PDSL,1555,PDSL,pds-ltd
ELANTAS,2035,ELANTAS,elantas-beck-india-ltd
SIGACHI,709302,SIGACHI,sigachi-industries-ltd
SHUKRADIAM,2977,SHUKRADIAM,shukra-jewellery-ltd
BLSE,1960618,BLSE,bls-e-services-ltd
MIDWEST,3161,MIDWEST,midwest-gold-ltd
EIFFL,87736,EIFFL,euro-india-fresh-foods-ltd
ZFCVINDIA,1508,ZFCVINDIA,zf-commercial-vehicle-control-systems-india-ltd
EMSLIMITED,1665479,EMSLIMITED,ems-ltd
SHADOWFAX,3396102,SHADOWFAX,shadowfax-technologies-ltd
POWERICA,3462454,POWERICA,powerica-ltd
PIRAMALFIN,3322124,PIRAMALFIN,piramal-finance-ltd
MDL,87754,MDL,marvel-decor-ltd
511116,2427,511116,quadrant-televentures-ltd
BTTL,3898,BTTL,bhilwara-technical-textiles-ltd
STARTECK,2570,STARTECK,starteck-finance-ltd
KIRLOSIND,746,KIRLOSIND,kirloskar-industries-ltd
ELECTHERM,369,ELECTHERM,electrotherm-india-ltd
POLYCON,3570,POLYCON,polycon-international-ltd
NORTHLINK,4178,NORTHLINK,northlink-fiscal-capital-services-ltd
16680072,1478426,16680072,cff-fluid-control-ltd
BANK10ADD,3455317,BANK10ADD,dsp-bse-top-10-banks-etf
DLINKINDIA,338,DLINKINDIA,d-link-india-ltd
ALIVUS,606572,ALIVUS,alivus-life-sciences-ltd
SONALAD,3217,SONALAD,sonal-adhesives-ltd
PVTBANIETF,204257,PVTBANIETF,icici-prudential-nifty-private-bank-etf
TVTODAY,1432,TVTODAY,tv-today-network-ltd
PSPPROJECT,54332,PSPPROJECT,psp-projects-ltd
12541585,147295,12541585,sudarshan-pharma-industries-ltd
RPEL,4365,RPEL,raghav-productivity-enhancers-ltd
TEAMLEASE,1955,TEAMLEASE,teamlease-services-ltd
BLACKROSE,2680,BLACKROSE,black-rose-industries-ltd
GMRAIRPORT,472,GMRAIRPORT,gmr-airports-ltd
SHREEPUSHK,1777,SHREEPUSHK,shree-pushkar-chemicals-fertilisers-ltd
GSEC10YEAR,1417744,GSEC10YEAR,mirae-asset-nifty-8-13-yr-g-sec-etf
UFBL,454003,UFBL,united-foodbrands-ltd
IONEXCHANG,2050,IONEXCHANG,ion-exchange-india-ltd
PARIN,110949,PARIN,parin-enterprises-ltd
CERA,254,CERA,cera-sanitaryware-ltd
ROTO,2779,ROTO,roto-pumps-ltd
ESCONET,2043690,ESCONET,esconet-technologies-ltd
YESBANK,1535,YESBANK,yes-bank-ltd
MEESHO,3346816,MEESHO,meesho-ltd
NCLIND,919,NCLIND,ncl-industries-ltd
POLYLINK,3590,POLYLINK,polylink-polymers-india-ltd
OLECTRA,484,OLECTRA,olectra-greentech-ltd
NNTL,2555,NNTL,n2n-technologies-ltd
REDINGTON,1120,REDINGTON,redington-ltd
KIRLOSBROS,744,KIRLOSBROS,kirloskar-brothers-ltd
SHYAMCENT,1770,SHYAMCENT,shyam-century-ferrous-ltd
PADMANABH,82410,PADMANABH,padmanabh-alloys-polymers-ltd
KOTYARK,700365,KOTYARK,kotyark-industries-ltd
MACINTR,2596,MACINTR,astal-laboratories-ltd
GALAXYSURF,74800,GALAXYSURF,galaxy-surfactants-ltd
PBAINFRA,1013,PBAINFRA,pba-infrastructure-ltd
WPIL,2254,WPIL,wpil-ltd
AUROPHARMA,132,AUROPHARMA,aurobindo-pharma-ltd
LLOYDSENGG,4740,LLOYDSENGG,lloyds-engineering-works-ltd
SABAR,1029718,SABAR,sabar-flex-india-ltd
GILADAFINS,4106,GILADAFINS,gilada-finance-investments-ltd
15070618,3520089,15070618,yaashvi-jewellers-ltd
QUANTDIA,3302,QUANTDIA,quantum-digital-vision-india-ltd
MOTOUR,3138438,MOTOUR,motilal-oswal-nifty-india-tourism-etf
JSWINFRA,1698179,JSWINFRA,jsw-infrastructure-ltd
SUNPHARMA,1316,SUNPHARMA,sun-pharmaceutical-industries-ltd
OBRSESY,2697,OBRSESY,one-global-service-provider-ltd
HIMALFD,2436,HIMALFD,rkd-agri-retail-ltd
HAPPYFORGE,1833301,HAPPYFORGE,happy-forgings-ltd
SAILIFE,2840733,SAILIFE,sai-life-science-ltd
PILITA,1040,PILITA,pil-italica-lifestyle-ltd
MAMATA,2858205,MAMATA,mamata-machinery-ltd
SHEEL,3275140,SHEEL,sheel-biotech-ltd
WELENT,1517,WELENT,welspun-enterprises-ltd
GOYALASS,4727,GOYALASS,goyal-associates-ltd
OBSCP,2728198,OBSCP,obsc-perfection-ltd
SUNSHIEL,3406,SUNSHIEL,sunshield-chemicals-ltd
APARINDS,88,APARINDS,apar-industries-ltd
KKCL,749,KKCL,kewal-kiran-clothing-ltd
WELSPUNLIV,1518,WELSPUNLIV,welspun-living-ltd
BANKNIFTY1,1620,BANKNIFTY1,kotak-nifty-bank-etf
CGCL,257,CGCL,capri-global-capital-ltd
16070239,149354,16070239,sk-international-export-ltd
VLSFINANCE,1497,VLSFINANCE,vls-finance-ltd
GUFICBIO,509,GUFICBIO,gufic-biosciences-ltd
MANGLMCEM,831,MANGLMCEM,mangalam-cement-ltd
BANSALWIRE,2395250,BANSALWIRE,bansal-wire-industries-ltd
ABSL10BANK,3447724,ABSL10BANK,aditya-birla-sun-life-bse-top-10-banks-etf
13140063,2845096,13140063,yash-highvoltage-ltd
NHPC,938,NHPC,nhpc-ltd
CBAZAAR,1804377,CBAZAAR,net-avenue-technologies-ltd
NACLIND,3071,NACLIND,nacl-industries-ltd
DIVGIITTS,1381687,DIVGIITTS,divgi-torqtransfer-systems-ltd
RELTD,2174,RELTD,ravindra-energy-ltd
AGARWALFT,1350451,AGARWALFT,agarwal-float-glass-india-ltd
GUJPOLYA,2754,GUJPOLYA,gujarat-poly-electronics-ltd
KJMCCORP,3810,KJMCCORP,kjmc-corporate-advisors-india-ltd
PRESTIGE,1071,PRESTIGE,prestige-estates-projects-ltd
13560263,1782161,13560263,kalyani-cast-tech-ltd
LYKALABS,805,LYKALABS,lyka-labs-ltd
SJS,710818,SJS,sjs-enterprises-ltd
11120223,676910,11120223,shri-venkatesh-refineries-ltd
11290281,2150770,11290281,chatha-foods-ltd
GANDHAR,1785396,GANDHAR,gandhar-oil-refinery-india-ltd
544434,3152452,544434,neetu-yoshi-ltd
SIMPLXMIL,3890,SIMPLXMIL,simplex-mills-company-ltd
AADHARHFC,2249184,AADHARHFC,aadhar-housing-finance-ltd
TINNARUBR,3340,TINNARUBR,tinna-rubber-and-infrastructure-ltd
CUDML,3195214,CUDML,cash-ur-drive-marketing-ltd
BAJFINANCE,150,BAJFINANCE,bajaj-finance-ltd
GREENLAM,1565,GREENLAM,greenlam-industries-ltd
OBEROIRLTY,962,OBEROIRLTY,oberoi-realty-ltd
TBOTEK,2245414,TBOTEK,tbo-tek-ltd
ARKADE,2629534,ARKADE,arkade-developers-ltd
AHCL,3230211,AHCL,anlon-healthcare-ltd
SVAMSOF,2970,SVAMSOF,svam-software-ltd
SCHNEIDER,1195,SCHNEIDER,schneider-electric-infrastructure-ltd
TBZ,1367,TBZ,tribhovandas-bhimji-zaveri-ltd
CPEDU,3247192,CPEDU,career-point-edutech-ltd
FLUOROCHEM,169265,FLUOROCHEM,gujarat-fluorochemicals-ltd
KODYTECH,1694303,KODYTECH,kody-technolab-ltd
VIYASH,1984,VIYASH,viyash-scientific-ltd
BANKBEES,1581,BANKBEES,nippon-india-etf-nifty-bank-bees
SHAWGELTIN,3189,SHAWGELTIN,narmada-gelatines-ltd
RUSTOMJEE,1131322,RUSTOMJEE,keystone-realtors-ltd
ASIACAP,4102,ASIACAP,asia-capital-ltd
FERMENTA,2284,FERMENTA,fermenta-biotech-ltd
GRWRHITECH,2089,GRWRHITECH,garware-hi-tech-films-ltd
APMIN,2954,APMIN,apm-industries-ltd
EIEL,2799242,EIEL,enviro-infra-engineers-ltd
12060196,3187135,12060196,patel-chem-specialities-ltd
WENDT,1519,WENDT,wendt-india-ltd
MOTILALOFS,879,MOTILALOFS,motilal-oswal-financial-services-ltd
524238,83583,524238,gujarat-inject-kerala-ltd
POLYMED,1053,POLYMED,poly-medicure-ltd
SUPERSPIN,1321,SUPERSPIN,super-spinning-mills-ltd
J&KBANK,653,J&KBANK,jammu-kashmir-bank-ltd
DBL,4652,DBL,dilip-buildcon-ltd
LYONS,82468,LYONS,lyons-corporate-market-ltd
13521285,3457157,13521285,tipco-engineering-india-ltd
RGL,1138,RGL,renaissance-global-ltd
PRIVISCL,1723,PRIVISCL,privi-speciality-chemicals-ltd
CITYONLINE,4083,CITYONLINE,city-online-services-ltd
ACE,24,ACE,action-construction-equipment-ltd
CNL,97162,CNL,creative-newtech-ltd
CARBORUNIV,238,CARBORUNIV,carborundum-universal-ltd
PANACEABIO,996,PANACEABIO,panacea-biotec-ltd
OPTIEMUS,3264,OPTIEMUS,optiemus-infracom-ltd
MOHITE,3796,MOHITE,mohite-industries-ltd
ALPL30IETF,382129,ALPL30IETF,icici-prudential-nifty-alpha-low-volatility-30-etf
CHEMBOND,3412,CHEMBOND,chembond-material-technologies-ltd
KIRLPNU,2214,KIRLPNU,kirloskar-pneumatic-company-ltd
SMVD,87760,SMVD,smvd-poly-pack-ltd
GOODLUCK,1552,GOODLUCK,goodluck-india-ltd
TRANSFD,2812,TRANSFD,transglobe-foods-ltd
NAZARA,447585,NAZARA,nazara-technologies-ltd
SONUINFRA,884295,SONUINFRA,sonu-infratech-ltd
LOVABLE,798,LOVABLE,lovable-lingerie-ltd
KINETICENG,2055,KINETICENG,kinetic-engineering-ltd
MOMENTUM50,2695190,MOMENTUM50,motilal-oswal-nifty-500-momentum-50-etf
MOTHERSON,878,MOTHERSON,samvardhana-motherson-international-ltd
DANISH,2725567,DANISH,danish-power-ltd
VINAYAKPOL,3933,VINAYAKPOL,vinayak-polycon-international-ltd
MAYURUNIQ,847,MAYURUNIQ,mayur-uniquoters-ltd
SURANAT&P,1329,SURANAT&P,surana-telecom-and-power-ltd
KRISHPP,3394392,KRISHPP,krishival-foods-ltd-partly-paidup
SETFNIFBK,1623,SETFNIFBK,sbi-banking-etf
FAIRCHEMOR,381980,FAIRCHEMOR,fairchem-organics-ltd
MARKSANS,841,MARKSANS,marksans-pharma-ltd
RJKMRFR,2623,RJKMRFR,krishanveer-forge-ltd
SREESAKHTI,3862,SREESAKHTI,cella-space-ltd
EMCURE,2393790,EMCURE,emcure-pharmaceuticals-ltd
TRCFIN,2501,TRCFIN,byld-capital-finance-ltd
BBNPNBETF,2319580,BBNPNBETF,baroda-bnp-paribas-nifty-bank-etf
BANKADD,1271608,BANKADD,dsp-nifty-bank-etf
AXISBNKETF,382152,AXISBNKETF,axis-nifty-bank-etf
RAMCOIND,1104,RAMCOIND,ramco-industries-ltd
DYNAMIC,676913,DYNAMIC,dynamic-services-security-ltd
AUTOCORP,2205,AUTOCORP,automobile-corporation-of-goa-ltd
UNIVASTU,87769,UNIVASTU,univastu-india-ltd
WOODSVILA,3228,WOODSVILA,woodsvilla-ltd
GREENLEAF,3274327,GREENLEAF,greenleaf-envirotech-ltd
13193382,3397048,13193382,digilogic-systems-ltd
NICCOPAR,3183,NICCOPAR,nicco-parks-resorts-ltd
BMLL,3517655,BMLL,bio-medica-laboratories-ltd
SANGHVIMOV,1181,SANGHVIMOV,sanghvi-movers-ltd
TARSONS,731411,TARSONS,tarsons-products-ltd
KAIRA,2197,KAIRA,kaira-can-company-ltd
TULIVE,2215,TULIVE,tulive-developers-ltd
PGHL,858,PGHL,procter-gamble-health-ltd
IDFCFIRSTB,1786,IDFCFIRSTB,idfc-first-bank-ltd
HDFCPVTBAN,1109036,HDFCPVTBAN,hdfc-nifty-private-bank-etf
VELS,1394504,VELS,vels-film-international-ltd
GEMSPIN,2852,GEMSPIN,gem-spinners-india-ltd
SAYAJIHOTL,1191,SAYAJIHOTL,sayaji-hotels-ltd
SWARAJENG,1339,SWARAJENG,swaraj-engines-ltd
HDFCNIFBAN,382131,HDFCNIFBAN,hdfc-nifty-bank-etf
MOBANK10,3481975,MOBANK10,motilal-oswal-bse-top-10-banks-etf
PARLESOFT,3878,PARLESOFT,parle-industries-ltd
GOWRALE,3376,GOWRALE,gowra-leasing-finance-ltd
SPECTRUM,109636,SPECTRUM,spectrum-electrical-industries-ltd
IXIGO,2328701,IXIGO,le-travenues-technology-ltd
GODREJIND,477,GODREJIND,godrej-industries-ltd
SUNDRMBRAK,1312,SUNDRMBRAK,sundaram-brake-lining-ltd
542627,139665,542627,chandni-machines-ltd
BANKETF,1575019,BANKETF,mirae-asset-nifty-bank-etf
INDAGIV,2742,INDAGIV,ind-agiv-commerce-ltd
PTL,1082,PTL,ptl-enterprises-ltd
MOMOMENTUM,800129,MOMOMENTUM,motilal-oswal-nifty-200-momentum-30-etf
CANTABIL,235,CANTABIL,cantabil-retail-india-ltd
ARIAC,3620,ARIAC,disha-resources-ltd
VRL,4077,VRL,vasundhara-rasayans-ltd
13192884,678051,13192884,cwd-ltd
12070207,3160721,12070207,chemkart-india-ltd
ASHAI,2796,ASHAI,ashiana-agro-industries-ltd
PEOPLIN,4406,PEOPLIN,peoples-investments-ltd
HIKAL,545,HIKAL,hikal-ltd
APLLTD,92,APLLTD,alembic-pharmaceuticals-ltd
SHRERAJSYN,2158,SHRERAJSYN,shree-rajasthan-syntex-ltd
JKIPL,3262885,JKIPL,jinkushal-industries-ltd
DESHRAK,3612,DESHRAK,desh-rakshak-aushdhalaya-ltd
PWL,3321514,PWL,physicswallah-ltd
IVALUE,3261441,IVALUE,ivalue-infosolutions-ltd
MARICO,840,MARICO,marico-ltd
DHOOTIN,3232,DHOOTIN,dhoot-industrial-finance-ltd
16691924,3190016,16691924,repono-ltd
12541616,183941,12541616,chandra-bhagat-pharma-ltd
MARUSHIKA,3418950,MARUSHIKA,marushika-technology-ltd
NIRLON,2067,NIRLON,nirlon-ltd
11251248,1719120,11251248,city-crops-agro-ltd
BOSCHLTD,214,BOSCHLTD,bosch-ltd
11580088,1429866,11580088,retina-paints-ltd
LTF,777,LTF,l-t-finance-ltd
BIRET,414152,BIRET,brookfield-india-real-estate-trust
TVSELECT,1429,TVSELECT,tvs-electronics-ltd
RISHIPACK,2910,RISHIPACK,rishi-techtex-ltd
16610252,178606,16610252,vaxfab-enterprises-ltd
SHEMAROO,1217,SHEMAROO,shemaroo-entertainment-ltd
BINNYMILLS,3964,BINNYMILLS,binny-mills-ltd
BANKIETF,382127,BANKIETF,icici-prudential-nifty-bank-etf
SYNOPTICS,1520709,SYNOPTICS,synoptics-technologies-ltd
BANKBETF,1894717,BANKBETF,bajaj-finserv-nifty-bank-etf
VIJSOLX,3458,VIJSOLX,vijay-solvex-ltd
HINDAPL,4475,HINDAPL,hindustan-appliances-ltd
BANKBETA,382149,BANKBETA,uti-nifty-bank-etf
SIS,57882,SIS,sis-ltd
MPSLTD,882,MPSLTD,mps-ltd
STARDELTA,4233,STARDELTA,star-delta-transformers-ltd
SREEL,1281,SREEL,sreeleathers-ltd
INTRGLB,2447,INTRGLB,inter-globe-finance-ltd
AHLUCONT,43,AHLUCONT,ahluwalia-contracts-india-ltd
STEELCOGUJ,2082,STEELCOGUJ,steelco-gujarat-ltd
WELSPLSOL,2077,WELSPLSOL,welspun-specialty-solutions-ltd
AIROLAM,87731,AIROLAM,airo-lam-ltd
MARINE,111258,MARINE,marine-electricals-india-ltd
SWRNASE,3442,SWRNASE,swarna-securities-ltd
MOM30IETF,982385,MOM30IETF,icici-prudential-nifty-200-momentum-30-etf
AGARWALTUF,2805062,AGARWALTUF,agarwal-toughened-glass-india-ltd
KDDL,2004,KDDL,kddl-ltd
UNIPARTS,1164371,UNIPARTS,uniparts-india-ltd
SANATHAN,2863354,SANATHAN,sanathan-textiles-ltd
13510409,3262881,13510409,bharatrohan-airborne-innovations-ltd
GARFIBRES,441,GARFIBRES,garware-technical-fibres-ltd
MANORAMA,110310,MANORAMA,manorama-industries-ltd
LRRPL,1352282,LRRPL,lead-reclaim-and-rubber-products-ltd
13240199,644313,13240199,platinumone-business-services-ltd
11580097,3264359,11580097,true-colors-ltd
MARC,3361252,MARC,marc-technocrats-ltd
GULCHEM,3844,GULCHEM,genus-prime-infra-ltd
BHILSPIN,2689,BHILSPIN,bhilwara-spinners-ltd
SWARAJ,847706,SWARAJ,swaraj-suiting-ltd
JNKINDIA,2217258,JNKINDIA,jnk-india-ltd
SMALL250,3330890,SMALL250,mirae-asset-nifty-smallcap-250-etf
GSEC10IETF,1245511,GSEC10IETF,icici-prudential-nifty-10-yr-benchmark-g-sec-etf
WEWORK,3279321,WEWORK,wework-india-management-ltd
IKAB,2685,IKAB,mkventures-capital-ltd
STURDY,3359,STURDY,sturdy-industries-ltd
KAPSTON,87846,KAPSTON,kapston-services-ltd
531286,139057,531286,adhata-global-ltd
TRIVENI,1419,TRIVENI,triveni-engineering-industries-ltd
15211103,3239027,15211103,goel-construction-company-ltd
HDFCMOMENT,1062609,HDFCMOMENT,hdfc-nifty200-momentum-30-etf
PERMAGNET,2167,PERMAGNET,permanent-magnets-ltd
DPWIRES,87874,DPWIRES,d-p-wires-ltd
ABSLBANETF,204260,ABSLBANETF,aditya-birla-sun-life-banking-etf
SBIETFPB,382133,SBIETFPB,sbi-etf-private-bank
ROLEXRINGS,612873,ROLEXRINGS,rolex-rings-ltd
SAMRATPH,3259,SAMRATPH,samrat-pharmachem-ltd
GROWWRLTY,3289364,GROWWRLTY,groww-nifty-realty-etf
STLTECH,1299,STLTECH,sterlite-technologies-ltd
KRISHIVAL,854170,KRISHIVAL,krishival-foods-ltd
SHILPAMED,1218,SHILPAMED,shilpa-medicare-ltd
KONARKSY,2674,KONARKSY,konark-synthetics-ltd
MUTHOOTMF,1834278,MUTHOOTMF,muthoot-microfin-ltd
INDOSTAR,88364,INDOSTAR,indostar-capital-finance-ltd
KNAGRI,846999,KNAGRI,kn-agri-resources-ltd
IPSL,1105231,IPSL,integrated-personnel-services-ltd
ACCENTMIC,1818674,ACCENTMIC,accent-microcell-ltd
MOGSEC,382142,MOGSEC,motilal-oswal-5-year-g-sec-etf
AMARDEE,3667,AMARDEE,amerise-biosciences-ltd
CENTUM,251,CENTUM,centum-electronics-ltd
HINDWAREAP,178605,HINDWAREAP,hindware-home-innovation-ltd
11120234,1954283,11120234,mayank-cattle-food-ltd
SHYAMTEL,1234,SHYAMTEL,shyam-telecom-ltd
SAINTGOBAIN,2722,SAINTGOBAIN,saint-gobain-sekurit-india-ltd
VIPULDYE,3363,VIPULDYE,vipul-organics-ltd
HMT,566,HMT,hmt-ltd
RISHABH,1650515,RISHABH,rishabh-instruments-ltd
12541720,1055950,12541720,trident-lifeline-ltd
FINCABLES,416,FINCABLES,finolex-cables-ltd
SUNCITYSY,3392,SUNCITYSY,suncity-synthetics-ltd
PATTECH,1420735,PATTECH,pattech-fitwell-tube-components-ltd
13110344,3086198,13110344,srigee-dlm-ltd
ADVLIFE,2843,ADVLIFE,advance-lifestyles-ltd
544371,3017547,544371,vikram-aroma-ltd
IDBI,588,IDBI,idbi-bank-ltd
DYCL,82689,DYCL,dynamic-cables-ltd
TMCV,3327757,TMCV,tata-motors-ltd
SELECTIPO,3029120,SELECTIPO,mirae-asset-bse-select-ipo-etf
OILCOUNTUB,966,OILCOUNTUB,oil-country-tubular-ltd
BFSI,606472,BFSI,mirae-asset-nifty-financial-services-etf
KOVAI,762,KOVAI,kovai-medical-center-and-hospital-ltd
SAB,4180,SAB,sab-industries-ltd
WELTI,3130,WELTI,welterman-international-ltd
SRSL,1057567,SRSL,silicon-rental-solutions-ltd
EUROPRATIK,3254597,EUROPRATIK,euro-pratik-sales-ltd
PLASTIBLEN,1046,PLASTIBLEN,plastiblends-india-ltd
MANAKSTEEL,1575,MANAKSTEEL,manaksia-steels-ltd
NHIT,724229,NHIT,national-highways-infra-trust
VMARCIND,456045,VMARCIND,v-marc-india-ltd
KBSINDIA,3317,KBSINDIA,kbs-india-ltd
FOCE,754056,FOCE,foce-india-ltd
GODIGIT,2266638,GODIGIT,go-digit-general-insurance-ltd
SIMCA,3503302,SIMCA,simca-advertising-ltd
BHADORA,3203668,BHADORA,bhadora-industries-ltd
FLUIDOM,2877,FLUIDOM,fluidomat-ltd
16550821,3401731,16550821,hannah-joseph-hospital-ltd
SUPERBAK,3381,SUPERBAK,super-bakers-india-ltd
SMALLADD,3366794,SMALLADD,dsp-nifty-smallcap-250-etf
11625768,2943315,11625768,h-m-electro-mech-ltd
SEDEMAC,3443160,SEDEMAC,sedemac-mechatronics-ltd
KRONOX,2312039,KRONOX,kronox-lab-sciences-ltd
ORCHPHARMA,980,ORCHPHARMA,orchid-pharma-ltd
SMARTEN,3163478,SMARTEN,smarten-power-systems-ltd
OMNI,3435772,OMNI,omnitech-engineering-ltd
SIELFNS,3804,SIELFNS,riwind-green-energy-ltd
KHYATI,4541,KHYATI,khyati-multimedia-entertainment-ltd
VMART,1498,VMART,v-mart-retail-ltd
CAMEXLTD,3025,CAMEXLTD,camex-ltd
MUDUNURU,4733,MUDUNURU,mudunuru-ltd
COFORGE,942,COFORGE,coforge-ltd
IPCALAB,642,IPCALAB,ipca-laboratories-ltd
AEGISVOPAK,3113228,AEGISVOPAK,aegis-vopak-terminals-ltd
AHMDSTE,2901,AHMDSTE,ahmedabad-steelcraft-ltd
MEGACOR,3579,MEGACOR,mega-corporation-ltd
SBISMLETF,3524537,SBISMLETF,sbi-nifty-smallcap-250-etf
HIMATSEIDE,548,HIMATSEIDE,himatsingka-seide-ltd
SWAGTAM,4270,SWAGTAM,swagtam-trading-services-ltd
PRAXIS,82275,PRAXIS,praxis-home-retail-ltd
CHOLAHLDNG,1424,CHOLAHLDNG,cholamandalam-financial-holdings-ltd
KUMBHAT,83114,KUMBHAT,kumbhat-financial-services-ltd
INDIALEASE,2045,INDIALEASE,india-lease-development-ltd
PROV,1471516,PROV,proventus-agrocom-ltd
GOLDSTAR,87729,GOLDSTAR,goldstar-power-ltd
16550610,620546,16550610,aashka-hospitals-ltd
RILINFRA,901959,RILINFRA,rachana-infrastructure-ltd
CHOKSI,3327,CHOKSI,choksi-asia-ltd
YKMIND,3523,YKMIND,refex-renewables-infrastructure-ltd
16550737,2446672,16550737,clinitech-laboratory-ltd
SONACOMS,547977,SONACOMS,sona-blw-precision-forgings-ltd
15070484,148312,15070484,parshva-enterprises-ltd
ROXHITECH,1777100,ROXHITECH,rox-hi-tech-ltd
MIHIKA,4133,MIHIKA,mihika-industries-ltd
RICHA,817652,RICHA,richa-info-systems-ltd
GROWWMOM50,3081854,GROWWMOM50,groww-nifty-500-momentum-50-etf
GROWWSC250,3312911,GROWWSC250,groww-nifty-smallcap-250-etf
RITHWIK,82926,RITHWIK,rithwik-facility-management-services-ltd
JAMNAAUTO,660,JAMNAAUTO,jamna-auto-industries-ltd
BASML,167,BASML,bannari-amman-spinning-mills-ltd
13521255,3232053,13521255,oval-projects-engineering-ltd
CAPACITE,60599,CAPACITE,capacit-e-infraprojects-ltd
JSWDULUX,52,JSWDULUX,jsw-dulux-ltd
WINDLAS,616415,WINDLAS,windlas-biotech-ltd
PAGEIND,994,PAGEIND,page-industries-ltd
SHRINIWAS,4135,SHRINIWAS,shri-niwas-leasing-and-finance-ltd
PVTBKGROWW,3525801,PVTBKGROWW,groww-nifty-private-bank-etf
GOLKUNDIA,2967,GOLKUNDIA,golkunda-diamonds-jewellery-ltd
SUPRIYA,755502,SUPRIYA,supriya-lifescience-ltd
CRAVATEX,2400,CRAVATEX,cravatex-ltd
FISCHER,3075,FISCHER,fischer-medical-ventures-ltd
SHUBHSHREE,2612459,SHUBHSHREE,shubhshree-biofuels-energy-ltd
SHRINGARMS,3245879,SHRINGARMS,shringar-house-of-mangalsutra-ltd
APSISAERO,3449240,APSISAERO,apsis-aerocom-ltd
BHAGCHEM,3677,BHAGCHEM,bhagiradha-chemicals-industries-ltd
AKCAPIT,3343,AKCAPIT,ak-capital-services-ltd
SOUTLAT,2715,SOUTLAT,southern-latex-ltd
PANIDPR,2998,PANIDPR,panther-industrial-products-ltd
MOMENTUM,1007414,MOMENTUM,aditya-birla-sun-life-nifty-200-momentum-30-etf
CAPINVIT,2901815,CAPINVIT,capital-infra-trust
IITLPROJ,3751,IITLPROJ,iitl-projects-ltd
YUDIZ,1580026,YUDIZ,yudiz-solutions-ltd
BABA,3834,BABA,baba-arts-ltd
INOXGREEN,1127763,INOXGREEN,inox-green-energy-services-ltd
KSHINTL,3360394,KSHINTL,ksh-international-ltd
JISLJALEQS,682,JISLJALEQS,jain-irrigation-systems-ltd
GVPTECH,87780,GVPTECH,gvp-infotech-ltd
DJML,193288,DJML,dj-mediaprint-logistics-ltd
LOYALTEX,2668,LOYALTEX,loyal-textiles-mills-ltd
SPARC,1271,SPARC,sun-pharma-advanced-research-company-ltd
PARKHOSPS,3354722,PARKHOSPS,park-medi-world-ltd
GRANULES,488,GRANULES,granules-india-ltd
FIRSTOBJ,3833,FIRSTOBJ,first-fintec-ltd
CGPOWER,293,CGPOWER,cg-power-and-industrial-solutions-ltd
NOCIL,950,NOCIL,nocil-ltd
SPPPOLY,2615303,SPPPOLY,spp-polymer-ltd
MOIPO,3337595,MOIPO,motilal-oswal-bse-select-ipo-etf
MAFATIND,2060,MAFATIND,mafatlal-industries-ltd
BLUEJET,1761328,BLUEJET,blue-jet-healthcare-ltd
ASHIANA,111,ASHIANA,ashiana-housing-ltd
RPPL,108502,RPPL,rajshree-polypack-ltd
15040067,3356800,15040067,hrs-aluglaze-ltd
CREDITACC,100478,CREDITACC,creditaccess-grameen-ltd
AUTOIND,136,AUTOIND,autoline-industries-ltd
TEJASNET,54898,TEJASNET,tejas-networks-ltd
12130133,3367523,12130133,bai-kakaji-polymers-ltd
JASH,87787,JASH,jash-engineering-ltd
SMIFS,2373,SMIFS,nexome-capital-markets-ltd
BNKCAP,2032,BNKCAP,quest-capital-markets-ltd
NOVARTIND,2090,NOVARTIND,novartis-india-ltd
NGLFINE,3082,NGLFINE,ngl-fine-chem-ltd
AAKAAR,3144972,AAKAAR,aakaar-medical-technologies-ltd
BLUESTONE,3211957,BLUESTONE,bluestone-jewellery-and-lifestyle-ltd
BHEL,189,BHEL,bharat-heavy-electricals-ltd
SUVEN,1336,SUVEN,suven-life-sciences-ltd
DHABRIYA,4091,DHABRIYA,dhabriya-polywood-ltd
TNPETRO,1404,TNPETRO,tamilnadu-petroproducts-ltd
BALGOPAL,4362,BALGOPAL,balgopal-commercial-ltd
KHADIM,65300,KHADIM,khadim-india-ltd
IMPEXFERRO,604,IMPEXFERRO,impex-ferro-tech-ltd
KMEW,445358,KMEW,knowledge-marine-engineering-works-ltd
FACORALL,3859,FACORALL,facor-alloys-ltd
NITTAGELA,2290,NITTAGELA,nitta-gelatin-india-ltd
KIRLFER,2056,KIRLFER,kirloskar-ferrous-industries-ltd
GTECJAINX,87757,GTECJAINX,g-tec-jainx-education-ltd
INDIANHUME,611,INDIANHUME,indian-hume-pipe-company-ltd
CITURGIBIO,82540,CITURGIBIO,citurgia-biochemicals-ltd
SUBROS,1302,SUBROS,subros-ltd
GIVO,3643,GIVO,meyer-apparel-ltd
541096,87748,541096,bharat-parenterals-ltd
PRIMECAB,3265152,PRIMECAB,prime-cable-industries-ltd
READYMIX,2964700,READYMIX,readymix-construction-machinery-ltd
13521268,3241495,13521268,karbonsteel-engineering-ltd
AMARJOTHI,69,AMARJOTHI,amarjothi-spinning-mills-ltd
OSWALPUMPS,3134742,OSWALPUMPS,oswal-pumps-ltd
GTV,4285,GTV,gtv-engineering-ltd
KABSON,4540,KABSON,kabsons-industries-ltd
15211070,2997454,15211070,nukleus-office-solutions-ltd
QLINE,3517656,QLINE,q-line-biotech-ltd
INTEGSW,4451,INTEGSW,integra-switchgear-ltd
FOSECOIND,425,FOSECOIND,foseco-india-ltd
PROMACT,3145,PROMACT,promact-plastics-ltd
ADFFOODS,29,ADFFOODS,adf-foods-ltd
IRISDOREME,113090,IRISDOREME,iris-clothings-ltd
JINDALSAW,676,JINDALSAW,jindal-saw-ltd
VARROC,93226,VARROC,varroc-engineering-ltd
MGEL,173441,MGEL,mangalam-global-enterprise-ltd
GILT5BETA,1993770,GILT5BETA,uti-nifty-5-year-benchmark-g-sec-etf
DCBBANK,311,DCBBANK,dcb-bank-ltd
RECLTD,1119,RECLTD,rec-ltd
POONAWALLA,813,POONAWALLA,poonawalla-fincorp-ltd
12520279,2964699,12520279,amwill-health-care-ltd
GALAPREC,2588225,GALAPREC,gala-precision-engineering-ltd
16691812,1698178,16691812,techknowgreen-solutions-ltd
PANKAJPOLY,3946,PANKAJPOLY,cdg-petchem-ltd
HDFCSML250,1375894,HDFCSML250,hdfc-nifty-smallcap-250-etf
STRGRENWO,3147,STRGRENWO,sterling-greenwoods-ltd
HDFCBANK,533,HDFCBANK,hdfc-bank-ltd
NPST,609381,NPST,network-people-services-technologies-ltd
ABCAPITAL,61684,ABCAPITAL,aditya-birla-capital-ltd
KIMS,555690,KIMS,krishna-institute-of-medical-sciences-ltd
AMRAPLIN,3115,AMRAPLIN,amrapali-industries-ltd
GVBL,4214,GVBL,genomic-valley-biotech-ltd
BIL,191,BIL,bhartiya-international-ltd
RITESHIN,2793,RITESHIN,ritesh-international-ltd
ZEELEARN,1538,ZEELEARN,zee-learn-ltd
VOLLF,2387,VOLLF,voltaire-leasing-finance-ltd
MUNISH,3276385,MUNISH,munish-forge-ltd
GROWWNET,3164131,GROWWNET,groww-nifty-india-internet-etf
ABSLAMC,674158,ABSLAMC,aditya-birla-sun-life-amc-ltd
541973,110311,541973,mac-hotels-ltd
DHARARAIL,3367527,DHARARAIL,dhara-rail-projects-ltd
VINYAS,1715908,VINYAS,vinyas-innovative-technologies-ltd
TEJASCARGO,2983157,TEJASCARGO,tejas-cargo-india-ltd
RAYMOND,1115,RAYMOND,raymond-ltd
16691684,571054,16691684,focus-business-solution-ltd
VGCL,4094,VGCL,vibrant-global-capital-ltd
SAMHI,1679657,SAMHI,samhi-hotels-ltd
EIHAHOTELS,362,EIHAHOTELS,eih-associated-hotels-ltd
GANESHHOU,438,GANESHHOU,ganesh-housing-ltd
WEL,152656,WEL,wonder-electricals-ltd
UMIYA-MRO,884,UMIYA-MRO,umiya-buildcon-ltd
CPS,1650516,CPS,cps-shapers-ltd
BELRISE,3104419,BELRISE,belrise-industries-ltd
RESPONIND,1134,RESPONIND,responsive-industries-ltd
RAPICUT,2076,RAPICUT,rapicut-carbides-ltd
VALSONQ,3337,VALSONQ,valson-industries-ltd
ASCOM,175069,ASCOM,ascom-leasing-investments-ltd
LAMOSAIC,2792137,LAMOSAIC,lamosaic-india-ltd
ESAFSFB,755503,ESAFSFB,esaf-small-finance-bank-ltd
SHEETAL,1812831,SHEETAL,sheetal-universal-ltd
MKTCREAT,3215,MKTCREAT,market-creators-ltd
JMDTELEFILM,2425,JMDTELEFILM,jmd-ventures-ltd
AXISCETF,648607,AXISCETF,axis-nifty-india-consumption-etf
PNCINFRA,1717,PNCINFRA,pnc-infratech-ltd
QUADPRO,664728,QUADPRO,quadpro-ites-ltd
DMART,53208,DMART,avenue-supermarts-ltd
SUDEEPPHRM,3335696,SUDEEPPHRM,sudeep-pharma-ltd
NITINSPIN,948,NITINSPIN,nitin-spinners-ltd
16691977,3272269,16691977,earkart-ltd
13010131,2258958,13010131,aztec-fluids-machinery-ltd
RVTH,2631328,RVTH,revathi-equipment-india-ltd
GALAGEX,3736,GALAGEX,galaxy-agrico-exports-ltd
FLYSBS,3197523,FLYSBS,flysbs-aviation-ltd
SARUPINDUS,2707,SARUPINDUS,sarup-industries-ltd
ONDOOR,1753938,ONDOOR,on-door-concepts-ltd
GODREJPROP,478,GODREJPROP,godrej-properties-ltd
KAMDHENU,741,KAMDHENU,kamdhenu-ltd
RAMCOCEM,1103,RAMCOCEM,the-ramco-cements-ltd
MOREALTY,2164546,MOREALTY,motilal-oswal-nifty-realty-etf
TRIOMERC,3944,TRIOMERC,trio-mercantile-trading-ltd
IRIS,71330,IRIS,iris-regtech-solutions-ltd
GLAXO,463,GLAXO,glaxosmithkline-pharmaceuticals-ltd
AGI,574,AGI,agi-greenpac-ltd
MOLDTECH,3118,MOLDTECH,mold-tek-technologies-ltd
SAMAY,3134741,SAMAY,samay-project-services-ltd
ADVANCE,3272271,ADVANCE,advance-agrolife-ltd
DANLAW,3815,DANLAW,danlaw-technologies-india-ltd
MANKIND,1436676,MANKIND,mankind-pharma-ltd
ZENITHDRUG,2041673,ZENITHDRUG,zenith-drugs-ltd
KECL,728,KECL,kirloskar-electric-company-ltd
12541944,3166792,12541944,asston-pharmaceuticals-ltd
NAM-INDIA,64356,NAM-INDIA,nippon-life-india-asset-management-ltd
542248,121890,542248,deccan-health-care-ltd
12190084,2947573,12190084,malpani-pipes-fittings-ltd
AKIKO,2355696,AKIKO,akiko-global-services-ltd
12170018,3110328,12170018,astonea-labs-ltd
SAFEENTP,3143500,SAFEENTP,safe-enterprises-retail-fixtures-ltd
GLXYENT,2273,GLXYENT,galaxy-supermarket-ltd
MENNPIS,3680,MENNPIS,menon-pistons-ltd
10670498,1880005,10670498,new-swan-multitech-ltd
GRPLTD,1566,GRPLTD,grp-ltd
NAVINFLUOR,914,NAVINFLUOR,navin-fluorine-international-ltd
AARNAV,4314,AARNAV,aarnav-fashions-ltd
STANDARD,82283,STANDARD,standard-surfactants-ltd
BCCFUBA,2751,BCCFUBA,bcc-fuba-india-ltd
503663,83399,503663,tilak-ventures-ltd
YUKEN,2883,YUKEN,yuken-india-ltd
KSL,773,KSL,kalyani-steels-ltd
CPCAP,239,CPCAP,cp-capital-ltd
AMBAR,82358,AMBAR,ambar-protein-industries-ltd
LICI,829878,LICI,life-insurance-corporation-of-india
SRGHFL,3935,SRGHFL,srg-housing-finance-ltd
543225,326256,543225,data-infrastructure-trust
DDEVPLSTIK,978220,DDEVPLSTIK,ddev-plastiks-industries-ltd
HDFCSENSEX,1884,HDFCSENSEX,hdfc-bse-sensex-etf
MHRIL,860,MHRIL,mahindra-holidays-resorts-india-ltd
AMIABLE,1114734,AMIABLE,amiable-logistic-india-ltd
CARYSIL,3001,CARYSIL,carysil-ltd
MOLDTKPAC,1577,MOLDTKPAC,mold-tek-packaging-ltd
ISIBARS,2622,ISIBARS,india-homes-ltd
ADINATH,2671,ADINATH,adinath-textiles-ltd
CCL,243,CCL,ccl-products-india-ltd
SEITINVIT,1897653,SEITINVIT,sustainable-energy-infra-trust
MADSUDIND,2723,MADSUDIND,madhusudan-industries-ltd
BAKELHYLAM,82356,BAKELHYLAM,sanathnagar-enterprises-ltd
TATACOMM,1357,TATACOMM,tata-communications-ltd
LXMIATO,2217,LXMIATO,lakshmi-engineering-and-warehousing-ltd
WAAREERTL,3931,WAAREERTL,waaree-renewable-technologies-ltd
TIRUPATI,87746,TIRUPATI,shree-tirupati-balajee-fibc-ltd
16550692,1544935,16550692,asarfi-hospital-ltd
UDS,1712499,UDS,updater-services-ltd
11625333,307948,11625333,veer-global-infraconstruction-ltd
MOSMALL250,2164547,MOSMALL250,motilal-oswal-nifty-smallcap-250-etf
DOLLAR,71280,DOLLAR,dollar-industries-ltd
504648,83514,504648,bombay-wire-ropes-ltd
YATRA,1690560,YATRA,yatra-online-ltd
ANUBHAV,4113,ANUBHAV,kaizen-agro-infrabuild-ltd
ESARIND,3604,ESARIND,esaar-india-ltd
GOCOLORS,728986,GOCOLORS,go-fashion-india-ltd
TRANSTEEL,1767396,TRANSTEEL,transteel-seating-technologies-ltd
HEALTHX,862,HEALTHX,health-x-platform-ltd
GRCL,1327404,GRCL,gayatri-rubbers-and-chemicals-ltd
TTKHLTCARE,1420,TTKHLTCARE,ttk-healthcare-ltd
SANCTRN,2919,SANCTRN,sanco-trans-ltd
17270031,3274326,17270031,zelio-e-mobility-ltd
TRIMURTHI,3984,TRIMURTHI,novelix-pharmaceuticals-ltd
BULKCORP,2470255,BULKCORP,bulkcorp-international-ltd
SAKAR,87850,SAKAR,sakar-healthcare-ltd
13090140,1023084,13090140,virtuoso-optoelectronics-ltd
ABCGAS,2609,ABCGAS,onix-solar-energy-ltd
HOMEFIRST,407835,HOMEFIRST,home-first-finance-company-india-ltd
CJGEL,2322,CJGEL,cj-gelatine-products-ltd
VBIND,4189,VBIND,v-b-industries-ltd
VANTA,82707,VANTA,vanta-bioscience-ltd
PGINVIT,481511,PGINVIT,powergrid-infrastructure-investment-trust
ARROWGREEN,1726,ARROWGREEN,arrow-greentech-ltd
SAUMYA,4217,SAUMYA,saumya-consultants-ltd
13193086,1833302,13193086,benchmark-computer-solutions-ltd
AXISBANK,140,AXISBANK,axis-bank-ltd
GALXBRG,3094,GALXBRG,galaxy-bearings-ltd
13193250,3160722,13193250,meta-infotech-ltd
CHALET,127257,CHALET,chalet-hotels-ltd
SMALLCAP,2033689,SMALLCAP,mirae-asset-nifty-smallcap-250-momentum-quality-100-etf
12310681,2853305,12310681,hamps-bio-ltd
MINDSPACE,250865,MINDSPACE,mindspace-business-parks-reit
SANOFI,1182,SANOFI,sanofi-india-ltd
GRANDOAK,2987,GRANDOAK,grand-oak-canyons-distillery-ltd
PRIMEPRO,3371,PRIMEPRO,prime-property-development-corporation-ltd
DEEPAKFERT,317,DEEPAKFERT,deepak-fertilisers-petrochemicals-corporation-ltd
14610173,3161385,14610173,cryogenic-ogs-ltd
BIMETAL,194,BIMETAL,bimetal-bearings-ltd
LANCER,4367,LANCER,lancer-container-lines-ltd
INDHOTEL,606,INDHOTEL,indian-hotels-company-ltd
CONSUMER,2899770,CONSUMER,mirae-asset-nifty-india-new-age-consumption-etf
UNQTYMI,3197,UNQTYMI,union-quality-plastics-ltd
CITIPOR,3512,CITIPOR,citi-port-financial-services-ltd
KWIL,3428495,KWIL,kwality-wall-s-india-ltd
BELLACASA,4264,BELLACASA,bella-casa-fashion-retail-ltd
JSWCEMENT,3207674,JSWCEMENT,jsw-cement-ltd
RACLGEAR,2830,RACLGEAR,racl-geartech-ltd
GOLECHA,3561,GOLECHA,golechha-global-finance-ltd
16490968,140644,16490968,aayush-art-and-bullion-ltd
SGFIN,4211,SGFIN,sg-finserve-ltd
16692011,3380473,16692011,gabion-technologies-india-ltd
LT,800,LT,larsen-toubro-ltd
SML100CASE,3257271,SML100CASE,zerodha-nifty-smallcap-100-etf
JSWENERGY,697,JSWENERGY,jsw-energy-ltd
AGARWALEYE,2949904,AGARWALEYE,dr-agarwals-health-care-ltd
ORTINGLOBE,1765,ORTINGLOBE,ortin-global-ltd
OVOBELE,52890,OVOBELE,ovobel-foods-ltd
11550139,857360,11550139,dhyaani-tradeventures-ltd
ORBTEXP,979,ORBTEXP,orbit-exports-ltd
AGARIND,38,AGARIND,agarwal-industrial-corporation-ltd
PENIND,1020,PENIND,pennar-industries-ltd
UNIVSTAR,3022,UNIVSTAR,universal-starch-chem-allied-ltd
543229,350052,543229,samrat-forgings-ltd
SBCL,2607,SBCL,shivalik-bimetal-controls-ltd
MAHAANF,2829,MAHAANF,lake-shore-realty-ltd
ANYA,2872600,ANYA,anya-polytech-fertilizers-ltd
HEXT,2974675,HEXT,hexaware-technologies-ltd
NITCO,945,NITCO,nitco-ltd
AMBIKCO,70,AMBIKCO,ambika-cotton-mills-ltd
SGRL,71332,SGRL,shree-ganesh-remedies-ltd
ARCEEIN,2833,ARCEEIN,arcee-industries-ltd
BLOOM,3113,BLOOM,bloom-dekor-ltd
VIRATCRA,2816,VIRATCRA,virat-crane-industries-ltd
JTLIND,3930,JTLIND,jtl-industries-ltd
MONIFTY500,1739259,MONIFTY500,motilal-oswal-nifty-500-etf
INOXINDIA,1830843,INOXINDIA,inox-india-ltd
RUBYMILLS,1154,RUBYMILLS,ruby-mills-ltd
AKSHARCHEM,3051,AKSHARCHEM,aksharchem-india-ltd
PACEDIGITK,3271025,PACEDIGITK,pace-digitek-ltd
DIACABS,331,DIACABS,diamond-power-infrastructure-ltd
DIGGI,83084,DIGGI,diggi-multitrade-ltd
GINNIFILA,457,GINNIFILA,ginni-filaments-ltd
INTERNET,3172583,INTERNET,mirae-asset-nifty-india-internet-etf
INDIGOPNTS,402502,INDIGOPNTS,indigo-paints-ltd
PARAS,665815,PARAS,paras-defence-and-space-technologies-ltd
CCCL,242,CCCL,consolidated-construction-consortium-ltd
RAJABAH,2138,RAJABAH,raja-bahadur-international-ltd
LLOYDSENT,2583,LLOYDSENT,lloyds-enterprises-ltd
CRAFTSMAN,445359,CRAFTSMAN,craftsman-automation-ltd
HARDCAS,2405,HARDCAS,hardcastle-waud-manufacturing-company-ltd
KIRANSY-B,3333,KIRANSY-B,kiran-syntex-ltd
COSMOFIRST,286,COSMOFIRST,cosmo-first-ltd
KRYSTAL,2123980,KRYSTAL,krystal-integrated-services-ltd
CITIUSINVT,3480687,CITIUSINVT,citius-transnet-investment-trust
RIIL,1137,RIIL,reliance-industrial-infrastructure-ltd
INTSTOIL,3296,INTSTOIL,inter-state-oil-carrier-ltd
M&MFIN,808,M&MFIN,mahindra-mahindra-financial-services-ltd
HIGHENE,2168,HIGHENE,high-energy-batteries-india-ltd
BNL,4309,BNL,agribio-spirits-ltd
INTEGRITY,3095948,INTEGRITY,integrity-infrabuild-developers-ltd
ELGIEQUIP,371,ELGIEQUIP,elgi-equipments-ltd
SAHLIBHFI,2507,SAHLIBHFI,shalibhadra-finance-ltd
TPLPLASTEH,1725,TPLPLASTEH,tpl-plastech-ltd
LLOYDSME,2582,LLOYDSME,lloyds-metals-energy-ltd
JITFINFRA,61524,JITFINFRA,jitf-infralogistics-ltd
CENTRALBK,250,CENTRALBK,central-bank-of-india
SBIN,1193,SBIN,state-bank-of-india
MULLER,2108,MULLER,muller-phipps-india-ltd
MONQ50,755417,MONQ50,motilal-oswal-nasdaq-q-50-etf
WONDERLA,1528,WONDERLA,wonderla-holidays-ltd
KEMP,2289,KEMP,kemp-company-ltd
SCPL,71335,SCPL,sheetal-cool-products-ltd
ZODIACLOTH,1546,ZODIACLOTH,zodiac-clothing-company-ltd
NATPLASTI,3535,NATPLASTI,national-plastic-technologies-ltd
SMCGLOBAL,433920,SMCGLOBAL,smc-global-securities-ltd
12541687,850386,12541687,achyut-healthcare-ltd
SUNCLAY,1643659,SUNCLAY,sundaram-clayton-ltd
NDRINVIT,2049001,NDRINVIT,ndr-invit-trust
PARADEEP,895889,PARADEEP,paradeep-phosphates-ltd
FMNL,423,FMNL,future-market-networks-ltd
SUCROSA,3415,SUCROSA,super-crop-safe-ltd
EMMVEE,3321511,EMMVEE,emmvee-photovoltaic-power-ltd
COHANCE,191143,COHANCE,cohance-lifesciences-ltd
SUYOG,4007,SUYOG,suyog-telematics-ltd
13521230,2896032,13521230,fabtech-technologies-cleanrooms-ltd
GNFC,473,GNFC,gujarat-narmada-valley-fertilizers-chemicals-ltd
ENTERO,2014175,ENTERO,entero-healthcare-solutions-ltd
VIVANZA,3248,VIVANZA,vivanza-biosciences-ltd
PARAMPARA,87872,PARAMPARA,parampara-dairy-delights-ltd
GILT10BETA,1993768,GILT10BETA,uti-nifty-10-year-benchmark-g-sec-etf
16491138,3513272,16491138,harikanta-overseas-ltd
NATPEROXID,2065,NATPEROXID,naperol-investments-ltd
13521252,3399009,13521252,shayona-engineering-ltd
IBLFL,1876104,IBLFL,ibl-finance-ltd
INDAG,2396,INDAG,indag-rubber-ltd
HSCL,529,HSCL,himadri-speciality-chemical-ltd
USHAFIN,2723025,USHAFIN,usha-financial-services-ltd
GANESHIN,2805060,GANESHIN,ganesh-infraworld-ltd
15050159,3257959,15050159,jd-cables-ltd
BLUECHIP,206,BLUECHIP,blue-chip-india-ltd
REXNORD,3728,REXNORD,rexnord-electronics-and-controls-ltd
15160030,3385845,15160030,gre-renew-enertech-ltd
11290694,3445233,11290694,elfin-agro-india-ltd
WEALTH,87800,WEALTH,wealth-first-portfolio-managers-ltd
SPANDANA,155461,SPANDANA,spandana-sphoorty-financial-ltd
GMBREW,470,GMBREW,g-m-breweries-ltd
NIBE,3950,NIBE,nibe-ltd
LGBBROSLTD,787,LGBBROSLTD,lg-balakrishnan-bros-ltd
THEMISMED,1386,THEMISMED,themis-medicare-ltd
GROWW,3313690,GROWW,billionbrains-garage-ventures-ltd
RELIABLE,87786,RELIABLE,reliable-data-services-ltd
GSEC10ABSL,2641311,GSEC10ABSL,aditya-birla-sun-life-crisil-10-year-gilt-etf
HPTL,2988135,HPTL,hp-telecom-india-ltd
SIKA,2960,SIKA,sika-interplant-systems-ltd
BAJAJCON,145,BAJAJCON,bajaj-consumer-care-ltd
AVG,87856,AVG,avg-logistics-ltd
DEEM,2056672,DEEM,deem-roll-tech-ltd
LICNETFSEN,4288,LICNETFSEN,lic-mf-exchange-traded-fund-sensex
ABGSEC,2430523,ABGSEC,aditya-birla-sun-life-crisil-broad-based-gilt-etf
QFIL,1392448,QFIL,quality-foils-india-ltd
KPRMILL,764,KPRMILL,kpr-mill-ltd
UNIONBANK,1447,UNIONBANK,union-bank-of-india
ASHNOOR,2343,ASHNOOR,ashnoor-textile-mills-ltd
STEELXIND,3943,STEELXIND,steel-exchange-india-ltd
RELSENSEX,4084,RELSENSEX,nippon-india-etf-s-p-bse-sensex
INTERARCH,2534275,INTERARCH,interarch-building-solutions-ltd
EASTBUILD,2348,EASTBUILD,east-buildtech-ltd
SIYSIL,1249,SIYSIL,siyaram-silk-mills-ltd
SYNTHFO,2618,SYNTHFO,belding-india-ltd
MUFIN,166312,MUFIN,mufin-green-finance-ltd
SCODATUBES,3113227,SCODATUBES,scoda-tubes-ltd
KFBL,2317,KFBL,kothari-fermentation-biochem-ltd
KALAMANDIR,1698176,KALAMANDIR,sai-silks-kalamandir-ltd
SMARTLINK,1256,SMARTLINK,smartlink-holdings-ltd
17080273,3363909,17080273,dachepalli-publishers-ltd
KARNAVATI,4142,KARNAVATI,karnavati-finance-ltd
POLYCAB,139599,POLYCAB,polycab-india-ltd
ASITCFIN,3379,ASITCFIN,asit-c-mehta-financial-services-ltd
PANKAJPO,3532,PANKAJPO,pankaj-polymers-ltd
SANDESH,1177,SANDESH,sandesh-ltd
GUJINTRX,2760,GUJINTRX,gujarat-intrux-ltd
ISTRNETWK,3056,ISTRNETWK,istreet-network-ltd
SHREEJISPG,3214018,SHREEJISPG,shreeji-shipping-global-ltd
ASPINWALL,71268,ASPINWALL,aspinwall-and-company-ltd
20MICRONS,8,20MICRONS,20-microns-ltd
SHOPERSTOP,1225,SHOPERSTOP,shoppers-stop-ltd
KICL,740,KICL,kalyani-investment-company-ltd
AUSL,2612460,AUSL,aditya-ultra-steel-ltd
MS,82499,MS,swadha-nature-ltd
INDOCO,614,INDOCO,indoco-remedies-ltd
SUNILTX,2868,SUNILTX,sunil-industries-ltd
SCC,4117,SCC,scintilla-commercial-credit-ltd
DHRUVCA,3514,DHRUVCA,dhruva-capital-services-ltd
BSE500IETF,382126,BSE500IETF,icici-prudential-bse-500-etf
ALPHA,748068,ALPHA,kotak-nifty-alpha-50-etf
TIIL,1393,TIIL,technocraft-industries-india-ltd
LODHA,460813,LODHA,lodha-developers-ltd
SURYODAY,447586,SURYODAY,suryoday-small-finance-bank-ltd
SAICAPI,4476,SAICAPI,sai-capital-ltd
CEWATER,2866112,CEWATER,concord-enviro-systems-ltd
ROLLT,2125,ROLLT,rollatainers-ltd
DECNGOLD,2528,DECNGOLD,deccan-gold-mines-ltd
PICTUREHS,3825,PICTUREHS,picturehouse-media-ltd
MAJESAUT,2061,MAJESAUT,majestic-auto-ltd
PRIMAPLA,3355,PRIMAPLA,prima-plastics-ltd
15110522,3286109,15110522,sk-minerals-additives-ltd
ESHAMEDIA,3522,ESHAMEDIA,esha-media-research-ltd
FIVESTAR,1114733,FIVESTAR,five-star-business-finance-ltd
NIMBSPROJ,2496,NIMBSPROJ,nimbus-projects-ltd
NAPL,4141,NAPL,naturite-agro-products-ltd
SOUTHBANK,1270,SOUTHBANK,south-indian-bank-ltd
STEELCAS,2641,STEELCAS,steel-cast-ltd
SENSEXETF,1739258,SENSEXETF,mirae-asset-s-p-bse-sensex-etf
MORARKFI,2463,MORARKFI,morarka-finance-ltd
SANSTAR,2444060,SANSTAR,sanstar-ltd
EMMBI,377,EMMBI,emmbi-industries-ltd
SHANKARA,53325,SHANKARA,shankara-building-products-ltd
DCM,312,DCM,dcm-ltd
YATHARTH,1565404,YATHARTH,yatharth-hospital-trauma-care-services-ltd
DHINDIA,2780,DHINDIA,d-h-india-ltd
WANBURY,1510,WANBURY,wanbury-ltd
GREENCREST,3683,GREENCREST,greencrest-financial-services-ltd
ALPHAETF,1750067,ALPHAETF,mirae-asset-nifty-200-alpha-30-etf
IKS,2842042,IKS,inventurus-knowledge-solutions-ltd
DAULAT,3274,DAULAT,daulat-securities-ltd
SPEB,3344370,SPEB,speb-adhesives-ltd
16691976,3513848,16691976,vegorama-punjabi-angithi-ltd
PRINCEPIPE,177142,PRINCEPIPE,prince-pipes-fittings-ltd
LANDMARK,1241144,LANDMARK,landmark-cars-ltd
MAHABIR,4170,MAHABIR,ganesha-ecoverse-ltd
KRN,2656551,KRN,krn-heat-exchanger-and-refrigeration-ltd
GROWWNIFTY,3191382,GROWWNIFTY,groww-nifty-50-etf
NAVKARCORP,1775,NAVKARCORP,navkar-corporation-ltd
MAHLOG,65007,MAHLOG,mahindra-logistics-ltd
MAHICKRA,87742,MAHICKRA,mahickra-chemicals-ltd
SATIN,1768,SATIN,satin-creditcare-network-ltd
NIFTYETF,382147,NIFTYETF,mirae-asset-nifty-50-etf
VISHWAS,2153411,VISHWAS,vishwas-agri-seeds-ltd
LICHSGFIN,790,LICHSGFIN,lic-housing-finance-ltd
PNBGILTS,1049,PNBGILTS,pnb-gilts-ltd
PAYTM,712312,PAYTM,one97-communications-ltd
530547,83490,530547,ken-financial-services-ltd
CUB,295,CUB,city-union-bank-ltd
GRAVISSHO,2403,GRAVISSHO,graviss-hospitality-ltd
OMNITEX,2696,OMNITEX,omnitex-industries-india-ltd
NIACL,65182,NIACL,the-new-india-assurance-company-ltd
SCANPGEOM,3156,SCANPGEOM,sgl-resources-ltd
FILME,3599,FILME,filmcity-media-ltd
SURATEX,3279,SURATEX,surat-trade-and-mercantile-ltd
SHIVMED,3052,SHIVMED,bandaram-pharma-packtech-ltd
RAPPID,2653114,RAPPID,rappid-valves-india-ltd
STEL,1294,STEL,stel-holdings-ltd
INDPRUD,2099,INDPRUD,industrial-prudential-investment-company-ltd
VAPIPPR,2129,VAPIPPR,vapi-enterprise-ltd
CHETANA,2452575,CHETANA,chetana-education-ltd
SHILCTECH,3495,SHILCTECH,shilchar-technologies-ltd
MOALPHA50,3175650,MOALPHA50,motilal-oswal-nifty-alpha-50-etf
UNITDSPR,851,UNITDSPR,united-spirits-ltd
ADANIGREEN,93115,ADANIGREEN,adani-green-energy-ltd
VIKRAN,3226637,VIKRAN,vikran-engineering-ltd
12070208,3403090,12070208,accretion-nutraveda-ltd
KARURVYSYA,721,KARURVYSYA,karur-vysya-bank-ltd
MODTHREAD,83444,MODTHREAD,modern-threads-india-ltd
TRAVELFOOD,3157934,TRAVELFOOD,travel-food-services-ltd
BNRUDY,3397,BNRUDY,bnr-udyog-ltd
NIF100IETF,1614,NIF100IETF,icici-prudential-nifty-100-etf
BROOKS,222,BROOKS,brooks-laboratories-ltd
POLYPLEX,1054,POLYPLEX,polyplex-corporation-ltd
PHRMASI,2961,PHRMASI,phaarmasia-ltd
GESHIP,452,GESHIP,great-eastern-shipping-company-ltd
DBSTOCKBRO,310,DBSTOCKBRO,db-international-stock-brokers-ltd
IFINSEC,3969,IFINSEC,india-finsec-ltd
INDIANCARD,610,INDIANCARD,the-indian-card-clothing-company-ltd
CYIENTDLM,1513580,CYIENTDLM,cyient-dlm-ltd
13192710,182669,13192710,tranway21-technologies-ltd
PARTH,3197522,PARTH,parth-electricals-engineering-ltd
SUPERHOUSE,1320,SUPERHOUSE,superhouse-ltd
TRIDENT,1415,TRIDENT,trident-ltd
AEROFLEX,1617407,AEROFLEX,aeroflex-industries-ltd
KULKPOWT,2216,KULKPOWT,kpt-industries-ltd
DIGJAMLMTD,4736,DIGJAMLMTD,digjam-ltd
MEDIORG,2350516,MEDIORG,medicamen-organics-ltd
BEARDSELL,172,BEARDSELL,beardsell-ltd
KAMATHOTEL,714,KAMATHOTEL,kamat-hotels-india-ltd
SVLL,97149,SVLL,shree-vasu-logistics-ltd
SENSEXADD,1592865,SENSEXADD,dsp-bse-sensex-etf
ASKAUTOLTD,1776576,ASKAUTOLTD,ask-automotive-ltd
PRUDENT,888523,PRUDENT,prudent-corporate-advisory-services-ltd
AFIL,2350517,AFIL,akme-fintrade-india-ltd
MISHKA,4219,MISHKA,mishka-exim-ltd
MOTISONS,1830844,MOTISONS,motisons-jewellers-ltd
EIHOTEL,363,EIHOTEL,eih-ltd
NARMADA,97161,NARMADA,narmada-agrobase-ltd
DEEDEV,83147,DEEDEV,dee-development-engineers-ltd
ZTECH,2301577,ZTECH,z-tech-india-ltd
KRMAYURVED,3396101,KRMAYURVED,krm-ayurveda-ltd
AURIONPRO,131,AURIONPRO,aurionpro-solutions-ltd
WSTCSTPAPR,1530,WSTCSTPAPR,west-coast-paper-mills-ltd
11290566,219554,11290566,natural-biocon-india-ltd
PNC,1050,PNC,pritish-nandy-communications-ltd
LAKSELECON,2171,LAKSELECON,lakshmi-electrical-control-systems-ltd
CONFIPET,3203,CONFIPET,confidence-petroleum-india-ltd
JHACC,3618,JHACC,jhaveri-credits-capital-ltd
KAARYAFSL,71334,KAARYAFSL,kaarya-facilities-and-services-ltd
MOSERVICE,3345245,MOSERVICE,motilal-oswal-nifty-services-sector-etf
TVSSRICHAK,1431,TVSSRICHAK,tvs-srichakra-ltd
PURPLEUTED,2833938,PURPLEUTED,purple-united-sales-ltd
MUNOTHFI,3706,MUNOTHFI,munoth-financial-services-ltd
ORACLECR,4322,ORACLECR,credent-global-finance-ltd
ETERNAL,589490,ETERNAL,eternal-ltd
17160392,1057570,17160392,cargosol-logistics-ltd
LIQUIDSBI,1777883,LIQUIDSBI,sbi-nifty-1d-rate-liquid-etf
LICNETFN50,1880,LICNETFN50,lic-mf-exchange-traded-fund-nifty-50-growth
DODLA,555688,DODLA,dodla-dairy-ltd
VIAZ,1354425,VIAZ,viaz-tyres-ltd
HILTON,547,HILTON,hilton-metal-forging-ltd
VAISHALI,87752,VAISHALI,vaishali-pharma-ltd
NETF,382143,NETF,tata-nifty-50-exchange-traded-fund
AONETOTAL,3018987,AONETOTAL,angel-one-nifty-total-market-etf
FUTSOL,3921,FUTSOL,futuristic-solutions-ltd
17270002,2560196,17270002,resourceful-automobile-ltd
MIDSELIETF,25739,MIDSELIETF,icici-prudential-bse-midcap-select-etf
COCKERILL,2039,COCKERILL,john-cockerill-india-ltd
HARIAEXPO,2597,HARIAEXPO,haria-exports-ltd
IDFNIFTYET,25915,IDFNIFTYET,idfc-nifty-etf
DHARIWAL,2477453,DHARIWAL,dhariwalcorp-ltd
PGEL,1031,PGEL,pg-electroplast-ltd
SOMANYCERA,1264,SOMANYCERA,somany-ceramics-ltd
JIWANRAM,1674696,JIWANRAM,jiwanram-sheoduttrai-industries-ltd
TPINDIA,82838,TPINDIA,tpi-india-ltd
RATNAVEER,1646888,RATNAVEER,ratnaveer-precision-engineering-ltd
BETXIND,2584,BETXIND,betex-india-ltd
511016,83381,511016,premier-capital-services-ltd
ASALCBR,2325,ASALCBR,associated-alcohols-breweries-ltd
GAEL,430,GAEL,gujarat-ambuja-exports-ltd
HCC,528,HCC,hindustan-construction-company-ltd
BATLIBOI,2873,BATLIBOI,batliboi-ltd
GROWWDEFNC,2671246,GROWWDEFNC,groww-nifty-india-defence-etf
SAFFRON,3583,SAFFRON,saffron-industries-ltd
ATGL,114071,ATGL,adani-total-gas-ltd
DRA,52901,DRA,dra-consultants-ltd
JALAN,87866,JALAN,jalan-transolutions-india-ltd
541358,94304,541358,unifinz-capital-india-ltd
SOFTTECH,97142,SOFTTECH,softtech-engineers-ltd
ENDURANCE,4797,ENDURANCE,endurance-technologies-ltd
MSUMI,856676,MSUMI,motherson-sumi-wiring-india-ltd
MOKSH,87834,MOKSH,moksh-ornaments-ltd
IDEA,589,IDEA,vodafone-idea-ltd
SSWL,1290,SSWL,steel-strips-wheels-ltd
TIL,1395,TIL,til-ltd
MCLOUD,4131,MCLOUD,magellanic-cloud-ltd
PFS,1030,PFS,ptc-india-financial-services-ltd
WOCKPHARMA,1527,WOCKPHARMA,wockhardt-ltd
TROM,2463080,TROM,trom-industries-ltd
HIGREEN,1711194,HIGREEN,hi-green-carbon-ltd
APOLLOTYRE,94,APOLLOTYRE,apollo-tyres-ltd
KILITCH,742,KILITCH,kilitch-drugs-i-ltd
ANARINDUS,3469,ANARINDUS,mena-mani-industries-ltd
13193294,3271026,13193294,infinity-infoway-ltd
GOODRICKE,2042,GOODRICKE,goodricke-group-ltd
SOMICONVEY,3889,SOMICONVEY,somi-conveyor-beltings-ltd
NAVKARURB,3601,NAVKARURB,navkar-urbanstructure-ltd
BRAHMINFRA,3970,BRAHMINFRA,brahmaputra-infrastructure-ltd
JINDALPHOT,674,JINDALPHOT,jindal-photo-ltd
PRICOLLTD,1072,PRICOLLTD,pricol-ltd
ROSSELLIND,1147,ROSSELLIND,rossell-india-ltd
DIVSHKT,3122,DIVSHKT,divyashakti-ltd
BASF,166,BASF,basf-india-ltd
SURYALAXMI,1332,SURYALAXMI,suryalakshmi-cotton-mills-ltd
GARNETINT,2590,GARNETINT,garnet-international-ltd
GROWWEV,2457924,GROWWEV,groww-nifty-ev-new-age-automotive-etf
MODISONLTD,2278,MODISONLTD,modison-ltd
MORARJEE,875,MORARJEE,morarjee-textiles-ltd
VBDESAIFIN,2426,VBDESAIFIN,v-b-desai-financial-services-ltd
GROWWNXT50,3235699,GROWWNXT50,groww-nifty-next-50-etf
TAURIAN,3245880,TAURIAN,taurian-mps-ltd
KISSHT,3496735,KISSHT,onemi-technology-solutions-ltd
SUNDARMFIN,1311,SUNDARMFIN,sundaram-finance-ltd
CALSOFT,231,CALSOFT,california-software-company-ltd
SBIETFCON,570918,SBIETFCON,sbi-etf-consumption
HIRECT,562,HIRECT,hind-rectifiers-ltd
RAYMONDREL,3157935,RAYMONDREL,raymond-realty-ltd
BSLNIFTY,1606,BSLNIFTY,aditya-birla-sun-life-nifty-etf-growth
QMSMEDI,1051631,QMSMEDI,qms-medical-allied-services-ltd
SERIND,2359,SERIND,desi-farms-india-ltd
SENINFO,3756,SENINFO,senthil-infotek-ltd
KRONECOMM,2943,KRONECOMM,adc-india-communications-ltd
SMLMAH,1257,SMLMAH,sml-mahindra-ltd
AIMTRON,2300266,AIMTRON,aimtron-electronics-ltd
FINOPB,709303,FINOPB,fino-payments-bank-ltd
KEN,2963622,KEN,ken-enterprises-ltd
HINDMILL,2412,HINDMILL,hindoostan-mills-ltd
517431,83130,517431,narmada-macplast-drip-irrigation-systems-ltd
15131300,2938269,15131300,cln-energy-ltd
HDFCMID150,1375893,HDFCMID150,hdfc-nifty-midcap-150-etf
KRBL,765,KRBL,krbl-ltd
NIFTYCASE,3300405,NIFTYCASE,zerodha-nifty-50-etf
SETFBSE100,4167,SETFBSE100,sbi-bse-100-etf
HNDFDS,2794,HNDFDS,hindustan-foods-ltd
NIITLTD,941,NIITLTD,niit-ltd
CAREWELL,4068,CAREWELL,zinema-media-and-entertainment-ltd
KHAITANLTD,738,KHAITANLTD,khaitan-india-ltd
JPOLYINVST,694,JPOLYINVST,jindal-poly-investment-finance-company-ltd
SENSEXBETA,1773,SENSEXBETA,uti-bse-sensex-etf
BANKA,87835,BANKA,banka-bioloo-ltd
KIRANVYPAR,4017,KIRANVYPAR,kiran-vyapar-ltd
GEOJITFSL,450,GEOJITFSL,geojit-financial-services-ltd
IPRINGLTD,643,IPRINGLTD,i-p-rings-ltd
BRPL,4057,BRPL,bansal-roofing-products-ltd
GROWWMC150,3335061,GROWWMC150,groww-nifty-midcap-150-etf
SAMPANN,1202,SAMPANN,sampann-utpadan-india-ltd
ASHOKA,113,ASHOKA,ashoka-buildcon-ltd
VSTIND,1502,VSTIND,vst-industries-ltd
MHEL,52903,MHEL,mewar-hi-tech-engineering-ltd
RTL,3152008,RTL,rama-telecom-ltd
MPTODAY,87861,MPTODAY,madhya-pradesh-today-media-ltd
AXSENSEX,1396499,AXSENSEX,axis-s-p-bse-sensex-etf
ETML,2824128,ETML,emerald-tyre-manufacturers-ltd
IZMO,795,IZMO,izmo-ltd
MOLOWVOL,843495,MOLOWVOL,motilal-oswal-s-p-bse-low-volatility-etf
LOWVOLIETF,382124,LOWVOLIETF,icici-prudential-nifty-100-low-volatility-30-etf
FUSION,755078,FUSION,fusion-finance-ltd
DIVINEHIRA,3025348,DIVINEHIRA,divine-hira-jewellers-ltd
YARNSYN,2702,YARNSYN,yarn-syndicate-ltd
GDLLEAS,3408,GDLLEAS,gdl-leasing-finance-ltd
PIGL,87838,PIGL,power-and-instrumentation-gujarat-ltd
PARACABLES,1004,PARACABLES,paramount-communications-ltd
SHUBHLAXMI,118203,SHUBHLAXMI,shubhlaxmi-jewel-art-ltd
DISAQ,2031,DISAQ,disa-india-ltd
LALPATHLAB,1877,LALPATHLAB,dr-lal-pathlabs-ltd
UTKARSHBNK,1542942,UTKARSHBNK,utkarsh-small-finance-bank-ltd
NIFTYBETA,1772,NIFTYBETA,uti-nifty-50-etf
PNBHOUSING,4826,PNBHOUSING,pnb-housing-finance-ltd
EMAMIPAP,3902,EMAMIPAP,emami-paper-mills-ltd
BSLSENETFG,25778,BSLSENETFG,aditya-birla-sun-life-sensex-etf
DARJEELING,4352,DARJEELING,darjeeling-industries-ltd
WHITEFORCE,3161386,WHITEFORCE,happy-square-outsourcing-services-ltd
NIFTYBETF,1894716,NIFTYBETF,bajaj-finserv-nifty-50-etf
ASIANENE,3316,ASIANENE,asian-energy-services-ltd
CHRTEDCA,2489,CHRTEDCA,chartered-capital-investment-ltd
BHAGERIA,1980,BHAGERIA,bhageria-industries-ltd
531168,83336,531168,associated-ceramics-ltd
INGERRAND,631,INGERRAND,ingersoll-rand-india-ltd
MAHEPC,2974,MAHEPC,mahindra-epc-irrigation-ltd
MANINDS,833,MANINDS,man-industries-india-ltd
NIFTYADD,748066,NIFTYADD,dsp-nifty-50-etf
GENESYS,448,GENESYS,genesys-international-corporation-ltd
SRMCL,2858,SRMCL,sri-ramakrishna-mills-coimbatore-ltd
MODEFENCE,2591540,MODEFENCE,motilal-oswal-nifty-india-defence-etf
MIDCAPBETA,1633726,MIDCAPBETA,uti-nifty-midcap-150-etf
COSMOFE,2916,COSMOFE,cosmo-ferrites-ltd
SKPSEC,3483,SKPSEC,skp-securities-ltd
TVSSCS,1607854,TVSSCS,tvs-supply-chain-solutions-ltd
TOP100CASE,2301902,TOP100CASE,zerodha-nifty-100-etf
FILATEX,414,FILATEX,filatex-india-ltd
NIFTYIETF,1612,NIFTYIETF,icici-prudential-nifty-50-etf
GARWSYN,2705,GARWSYN,garware-synthetics-ltd
FRESHARA,2715951,FRESHARA,freshara-agro-exports-ltd
MOM50,1599,MOM50,motilal-oswal-m50-etf
SENSEXIETF,1619,SENSEXIETF,icici-prudential-bse-sensex-etf
VERTEX,3747,VERTEX,vertex-securities-ltd
MAXPOSURE,1888081,MAXPOSURE,maxposure-ltd
MERCURYEV,82726,MERCURYEV,mercury-ev-tech-ltd
CAPTAIN,82790,CAPTAIN,captain-technocast-ltd
SBISENSEX,3956,SBISENSEX,sbi-etf-sensex
QNIFTY,1591,QNIFTY,quantum-nifty-50-etf
BHAGWOX,2399,BHAGWOX,bhagawati-oxygen-ltd
LOOKS,3926,LOOKS,looks-health-services-ltd
TALBROSENG,4152,TALBROSENG,talbros-engineering-ltd
NIFTYBEES,1588,NIFTYBEES,nippon-india-etf-nifty-50-bees
7TEC,3839,7TEC,saven-technologies-ltd
RAINBOW,877862,RAINBOW,rainbow-childrens-medicare-ltd
IRB,644,IRB,irb-infrastructure-developers-ltd
TANLA,1350,TANLA,tanla-platforms-ltd
PAUSHAKLTD,3865,PAUSHAKLTD,paushak-ltd
RMDRIP,87881,RMDRIP,r-m-drip-and-sprinklers-systems-ltd
17151984,2425738,17151984,three-m-paper-boards-ltd
GLOTTIS,3273762,GLOTTIS,glottis-ltd
SBINMID150,3478257,SBINMID150,sbi-nifty-midcap-150-etf
RSSOFTWARE,1151,RSSOFTWARE,rs-software-india-ltd
ADANIENT,26,ADANIENT,adani-enterprises-ltd
RELCHEMQ,2139,RELCHEMQ,reliance-chemotex-industries-ltd
LATIMMETAL,2239,LATIMMETAL,la-tim-metal-industries-ltd
12070201,2884193,12070201,technichem-organics-ltd
BOROLTD,250864,BOROLTD,borosil-ltd
VISAKAIND,1490,VISAKAIND,visaka-industries-ltd
GROVY,4300,GROVY,grovy-india-ltd
TRANSRAILL,2854411,TRANSRAILL,transrail-lighting-ltd
SUTLEJTEX,1335,SUTLEJTEX,sutlej-textiles-industries-ltd
AMITSEC,3622,AMITSEC,amit-securities-ltd
LICNFNHGP,4354,LICNFNHGP,lic-mf-exchange-traded-fund-nifty-100
CMRSL,1052266,CMRSL,cyber-media-research-services-ltd
12270276,3195209,12270276,mehul-colours-ltd
MARATHR,2119,MARATHR,lerthai-finance-ltd
GCMCAPI,4036,GCMCAPI,gcm-capital-advisors-ltd
CONSUMIETF,701610,CONSUMIETF,icici-prudential-nifty-india-consumption-etf
13560268,3238433,13560268,sharvaya-metals-ltd
DHUNINV,330,DHUNINV,dhunseri-investments-ltd
MOTOGENFIN,880,MOTOGENFIN,motor-general-finance-ltd
ANUHPHR,2277,ANUHPHR,anuh-pharma-ltd
URBANCO,3246538,URBANCO,urban-company-ltd
LEMONTREE,81513,LEMONTREE,lemon-tree-hotels-ltd
BHARATGEAR,185,BHARATGEAR,bharat-gears-ltd
IMPAL,603,IMPAL,india-motor-parts-accessories-ltd
CONS,861458,CONS,kotak-nifty-india-consumption-etf
CENTENKA,248,CENTENKA,century-enka-ltd
LAFFANSQ,3038,LAFFANSQ,laffans-petrochemicals-ltd
ETHOSLTD,877860,ETHOSLTD,ethos-ltd
UNIVARTS,3832,UNIVARTS,universal-arts-ltd
SIMMOND,2361,SIMMOND,simmonds-marshall-ltd
RISHILASE,3210,RISHILASE,rishi-laser-ltd
SURYALA,2675,SURYALA,suryalata-spinning-mills-ltd
QUINT,4295,QUINT,quint-digital-ltd
RTEXPO,2593,RTEXPO,neelkanth-ltd
KAUSHALYA,722,KAUSHALYA,kaushalya-infrastructure-development-corpn-ltd
BDL,80210,BDL,bharat-dynamics-ltd
LINDEINDIA,791,LINDEINDIA,linde-india-ltd
MADHUCON,811,MADHUCON,madhucon-projects-ltd
SUZLON,1337,SUZLON,suzlon-energy-ltd
PAVNAIND,433729,PAVNAIND,pavna-industries-ltd
FINBUD,3312200,FINBUD,finbud-financial-services-ltd
TI,1391,TI,tilaknagar-industries-ltd
PANKAJPIYUS,2263,PANKAJPIYUS,kairosoft-ai-solutions-ltd
AARTECH,133756,AARTECH,aartech-solonics-ltd
EMBASSY,139325,EMBASSY,embassy-office-parks-reit
ABB,17,ABB,abb-india-ltd
BAJAJHLDNG,149,BAJAJHLDNG,bajaj-holdings-investment-ltd
VAL,4267,VAL,naksh-precious-metals-ltd
AXISNIFTY,382151,AXISNIFTY,axis-nifty-50-etf
SANJIVIN,3626,SANJIVIN,sanjivani-paranteral-ltd
MBEL,3196800,MBEL,m-b-engineering-ltd
HYBRIDFIN,82885,HYBRIDFIN,hybrid-financial-services-ltd
GEEKAYWIRE,87837,GEEKAYWIRE,geekay-wires-ltd
INDOFARM,2881420,INDOFARM,indo-farm-equipment-ltd
CHENNPETRO,260,CHENNPETRO,chennai-petroleum-corporation-ltd
PRIMAIN,3515,PRIMAIN,prima-industries-ltd
11625593,947818,11625593,jayant-infratech-ltd
17160493,3361253,17160493,global-ocean-logistics-india-ltd
MACPLASQ,2933,MACPLASQ,machino-plastics-ltd
VERTIS,1016820,VERTIS,vertis-infrastructure-trust
TRITONV,2257,TRITONV,triton-valves-ltd
NIFTY1,1596,NIFTY1,kotak-nifty-50-etf
WILLIMFI,2797,WILLIMFI,williamson-financial-services-ltd
14095754,3273758,14095754,sodhani-capital-ltd
AUBANK,54902,AUBANK,au-small-finance-bank-ltd
INFRA,3434556,INFRA,mirae-asset-nifty-india-infrastructure-logistics-etf
11625771,3185620,11625771,monarch-surveyors-and-engineering-consultants-ltd
ENIFTY,3345244,ENIFTY,edelweiss-nifty-50-etf
NIF100BEES,1613,NIF100BEES,nippon-india-etf-nifty-100
SBINEQWETF,2423855,SBINEQWETF,sbi-nifty50-equal-weight-etf
MULTICAP,2619804,MULTICAP,mirae-asset-nifty500-multicap-50-25-25-etf
SHRJAGP,2581,SHRJAGP,shri-jagdamba-polymers-ltd
10670358,189406,10670358,sm-auto-stamping-ltd
FINIETF,1143492,FINIETF,icici-prudential-nifty-financial-services-ex-bank-etf
DLF,337,DLF,dlf-ltd
538569,83558,538569,triveni-enterprises-ltd
IVZINNIFTY,1609,IVZINNIFTY,invesco-india-nifty-exchange-traded-fund
KRISNAFILA,2058,KRISNAFILA,krishna-filament-industries-ltd
IDM,4450,IDM,international-data-management-ltd
PRIMAGR,2801,PRIMAGR,prima-agro-ltd
13193254,3228802,13193254,globtier-infotech-ltd
15070571,858678,15070571,eighty-jewellers-ltd
CONSUMBEES,1617,CONSUMBEES,nippon-india-etf-nifty-india-consumption
HDFCNIFTY,1883,HDFCNIFTY,hdfc-nifty-50-etf
WALLFORT,3778,WALLFORT,wallfort-financial-services-ltd
BFINVEST,179,BFINVEST,bf-investment-ltd
SETFNIF50,1753,SETFNIF50,sbi-etf-nifty
MANORG,2709,MANORG,mangalam-organics-ltd
AANANDALAK,4174,AANANDALAK,aananda-lakshmi-spinning-mills-ltd
LOWVOL,1397284,LOWVOL,mirae-asset-nifty-100-low-volatility-30-etf
TRABI,3102,TRABI,transgene-biotek-ltd
ESSARSEC,3900,ESSARSEC,yunik-managing-advisors-ltd
CUBIFIN,2494,CUBIFIN,cfsl-ltd
15990147,3330274,15990147,gallard-steel-ltd
ACTIVEINFR,3034062,ACTIVEINFR,active-infrastructures-ltd
NUTECGLOB,3541,NUTECGLOB,nutech-global-ltd
WALCHANNAG,1509,WALCHANNAG,walchandnagar-industries-ltd
MIDCAP,780903,MIDCAP,kotak-nifty-midcap-50-etf
EVINDIA,2382275,EVINDIA,mirae-asset-nifty-ev-and-new-age-automotive-etf
544346,2958309,544346,rdb-real-estate-constructions-ltd
541983,110437,541983,innovative-ideals-and-services-india-ltd
AONENIFTY,3118709,AONENIFTY,angel-one-nifty-50-etf
GVPIL,48,GVPIL,ge-power-india-ltd
SAGARSOFT,52900,SAGARSOFT,sagarsoft-india-ltd
DBOL,1034034,DBOL,dhampur-bio-organics-ltd
DEFENCE,3434790,DEFENCE,mirae-asset-bse-india-defence-etf
SUNTECK,1317,SUNTECK,sunteck-realty-ltd
SALGUTI,3158,SALGUTI,salguti-industries-ltd
526187,3109,526187,ashram-online-com-ltd
YUVRAAJHPL,3658,YUVRAAJHPL,yuvraaj-hygiene-products-ltd
MOHITIND,871,MOHITIND,mohit-industries-ltd
BRAWN,3283,BRAWN,brawn-biotech-ltd
RPGLIFE,1148,RPGLIFE,rpg-life-sciences-ltd
MOMIDMTM,3165858,MOMIDMTM,motilal-oswal-nifty-midcap150-momentum-50-etf
MOBIKWIK,755505,MOBIKWIK,one-mobikwik-systems-ltd
541503,98474,541503,unick-fix-a-form-printers-ltd
BAMBINO,2805,BAMBINO,bambino-agro-industries-ltd
GAIL,431,GAIL,gail-india-ltd
TOP15IETF,3162695,TOP15IETF,icici-prudential-nifty-top-15-equal-weight-etf
EDELWEISS,357,EDELWEISS,edelweiss-financial-services-ltd
EQUAL50,3101720,EQUAL50,mirae-asset-nifty50-equal-weight-etf
INDORAMA,615,INDORAMA,indo-rama-synthetics-india-ltd
16620746,2607005,16620746,naturewings-holidays-ltd
IMAGICAA,1557,IMAGICAA,imagicaaworld-entertainment-ltd
MIDCAPADD,3367064,MIDCAPADD,dsp-nifty-midcap-150-etf
AQUAPIV,3562,AQUAPIV,ekansh-concepts-ltd
BBTCL,111715,BBTCL,b-b-triplewall-containers-ltd
WOMENNET,3569,WOMENNET,pagaria-energy-ltd
INTECCAP,3212,INTECCAP,intec-capital-ltd
ESG,382148,ESG,mirae-asset-nifty-100-esg-sector-leaders-etf
SUPER,1319,SUPER,super-sales-india-ltd
TIMETECHNO,1398,TIMETECHNO,time-technoplast-ltd
ADITYASPIN,2854,ADITYASPIN,aditya-spinners-ltd
SIDDHIKA,454004,SIDDHIKA,siddhika-coatings-ltd
BANKPSU,2676755,BANKPSU,mirae-asset-nifty-psu-bank-etf
MMWL,870,MMWL,media-matrix-worldwide-ltd
SHIVASHRIT,3225900,SHIVASHRIT,shivashrit-foods-ltd
JTEKTINDIA,1266,JTEKTINDIA,jtekt-india-ltd
NATRAJPR,3258,NATRAJPR,natraj-proteins-ltd
KTKSENSEX,3886,KTKSENSEX,kotak-s-p-bse-sensex-etf
VEDAVAAG,3893,VEDAVAAG,vedavaag-systems-ltd
CDSL,53219,CDSL,central-depository-services-india-ltd
KEI,729,KEI,kei-industries-ltd
SHAILY,2105,SHAILY,shaily-engineering-plastics-ltd
GCSL,608074,GCSL,gretex-corporate-services-ltd
AMBICAAGAR,82702,AMBICAAGAR,ambica-agarbathies-aroma-industries-ltd
MSCIADD,3347353,MSCIADD,dsp-msci-india-etf
PREMIER,1068,PREMIER,premier-ltd
GOYALSALT,1706791,GOYALSALT,goyal-salt-ltd
STANROS,2262,STANROS,stanrose-mafatlal-investments-finance-ltd
SCANSTL,2484,SCANSTL,scan-steels-ltd
NBIFIN,71303,NBIFIN,nbi-industrial-finance-company-ltd
GLOBALSPACE,82528,GLOBALSPACE,globalspace-technologies-ltd
CYBERTECH,300,CYBERTECH,cybertech-systems-software-ltd
LMW,785,LMW,lmw-ltd
STERTOOLS,1296,STERTOOLS,sterling-tools-ltd
VIDYAWIRES,3346814,VIDYAWIRES,vidya-wires-ltd
GOCLCORP,517,GOCLCORP,gocl-corporation-ltd
TARIL,1417,TARIL,transformers-rectifiers-india-ltd
TRITURBINE,1418,TRITURBINE,triveni-turbine-ltd
MERCURYLAB,4148,MERCURYLAB,mercury-laboratories-ltd
PSUBANKADD,1591998,PSUBANKADD,dsp-nifty-psu-bank-etf
ELAND,889,ELAND,e-land-apparel-ltd
GOODYEAR,2043,GOODYEAR,goodyear-india-ltd
SHBAJRG,3234,SHBAJRG,shri-bajrang-alliance-ltd
PSRAJ,2972770,PSRAJ,p-s-raj-steels-ltd
TITAGARH,1434,TITAGARH,titagarh-rail-systems-ltd
RAVILEELA,82429,RAVILEELA,ravileela-granites-ltd
140515832,382134,140515832,sbi-etf-sensex-next-50
ICSL,4196,ICSL,integrated-capital-services-ltd
JUNIORBEES,1584,JUNIORBEES,nippon-india-etf-nifty-next-50-junior-bees
TRINITYLEA,4474,TRINITYLEA,trinity-league-india-ltd
16070398,3425416,16070398,fractal-industries-ltd
MOMGF,3118710,MOMGF,motilal-oswal-nifty-india-manufacturing-etf
NEXT50ADD,3391619,NEXT50ADD,dsp-nifty-next-50-etf
SETFNN50,1622,SETFNN50,sbi-nifty-junior-etf
MID150CASE,2301903,MID150CASE,zerodha-nifty-midcap-150-etf
GROWWN200,3008014,GROWWN200,groww-nifty-200-etf
JINDWORLD,680,JINDWORLD,jindal-worldwide-ltd
ANDREWYU,3107,ANDREWYU,andrew-yule-company-ltd
MBAPL,87744,MBAPL,madhya-bharat-agro-products-ltd
FABTECH,3273757,FABTECH,fabtech-technologies-ltd
SINGERIND,2245,SINGERIND,singer-india-ltd
MCCHRLS-B,2340,MCCHRLS-B,mac-charles-india-ltd
JOONKTOLL,4030,JOONKTOLL,shri-vasuprada-plantations-ltd
AKSHOPTFBR,51,AKSHOPTFBR,aksh-optifibre-ltd
HLEGLAS,2892,HLEGLAS,hle-glascoat-ltd
SHGANEL,3393,SHGANEL,shree-ganesh-elastoplast-ltd
NEXUSCOMMO,4125,NEXUSCOMMO,nexus-surgical-and-medicare-ltd
PANAMAPET,997,PANAMAPET,panama-petrochem-ltd
531399,83313,531399,g-g-automotive-gears-ltd
13193122,2245413,13193122,finelistings-technologies-ltd
ACEINTEG,87794,ACEINTEG,ace-integrated-solutions-ltd
SPLPETRO,1322,SPLPETRO,supreme-petrochem-ltd
IISL,52899,IISL,ishaan-infrastructures-shelters-ltd
VTCIND,2736,VTCIND,ventura-textiles-ltd
SHETHJI,3299117,SHETHJI,shreeji-global-fmcg-ltd
THOMASCOOK,1389,THOMASCOOK,thomas-cook-india-ltd
UNIVCABLES,1453,UNIVCABLES,universal-cables-ltd
SHESHAINDS,4179,SHESHAINDS,sheshadri-industries-ltd
MIDCAPIETF,204258,MIDCAPIETF,icici-prudential-nifty-midcap-150-etf
ANLON,1267972,ANLON,anlon-technology-solutions-ltd
GALADAFIN,4128,GALADAFIN,galada-finance-ltd
UCOBANK,1439,UCOBANK,uco-bank
DHANCOT,2587,DHANCOT,dhanlaxmi-cotex-ltd
YASHCHEM,4612,YASHCHEM,yash-chemex-ltd
ALKEM,1878,ALKEM,alkem-laboratories-ltd
ABHIFIN,4143,ABHIFIN,abhishek-finlease-ltd
NATURA,82703,NATURA,natura-hue-chem-ltd
BAJAJHFL,2607004,BAJAJHFL,bajaj-housing-finance-ltd
DLTNCBL,2170,DLTNCBL,delton-cables-ltd
ANONDITA,3227182,ANONDITA,anondita-medicare-ltd
CKKRETAIL,3406015,CKKRETAIL,c-k-k-retail-mart-ltd
INTEGFD,2828,INTEGFD,integrated-proteins-ltd
SUNLOC,4005,SUNLOC,sunil-healthcare-ltd
RBLBANK,4685,RBLBANK,rbl-bank-ltd
SHERA,1341105,SHERA,shera-energy-ltd
MANUGRAPH,837,MANUGRAPH,manugraph-india-ltd
KENNAMET,2255,KENNAMET,kennametal-india-ltd
SBECSUG,3789,SBECSUG,sbec-sugar-ltd
NEXT50,204265,NEXT50,mirae-asset-nifty-next-50-etf-manxt50etf
MNC,1005840,MNC,kotak-nifty-mnc-etf
IGPL,597,IGPL,i-g-petrochemicals-ltd
KALYANKJIL,447071,KALYANKJIL,kalyan-jewellers-india-ltd
MIDCAPETF,838042,MIDCAPETF,mirae-asset-nifty-midcap-150-etf
PRATIKSH,3521,PRATIKSH,vellora-impact-ltd
13521186,1849100,13521186,shri-balaji-valve-components-ltd
PPAP,1058,PPAP,ppap-automotive-ltd
SHREDIGCEM,2117,SHREDIGCEM,shree-digvijay-cement-company-ltd
GOKAKTEX,3883,GOKAKTEX,gokak-textiles-ltd
540254,83324,540254,marg-techno-projects-ltd
MONEXT50,3101721,MONEXT50,motilal-oswal-nifty-next-50-etf
UNRYLMA,3097,UNRYLMA,uniroyal-marine-exports-ltd
FOCUS,97163,FOCUS,focus-lighting-and-fixtures-ltd
13193023,1508024,13193023,veefin-solutions-ltd
HDFCLOWVOL,1062608,HDFCLOWVOL,hdfc-nifty100-low-volatility-30-etf
CLSEL,3306,CLSEL,chaman-lal-setia-exports-ltd
ETL,3167548,ETL,emkay-tools-ltd
SUBEXLTD,1301,SUBEXLTD,subex-ltd
NEXT50IETF,204259,NEXT50IETF,icici-prudential-nifty-next-50-etf
EQUAL50ADD,701609,EQUAL50ADD,dsp-nifty-50-equal-weight-etf
MOXSH,1264558,MOXSH,moxsh-overseas-educon-ltd
MID150BEES,382139,MID150BEES,nippon-india-etf-nifty-midcap-150
GILLANDERS,455,GILLANDERS,gillanders-arbuthnot-company-ltd
DTL,2373509,DTL,diensten-tech-ltd
JPTSEC,3438,JPTSEC,jpt-securities-ltd
APOLLO,72727,APOLLO,apollo-micro-systems-ltd
UJJIVANSFB,175415,UJJIVANSFB,ujjivan-small-finance-bank-ltd
WTICAB,1996282,WTICAB,wise-travel-india-ltd
PINELABS,3317555,PINELABS,pine-labs-ltd
POWERMECH,1766,POWERMECH,power-mech-projects-ltd
CATVISION,3478,CATVISION,catvision-ltd
PRERINFRA,3700,PRERINFRA,prerna-infrabuild-ltd
VERITAS,2547,VERITAS,veritas-india-ltd
VRWODAR,2992,VRWODAR,megamont-ltd
AVTNPL,139,AVTNPL,avt-natural-products-ltd
ABREL,253,ABREL,aditya-birla-real-estate-ltd
BANSWRAS,164,BANSWRAS,banswara-syntex-ltd
OCEANIC,61530,OCEANIC,oceanic-foods-ltd
DIAMONDYD,60394,DIAMONDYD,prataap-snacks-ltd
KORE,1010382,KORE,jay-jalaram-technologies-ltd
KCP,725,KCP,kcp-ltd
INFRONICS,4027,INFRONICS,infronics-systems-ltd
WARRENTEA,2365,WARRENTEA,warren-tea-ltd
SHKARTP,2737,SHKARTP,shree-karthik-papers-ltd
SHALBY,68816,SHALBY,shalby-ltd
AHLWEST,44,AHLWEST,asian-hotels-west-ltd
MITSU,61515,MITSU,mitsu-chem-plast-ltd
5432,344621,5432,net-pix-shorts-digital-media-ltd
FWSTC,3350944,FWSTC,flywings-simulator-training-centre-ltd
ABSLNN50ET,382140,ABSLNN50ET,aditya-birla-sun-life-nifty-next-50-etf
NEELKATEC,3372,NEELKATEC,zenlabs-ethica-ltd
CANARYS,1715907,CANARYS,canarys-automations-ltd
GOLDIAM,483,GOLDIAM,goldiam-international-ltd
WINSOME,1524,WINSOME,winsome-yarns-ltd
SOFTSOL,3822,SOFTSOL,madala-holdings-ltd
TIGERLOGS,3980,TIGERLOGS,tiger-logistics-india-ltd
AVADHSUGAR,61540,AVADHSUGAR,avadh-sugar-energy-ltd
SUNILAGR,3430,SUNILAGR,sunil-agro-foods-ltd
HDFCPSUBK,1891576,HDFCPSUBK,hdfc-nifty-psu-bank-etf
11625761,2632759,11625761,popular-foundations-ltd
GAUDIUMIVF,3429959,GAUDIUMIVF,gaudium-ivf-and-women-health-ltd
NEXT50BETA,382150,NEXT50BETA,uti-nifty-next-50-exchange-traded-fund
DUROPACK,3124,DUROPACK,duropack-ltd
TOP20,3369132,TOP20,mirae-asset-nifty-top-20-equal-weight-etf
GIPCL,458,GIPCL,gujarat-industries-power-company-ltd
13521185,1826518,13521185,siyaram-recycling-industries-ltd
PROVEST,4395,PROVEST,pro-clb-global-ltd
11625399,676911,11625399,samor-reality-ltd
SHREMETAL,3749,SHREMETAL,shree-metalloys-ltd
GULFPETRO,1164,GULFPETRO,gp-petroleums-ltd
PRITIKAUTO,4255,PRITIKAUTO,pritika-auto-industries-ltd
16050068,3339456,16050068,k-k-silk-mills-ltd
STAR,1291,STAR,strides-pharma-science-ltd
ECOPLAST,3178,ECOPLAST,ecoplast-ltd
ARAVALISEC,2564,ARAVALISEC,aravali-securities-finance-ltd
541196,87819,541196,lex-nimble-solutions-ltd
EXIDEIND,404,EXIDEIND,exide-industries-ltd
SOURCENTRL,3571,SOURCENTRL,source-natural-foods-herbal-supplements-ltd
INDTERRAIN,623,INDTERRAIN,indian-terrain-fashions-ltd
DELHIVERY,888524,DELHIVERY,delhivery-ltd
ELM250,3253091,ELM250,edelweiss-nifty-largemidcap-250-etf
MENONBE,1576,MENONBE,menon-bearings-ltd
MAYUR,3666,MAYUR,mayur-leather-products-ltd
RVHL,376565,RVHL,ravinder-heights-ltd
11330377,3358154,11330377,stanbik-agro-ltd
BLOIN,2629,BLOIN,bloom-industries-ltd
MILTONPLAS,3103,MILTONPLAS,mpl-plastics-ltd
SILKFLEX,2251277,SILKFLEX,silkflex-polymers-india-ltd
MYMUDRA,2600526,MYMUDRA,my-mudra-fincorp-ltd
11625592,947817,11625592,kesar-india-ltd
PSUBNKIETF,1397283,PSUBNKIETF,icici-prudential-nifty-psu-bank-etf
BALMLAWRIE,155,BALMLAWRIE,balmer-lawrie-company-ltd
ROYALCUSHN,3110,ROYALCUSHN,royal-cushion-vinyl-products-ltd
541627,132871,541627,gujarat-winding-systems-ltd
APTUS,623876,APTUS,aptus-value-housing-finance-india-ltd
MOMENTUM30,3298541,MOMENTUM30,kotak-nifty-200-momentum-30-etf
AMTL,77,AMTL,advance-metering-technology-ltd
INFRABEES,1602,INFRABEES,nippon-india-etf-nifty-infrastructure-bees
UNIENTER,1446,UNIENTER,uniphos-enterprises-ltd
DPABHUSHAN,87820,DPABHUSHAN,d-p-abhushan-ltd
ZEEL,1537,ZEEL,zee-entertainment-enterprises-ltd
WEPSOLN,3831,WEPSOLN,wep-solutions-ltd
SEIL,4564,SEIL,shanti-educational-initiatives-ltd
KESARENT,732,KESARENT,kesar-enterprises-ltd
PBMPOLY,2670,PBMPOLY,pbm-polytex-ltd
17180129,3347838,17180129,western-overseas-study-abroad-ltd
LCCINFOTEC,786,LCCINFOTEC,lcc-infotech-ltd
REPRO,1133,REPRO,repro-india-ltd
SKYGOLD,109637,SKYGOLD,sky-gold-and-diamonds-ltd
AVANTEL,3840,AVANTEL,avantel-ltd
17170026,1358853,17170026,macfos-ltd
EIMCOELECO,364,EIMCOELECO,eimco-elecon-india-ltd
ONYX,2779147,ONYX,onyx-biotec-ltd
12270273,3193646,12270273,b-d-industries-pune-ltd
GROWWCAPM,3352899,GROWWCAPM,groww-nifty-capital-markets-etf
CHAMUNDA,2959544,CHAMUNDA,chamunda-electricals-ltd
LINKPH,3076,LINKPH,link-pharma-chem-ltd
SOLARA,94298,SOLARA,solara-active-pharma-sciences-ltd
PRIMO,2300,PRIMO,primo-chemicals-ltd
ABINFRA,149050,ABINFRA,ab-infrabuild-ltd
LAMBODHARA,1570,LAMBODHARA,lambodhara-textiles-ltd
ANTGRAPHIC,87,ANTGRAPHIC,antarctica-ltd
REGENCERAM,1122,REGENCERAM,regency-ceramics-ltd
SNL,2251,SNL,snl-bearings-ltd
JUPITERIN,3932,JUPITERIN,jupiter-infomedia-ltd
TEXMOPIPES,1379,TEXMOPIPES,texmo-pipes-products-ltd
GUJTERC,3013,GUJTERC,gujarat-terce-laboratories-ltd
SHILGRAVQ,2660,SHILGRAVQ,shilp-gravures-ltd
INDERGR,3606,INDERGR,indergiri-finance-ltd
KOPRAN,757,KOPRAN,kopran-ltd
AREXMIS,3207,AREXMIS,arex-industries-ltd
NEERAJ,4273,NEERAJ,neeraj-paper-marketing-ltd
ANANTAM,3283429,ANANTAM,anantam-highways-trust
VIVIDIND,3044,VIVIDIND,vivid-global-industries-ltd
HARYNACAP,3873,HARYNACAP,haryana-capfin-ltd
LIQUIDBEES,1587,LIQUIDBEES,nippon-india-etf-nifty-1d-rate-liquid-bees
WESTLIFE,2228,WESTLIFE,westlife-foodworld-ltd
SCAGRO,3096,SCAGRO,sc-agrotech-ltd
EASTRED,3557,EASTRED,eastern-treads-ltd
SEMAC,1135,SEMAC,semac-construction-ltd
APTEAML,2314,APTEAML,emerald-leisures-ltd
WORTHPERI,97165,WORTHPERI,worth-peripherals-ltd
16050102,171262,16050102,shahlon-silk-industries-ltd
LIBORDFIN,2470,LIBORDFIN,libord-finance-ltd
AADIIND,3240,AADIIND,aadi-industries-ltd
ANTELOPUS,1200,ANTELOPUS,antelopus-selan-energy-ltd
544205,2406262,544205,national-peroxide-ltd
VIESL,2609234,VIESL,vision-infra-equipment-solutions-ltd
EVIETF,3068757,EVIETF,icici-prudential-nifty-ev-new-age-automotive-etf
CMPDI,3457158,CMPDI,central-mine-planning-design-institute-ltd
CASTROLIND,241,CASTROLIND,castrol-india-ltd
NDLVENTURE,559,NDLVENTURE,ndl-ventures-ltd
NORTHARC,755077,NORTHARC,northern-arc-capital-ltd
PSPL,3021296,PSPL,pdp-shipping-projects-ltd
17160468,3203670,17160468,blt-logistics-ltd
ADSL,32,ADSL,allied-digital-services-ltd
SKFINDIA,1251,SKFINDIA,skf-india-ltd
140516793,382136,140516793,nippon-india-etf-s-p-bse-sensex-next-50
MSCIINDIA,3005236,MSCIINDIA,kotak-msci-india-etf
PSUBNKBEES,1589,PSUBNKBEES,nippon-india-etf-nifty-psu-bank-bees
PHILCORP,2088,PHILCORP,team24-consumer-products-ltd
GKCONS,3688,GKCONS,gk-consultants-ltd
SHUBHRA,4062,SHUBHRA,vistar-amar-ltd
VTL,1504,VTL,vardhman-textiles-ltd
ITALIANE,1979201,ITALIANE,italian-edibles-ltd
SAHASRA,2666758,SAHASRA,sahasra-electronic-solutions-ltd
MITCON,87864,MITCON,mitcon-consultancy-engineering-services-ltd
MID150,3048263,MID150,kotak-nifty-midcap-150-etf
VOLTAMP,1499,VOLTAMP,voltamp-transformers-ltd
SAHANA,1482926,SAHANA,sahana-system-ltd
NIVABUPA,2768807,NIVABUPA,niva-bupa-health-insurance-company-ltd
SUPERTEX,3100,SUPERTEX,super-tex-industries-ltd
15210832,634647,15210832,sbl-infratech-ltd
ORCHASP,3807,ORCHASP,orchasp-ltd
SANGAMIND,1178,SANGAMIND,sangam-india-ltd
COMSYN,4742,COMSYN,commercial-syn-bags-ltd
GRINFRA,577216,GRINFRA,g-r-infraprojects-ltd
540651,83509,540651,jigar-cables-ltd
INFRAIETF,1007419,INFRAIETF,icici-prudential-nifty-infrastructure-etf
ATULAUTO,130,ATULAUTO,atul-auto-ltd
FRONTCORP,3777,FRONTCORP,frontline-corporation-ltd
AKANKSHA,1721831,AKANKSHA,akanksha-power-and-infrastructure-ltd
KPIL,712,KPIL,kalpataru-projects-international-ltd
HIGHSTREE,3540,HIGHSTREE,tusaldah-ltd
HDFCNEXT50,998773,HDFCNEXT50,hdfc-nifty-next-50-etf
PATELRMART,3215195,PATELRMART,patel-retail-ltd
RUNGTAIR,3335,RUNGTAIR,rungta-irrigation-ltd
SHREMINVIT,671911,SHREMINVIT,shrem-invit
OCCLLTD,2747267,OCCLLTD,occl-ltd
SURYAROSNI,1334,SURYAROSNI,surya-roshni-ltd
THYROCARE,2013,THYROCARE,thyrocare-technologies-ltd
EVERLON,2700,EVERLON,everlon-financials-ltd
EMKAY,376,EMKAY,emkay-global-financial-services-ltd
STCINDIA,1293,STCINDIA,state-trading-corporation-of-india-ltd
TOKYOPLAST,1408,TOKYOPLAST,tokyo-plast-international-ltd
ARISINT,3665,ARISINT,aris-international-ltd
AARVI,87882,AARVI,aarvi-encon-ltd
GARUDA,2696416,GARUDA,garuda-construction-and-engineering-ltd
17080271,3235085,17080271,rachit-prints-ltd
VALUE360,3496736,VALUE360,value-360-communications-ltd
VIJAYA,644314,VIJAYA,vijaya-diagnostic-centre-ltd
17380002,3180564,17380002,property-share-investment-trust-propshare-titania-reit
ALEMBICLTD,55,ALEMBICLTD,alembic-ltd
MORGAN,3114,MORGAN,morgan-ventures-ltd
DATAPATTNS,755079,DATAPATTNS,data-patterns-india-ltd
SHREECEM,1226,SHREECEM,shree-cements-ltd
16530391,2684573,16530391,subam-papers-ltd
HATSUN,524,HATSUN,hatsun-agro-products-ltd
11140156,177925,11140156,valencia-nutrition-ltd
ANZEN,1141725,ANZEN,anzen-india-energy-yield-plus-trust
PSUBANK,1586,PSUBANK,kotak-nifty-psu-bank-etf
JOLLY,82418,JOLLY,jolly-plastic-industries-ltd
CAPRIHANS,2401,CAPRIHANS,caprihans-india-ltd
10740009,3193645,10740009,umiya-mobile-ltd
MONARCH,2464,MONARCH,monarch-networth-capital-ltd
TERAI,3346,TERAI,terai-tea-company-ltd
UNIINFO,87825,UNIINFO,uniinfo-telecom-services-ltd
MONIFTY100,3297607,MONIFTY100,motilal-oswal-nifty-100-etf
VHL,1477,VHL,vardhman-holdings-ltd
UNILEX,2663458,UNILEX,unilex-colours-chemicals-ltd
BHARATSE,2930,BHARATSE,bharat-seats-ltd
TRICOMFRU,3676,TRICOMFRU,tricom-fruit-products-ltd
AIIL,4204,AIIL,authum-investment-infrastructure-ltd
13510368,1493810,13510368,cosmic-crf-ltd
SBIBPB,3045915,SBIBPB,sbi-bse-psu-bank-etf
MOMNC,3352900,MOMNC,motilal-oswal-nifty-mnc-etf
17041242,3499026,17041242,recode-studios-ltd
EICHERMOT,360,EICHERMOT,eicher-motors-ltd
13520889,144996,13520889,bmw-industries-ltd
GSLSEC,3339,GSLSEC,gsl-securities-ltd
ZMULTIPU,2177,ZMULTIPU,multipurpose-trading-agencies-ltd
NAGTECH,3710,NAGTECH,nagarjuna-agri-tech-ltd
TERASOFT,3919,TERASOFT,tera-software-ltd
14095299,236767,14095299,regis-industries-ltd
RSWM,1152,RSWM,rswm-ltd
TCL,2035590,TCL,thaai-casting-ltd
SRM,2161995,SRM,srm-contractors-ltd
SAMINDUS,1175,SAMINDUS,sam-industries-ltd
PREMSYN,2410,PREMSYN,premier-synthetics-ltd
CINDHO,3126,CINDHO,cindrella-hotels-ltd
SHIVAEXPO,4750,SHIVAEXPO,shiva-granito-export-ltd
NIFTY100EW,3015849,NIFTY100EW,kotak-nifty-100-equal-weight-etf
MODRNSH,2408,MODRNSH,modern-shares-stock-brokers-ltd
SAGL,4544,SAGL,spice-lounge-food-works-ltd
ONIDA,866,ONIDA,onida-electronics-ltd
SIMPLXREA,2141,SIMPLXREA,simplex-realty-ltd
ACKNIT,3243,ACKNIT,acknit-industries-ltd
CCLINTER,3732,CCLINTER,ccl-international-ltd
FRONTBUSS,61505,FRONTBUSS,maxgrow-india-ltd
GHCLTEXTIL,1496867,GHCLTEXTIL,ghcl-textiles-ltd
EXICOM,2077200,EXICOM,exicom-tele-systems-ltd
SNXT50BETA,204266,SNXT50BETA,uti-bse-sensex-next-50-etf
SAMBHV,3148899,SAMBHV,sambhv-steel-tubes-ltd
BBTC,171,BBTC,the-bombay-burmah-trading-corporation-ltd
SRIOMTR,2272,SRIOMTR,emergent-industrial-solutions-ltd
ULTRAMAR,2296,ULTRAMAR,ultramarine-pigments-ltd
GREYCELLS,2374,GREYCELLS,ironwood-education-ltd
ARMAN,83156,ARMAN,arman-holdings-ltd
VERANDA,856362,VERANDA,veranda-learning-solutions-ltd
ASPIRE,2161999,ASPIRE,aspire-innovative-advertising-ltd
STANLEY,2350518,STANLEY,stanley-lifestyles-ltd
INDUSINVIT,2077201,INDUSINVIT,indus-infra-trust
NEXT50ETF,3395584,NEXT50ETF,kotak-nifty-next-50-etf
13510410,3366461,13510410,admach-systems-ltd
GCHOTELS,3032085,GCHOTELS,grand-continent-hotels-ltd
DECCANCE,315,DECCANCE,deccan-cements-ltd
INTLTRAVHS,2049,INTLTRAVHS,international-travel-house-ltd
VSFPROJ,2810,VSFPROJ,vsf-projects-ltd
EQUITASBNK,325199,EQUITASBNK,equitas-small-finance-bank-ltd
ARMANFIN,3489,ARMANFIN,arman-financial-services-ltd
SOLARINDS,1263,SOLARINDS,solar-industries-india-ltd
CHORDIA,2817,CHORDIA,chordia-food-products-ltd
LICNMID100,2063254,LICNMID100,lic-mf-nifty-midcap-100-etf
KNRCON,752,KNRCON,knr-constructions-ltd
STOVACQ,2201,STOVACQ,stovec-industries-ltd
K2INFRA,2166801,K2INFRA,k2-infragen-ltd
ACEEDU,3254,ACEEDU,ace-edutrend-ltd
EMIL,1063762,EMIL,electronics-mart-india-ltd
KSCL,769,KSCL,kaveri-seed-company-ltd
KRISHNADEF,854171,KRISHNADEF,krishna-defence-and-allied-industries-ltd
VEERENRGY,2146,VEERENRGY,veer-energy-infrastructure-ltd
ASHOKLEY,114,ASHOKLEY,ashok-leyland-ltd
LOKESHMACH,796,LOKESHMACH,lokesh-machines-ltd
EPACKPEB,3267506,EPACKPEB,epack-prefab-technologies-ltd
UGARSUGAR,1441,UGARSUGAR,ugar-sugar-works-ltd
RISHDIGA,3615,RISHDIGA,rishabh-digha-steel-allied-products-ltd
CHAMBLFERT,258,CHAMBLFERT,chambal-fertilisers-chemicals-ltd
KZLFIN,2500,KZLFIN,k-z-leasing-finance-ltd
PETRONET,1025,PETRONET,petronet-lng-ltd
RLF,2599,RLF,rlf-ltd
EQUAL200,3029119,EQUAL200,mirae-asset-bse-200-equal-weight-etf
HDFCNIF100,998772,HDFCNIF100,hdfc-nifty-100-etf
15620062,1364760,15620062,sealmatic-india-ltd
ODIGMA,2852262,ODIGMA,odigma-consultancy-solutions-ltd
DIANATEA,3432,DIANATEA,diana-tea-company-ltd
NIKKIGL,3527,NIKKIGL,nikki-global-finance-ltd
11251274,2653113,11251274,avax-apparels-and-ornaments-ltd
ICRA,586,ICRA,icra-ltd
11290617,959351,11290617,healthy-life-agritec-ltd
PARAGMILK,2016,PARAGMILK,parag-milk-foods-ltd
EMAMILTD,374,EMAMILTD,emami-ltd
CARERATING,240,CARERATING,care-ratings-ltd
WHITEAGRO,2661,WHITEAGRO,white-organic-agro-ltd
PRAVEG,61509,PRAVEG,praveg-ltd
LANCORHOL,2390,LANCORHOL,lancor-holdings-ltd
ALFAICA,3435,ALFAICA,alfa-ica-india-ltd
GCMSECU,3959,GCMSECU,gcm-securities-ltd
MOCAPITAL,3028255,MOCAPITAL,motilal-oswal-nifty-capital-market-etf
GOKUL,481,GOKUL,gokul-refoils-solvent-ltd
WWLEATH,3153,WWLEATH,worldwide-aluminium-ltd
DELTAMAGNT,321,DELTAMAGNT,delta-manufacturing-ltd
GLOBALPET,1520710,GLOBALPET,global-pet-industries-ltd
JAYBEE,2566480,JAYBEE,jay-bee-laminations-ltd
MAZDA,2978,MAZDA,mazda-ltd
RAVALSUGAR,2315,RAVALSUGAR,the-ravalgaon-sugar-farm-ltd
HDFCBSE500,1375895,HDFCBSE500,hdfc-bse-500-etf
JBMA,667,JBMA,jbm-auto-ltd
MANAKSIA,825,MANAKSIA,manaksia-ltd
BAJAJST,2351,BAJAJST,bajaj-steel-industries-ltd
MANALIPETC,826,MANALIPETC,manali-petrochemicals-ltd
MANAKCOAT,1573,MANAKCOAT,manaksia-coated-metals-industries-ltd
SAVFI,2467,SAVFI,mantra-capital-ltd
SUPREMEPWR,1845602,SUPREMEPWR,supreme-power-equipment-ltd
LAKHOTIA,3958,LAKHOTIA,lakhotia-polyesters-india-ltd
SAVERA,1190,SAVERA,savera-industries-ltd
MOM100,1604,MOM100,motilal-oswal-midcap-100-etf
17170021,1067230,17170021,pace-e-commerce-ventures-ltd
SHANTIGOLD,3190015,SHANTIGOLD,shanti-gold-international-ltd
17041213,3269005,17041213,chatterbox-technologies-ltd
HUBTOWN,576,HUBTOWN,hubtown-ltd
INDIQUBE,3187134,INDIQUBE,indiqube-spaces-ltd
KAVITIND,3026,KAVITIND,evexia-lifecare-ltd
SEAGOLD,3318,SEAGOLD,prabhhans-industries-ltd
LAHOTIOV,3713,LAHOTIOV,lahoti-overseas-ltd
OYEEEE,4247,OYEEEE,thinkink-picturez-ltd
13030073,1394502,13030073,labelkraft-technologies-ltd
VIPPYSP,2691,VIPPYSP,vippy-spinpro-ltd
FMGOETZE,422,FMGOETZE,federal-mogul-goetze-india-ltd
KOKUYOCMLN,754,KOKUYOCMLN,kokuyo-camlin-ltd
14095675,2821931,14095675,nisus-finance-services-co-ltd
CLEANMAX,3432677,CLEANMAX,clean-max-enviro-energy-solutions-ltd
JINDHOT,2358,JINDHOT,jindal-hotels-ltd
ZVINADTR,2182,ZVINADTR,flomic-global-logistics-ltd
SHETRON,3101,SHETRON,shetron-ltd
509024,83400,509024,golden-legand-leasing-finance-ltd
CEATLTD,244,CEATLTD,ceat-ltd
ECAPINSURE,2910930,ECAPINSURE,edelweiss-bse-capital-markets-insurance-etf
ADANIENSOL,1759,ADANIENSOL,adani-energy-solutions-ltd
AROGRANITE,101,AROGRANITE,aro-granite-industries-ltd
STYRENIX,1300,STYRENIX,styrenix-performance-materials-ltd
ESCORP,82596,ESCORP,escorp-asset-management-ltd
AWHCL,189407,AWHCL,antony-waste-handling-cell-ltd
MANAPPURAM,827,MANAPPURAM,manappuram-finance-ltd
MAKERSL,2306,MAKERSL,makers-laboratories-ltd
IREDA,1791996,IREDA,indian-renewable-energy-development-agency-ltd
540310,83345,540310,classic-filaments-ltd
GAYAPROJ,443,GAYAPROJ,gayatri-projects-ltd
PANCHMSTEL,2638,PANCHMSTEL,panchmahal-steel-ltd
GORANIN,3639,GORANIN,gorani-industries-ltd
CMMHOSP,2952,CMMHOSP,chennai-meenakshi-multispeciality-hospital-ltd
GROWWPSUBK,3468657,GROWWPSUBK,groww-nifty-psu-bank-etf
AINFRA,4326,AINFRA,kanoria-energy-infrastructure-ltd
BAGDIGITAL,3273763,BAGDIGITAL,bag-convergence-ltd
KAVDEFENCE,723,KAVDEFENCE,kavveri-defence-wireless-technologies-ltd
SIL,1239,SIL,standard-industries-ltd
TREL,1611703,TREL,transindia-real-estate-ltd
DCMFINSERV,2476,DCMFINSERV,dcm-financial-services-ltd
ZFSTEERING,2208,ZFSTEERING,zf-steering-gear-india-ltd
SANDHAR,80794,SANDHAR,sandhar-technologies-ltd
524548,83522,524548,sharma-east-india-hospitals-medical-research-ltd
PULZ,87777,PULZ,pulz-electronics-ltd
16491133,3290129,16491133,sihora-industries-ltd
TITAN,1403,TITAN,titan-company-ltd
17154560,2902835,17154560,b-r-goyal-infrastructure-ltd
ASOCSTONE,2114,ASOCSTONE,asi-industries-ltd
REDTAPE,1615360,REDTAPE,redtape-ltd
LGEINDIA,3280897,LGEINDIA,lg-electronics-india-ltd
CSLFINANCE,3251,CSLFINANCE,csl-finance-ltd
16530413,3229391,16530413,abril-paper-tech-ltd
EKC,365,EKC,everest-kanto-cylinder-ltd
KTKBANK,775,KTKBANK,karnataka-bank-ltd
SRESTHA,4216,SRESTHA,srestha-finvest-ltd
ENCOMPAS,3349613,ENCOMPAS,encompass-design-india-ltd
LOYAL,4226,LOYAL,loyal-equipments-ltd
WEIZMANIND,1513,WEIZMANIND,weizmann-ltd
IEX,63143,IEX,indian-energy-exchange-ltd
17200029,3471766,17200029,property-share-investment-trust-propshare-celestia-reit
CAMS,297909,CAMS,computer-age-management-services-ltd
FLFL,421,FLFL,future-lifestyle-fashions-ltd
INDOCITY,3788,INDOCITY,indo-city-infotech-ltd
AUTOAXLES,135,AUTOAXLES,automotive-axles-ltd
AMAL,2292,AMAL,amal-ltd
ALKALI,57,ALKALI,alkali-metals-ltd
KUWERIN,3326,KUWERIN,kuwer-industries-ltd
GRAUWEIL,2241,GRAUWEIL,grauer-weil-india-ltd
ELNET,2775,ELNET,elnet-technologies-ltd
MUKESHB,3314,MUKESHB,mukesh-babu-financial-services-ltd
CRISIL,292,CRISIL,crisil-ltd
UPASAFN,2511,UPASAFN,aastamangalam-finance-ltd
VIVO,761451,VIVO,vivo-collaboration-solutions-ltd
ANTHEM,3161384,ANTHEM,anthem-biosciences-ltd
BAPACK,4457,BAPACK,b-a-packaging-india-ltd
LIQUIDIETF,382128,LIQUIDIETF,icici-prudential-bse-liquid-rate-etf-idcw
SAROJA,1658098,SAROJA,saroja-pharma-industries-india-ltd
ADVAIT,294641,ADVAIT,advait-energy-transitions-ltd
GBFL,4105,GBFL,goenka-business-finance-ltd
GRETEX,87807,GRETEX,gretex-industries-ltd
HERITGFOOD,539,HERITGFOOD,heritage-foods-ltd
BALKRISHNA,1764,BALKRISHNA,balkrishna-paper-mills-ltd
METSL,4041,METSL,maestros-electronics-telecommunications-systems-ltd
MARUTI,842,MARUTI,maruti-suzuki-india-ltd
GAGAN,3057,GAGAN,gagan-gases-ltd
AMRAAGRI,3759,AMRAAGRI,amraworld-agrico-ltd
ABIRAFN,2508,ABIRAFN,abirami-financial-services-india-ltd
CREST,290,CREST,crest-ventures-ltd
LAXMIDENTL,2916661,LAXMIDENTL,laxmi-dental-ltd
KOTHARIPET,760,KOTHARIPET,kothari-petrochemicals-ltd
ALPINEHOU,65,ALPINEHOU,alpine-housing-development-corporation-ltd
ABANSENT,2539,ABANSENT,abans-enterprises-ltd
RITCO,127123,RITCO,ritco-logistics-ltd
MSCI360,3528171,MSCI360,360-one-msci-india-etf
FIBERWEB,2346,FIBERWEB,fiberweb-india-ltd
MUKTA,3953,MUKTA,mukta-agriculture-ltd
MAXHEIGHTS,3925,MAXHEIGHTS,maxheights-infrastructure-ltd
ADARSH,4060,ADARSH,smt-engineering-ltd
REMUS,1462194,REMUS,remus-pharmaceuticals-ltd
EMPIND,2402,EMPIND,empire-industries-ltd
WCIL,2629536,WCIL,western-carriers-india-ltd
GROWWPOWER,3213223,GROWWPOWER,groww-bse-power-etf
EPL,393,EPL,epl-ltd
INDIAGLYCO,608,INDIAGLYCO,india-glycols-ltd
MODINATUR,2790,MODINATUR,modi-naturals-ltd
GPTHEALTH,2056673,GPTHEALTH,gpt-healthcare-ltd
13193245,3104418,13193245,unified-data-tech-solutions-ltd
NLCINDIA,935,NLCINDIA,nlc-india-ltd
VSSL,1501,VSSL,vardhman-special-steels-ltd
RELIABVEN,3793,RELIABVEN,reliable-ventures-india-ltd
CIAN,82357,CIAN,cian-agro-industries-infrastructure-ltd
TELECANOR,3356,TELECANOR,telecanor-global-ltd
ADANIPOWER,28,ADANIPOWER,adani-power-ltd
SASKEN,1188,SASKEN,sasken-technologies-ltd
FLORACORP,61521,FLORACORP,flora-corporation-ltd
JETFREIGHT,87871,JETFREIGHT,jet-freight-logistics-ltd
543531,911310,543531,tierra-agrotech-ltd
13193197,3042108,13193197,infonative-solutions-ltd
GLOBALVECT,466,GLOBALVECT,global-vectra-helicorp-ltd
PNGSREVA,3427416,PNGSREVA,pngs-reva-diamond-jewellery-ltd
ENGINERSIN,380,ENGINERSIN,engineers-india-ltd
USHAMART,1456,USHAMART,usha-martin-ltd
SML,4257,SML,soni-medicare-ltd
MWL,962486,MWL,mangalam-worldwide-ltd
DMCC,2283,DMCC,dmcc-speciality-chemicals-ltd
AMARSEC,4049,AMARSEC,amarnath-securities-ltd
SBIMIDMOM,3450606,SBIMIDMOM,sbi-nifty-midcap-150-momentum-50-etf
JAINEX,2209,JAINEX,jainex-aamcol-ltd
DKEGL,692633,DKEGL,d-k-enterprises-global-ltd
SSFLPP,3223814,SSFLPP,spandana-sphoorty-financial-ltd-partly-paidup
VELJAN,2211,VELJAN,veljan-denison-ltd
HGINFRA,78664,HGINFRA,hg-infra-engineering-ltd
CORAL,83002,CORAL,coral-newsprints-ltd
FROG,87836,FROG,frog-innovations-ltd
AUTOBEES,779602,AUTOBEES,nippon-india-nifty-auto-etf
MASTER,1698175,MASTER,master-components-ltd
SUCHITRA,4090,SUCHITRA,sangam-finserv-ltd
GPECO,2339641,GPECO,gp-eco-solutions-india-ltd
AJMERA,50,AJMERA,ajmera-realty-infra-india-ltd
BIOCON,197,BIOCON,biocon-ltd
POPULARES,3723,POPULARES,popular-estate-management-ltd
INVICTA,3343382,INVICTA,invicta-diagnostic-ltd
TVSMOTOR,1430,TVSMOTOR,tvs-motor-company-ltd
PARSHINV,2492,PARSHINV,yogi-ltd
16691936,3152451,16691936,valencia-india-ltd
KOTAKBANK,758,KOTAKBANK,kotak-mahindra-bank-ltd
ETIL,4088,ETIL,econo-trade-india-ltd
CAPITALSFB,1998221,CAPITALSFB,capital-small-finance-bank-ltd
RICOAUTO,1136,RICOAUTO,rico-auto-industries-ltd
VINDHYATEL,1486,VINDHYATEL,vindhya-telelinks-ltd
VISHNU,1579,VISHNU,vishnu-chemicals-ltd
INTECH,3729,INTECH,nurture-well-industries-ltd
GROBTEA,71286,GROBTEA,the-grob-tea-company-ltd
11330369,3338471,11330369,ssmd-agrotech-india-ltd
PRANIK,2707541,PRANIK,pranik-logistics-ltd
MMP,87870,MMP,mmp-industries-ltd
NEUEON,1305,NEUEON,neueon-corporation-ltd
AUTOIETF,779600,AUTOIETF,icici-prudential-nifty-auto-etf
3MINDIA,10,3MINDIA,3m-india-ltd
HITECH,87816,HITECH,hi-tech-pipes-ltd
BHARATCOAL,3385844,BHARATCOAL,bharat-coking-coal-ltd
CROMPTON,2020,CROMPTON,crompton-greaves-consumer-electricals-ltd
MINOLTAF,3799,MINOLTAF,minolta-finance-ltd
UTLSOLAR,3324429,UTLSOLAR,fujiyama-power-systems-ltd
AIMCOPEST,3012,AIMCOPEST,aimco-pesticides-ltd
FORINTL,3284,FORINTL,fortune-international-ltd
EMBDL,580,EMBDL,embassy-developments-ltd
SUJALA,4185,SUJALA,sujala-trading-holdings-ltd
13510162,146918,13510162,harish-textile-engineers-ltd
DTIL,1561,DTIL,dhunseri-tea-industries-ltd
PRISMMEDI,4722,PRISMMEDI,prism-medico-and-pharmacy-ltd
IFBIND,592,IFBIND,ifb-industries-ltd
IVP,651,IVP,ivp-ltd
STERPOW,2651,STERPOW,sterling-powergensys-ltd
RAP,3631,RAP,rap-corp-ltd
BAJAJFINSV,147,BAJAJFINSV,bajaj-finserv-ltd
KARANWO,3098,KARANWO,manor-estates-industries-ltd
GOYALALUM,87727,GOYALALUM,goyal-aluminiums-ltd
MTARTECH,436155,MTARTECH,mtar-technologies-ltd
DUGLOBAL,628192,DUGLOBAL,du-digital-global-ltd
17160510,3276387,17160510,shipwaves-online-ltd
SHARDAMOTR,1769,SHARDAMOTR,sharda-motor-industries-ltd
PRSNTIN,4452,PRSNTIN,prashant-india-ltd
MIDQ50ADD,748969,MIDQ50ADD,dsp-nifty-midcap-150-quality-50-etf
11290671,2991919,11290671,swasth-foodtech-india-ltd
ACEMEN,4332,ACEMEN,ace-men-engg-works-ltd
SIDDHICOTS,3262883,SIDDHICOTS,siddhi-cotspin-ltd
17180088,772149,17180088,ascensive-educare-ltd
ADVENTHTL,3328314,ADVENTHTL,advent-hotels-international-ltd
IFCI,593,IFCI,ifci-ltd
JAINAM,673213,JAINAM,jainam-ferro-alloys-i-ltd
BERGEPAINT,178,BERGEPAINT,berger-paints-india-ltd
SHYAMAINFO,3506,SHYAMAINFO,shyama-computronics-and-services-ltd
E2E,97147,E2E,e2e-networks-ltd
16620543,1618696,16620543,sayaji-hotels-pune-ltd
PITTIENG,1045,PITTIENG,pitti-engineering-ltd
NH,1886,NH,narayana-hrudayalaya-ltd
ALFREDHERB,2210,ALFREDHERB,alfred-herbert-india-ltd
TOP10ADD,2548614,TOP10ADD,dsp-nifty-top-10-equal-weight-etf
RASRESOR,2356,RASRESOR,ras-resorts-apart-hotels-ltd
EPIC,3324,EPIC,epic-energy-ltd
512361,83502,512361,cupid-breweries-distilleries-ltd
SAWALIYA,3206475,SAWALIYA,sawaliya-food-products-ltd
INTELLCAP,2266,INTELLCAP,gourmet-gateway-india-ltd
CAPILLARY,3326341,CAPILLARY,capillary-technologies-india-ltd
SKIPPER,1728,SKIPPER,skipper-ltd
SPORTKING,4220,SPORTKING,sportking-india-ltd
HINDUSTAN,82361,HINDUSTAN,hindustan-agrigenetics-ltd
15070619,3520090,15070619,smr-jewels-ltd
BOMDYEING,213,BOMDYEING,bombay-dyeing-manufacturing-company-ltd
POONADAL,2811,POONADAL,poona-dal-oil-industries-ltd
SHREEKARNI,2106583,SHREEKARNI,shree-karni-fabcom-ltd
KLRF,750,KLRF,kovilpatti-lakshmi-roller-flour-mills-ltd
12542043,3319703,12542043,mahamaya-lifesciences-ltd
FILTRA,4176,FILTRA,filtra-consultants-engineers-ltd
12680082,3267505,12680082,riddhi-display-equipments-ltd
13510244,1405676,13510244,maiden-forgings-ltd
JGCHEM,2106579,JGCHEM,j-g-chemicals-ltd
IWARE,3082277,IWARE,iware-supplychain-services-ltd
IRBINVIT,54142,IRBINVIT,irb-invit-fund
BLACKBUCK,2779148,BLACKBUCK,blackbuck-ltd
PLADAINFO,1719924,PLADAINFO,plada-infotech-services-ltd
DEN,322,DEN,den-networks-ltd
GSBFIN,2462,GSBFIN,gsb-finance-ltd
KRISHANA,87779,KRISHANA,krishana-phoschem-ltd
AARTIPHARM,1329646,AARTIPHARM,aarti-pharmalabs-ltd
MCX,853,MCX,multi-commodity-exchange-of-india-ltd
GKENERGY,3262882,GKENERGY,gk-energy-ltd
PRIMEURB,2855,PRIMEURB,prime-urban-development-india-ltd
REGAL,3448,REGAL,regal-entertainment-consultants-ltd
CROWNTOURS,4053,CROWNTOURS,yaan-enterprises-ltd
MAXIND,283181,MAXIND,max-india-ltd
MANUFGBEES,3239625,MANUFGBEES,nippon-india-nifty-india-manufacturing-etf
16530409,3163479,16530409,glen-industries-ltd
KANUNGO,83083,KANUNGO,kanungo-financiers-ltd
LEENEE,2766,LEENEE,lee-nee-softwares-exports-ltd
ESCORTS,387,ESCORTS,escorts-kubota-ltd
TECHD,3253829,TECHD,techd-cybersecurity-ltd
11625770,3035277,11625770,desco-infratech-ltd
SGMART,2561,SGMART,sg-mart-ltd
POWERINDIA,202203,POWERINDIA,hitachi-energy-india-ltd
UNITDCR,3462,UNITDCR,united-credit-ltd
SHPRE,3899,SHPRE,shree-precoated-steels-ltd
HRYNSHP,3222,HRYNSHP,hariyana-ship-breakers-ltd
SIMPLEXINF,1244,SIMPLEXINF,simplex-infrastructures-ltd
IL&FSENGG,600,IL&FSENGG,il-fs-engineering-construction-company-ltd
TFCILTD,1381,TFCILTD,tourism-finance-corporation-of-india-ltd
NEOINFRA,2698,NEOINFRA,neo-infracon-ltd
SKYIND,3139,SKYIND,sky-industries-ltd
13521141,1016558,13521141,ep-biocomposites-ltd
QPOWER,2978666,QPOWER,quality-power-electrical-equipments-ltd
GEECEE,445,GEECEE,geecee-ventures-ltd
RAIN,1091,RAIN,rain-industries-ltd
OCCL,1952,OCCL,ag-ventures-ltd
ELIXIR,3530,ELIXIR,elixir-capital-ltd
11625591,947816,11625591,b-right-realestate-ltd
EMAPARTNER,2923599,EMAPARTNER,ema-partners-india-ltd
ROHLTD,1145,ROHLTD,royal-orchid-hotels-ltd
PADMALAYAT,3823,PADMALAYAT,padmalaya-telefilms-ltd
12270262,1927390,12270262,harshdeep-hortico-ltd
SELLOWRAP,3190830,SELLOWRAP,sellowrap-industries-ltd
TRADWIN,2414,TRADWIN,trade-wings-ltd
DHANLAXMI,2836160,DHANLAXMI,dhanlaxmi-crop-science-ltd
BIRLACABLE,200,BIRLACABLE,birla-cable-ltd
JKCEMENT,683,JKCEMENT,jk-cement-ltd
CONCORDBIO,1587026,CONCORDBIO,concord-biotech-ltd
GRAVITA,491,GRAVITA,gravita-india-ltd
RAJAGRO,3304,RAJAGRO,paos-industries-ltd
16620750,2833939,16620750,jungle-camps-india-ltd
SOBHA,1261,SOBHA,sobha-ltd
SUPRAJIT,1323,SUPRAJIT,suprajit-engineering-ltd
LAXMICOT,57467,LAXMICOT,laxmi-cotspin-ltd
540181,83377,540181,salem-erode-investments-ltd
542206,122758,542206,nivaka-fashions-ltd
NEOGEN,141845,NEOGEN,neogen-chemicals-ltd
SABEVENTS,52896,SABEVENTS,sab-events-governance-now-media-ltd
RAJPALAYAM,1096,RAJPALAYAM,rajapalayam-mills-ltd
SSPDL,3400,SSPDL,sspdl-ltd
DASL,4281,DASL,ecofinity-atomix-ltd
JAGAJITIND,2313,JAGAJITIND,jagatjit-industries-ltd
SHAHALLOYS,1210,SHAHALLOYS,shah-alloys-ltd
UNIMECH,2868825,UNIMECH,unimech-aerospace-and-manufacturing-ltd
BKV,2822,BKV,bkv-industries-ltd
ECS,4748,ECS,ecs-biztech-ltd
M&M,807,M&M,mahindra-mahindra-ltd
HALDER,4371,HALDER,halder-venture-ltd
ARVINDFASN,130968,ARVINDFASN,arvind-fashions-ltd
RAYMONDLSL,2613901,RAYMONDLSL,raymond-lifestyle-ltd
17152940,3272270,17152940,rukmani-devi-garg-agro-impex-ltd
INDIAHOME,3437,INDIAHOME,india-home-loan-ltd
C2C,2792139,C2C,c2c-advanced-systems-ltd
ELDEHSG,2937,ELDEHSG,eldeco-housing-industries-ltd
BAMPSL,3633,BAMPSL,bampsl-securities-ltd
RIDDHI,3029,RIDDHI,riddhi-siddhi-gluco-biols-ltd
543993,1726704,543993,arcl-organics-ltd
890206,2565333,890206,suraj-industries-ltd-partly-paid-up
ORIENTBELL,984,ORIENTBELL,orient-bell-ltd
LWSKNIT,3572,LWSKNIT,lws-knitwear-ltd
JSFB,755504,JSFB,jana-small-finance-bank-ltd
13560267,3272268,13560267,kvs-castings-ltd
SHARDUL,2571,SHARDUL,shardul-securities-ltd
JAYUSH,2613,JAYUSH,jay-ushin-ltd
ERIS,54899,ERIS,eris-lifesciences-ltd
CONTAINERWAY,82698,CONTAINERWAY,indus-aluminium-recyclers-ltd
MAKEINDIA,786525,MAKEINDIA,mirae-asset-nifty-india-manufacturing-etf
DYNAMIND,3086,DYNAMIND,dynamic-industries-ltd
UWCSL,113088,UWCSL,ultra-wiring-connectivity-systems-ltd
MMEL,3152450,MMEL,moving-media-entertainment-ltd
ESENSEX,3344962,ESENSEX,edelweiss-bse-sensex-etf
CHEVIOT,3199,CHEVIOT,cheviot-company-ltd
SARVOTTAM,4190,SARVOTTAM,sarvottam-finvest-ltd
NRVANDANA,3116839,NRVANDANA,n-r-vandana-tex-industries-ltd
ARABIAN,1710029,ARABIAN,arabian-petroleum-ltd
SEASONST,2687,SEASONST,seasons-textiles-ltd
CALCOM,2749,CALCOM,calcom-vision-ltd
ASAL,109,ASAL,automotive-stampings-and-assemblies-ltd
DENISCHEM,4012,DENISCHEM,denis-chem-lab-ltd
11330352,2250297,11330352,tgif-agribusiness-ltd
MODIRUBBER,2091,MODIRUBBER,modi-rubber-ltd
INTLCONV,2407,INTLCONV,international-conveyors-ltd
16530408,2997455,16530408,shreenath-paper-products-ltd
ROML,1095,ROML,raj-oil-mills-ltd
SAMBANDAM,1173,SAMBANDAM,sambandam-spinning-mills-ltd
PELATRO,2636899,PELATRO,pelatro-ltd
12270281,3350943,12270281,k-v-toys-india-ltd
16590179,3275144,16590179,dhillon-freight-carrier-ltd
INDUSINDBK,625,INDUSINDBK,indusind-bank-ltd
SAFARI,2912,SAFARI,safari-industries-india-ltd
SAINIK,3299,SAINIK,sainik-finance-industries-ltd
MGL,4581,MGL,mahanagar-gas-ltd
SVGLOBAL,3965,SVGLOBAL,sv-global-mill-ltd
11090268,3174376,11090268,monika-alcobev-ltd
NEOCHEM,3342750,NEOCHEM,neochem-bio-solutions-ltd
GANESHBE,2040,GANESHBE,ganesh-benzoplast-ltd
SOBME,2514,SOBME,sobhagya-mercantile-ltd
PPLPHARMA,1093348,PPLPHARMA,piramal-pharma-ltd
BPL,216,BPL,bpl-ltd
BGLOBAL,181,BGLOBAL,bharatiya-global-infomedia-ltd
DIXON,60393,DIXON,dixon-technologies-india-ltd
BRACEPORT,2534279,BRACEPORT,brace-port-logistics-ltd
BARFLEX,2911825,BARFLEX,barflex-polyfilms-ltd
NIRAJ,3887,NIRAJ,niraj-cement-structurals-ltd
RGF,4334,RGF,rgf-capital-markets-ltd
TVVISION,52897,TVVISION,tv-vision-ltd
542046,112314,542046,vivid-mercantile-ltd
RSDFIN,4375,RSDFIN,rsd-finance-ltd
AKASH,69030,AKASH,akash-infra-projects-ltd
PSITREIT,2814457,PSITREIT,property-share-investment-trust-propshare-platina-reit
METROGLOBL,2041,METROGLOBL,metroglobal-ltd
KUNSTOFF,2959,KUNSTOFF,kunststoffe-industries-ltd
15070590,3042109,15070590,retaggio-industries-ltd
SWELECTES,1340,SWELECTES,swelect-energy-systems-ltd
ATISHAY,4089,ATISHAY,atishay-ltd
POLICYBZR,710819,POLICYBZR,pb-fintech-ltd
541634,98587,541634,raw-edge-industrial-solutions-ltd
SARLAPOLY,1186,SARLAPOLY,sarla-performance-fibers-ltd
12120177,2220015,12120177,shivam-chemicals-ltd
DBEIL,2725569,DBEIL,deepak-builders-engineers-india-ltd
SPUNWEB,3169773,SPUNWEB,spunweb-nonwoven-ltd
ZLEENCON,2389,ZLEENCON,triliance-polymers-ltd
CCHHL,1560,CCHHL,country-club-hospitality-holidays-ltd
NAGPI,3827,NAGPI,nagpur-power-industries-ltd
JAMSHRI,2133,JAMSHRI,jamshri-realty-ltd
NAHARINDUS,904,NAHARINDUS,nahar-industrial-enterprises-ltd
NOVAIRNSTL,2650,NOVAIRNSTL,nova-iron-steel-ltd
RBZJEWEL,1839019,RBZJEWEL,rbz-jewellers-ltd
CARRARO,2867597,CARRARO,carraro-india-ltd
SMSPHARMA,1259,SMSPHARMA,sms-pharmaceuticals-ltd
SREEJAYA,3242,SREEJAYA,sparkle-gold-rock-ltd
SHYAMMETL,546490,SHYAMMETL,shyam-metalics-and-energy-ltd
BANCOINDIA,160,BANCOINDIA,banco-products-india-ltd
CHOWGULSTM,2112,CHOWGULSTM,chowgule-steamships-ltd
540782,83569,540782,sanghvi-brands-ltd
MIDSMALL,2308811,MIDSMALL,mirae-asset-nifty-midsmallcap400-momentum-quality-100-etf
IGL,596,IGL,indraprastha-gas-ltd
NBCC,916,NBCC,nbcc-india-ltd
ORIENTCER,981,ORIENTCER,orient-ceratech-ltd
BIRLANU,546,BIRLANU,birlanu-ltd
TCI,1368,TCI,transport-corporation-of-india-ltd
DATAMATICS,307,DATAMATICS,datamatics-global-services-ltd
INDOEURO,3027,INDOEURO,indo-euro-indchem-ltd
12260021,307947,12260021,g-m-polyplast-ltd
PRAGBOSIMI,2044,PRAGBOSIMI,prag-bosimi-synthetics-ltd
RCRL,3938,RCRL,shanti-guru-industries-ltd
SHAKTI,83099,SHAKTI,shakti-press-ltd
ROSSARI,243466,ROSSARI,rossari-biotech-ltd
11251277,2693383,11251277,khyati-global-ventures-ltd
GVT&D,67,GVT&D,ge-vernova-t-d-india-ltd
BIRLACORPN,198,BIRLACORPN,birla-corporation-ltd
SURANASOL,1556,SURANASOL,surana-solar-ltd
RAPIDFLEET,3032787,RAPIDFLEET,rapid-fleet-management-services-ltd
ASHCAP,2550,ASHCAP,ashirwad-capital-ltd
HUDCO,54143,HUDCO,housing-and-urban-development-corporation-ltd
15010017,2306833,15010017,associated-coaters-ltd
AICHAMP,47,AICHAMP,ai-champdany-industries-ltd
VARDHACRLC,1467,VARDHACRLC,vardhman-acrylics-ltd
SFPIL,3154,SFPIL,square-four-projects-india-ltd
POOJAENT,3764,POOJAENT,vashu-bhagnani-industries-ltd
BLKASHYAP,205,BLKASHYAP,b-l-kashyap-sons-ltd
GOLDENTOBC,482,GOLDENTOBC,golden-tobacco-ltd
ORIBEVER,2333,ORIBEVER,orient-beverages-ltd
LOWVOL1,850050,LOWVOL1,kotak-nifty-100-low-volatility-30-etf
COFFEEDAY,1785,COFFEEDAY,coffee-day-enterprises-ltd
CITYMAN,2862,CITYMAN,cityman-ltd
PADMAIND,3218,PADMAIND,padmanabh-industries-ltd
INDCTST,3762,INDCTST,inducto-steel-ltd
512345,83487,512345,lexora-global-ltd
542628,139531,542628,northern-spirits-ltd
VINCOFE,4137,VINCOFE,vintage-coffee-and-beverages-ltd
RAMRAT,2902,RAMRAT,ram-ratna-wires-ltd
SWASTIKA,3354,SWASTIKA,swastika-investmart-ltd
INDOAMIN,3064,INDOAMIN,indo-amines-ltd
JAYSREETEA,664,JAYSREETEA,jay-shree-tea-industries-ltd
HECPROJECT,87831,HECPROJECT,hec-infra-projects-ltd
BEPL,177,BEPL,bhansali-engineering-polymers-ltd
JSTL,4115,JSTL,jeevan-scientific-technology-ltd
MEWAT,83120,MEWAT,sizemasters-technology-ltd
541865,107259,541865,add-shop-e-retail-ltd
DHPIND,3542,DHPIND,dhp-india-ltd
519234,83297,519234,superior-industrial-enterprises-ltd
KFINTECH,1253626,KFINTECH,kfin-technologies-ltd
NITESHEST,946,NITESHEST,satchmo-holdings-ltd
LXCHEM,445357,LXCHEM,laxmi-organic-industries-ltd
11251204,857359,11251204,sunrise-efficient-marketing-ltd
ASTERDM,77534,ASTERDM,aster-dm-healthcare-ltd
WAGEND,82503,WAGEND,wagend-infra-venture-ltd
MICROPRO,1776119,MICROPRO,micropro-software-solutions-ltd
MARGOFIN,2046,MARGOFIN,margo-finance-ltd
MOENERGY,3297608,MOENERGY,motilal-oswal-nifty-energy-etf
RKSWAMY,2102499,RKSWAMY,r-k-swamy-ltd
RELICAB,4348,RELICAB,relicab-cable-manufacturing-ltd
BAWEJA,1924505,BAWEJA,baweja-studios-ltd
COSYN,4139,COSYN,cosyn-ltd
VOLERCAR,2974676,VOLERCAR,voler-car-ltd
3IINFOLTD,9,3IINFOLTD,3i-infotech-ltd
539527,4303,539527,creative-castings-ltd
NAVNETEDUL,915,NAVNETEDUL,navneet-education-ltd
BIOFILCHEM,3020,BIOFILCHEM,biofil-chemicals-pharmaceuticals-ltd
GCMCOMM,3976,GCMCOMM,gcm-commodity-derivatives-ltd
MPEL,3272267,MPEL,manas-polymers-and-energies-ltd
KLBRENG-B,2881,KLBRENG-B,kilburn-engineering-ltd
CANHLIFE,3286107,CANHLIFE,canara-hsbc-life-insurance-company-ltd
HATHWAY,523,HATHWAY,hathway-cable-datacom-ltd
KALYANIFRG,713,KALYANIFRG,kalyani-forge-ltd
M3GLOBAL,4101,M3GLOBAL,niyogin-fintech-ltd
MAGSON,1510407,MAGSON,magson-retail-distribution-ltd
BABAFP,1779435,BABAFP,baba-food-processing-india-ltd
UNITEDINT,2132,UNITEDINT,united-interactive-ltd
ENRIN,3145560,ENRIN,siemens-energy-india-ltd
PSB,1079,PSB,punjab-sind-bank
TPROJECT,4048,TPROJECT,thirani-projects-ltd
TATVA,596196,TATVA,tatva-chintan-pharma-chem-ltd
SAGARDEEP,87824,SAGARDEEP,sagardeep-alloys-ltd
RAJATH,2355,RAJATH,fynx-capital-ltd
SAMTEX,2861,SAMTEX,samtex-fashions-ltd
13193332,3453567,13193332,novus-loyalty-ltd
TRANSCOR,3842,TRANSCOR,transcorp-international-ltd
15070486,191144,15070486,ro-jewels-ltd
KOHINOOR,753,KOHINOOR,kohinoor-foods-ltd
TANEJAERO,2893,TANEJAERO,taneja-aerospace-aviation-ltd
RUSHIL,1159,RUSHIL,rushil-decor-ltd
PURVA,1085,PURVA,puravankara-ltd
DANGEE,107252,DANGEE,dangee-dums-ltd
MMFL,868,MMFL,m-m-forgings-ltd
NDRAUTO,258647,NDRAUTO,ndr-auto-components-ltd
543737,1288861,543737,aveer-foods-ltd
PUNJABCHEM,1083,PUNJABCHEM,punjab-chemicals-and-crop-protection-ltd
17160448,2163921,17160448,gconnect-logitech-and-supply-chain-ltd
PRECOT,1066,PRECOT,precot-ltd
CITL,4173,CITL,consecutive-commodities-ltd
ASHUTPM,3625,ASHUTPM,tridev-infraestates-ltd
SABRIMALA,82595,SABRIMALA,sabrimala-industries-india-ltd
VINNY,111260,VINNY,vinny-overseas-ltd
AEL,4208,AEL,amba-enterprises-ltd
CLEDUCATE,53326,CLEDUCATE,cl-educate-ltd
542376,127119,542376,spa-capital-services-ltd
JISLDVREQS,681,JISLDVREQS,dvr-jain-irrigation-systems
VEEDOL,1392,VEEDOL,veedol-corporation-ltd
15211101,3247925,15211101,airfloa-rail-technology-ltd
ARIHANT,100,ARIHANT,arihant-foundations-housing-ltd
HEIDELBERG,536,HEIDELBERG,heidelberg-cement-india-ltd
HOWARHO,3193,HOWARHO,howard-hotels-ltd
SPCENET,87791,SPCENET,spacenet-enterprises-india-ltd
GLOBAL,97167,GLOBAL,global-education-ltd
MUFTI,1839759,MUFTI,credo-brands-marketing-ltd
NAUKRI,913,NAUKRI,info-edge-india-ltd
NBFOOT,2932,NBFOOT,n-b-footwear-ltd
16620711,940240,16620711,pearl-green-clubs-and-resorts-ltd
PARKHOTELS,1985406,PARKHOTELS,apeejay-surrendra-park-hotels-ltd
MOINFRA,3111054,MOINFRA,motilal-oswal-bse-india-infrastructure-etf
11290695,3339455,11290695,mother-nutri-foods-ltd
VISTR,2526,VISTR,vishvprabha-ventures-ltd
BFUTILITIE,180,BFUTILITIE,bf-utilities-ltd
13160067,160298,13160067,transpact-enterprises-ltd
GANDHITUBE,437,GANDHITUBE,gandhi-special-tubes-ltd
SHIVAAGRO,3330,SHIVAAGRO,shiva-global-agro-industries-ltd
PRIMESECU,1073,PRIMESECU,prime-securities-ltd
SAKTHIFIN,1168,SAKTHIFIN,sakthi-finance-ltd
SCI,1196,SCI,shipping-corporation-of-india-ltd
ULTRACEMCO,1443,ULTRACEMCO,ultratech-cement-ltd
GALLOPS,82469,GALLOPS,gallops-enterprise-ltd
MUKKA,1841601,MUKKA,mukka-proteins-ltd
11290656,2425737,11290656,aelea-commodities-ltd
SAGCEM,1163,SAGCEM,sagar-cements-ltd
SAPPHIRE,716755,SAPPHIRE,sapphire-foods-india-ltd
RADHEDE,3528,RADHEDE,radhe-developers-india-ltd
METROBRAND,750564,METROBRAND,metro-brands-ltd
17160398,1316964,17160398,transvoy-logistics-india-ltd
SHRITECH,1565403,SHRITECH,shri-techtex-ltd
AESTHETIK,2497566,AESTHETIK,aesthetik-engineers-ltd
ARIHANTCAP,2473,ARIHANTCAP,arihant-capital-markets-ltd
VIKASWSP,2808,VIKASWSP,vikas-wsp-ltd
EXPOGAS,3167,EXPOGAS,expo-engineering-and-projects-ltd
DCXINDIA,1099425,DCXINDIA,dcx-systems-ltd
ANIKINDS,83,ANIKINDS,anik-industries-ltd
HATHWAYB,2393,HATHWAYB,hathway-bhawani-cabletel-datacom-ltd
CIEINDIA,816,CIEINDIA,cie-automotive-india-ltd
SILVERTUC,87793,SILVERTUC,silver-touch-technologies-ltd
ARIHANTACA,1251832,ARIHANTACA,arihant-academy-ltd
GGDANDE,2212,GGDANDE,g-g-dandekar-properties-ltd
HAL,80502,HAL,hindustan-aeronautics-ltd
540590,83463,540590,riddhi-corporate-services-ltd
GUJTHEM,2304,GUJTHEM,gujarat-themis-biosyn-ltd
542123,116515,542123,the-phosphate-company-ltd
SNEHAA,3231592,SNEHAA,snehaa-organics-ltd
ACCEL,2777,ACCEL,accel-ltd
TDPOWERSYS,1373,TDPOWERSYS,td-power-systems-ltd
TARINI,4051,TARINI,tarini-international-ltd
SECMARK,297625,SECMARK,secmark-consultancy-ltd
13521145,1543866,13521145,forbes-precision-tools-and-machine-parts-ltd
BIRLAMONEY,201,BIRLAMONEY,aditya-birla-money-ltd
JKIL,684,JKIL,j-kumar-infraprojects-ltd
ITDC,3803,ITDC,india-tourism-development-corporation-ltd
SMRUTHI,4382,SMRUTHI,smruthi-organics-ltd
RCDL,1747000,RCDL,rajgor-castor-derivatives-ltd
VCL,178225,VCL,vaxtex-cotfab-ltd
NATFIT,3537,NATFIT,national-fittings-ltd
541735,103645,541735,vivanta-industries-ltd
13521172,1706793,13521172,organic-recycling-systems-ltd
TEXRAIL,1380,TEXRAIL,texmaco-rail-engineering-ltd
SIMRAN,2824,SIMRAN,simran-farms-ltd
EXPLICITFIN,3350,EXPLICITFIN,explicit-finance-ltd
CHEMCON,297908,CHEMCON,chemcon-speciality-chemicals-ltd
VINYLINDIA,1487,VINYLINDIA,vinyl-chemicals-i-ltd
542446,129456,542446,jonjua-overseas-ltd
MONTECARLO,1554,MONTECARLO,monte-carlo-fashions-ltd
SBEC,82407,SBEC,sbec-systems-india-ltd
AVAILFC,3544,AVAILFC,available-finance-ltd
MURAD,52909,MURAD,franklin-industries-ltd
MRC,82228,MRC,mrc-agrotech-ltd
MANYAVAR,816269,MANYAVAR,vedant-fashions-ltd
14095667,2615305,14095667,share-samadhan-ltd
544361,2994893,544361,covance-softsol-ltd
SPMLINFRA,1278,SPMLINFRA,spml-infra-ltd
DHAMPURE,3740,DHAMPURE,dhampure-specialty-sugars-ltd
RAJTUBE,3294,RAJTUBE,rajasthan-tube-manufacturing-company-ltd
GPCL,4227,GPCL,gala-global-products-ltd
MEDISTEP,3211184,MEDISTEP,medistep-healthcare-ltd
16090125,3275143,16090125,shlokka-dyes-ltd
CHOTHANI,82423,CHOTHANI,chothani-foods-ltd
FINPIPE,417,FINPIPE,finolex-industries-ltd
WINDMACHIN,1523,WINDMACHIN,windsor-machines-ltd
CYBELEIND,3597,CYBELEIND,cybele-industries-ltd
TOKYOFIN,3650,TOKYOFIN,tokyo-finance-ltd
SHREESEC,4151,SHREESEC,shree-securities-ltd
CHENFERRO,4159,CHENFERRO,chennai-ferrous-industries-ltd
HISARMETAL,4380,HISARMETAL,hisar-metal-industries-ltd
GODREJCP,476,GODREJCP,godrej-consumer-products-ltd
CONCOR,279,CONCOR,container-corporation-of-india-ltd
16550743,2513817,16550743,broach-lifecare-hospital-ltd
GLOBECIVIL,3143497,GLOBECIVIL,globe-civil-projects-ltd
RCF,1117,RCF,rashtriya-chemicals-fertilizers-ltd
BANASFN,2392,BANASFN,banas-finance-ltd
ACROW,2611,ACROW,acrow-india-ltd
512115,83468,512115,rose-merc-ltd
ASIANPAINT,117,ASIANPAINT,asian-paints-ltd
FRSHTRP,3252,FRSHTRP,puretrop-fruits-ltd
ACME,4260,ACME,acme-resources-ltd
ARVEE,87858,ARVEE,arvee-laboratories-india-ltd
WINSOMTX,2717,WINSOMTX,winsome-textile-industries-ltd
15510865,3273759,15510865,mpk-steels-i-ltd
MEDICAMEQ,3473,MEDICAMEQ,medicamen-biotech-ltd
7NR,82913,7NR,7nr-retail-ltd
GML,3252645,GML,galaxy-medicare-ltd
MURUDCERA,896,MURUDCERA,murudeshwar-ceramics-ltd
AXELPOLY,2654,AXELPOLY,axel-polymers-ltd
STELLAR,3993,STELLAR,stellar-capital-services-ltd
ARTEMISMED,182406,ARTEMISMED,artemis-medicare-services-ltd
HINDPETRO,556,HINDPETRO,hindustan-petroleum-corporation-ltd
V2RETAIL,1461,V2RETAIL,v2-retail-ltd
SITAENT,2594,SITAENT,sita-enterprises-ltd
BBL,170,BBL,bharat-bijlee-ltd
14095027,191522,14095027,octavius-plantations-ltd
ESCORTSFIN,2497,ESCORTSFIN,invigorated-business-consulting-ltd
GOTHIPL,3464,GOTHIPL,gothi-plascon-india-ltd
MAYUKH,4297,MAYUKH,sattva-sukun-lifecare-ltd
VICTORYPP,61508,VICTORYPP,scoobee-day-garments-india-ltd
TRF,1413,TRF,trf-ltd
AARTIDRUGS,13,AARTIDRUGS,aarti-drugs-ltd
MDRNSTL,2617,MDRNSTL,modern-steels-ltd
RAMAPHO,2995,RAMAPHO,rama-phosphates-ltd
526211,83278,526211,suraj-industries-ltd
NSDL,3196098,NSDL,national-securities-depository-ltd
HBLENGINE,526,HBLENGINE,hbl-engineering-ltd
ZUARI,1548,ZUARI,zuari-agro-chemicals-ltd
OROSMITHS,3646,OROSMITHS,orosil-smiths-india-ltd
VIRINCHI,3830,VIRINCHI,virinchi-ltd
ARYAMAN,3291,ARYAMAN,aryaman-financial-services-ltd
RDBRL,3915,RDBRL,rdb-rasayans-ltd
14620210,167876,14620210,goblin-india-ltd
OMPOWER,3477827,OMPOWER,om-power-transmission-ltd
541741,103643,541741,fratelli-vineyards-ltd
TOLINS,2610661,TOLINS,tolins-tyres-ltd
JMA,1569,JMA,jullundur-motor-agency-delhi-ltd
FINELINE,2753,FINELINE,fine-line-circuits-ltd
POLYSPIN,4254,POLYSPIN,polyspin-exports-ltd
ADVANIHOTR,33,ADVANIHOTR,advani-hotels-resorts-india-ltd
NAHARPOLY,905,NAHARPOLY,nahar-poly-films-ltd
NILACHAL,82743,NILACHAL,nilachal-refractories-ltd
IPL,561314,IPL,india-pesticides-ltd
540613,83335,540613,gautam-exim-ltd
17041013,140651,17041013,v-r-films-studios-ltd
13510367,1054738,13510367,concord-control-systems-ltd
GROWWCHEM,3396722,GROWWCHEM,groww-nifty-chemicals-etf
GRASIM,490,GRASIM,grasim-industries-ltd
CSL,4123,CSL,continental-securities-ltd
14095010,166313,14095010,galactico-corporate-services-ltd
GUJHOTE,2354,GUJHOTE,gujarat-hotels-ltd
GENUSPOWER,449,GENUSPOWER,genus-power-infrastructures-ltd
MSPL,886,MSPL,msp-steel-power-ltd
ARVSMART,1760,ARVSMART,arvind-smartspaces-ltd
ARCHIDPLY,96,ARCHIDPLY,archidply-industries-ltd
POLYCHEM,2293,POLYCHEM,polychem-ltd
SRIKPRIND,2712,SRIKPRIND,sri-kpr-industries-ltd
BIRLAPREC,2882,BIRLAPREC,birla-precision-technologies-ltd
YAMNINV,2417,YAMNINV,yamini-investments-company-ltd
HTMEDIA,575,HTMEDIA,ht-media-ltd
SUPREME,3368,SUPREME,supreme-holdings-hospitality-india-ltd
TRISHAKT,3531,TRISHAKT,trishakti-industries-ltd
16510156,230204,16510156,billwin-industries-ltd
13193186,2838730,13193186,toss-the-coin-ltd
PDMJEPAPER,2003,PDMJEPAPER,pudumjee-paper-products-ltd
ANDHRAPET,2024,ANDHRAPET,andhra-petrochemicals-ltd
ATVPETRO,3031,ATVPETRO,svc-industries-ltd
AGIIL,4171,AGIIL,agi-infra-ltd
GKSL,3363907,GKSL,gujarat-kidney-and-super-speciality-ltd
SWADPOL,2155,SWADPOL,swadeshi-polytex-ltd
MFLINDIA,3169,MFLINDIA,mfl-india-ltd
TENNIND,3321513,TENNIND,tenneco-clean-air-india-ltd
TTIENT,4071,TTIENT,tti-enterprise-ltd
STALLION,2928218,STALLION,stallion-india-fluorochemicals-ltd
BENARAS,2398,BENARAS,benares-hotels-ltd
MAHALXSE,2633,MAHALXSE,mahalaxmi-seamless-ltd
PARAGON,1761998,PARAGON,paragon-fine-speciality-chemical-ltd
SAATVIKGL,3262884,SAATVIKGL,saatvik-green-energy-ltd
VINATIORGA,1485,VINATIORGA,vinati-organics-ltd
SESHACHAL,3698,SESHACHAL,seshachal-technologies-ltd
INDGN,2242832,INDGN,indegene-ltd
BRIGHOTEL,3190829,BRIGHOTEL,brigade-hotel-ventures-ltd
TIGLOB,2905,TIGLOB,t-i-global-ltd
BANKBARODA,162,BANKBARODA,bank-of-baroda
HINDCOMPOS,550,HINDCOMPOS,hindustan-composites-ltd
12270258,1799602,12270258,swashthik-plascon-ltd
SHKSIL,3146163,SHKSIL,shri-hare-krishna-sponge-iron-ltd
CYIENT,301,CYIENT,cyient-ltd
KGDENIM,2054,KGDENIM,k-g-denim-ltd
JOSTS,2247,JOSTS,jost-s-engineering-company-ltd
SOUTHERNIN,52906,SOUTHERNIN,southern-infoconsultants-ltd
540259,83472,540259,shangar-decor-ltd
12130129,2978665,12130129,l-k-mehta-polymers-ltd
16691930,3231593,16691930,sugs-lloyd-ltd
LENSKART,3309492,LENSKART,lenskart-solutions-ltd
ELECON,367,ELECON,elecon-engineering-company-ltd
KALPACOMME,4162,KALPACOMME,kalpa-commercial-ltd
OBCL,87860,OBCL,orissa-bengal-carrier-ltd
BATAINDIA,168,BATAINDIA,bata-india-ltd
ITC,647,ITC,itc-ltd
PARMCOS-B,2357,PARMCOS-B,paramount-cosmetics-i-ltd
SAENTER,3138,SAENTER,south-asian-enterprises-ltd
SHIVAGR,2896,SHIVAGR,shivagrico-implements-ltd
ZENOTECH,3775,ZENOTECH,zenotech-laboratories-ltd
HARDWYN,87741,HARDWYN,hardwyn-india-ltd
BVCL,228,BVCL,barak-valley-cements-ltd
IOB,638,IOB,indian-overseas-bank
SUVIDHAA,457974,SUVIDHAA,suvidhaa-infoserve-ltd
15140160,1055952,15140160,steelman-telecom-ltd
NDTV,922,NDTV,new-delhi-television-ltd
KATRSPG,2134,KATRSPG,katare-spinning-mills-ltd
SVPGLOB,2232,SVPGLOB,svp-global-textiles-ltd
BNAGROCHEM,4462,BNAGROCHEM,bn-agrochem-ltd
12270248,1093347,12270248,technopack-polymers-ltd
NIKITA,3110330,NIKITA,nikita-greentech-recycling-ltd
IVC,650,IVC,il-fs-investment-managers-ltd
SHYMINV,2223,SHYMINV,shyamkamal-investments-ltd
UDAYJEW,4296,UDAYJEW,uday-jewellery-industries-ltd
541006,83308,541006,angel-fibers-ltd
NGIL,97101,NGIL,nakoda-group-of-industries-ltd
15070572,876018,15070572,nanavati-ventures-ltd
E2ERAIL,3368591,E2ERAIL,e-to-e-transportation-infrastructure-ltd
INDRENEW,3990,INDRENEW,ind-renewable-energy-ltd
ALLTIME,3209812,ALLTIME,all-time-plastics-ltd
NORRIS,82521,NORRIS,norris-medicines-ltd
SUNREST,1777099,SUNREST,sunrest-lifescience-ltd
PNB,1048,PNB,punjab-national-bank
AONETMMQ50,3345243,AONETMMQ50,angel-one-nifty-total-market-momentum-quality-50-etf
11290693,3344369,11290693,astron-multigrain-ltd
UMESLTD,1444,UMESLTD,usha-martin-education-solutions-ltd
BSL,224,BSL,bsl-ltd
PORRITSPEN,2884,PORRITSPEN,voith-paper-fabrics-india-ltd
CEEJAY,3391,CEEJAY,ceejay-finance-ltd
TIRSARJ,3704,TIRSARJ,tirupati-sarjan-ltd
CHEMICAL,3337594,CHEMICAL,kotak-nifty-chemicals-etf
SHRIRAMPPS,750092,SHRIRAMPPS,shriram-properties-ltd
NIRAVCOM,2577,NIRAVCOM,nirav-commercials-ltd
ARTSONENGG,2885,ARTSONENGG,artson-ltd
TAC,2163919,TAC,tac-infosec-ltd
LYKISLTD,3370,LYKISLTD,lykis-ltd
SSPNFIN,4166,SSPNFIN,sspn-finance-ltd
11251273,2884192,11251273,leo-dryfruits-spices-trading-ltd
JKTYRE,687,JKTYRE,jk-tyre-industries-ltd
63MOONS,415,63MOONS,63-moons-technologies-ltd
LORDSCHLO,2063,LORDSCHLO,lords-chloro-alkali-ltd
16550712,1769049,16550712,kk-shah-hospitals-ltd
BANDHANBNK,79883,BANDHANBNK,bandhan-bank-ltd
SLONE,2242835,SLONE,slone-infosystems-ltd
NV20,1881,NV20,kotak-nifty-50-value-20-etf
VILAS,2283575,VILAS,vilas-transcore-ltd
NITINALOY,2372,NITINALOY,nitin-castings-ltd
LUDLOWJUT,3108,LUDLOWJUT,ludlow-jute-specialities-ltd
ATLASCYCLE,127,ATLASCYCLE,atlas-cycles-haryana-ltd
PUNJCOMMU,2073,PUNJCOMMU,punjab-communications-ltd
TYCHE,3835,TYCHE,tyche-industries-ltd
OWAIS,2072821,OWAIS,owais-metal-and-mineral-processing-ltd
PARASPETRO,1007,PARASPETRO,paras-petrofils-ltd
SARVESHWAR,87720,SARVESHWAR,sarveshwar-foods-ltd
GOACARBON,474,GOACARBON,goa-carbon-ltd
PASUPTAC,2087,PASUPTAC,pasupati-acrylon-ltd
RAJINFRA,3201,RAJINFRA,rajeswari-infrastructure-ltd
GLOBALE,2577724,GLOBALE,globale-tessile-ltd
APOLSINHOT,1558,APOLSINHOT,apollo-sindoori-hotels-ltd
MASFIN,62997,MASFIN,mas-financial-services-ltd
KUANTUM,3882,KUANTUM,kuantum-papers-ltd
SPLIL,1277,SPLIL,spl-industries-ltd
SUPTANERY,2983,SUPTANERY,super-tannery-ltd
HBLEAS,2379,HBLEAS,hb-leasing-finance-co-ltd
INTETHR,3423,INTETHR,integrated-thermoplastic-ltd
LFIC,780,LFIC,lakshmi-finance-industrial-corporation-ltd
FIRSTCRY,2487439,FIRSTCRY,brainbees-solutions-ltd
SONATSOFTW,1267,SONATSOFTW,sonata-software-ltd
SFML,2840734,SFML,supreme-facility-management-ltd
BLUESTARCO,209,BLUESTARCO,blue-star-ltd
JATTAINDUS,2694,JATTAINDUS,jattashankar-industries-ltd
13150302,3471765,13150302,safety-controls-devices-ltd
DYNAVSN,2750,DYNAVSN,dynavision-ltd
GREENCHEF,1510408,GREENCHEF,greenchef-appliances-ltd
16070385,2473629,16070385,kizi-apparels-ltd
TVSHLTD,1309,TVSHLTD,tvs-holdings-ltd
ATHARVENT,3280,ATHARVENT,atharv-enterprises-ltd
SGNTE,3702,SGNTE,sgn-telecoms-ltd
JOINDRE,3718,JOINDRE,joindre-capital-services-ltd
KOTIC,83566,KOTIC,kothari-industrial-corporation-ltd
13521102,740291,13521102,dmr-engineering-ltd
LOTUSEYE,797,LOTUSEYE,lotus-eye-hospital-and-institute-ltd
AYMSYNTEX,1774,AYMSYNTEX,aym-syntex-ltd
ABSLMSCIN,3436851,ABSLMSCIN,aditya-birla-sun-life-msci-india-etf
MPAGROFERT,2291,MPAGROFERT,m-p-agro-industries-ltd
BERLDRG,3053,BERLDRG,beryl-drugs-ltd
CONTCHM,2307,CONTCHM,continental-chemicals-ltd
VTMLTD,1505,VTMLTD,vtm-ltd
ZWELCAST,2204,ZWELCAST,welcast-steels-ltd
CHOKSILA,3157,CHOKSILA,choksi-laboratories-ltd
HARSHA,1037930,HARSHA,harsha-engineers-international-ltd
ULTRACAB,4086,ULTRACAB,ultracab-india-ltd
SGIL,108132,SGIL,synergy-green-industries-ltd
VISHNUINFR,1714982,VISHNUINFR,vishnusurya-projects-and-infra-ltd
TAIIND,2819,TAIIND,tai-industries-ltd
HITTCO,3657,HITTCO,hittco-tools-ltd
CMBL,61519,CMBL,corporate-merchant-bankers-ltd
GANHOLD,2185,GANHOLD,ganesh-holding-ltd
HARIOMPIPE,858893,HARIOMPIPE,hariom-pipe-industries-ltd
MUNJALAU,893,MUNJALAU,munjal-auto-industries-ltd
RAJRATAN,2781,RAJRATAN,rajratan-global-wire-ltd
IPHL,2560195,IPHL,indian-phosphate-ltd
UNOMINDA,864,UNOMINDA,uno-minda-ltd
SANPA,2735,SANPA,sangal-papers-ltd
OMAXAUTO,968,OMAXAUTO,omax-autos-ltd
WHBRADY,2103,WHBRADY,w-h-brady-company-ltd
PARNAMI,4078,PARNAMI,qgo-finance-ltd
INFORTEC,2196,INFORTEC,informed-technologies-india-ltd
RELICTEC,2495,RELICTEC,relic-technologies-ltd
INDBANK,605,INDBANK,indbank-merchant-banking-services-ltd
KROSS,2613902,KROSS,kross-ltd
ORKLAINDIA,3306166,ORKLAINDIA,orkla-india-ltd
GUJSTATFIN,516,GUJSTATFIN,gujarat-state-financial-corporation
ARVINDPORT,1746014,ARVINDPORT,arvind-port-and-infra-ltd
HGS,544,HGS,hinduja-global-solutions-ltd
DAMODARIND,2864,DAMODARIND,damodar-industries-ltd
HOTLSILV,3797,HOTLSILV,h-s-india-ltd
BLUECLOUDS,4325,BLUECLOUDS,blue-cloud-softech-solutions-ltd
SHRDAIS,2647,SHRDAIS,sharda-ispat-ltd
LIQUID,1580763,LIQUID,mirae-asset-nifty-1d-rate-liquid-etf
13193185,2928217,13193185,capitalnumbers-infotech-ltd
ISLCONSUL,2475,ISLCONSUL,isl-consulting-ltd
522235,83379,522235,minal-industries-ltd
MEDIASSIST,755506,MEDIASSIST,medi-assist-healthcare-services-ltd
AUSTENG,2874,AUSTENG,austin-engineering-company-ltd
HEXATRADEX,541,HEXATRADEX,hexa-tradex-ltd
BOSCH-HCIL,563,BOSCH-HCIL,bosch-home-comfort-india-ltd
DRAGARWQ,3195,DRAGARWQ,dr-agarwal-s-eye-hospital-ltd
NARPROP,3578,NARPROP,narendra-properties-ltd
EPACK,1912620,EPACK,epack-durables-ltd
MAHSCOOTER,819,MAHSCOOTER,maharashtra-scooters-ltd
FCL,1562,FCL,fineotex-chemical-ltd
RAYALEMA,3171,RAYALEMA,royale-manor-hotels-and-industries-ltd
IDEAOPT,3550,IDEAOPT,kretto-syscon-ltd
DALMIA,82916,DALMIA,dalmia-industrial-development-ltd
HDFCAMC,94155,HDFCAMC,hdfc-asset-management-company-ltd
TECHNOE,118204,TECHNOE,techno-electric-engineering-company-ltd
INM,2039497,INM,interiors-more-ltd
GLFL,465,GLFL,gujarat-lease-financing-ltd
FGPIND,2037,FGPIND,fgp-ltd
LIMECHM,2335,LIMECHM,lime-chemicals-ltd
UGROCAP,2506,UGROCAP,ugro-capital-ltd
TMB,1024529,TMB,tamilnad-mercantile-bank-ltd
COROMANDEL,284,COROMANDEL,coromandel-international-ltd
TIJARIA,1394,TIJARIA,tijaria-polypipes-ltd
MON100,1605,MON100,motilal-oswal-nasdaq-100-etf-growth-option
VISHALBL,4263,VISHALBL,vishal-bearings-ltd
17410002,3394800,17410002,aritas-vinyl-ltd
BPCL,215,BPCL,bharat-petroleum-corporation-ltd
JAYKAY,2066,JAYKAY,jaykay-enterprises-ltd
ICICIAMC,3356197,ICICIAMC,icici-prudential-asset-management-company-ltd
QUAL30IETF,1613926,QUAL30IETF,icici-prudential-nifty-200-quality-30-etf
BHATIA,82171,BHATIA,bhatia-communications-retail-india-ltd
SHALPAINTS,1212,SHALPAINTS,shalimar-paints-ltd
CAMLINFINE,1559,CAMLINFINE,camlin-fine-sciences-ltd
11290683,3148897,11290683,abram-food-ltd
GINISILK,3686,GINISILK,gini-silk-mills-ltd
NEIL,4163,NEIL,neil-industries-ltd
CURAA,298,CURAA,cura-technologies-ltd
TGBHOTELS,1383,TGBHOTELS,tgb-banquets-and-hotels-ltd
OLPCL,3924,OLPCL,olympic-cards-ltd
MHHL,87817,MHHL,mohini-health-hygiene-ltd
ADORMUL,2920,ADORMUL,thrive-future-habitats-ltd
GREENPANEL,170350,GREENPANEL,greenpanel-industries-ltd
IDEALTECHO,2560194,IDEALTECHO,ideal-technoplast-industries-ltd
CONTILI,3457,CONTILI,contil-india-ltd
HEMIPROP,336807,HEMIPROP,hemisphere-properties-india-ltd
ARHAM,1184831,ARHAM,arham-technologies-ltd
BALKRISIND,153,BALKRISIND,balkrishna-industries-ltd
NUCLEUS,960,NUCLEUS,nucleus-software-exports-ltd
KHAICHEM,2337,KHAICHEM,khaitan-chemicals-fertilizers-ltd
CRANESSOFT,2530,CRANESSOFT,cranes-software-international-ltd
11040285,1057939,11040285,indong-tea-company-ltd
VIPCLOTHNG,846,VIPCLOTHNG,vip-clothing-ltd
541337,97104,541337,milestone-furniture-ltd
AMCOIND,3263,AMCOIND,amco-india-ltd
AKSPINTEX,4244,AKSPINTEX,sunrakshakk-industries-india-ltd
13193272,3145561,13193272,ace-alpha-tech-ltd
INFINIUM,1412795,INFINIUM,infinium-pharmachem-ltd
STLNETWORK,3245801,STLNETWORK,stl-networks-ltd
SSLEL,3875,SSLEL,sir-shadilal-enterprises-ltd
13560253,3020639,13560253,super-iron-foundry-ltd
JKLAKSHMI,685,JKLAKSHMI,jk-lakshmi-cement-ltd
CRIMSON,3233,CRIMSON,crimson-metal-engineering-company-ltd
TTIL,4169,TTIL,tirupati-innovar-ltd
PHANTOMFX,1076215,PHANTOMFX,phantom-digital-effects-ltd
YOGYA,4175,YOGYA,ur-sugar-industries-ltd
HINDHARD,2256,HINDHARD,hindustan-hardy-ltd
GENNEX,3685,GENNEX,gennex-laboratories-ltd
540481,83363,540481,classic-leasing-finance-ltd
ROCKINGDCE,1796107,ROCKINGDCE,rockingdeals-circular-economy-ltd
BUTTERFLY,227,BUTTERFLY,butterfly-gandhimathi-appliances-ltd
TIRTH,82952,TIRTH,tirth-plastic-ltd
HCL-INSYS,530,HCL-INSYS,hcl-infosystems-ltd
NEXTMEDIA,934,NEXTMEDIA,next-mediaworks-ltd
MIDINDIA,2062,MIDINDIA,mid-india-industries-ltd
PHOENIXTN,4024,PHOENIXTN,hbg-hotels-ltd
ECOSMOBLTY,2571013,ECOSMOBLTY,ecos-india-mobility-hospitality-ltd
TOUCHWOOD,87855,TOUCHWOOD,touchwood-entertainment-ltd
INTENTECH,3814,INTENTECH,intense-technologies-ltd
540914,87843,540914,sru-steels-ltd
GAJANANSEC,4074,GAJANANSEC,gajanan-securities-services-ltd
SOFCOM,4140,SOFCOM,sofcom-systems-ltd
BCP,4018,BCP,b-c-power-controls-ltd
NEWTIME,82545,NEWTIME,newtime-infrastructure-ltd
HDFCLIFE,65394,HDFCLIFE,hdfc-life-insurance-company-ltd
541799,105111,541799,sungold-media-and-entertainment-ltd
VLINFRA,2446671,VLINFRA,v-l-infraprojects-ltd
ATUL,129,ATUL,atul-ltd
TEJNAKSH,4275,TEJNAKSH,tejnaksh-healthcare-ltd
LINCOLN,1942,LINCOLN,lincoln-pharmaceuticals-ltd
RAGHUNAT,3198,RAGHUNAT,raghunath-international-ltd
AMBUJACEM,71,AMBUJACEM,ambuja-cements-ltd
ASAHISONG,108,ASAHISONG,asahi-songwon-colors-ltd
JHANDEWALAS,82341,JHANDEWALAS,jhandewalas-foods-ltd
VAICC,3224,VAICC,vaishno-cement-company-ltd
539090,4172,539090,rajputana-investment-finance-ltd
15070588,3143498,15070588,ajc-jewel-manufacturers-ltd
DHARAN,80503,DHARAN,dharan-infra-epc-ltd
LAKSHMIMIL,781,LAKSHMIMIL,lakshmi-mills-company-ltd
UFLEX,1440,UFLEX,uflex-ltd
SPECFOOD,3757,SPECFOOD,spectrum-foods-ltd
15510832,678052,15510832,afloat-enterprises-ltd
CLASSICEIL,3224618,CLASSICEIL,classic-electrodes-india-ltd
ASINPET,3024,ASINPET,asian-petroproducts-exports-ltd
MFML,2577725,MFML,mahalaxmi-fabric-mills-ltd
PRECAM,1954,PRECAM,precision-camshafts-ltd
YASHMGM,2472,YASHMGM,yash-management-satellite-ltd
SHALIWIR,3848,SHALIWIR,shalimar-wires-industries-ltd
BHARTIARTL,187,BHARTIARTL,bharti-airtel-ltd
PONNIERODE,1056,PONNIERODE,ponni-sugars-erode-ltd
HARLETH,3000,HARLETH,haryana-leather-chemicals-ltd
GKB,461,GKB,gkb-ophthalmics-ltd
GAYATRI,3802,GAYATRI,gayatri-sugars-ltd
KANCHI,4134,KANCHI,kanchi-karpooram-ltd
BEACON,2295398,BEACON,beacon-trusteeship-ltd
ASYL,4738,ASYL,advance-syntex-ltd
KEC,727,KEC,kec-international-ltd
POCL,1055,POCL,pondy-oxides-chemicals-ltd
MEGRISOFT,4160,MEGRISOFT,megri-soft-ltd
FIDEL,910541,FIDEL,fidel-softech-ltd
HOLMARC,1693117,HOLMARC,holmarc-opto-mechatronics-ltd
SIBARAUT,2838,SIBARAUT,sibar-auto-parts-ltd
NAHARSPING,906,NAHARSPING,nahar-spinning-mills-ltd
COSCO,3348,COSCO,cosco-india-ltd
17040844,1394503,17040844,bright-outdoor-media-ltd
ADANIPORTS,27,ADANIPORTS,adani-ports-special-economic-zone-ltd
SHK,1788,SHK,s-h-kelkar-company-ltd
SUPRATRE,4720,SUPRATRE,supra-trends-ltd
CONSOFINVT,280,CONSOFINVT,consolidated-finvest-holdings-ltd
TNPL,1405,TNPL,tamil-nadu-newsprint-and-papers-ltd
SCHAEFFLER,406,SCHAEFFLER,schaeffler-india-ltd
ISHITADR,3021,ISHITADR,ishita-drugs-industries-ltd
BAJEL,1845603,BAJEL,bajel-projects-ltd
MINAXI,3591,MINAXI,minaxi-textiles-ltd
DECANBRG,2240,DECANBRG,satani-bearings-ltd
SAMKRG,2831,SAMKRG,samkrg-pistons-rings-ltd
517286,82274,517286,rnit-ai-solutions-ltd
FORGEAUTO,2665740,FORGEAUTO,forge-auto-international-ltd
540159,83512,540159,purple-agrotech-industries-ltd
AIRAN,87812,AIRAN,airan-ltd
RISHIROOP,3144,RISHIROOP,rishiroop-ltd
15990154,3403091,15990154,kasturi-metal-composite-ltd
GUJINV,3555,GUJINV,ashtasidhhi-industries-ltd
TECHM,1374,TECHM,tech-mahindra-ltd
HRHNEXT,1852544,HRHNEXT,hrh-next-services-ltd
YASHOPTICS,2163918,YASHOPTICS,yash-optics-lens-ltd
VAMSHIRU,3319,VAMSHIRU,vamshi-rubber-ltd
VIRGOGLOB,3824,VIRGOGLOB,virgo-global-ltd
BAJAJINDEF,2996881,BAJAJINDEF,indef-manufacturing-ltd
FIEMIND,413,FIEMIND,fiem-industries-ltd
OLYOI,2327,OLYOI,olympic-oil-industries-ltd
ASHSI,3206,ASHSI,ashirwad-steels-industries-ltd
SAMMAANCAP,582,SAMMAANCAP,sammaan-capital-ltd
TATACHEM,1355,TATACHEM,tata-chemicals-ltd
NATGENI,3653,NATGENI,national-general-industries-ltd
ENTRINT,3162,ENTRINT,enterprise-international-ltd
541778,103644,541778,deep-polymers-ltd
HINDMOTORS,553,HINDMOTORS,hindustan-motors-ltd
AKASHDEEP,4103,AKASHDEEP,kalyan-capitals-ltd
SULABEN,61503,SULABEN,sulabh-engineers-services-ltd
LAOPALA,784,LAOPALA,la-opala-rg-ltd
KJMCFIN,3289,KJMCFIN,kjmc-financial-services-ltd
WESTERNBIO,2972,WESTERNBIO,ecoboard-industries-ltd
DGCONTENT,149707,DGCONTENT,digicontent-ltd
13193012,1233076,13193012,droneacharya-aerial-innovations-ltd
AFCONS,2734936,AFCONS,afcons-infrastructure-ltd
KKPLASTICK,2964,KKPLASTICK,kkalpana-plastick-ltd
ARIES,99,ARIES,aries-agro-ltd
SJLOGISTIC,1823030,SJLOGISTIC,s-j-logistics-india-ltd
EFCIL,2513,EFCIL,efc-i-ltd
541347,94295,541347,parvati-sweetners-and-power-ltd
SHRIKRISH,3459,SHRIKRISH,shri-krishna-devcon-ltd
NEWGEN,73363,NEWGEN,newgen-software-technologies-ltd
JOCIL,691,JOCIL,jocil-ltd
CILSEC,3402,CILSEC,cil-securities-ltd
531960,83366,531960,june-industries-ltd
DOMS,1819409,DOMS,doms-industries-ltd
BARODARAYN,82379,BARODARAYN,baroda-rayon-corporation-ltd
ZUARIIND,1549,ZUARIIND,zuari-industries-ltd
FMCGIETF,600342,FMCGIETF,icici-prudential-nifty-fmcg-etf
BAGMANE,3497836,BAGMANE,bagmane-prime-office-reit
SEJALLTD,1205,SEJALLTD,sejal-glass-ltd
AXTEL,2986,AXTEL,axtel-industries-ltd
GLENMARK,464,GLENMARK,glenmark-pharmaceuticals-ltd
WALCHPF,2102,WALCHPF,walchand-peoplefirst-ltd
SRD,120413,SRD,shankar-lal-rampal-dye-chem-ltd
VAIBHAVGBL,1463,VAIBHAVGBL,vaibhav-global-ltd
540146,83310,540146,aditya-consumer-marketing-ltd
ENERGY,82384,ENERGY,mirae-asset-nifty-energy-etf
VESUVIUS,1475,VESUVIUS,vesuvius-india-ltd
VAARAD,3812,VAARAD,vaarad-ventures-ltd
JAINMARMO,4186,JAINMARMO,jain-marmo-industries-ltd
SPRING,82444,SPRING,variman-global-enterprises-ltd
ZENTEC,1580,ZENTEC,zen-technologies-ltd
INDSILHYD,2887,INDSILHYD,indsil-hydro-power-and-manganese-ltd
AVI,4242,AVI,avi-polymers-ltd
ARNOLD,4002,ARNOLD,arnold-holdings-ltd
SHISHIND,71318,SHISHIND,shish-industries-ltd
ALPA,63,ALPA,alpa-laboratories-ltd
ABMINTLLTD,71261,ABMINTLLTD,abm-international-ltd
JIOFIN,1564869,JIOFIN,jio-financial-services-ltd
VICTORYEV,3101963,VICTORYEV,victory-electric-vehicles-international-ltd
SURFI,2827,SURFI,suryo-foods-industries-ltd
MARIS,3605,MARIS,maris-spinners-ltd
CLSL,1615358,CLSL,crop-life-science-ltd
GTNTEX,507,GTNTEX,gtn-textiles-ltd
BLUEDART,208,BLUEDART,blue-dart-express-ltd
RJSHAH,4435,RJSHAH,r-j-shah-company-ltd
TCIEXP,52914,TCIEXP,tci-express-ltd
TATATECH,1792699,TATATECH,tata-technologies-ltd
GRSE,105874,GRSE,garden-reach-shipbuilders-engineers-ltd
PROTEAN,1776577,PROTEAN,protean-egov-technologies-ltd
BALCO,2516562,BALCO,solve-plastic-products-ltd
HERCULES,538,HERCULES,hercules-investments-ltd
XTGLOBAL,3508,XTGLOBAL,xtglobal-infotech-ltd
RADIOCITY,53209,RADIOCITY,music-broadcast-ltd
INDIASHLTR,1826519,INDIASHLTR,india-shelter-finance-corporation-ltd
JAUSPOL,3088,JAUSPOL,jauss-polymers-ltd
21STCENMGM,3220,21STCENMGM,twentyfirst-century-management-services-ltd
COMCL,3936,COMCL,comfort-commotrade-ltd
ZEAL,1574264,ZEAL,zeal-global-services-ltd
INDIANACRY,2678,INDIANACRY,indian-acrylics-ltd
523309,83312,523309,shri-gang-industries-and-allied-products-ltd
13193295,3352316,13193295,prodocs-solutions-ltd
PANSARI,87788,PANSARI,pansari-developers-ltd
AFSL,1241145,AFSL,abans-financial-services-ltd
EUROTEXIND,397,EUROTEXIND,eurotex-industries-exports-ltd
15620066,3246537,15620066,krupalu-metals-ltd
CRAMC,3286108,CRAMC,canara-robeco-asset-management-company-ltd
KAYCEEI,2164,KAYCEEI,kaycee-industries-ltd
HPL,4775,HPL,hpl-electric-power-ltd
MANOMAY,82996,MANOMAY,manomay-tex-india-ltd
INDOASIAF,3383,INDOASIAF,challani-capital-ltd
ADCON,4294,ADCON,adcon-capital-services-ltd
NV20BEES,1749,NV20BEES,nippon-india-etf-nifty-50-value-20
KSOLVES,235161,KSOLVES,ksolves-india-ltd
SYLVANPLY,2361948,SYLVANPLY,sylvan-plyboard-india-ltd
SSDL,2510996,SSDL,saraswati-saree-depot-ltd
TAJGVK,1345,TAJGVK,taj-gvk-hotels-resorts-ltd
11251159,581796,11251159,aa-plus-tradelink-ltd
MON50EQUAL,3095610,MON50EQUAL,motilal-oswal-nifty-50-equal-weight-etf
543927,1517798,543927,asian-warehousing-ltd
NETWEB,1544933,NETWEB,netweb-technologies-india-ltd
JAYTEX,2548,JAYTEX,jaybharat-textiles-real-estate-ltd
RICHUNV,3301,RICHUNV,rich-universe-network-ltd
SUNLITE,2508425,SUNLITE,sunlite-recycling-industries-ltd
12120193,3354721,12120193,unisem-agritech-ltd
BANKINDIA,163,BANKINDIA,bank-of-india
NV20IETF,25681,NV20IETF,icici-prudential-nifty50-value-20-etf
PROPEQUITY,850909,PROPEQUITY,p-e-analytics-ltd
NECLIFE,923,NECLIFE,nectar-lifesciences-ltd
JAINCO,3211,JAINCO,jainco-projects-india-ltd
15580194,1888080,15580194,shree-marutinandan-tubes-ltd
541945,108994,541945,ranjeet-mechatronics-ltd
MBLINFRA,849,MBLINFRA,mbl-infrastructure-ltd
STANCAP,2491,STANCAP,standard-capital-markets-ltd
SUPERIOR,4363,SUPERIOR,superior-finlease-ltd
ROYALIND,2522,ROYALIND,royal-india-corporation-ltd
SANDUPHQ,3070,SANDUPHQ,sandu-pharmaceuticals-ltd
16550649,875303,16550649,global-longlife-hospital-and-research-ltd
13140067,3432676,13140067,accord-transformer-switchgear-ltd
SESHAPAPER,1204,SESHAPAPER,seshasayee-paper-boards-ltd
STARPAPER,1292,STARPAPER,star-paper-mills-ltd
VIVIDHA,1494,VIVIDHA,visagar-polytex-ltd
BALUFORGE,3465,BALUFORGE,balu-forge-industries-ltd
ANJANIFIN,3724,ANJANIFIN,anjani-finance-ltd
METALCO,3701,METALCO,metal-coatings-india-ltd
BLIL,3853,BLIL,balmer-lawrie-investments-ltd
NEWLIGHT,61520,NEWLIGHT,new-light-industries-ltd
RUCHINFRA,1155,RUCHINFRA,ruchi-infrastructure-ltd
PASARI,2847,PASARI,pasari-spinning-mills-ltd
EUROLED,3136,EUROLED,euro-leder-fashions-ltd
MUTHOOTCAP,1763,MUTHOOTCAP,muthoot-capital-services-ltd
360ONE,166089,360ONE,360-one-wam-ltd
ABCINDQ,2834,ABCINDQ,abc-india-ltd
INTEGHIT,4537,INTEGHIT,integrated-hitech-ltd
13193124,2324987,13193124,3c-it-solutions-telecom-india-ltd
CONTROLPR,2906,CONTROLPR,control-print-ltd
RACE,4020,RACE,race-eco-chain-ltd
SURAKSHA,2815514,SURAKSHA,suraksha-diagnostic-ltd
SHREYASI,3123,SHREYASI,shreyas-intermediates-ltd
PRITIKA,1157337,PRITIKA,pritika-engineering-components-ltd
ABSMARINE,2258959,ABSMARINE,abs-marine-services-ltd
CELEBRITY,246,CELEBRITY,celebrity-fashions-ltd
RADAAN,1089,RADAAN,radaan-mediaworks-i-ltd
HALDYNGL,2727,HALDYNGL,haldyn-glass-ltd
DIGIKORE,1710030,DIGIKORE,digikore-studios-ltd
13510381,2161997,13510381,vruddhi-engineering-works-ltd
VADILENT,2795,VADILENT,vadilal-enterprises-ltd
JAIMATAG,2949,JAIMATAG,jai-mata-glass-ltd
KERALAYUR,3271,KERALAYUR,kerala-ayurveda-ltd
CAPFIN,4210,CAPFIN,capfin-india-ltd
NATPLAS,3168,NATPLAS,national-plastic-industries-ltd
SBFC,1578900,SBFC,sbfc-finance-ltd
DCW,314,DCW,dcw-ltd
INFOMEDIA,628,INFOMEDIA,infomedia-press-ltd
DYNPRO,3863,DYNPRO,dynemic-products-ltd
IGCL,3152009,IGCL,indogulf-cropsciences-ltd
ALCODIS,87753,ALCODIS,alcokraft-distilleries-ltd
NXT-INFRA,2406604,NXT-INFRA,nxt-infra-trust
SHANTI,87734,SHANTI,shanti-overseas-india-ltd
EXXARO,617472,EXXARO,exxaro-tiles-ltd
NETTLINX,2482,NETTLINX,nettlinx-ltd
COMBDRG,3077,COMBDRG,decipher-labs-ltd
MASON,2365669,MASON,mason-infratech-ltd
RSL,3446584,RSL,rajputana-stainless-ltd
VENKEYS,1473,VENKEYS,venky-s-india-ltd
INDGELA,3518,INDGELA,india-gelatine-chemicals-ltd
TATAINVEST,1360,TATAINVEST,tata-investment-corporation-ltd
544185,2349223,544185,adtech-systems-ltd
CUMMINSIND,297,CUMMINSIND,cummins-india-ltd
BESTEAST,2367,BESTEAST,best-eastern-hotels-ltd
GEMSI,3472,GEMSI,gemstone-investments-ltd
542013,110950,542013,dolfin-rubbers-ltd
RAJPUTANA,2801300,RAJPUTANA,rajputana-biodiesel-ltd
DICIND,332,DICIND,dic-india-ltd
NELCAST,925,NELCAST,nelcast-ltd
DWARKESH,350,DWARKESH,dwarikesh-sugar-industries-ltd
KITEX,747,KITEX,kitex-garments-ltd
INTELLADV,3940,INTELLADV,caspian-corporate-services-ltd
ASHISHPO,3328,ASHISHPO,ashish-polyplast-ltd
16692004,3346815,16692004,luxury-time-ltd
GALLANTT,433,GALLANTT,gallantt-ispat-ltd
3PLAND,1016,3PLAND,3p-land-holdings-ltd
SABOOBR,3300,SABOOBR,arigato-universe-ltd
PRECWIRE,1067,PRECWIRE,precision-wires-india-ltd
BLUECHIPT,2311,BLUECHIPT,blue-chip-tex-industries-ltd
MARBU,2957,MARBU,martin-burn-ltd
HKT,4251,HKT,waaree-technologies-ltd
ARTNIRMAN,87803,ARTNIRMAN,art-nirman-ltd
IIFLCAPS,166182,IIFLCAPS,iifl-capital-services-ltd
KESORAMIND,733,KESORAMIND,kesoram-industries-ltd
DELTA,4321,DELTA,delta-industrial-resources-ltd
KIOCL,71293,KIOCL,kiocl-ltd
17360004,3203671,17360004,essex-marine-ltd
STUDDS,3309490,STUDDS,studds-accessories-ltd
MAHSEAMLES,820,MAHSEAMLES,maharashtra-seamless-ltd
NEAGI,2368,NEAGI,neelamalai-agro-industries-ltd
MEL,4114,MEL,jmj-fintech-ltd
13193188,3265323,13193188,praruh-technologies-ltd
CSSL,3343383,CSSL,clear-secured-services-ltd
AMNPLST,2276,AMNPLST,amines-plasticizers-ltd
THAKDEV,3173,THAKDEV,thakker-s-developers-ltd
AMBITIOUS,82542,AMBITIOUS,ambitious-plastomac-company-ltd
PLATIND,2074961,PLATIND,platinum-industries-ltd
SHAQUAK,3741,SHAQUAK,52-weeks-entertainment-ltd
GUJPETR,2301,GUJPETR,gujarat-petrosynthese-ltd
THACKER,2413,THACKER,thacker-company-ltd
KAJARIR,2657,KAJARIR,kic-metaliks-ltd
RAGHUSYN,2693,RAGHUSYN,raghuvir-synthetics-ltd
SANTASPN,3547,SANTASPN,jayatma-industries-ltd
HELPAGE,4201,HELPAGE,helpage-finlease-ltd
SESL,4339,SESL,mobavenue-ai-tech-ltd
NEXT30ADD,2973516,NEXT30ADD,dsp-bse-sensex-next-30-etf
NILKAMAL,943,NILKAMAL,nilkamal-ltd
SWAGRUHA,3734,SWAGRUHA,croissance-ltd
MADHAVIPL,4377,MADHAVIPL,madhav-infra-projects-ltd
MIDHANI,80900,MIDHANI,mishra-dhatu-nigam-ltd
SHRIKANHA,3347837,SHRIKANHA,shri-kanha-stainless-ltd
SERVOTEC,3745,SERVOTEC,lexoraa-industries-ltd
JSLL,856675,JSLL,jeena-sikho-lifecare-ltd
NIBL,939,NIBL,nrb-industrial-bearings-ltd
JUMBO,703,JUMBO,jumbo-bag-ltd
VOLTAS,1500,VOLTAS,voltas-ltd
VISIONCINE,3133,VISIONCINE,vision-cinemas-ltd
542034,112070,542034,s-m-gold-ltd
RULKA,2270738,RULKA,rulka-electricals-ltd
IFBAGRO,591,IFBAGRO,ifb-agro-industries-ltd
OMNIAX,3820,OMNIAX,omni-ax-s-software-ltd
COUNCODOS,287,COUNCODOS,country-condo-s-ltd
NATHBIOGEN,909,NATHBIOGEN,nath-bio-genes-india-ltd
VIVIANA,1024913,VIVIANA,viviana-power-tech-ltd
ASHAPURMIN,110,ASHAPURMIN,ashapura-minechem-ltd
INDOVATION,2840,INDOVATION,titan-intech-ltd
PRUDMOULI,82360,PRUDMOULI,prudential-sugar-corporation-ltd
ACCURACY,97150,ACCURACY,accuracy-shipping-ltd
NESTLEIND,930,NESTLEIND,nestle-india-ltd
TFL,1382,TFL,transwarranty-finance-ltd
ROSELABS,3548,ROSELABS,roselabs-finance-ltd
15070586,2218174,15070586,varyaa-creations-ltd
PEARLPOLY,1018,PEARLPOLY,pearl-polymers-ltd
SWASTIVI,2415,SWASTIVI,swasti-vinayaka-synthetics-ltd
IPPL,4323,IPPL,kotia-enterprises-ltd
ODYSSEY,3276,ODYSSEY,odyssey-technologies-ltd
CORDSCABLE,281,CORDSCABLE,cords-cable-industries-ltd
ELECTCAST,368,ELECTCAST,electrosteel-castings-ltd
ARSSBL,3270737,ARSSBL,anand-rathi-share-stock-brokers-ltd
JAGJANANI,3868,JAGJANANI,jagjanani-textiles-ltd
MYMONEY,4121,MYMONEY,my-money-securities-ltd
INNOVANA,87789,INNOVANA,innovana-thinklabs-ltd
INTEGRAEN,2221,INTEGRAEN,integra-engineering-india-ltd
VELHO,3192,VELHO,velan-hotels-ltd
OLIL,1715910,OLIL,oneclick-logistics-ltd
PARAGONF,3520,PARAGONF,paragon-finance-ltd
METROPOLIS,139598,METROPOLIS,metropolis-healthcare-ltd
15580192,1325604,15580192,earthstahl-alloys-ltd
KAMANWALA,2429,KAMANWALA,kamanwala-housing-construction-ltd
SANINFRA,3845,SANINFRA,sanmit-infra-ltd
AISL,87852,AISL,ani-integrated-services-ltd
SHANTHALA,1763539,SHANTHALA,shanthala-fmcg-products-ltd
NEPHROPLUS,3351951,NEPHROPLUS,nephrocare-health-services-ltd
COOLCAPS,845609,COOLCAPS,cool-caps-industries-ltd
PASUPATSPG,2136,PASUPATSPG,pasupati-spinning-weaving-mills-ltd
MAZDOCK,305195,MAZDOCK,mazagon-dock-shipbuilders-ltd
11251146,326255,11251146,shine-fashions-india-ltd
SRINACHA,2869,SRINACHA,sri-nachammai-cotton-mills-ltd
SERVICE,1542944,SERVICE,service-care-ltd
HOCL,568,HOCL,hindustan-organic-chemicals-ltd
SPENTA,3105,SPENTA,spenta-international-ltd
VALIANTORG,52902,VALIANTORG,valiant-organics-ltd
WSFIN,2433,WSFIN,wsfx-global-pay-ltd
AVIVA,2535,AVIVA,aviva-industries-ltd
SUKHJITS,3040,SUKHJITS,sukhjit-starch-chemicals-ltd
540492,83433,540492,starlineps-enterprises-ltd
ADIEXRE,3779,ADIEXRE,trustedge-capital-ltd
542503,131068,542503,mahip-industries-ltd
13100017,148188,13100017,dhanashree-electronics-ltd
SPICEJET,2064,SPICEJET,spicejet-ltd
RITES,92280,RITES,rites-ltd
16691671,454005,16691671,eki-energy-services-ltd
THESL,2663459,THESL,thinking-hats-entertainment-solutions-ltd
SAPTAK,82354,SAPTAK,saptak-chem-and-business-ltd
WAKEFIT,3349615,WAKEFIT,wakefit-innovations-ltd
DREDGECORP,345,DREDGECORP,dredging-corporation-of-india-ltd
NMSTEEL,2866113,NMSTEEL,newmalayalam-steel-ltd
WAAREEINDO,616,WAAREEINDO,indosolar-ltd
SUMIT,107254,SUMIT,sumit-woods-ltd
CLEAN,580869,CLEAN,clean-science-technology-ltd
VOL,52915,VOL,viram-suvarn-ltd
DOLLEX,1251830,DOLLEX,dollex-agrotech-ltd
KISAN,3267,KISAN,kisan-mouldings-ltd
11251265,2193373,11251265,greenhitech-ventures-ltd
MULTIBASE,3106,MULTIBASE,multibase-india-ltd
RITEZONE,1105230,RITEZONE,rite-zone-chemcon-india-ltd
SKP,947664,SKP,skp-bearing-industries-ltd
AMEYA,1013724,AMEYA,ameya-precision-engineers-ltd
ALOKINDS,62,ALOKINDS,alok-industries-ltd
MAITHANALL,821,MAITHANALL,maithan-alloys-ltd
SURAJLTD,3649,SURAJLTD,suraj-ltd
NILASPACES,121729,NILASPACES,nila-spaces-ltd
BECTORFOOD,369403,BECTORFOOD,mrs-bectors-food-specialities-ltd
MALLCOM,4265,MALLCOM,mallcom-india-ltd
DAMCAPITAL,2863353,DAMCAPITAL,dam-capital-advisors-ltd
MAGNAELQ,2771,MAGNAELQ,magna-electrocastings-ltd
ALFL,4146,ALFL,abhinav-leasing-finance-ltd
INTELLECT,1553,INTELLECT,intellect-design-arena-ltd
ROUTE,290299,ROUTE,route-mobile-ltd
SINDHUTRAD,3771,SINDHUTRAD,sindhu-trade-links-ltd
MACOBSTECH,2429156,MACOBSTECH,macobs-technologies-ltd
UNIECOM,2492906,UNIECOM,unicommerce-esolutions-ltd
TEAMGTY,1397,TEAMGTY,team-india-guaranty-ltd
AAATECH,307949,AAATECH,aaa-technologies-ltd
BRIJLEAS,3791,BRIJLEAS,brijlaxmi-leasing-finance-ltd
OONE,3967,OONE,objectone-information-systems-ltd
URAVIDEF,87728,URAVIDEF,uravi-defence-and-technology-ltd
SNXT30BEES,3139807,SNXT30BEES,nippon-india-bse-sensex-next-30-etf
TRANSWORLD,1230,TRANSWORLD,transworld-shipping-lines-ltd
SUDARSCHEM,1304,SUDARSCHEM,sudarshan-chemical-industries-ltd
16691931,3043646,16691931,spinaroo-commercial-ltd
ANKIN,3662,ANKIN,anka-india-ltd
IFINSER,4343,IFINSER,interactive-financial-services-ltd
AGRITECH,40,AGRITECH,agri-tech-india-ltd
VARDMNPOLY,1468,VARDMNPOLY,vardhman-polytex-ltd
509960,83523,509960,u-p-hotels-ltd
PHOGLOBAL,2656548,PHOGLOBAL,phoenix-overseas-ltd
SINCLAIR,2911,SINCLAIR,sinclairs-hotels-ltd
YCCL,1563601,YCCL,yasons-chemex-care-ltd
ANANTRAJ,78,ANANTRAJ,anant-raj-ltd
OCTAVE,2845,OCTAVE,perfect-octave-media-projects-ltd
HISARSP,2846,HISARSP,hisar-spinning-mills-ltd
ICEMAKE,87724,ICEMAKE,ice-make-refrigeration-ltd
MANDEEP,2261477,MANDEEP,mandeep-auto-industries-ltd
SARTHAKIND,1187,SARTHAKIND,sarthak-industries-ltd
KIFS,3963,KIFS,kifs-financial-services-ltd
ICICIGI,61147,ICICIGI,icici-lombard-general-insurance-company-ltd
541601,98469,541601,rajnish-wellness-ltd
GENSOL,166858,GENSOL,gensol-engineering-ltd
12120137,419286,12120137,mrp-agro-ltd
AMIRCHAND,3457159,AMIRCHAND,amir-chand-jagdish-kumar-exports-ltd
KAMADGIRI,2695,KAMADGIRI,kamadgiri-fashion-ltd
FLEXIADD,3297344,FLEXIADD,dsp-nifty500-flexicap-quality-30-etf
SYMPHONY,1341,SYMPHONY,symphony-ltd
NILE,3261,NILE,nile-ltd
VMV,4221,VMV,growington-ventures-india-ltd
TARACHAND,87849,TARACHAND,tara-chand-infralogistic-solutions-ltd
BALAMINES,152,BALAMINES,balaji-amines-ltd
NECCLTD,1983,NECCLTD,north-eastern-carrying-corporation-ltd
INERTIAST,2519,INERTIAST,asgard-alcobev-ltd
ECORECO,3364,ECORECO,eco-recycling-ltd
DHRUV,94302,DHRUV,dhruv-consultancy-services-ltd
ORIENTCEM,985,ORIENTCEM,orient-cement-ltd
CHMBBRW,2558,CHMBBRW,chambal-breweries-distilleries-ltd
BAROEXT,2636,BAROEXT,baroda-extrusion-ltd
CRSTCHM,3119,CRSTCHM,crestchem-ltd
KEL,1677303,KEL,kundan-edifice-ltd
BEL,175,BEL,bharat-electronics-ltd
MATHPLATT,2086,MATHPLATT,mpil-corporation-ltd
INDRAMEDCO,620,INDRAMEDCO,indraprastha-medical-corporation-ltd
MCON,1382498,MCON,mcon-rasayan-india-ltd
SAJHOTELS,2671525,SAJHOTELS,saj-hotels-ltd
12310682,2882793,12310682,citichem-india-ltd
JMFINANCIL,689,JMFINANCIL,jm-financial-ltd
RHIM,989,RHIM,rhi-magnesita-india-ltd
RISAINTL,3293,RISAINTL,risa-international-ltd
NIPPOBATRY,944,NIPPOBATRY,indo-national-ltd
SRF,1283,SRF,srf-ltd
UNITECH,1449,UNITECH,unitech-ltd
RTFL,4076,RTFL,real-touch-finance-ltd
PNTKYOR,3008,PNTKYOR,pentokey-organy-india-ltd
BRANDMAN,3416577,BRANDMAN,brandman-retail-ltd
17041167,1444894,17041167,innokaiz-india-ltd
AVIANSH,2653115,AVIANSH,avi-ansh-textile-ltd
SHYAMDHANI,3359193,SHYAMDHANI,shyam-dhani-industries-ltd
BALRAMCHIN,157,BALRAMCHIN,balrampur-chini-mills-ltd
IRMENERGY,1748143,IRMENERGY,irm-energy-ltd
MANAKALUCO,1572,MANAKALUCO,manaksia-aluminium-company-ltd
523844,2984,523844,constronics-infra-ltd
ANGELONE,300864,ANGELONE,angel-one-ltd
ATLANTAELE,3264361,ATLANTAELE,atlanta-electricals-ltd
GICHSGFIN,454,GICHSGFIN,gic-housing-finance-ltd
SOTL,1268,SOTL,savita-oil-technologies-ltd
ELANGO,2631,ELANGO,elango-industries-ltd
BIGBLOC,4747,BIGBLOC,bigbloc-construction-ltd
PRAJIND,1061,PRAJIND,praj-industries-ltd
MSL,4239,MSL,mangalam-seeds-ltd
SSORGS,3061,SSORGS,oxygenta-pharmaceutical-ltd
PHYTO,3085,PHYTO,phyto-chem-india-ltd
13193330,3464798,13193330,emiac-technologies-ltd
FORTIS,424,FORTIS,fortis-healthcare-ltd
WELINV,1516,WELINV,welspun-investments-commercials-ltd
INOXWIND,1627,INOXWIND,inox-wind-ltd
MEHTAHG,2505,MEHTAHG,ruparel-food-products-ltd
SKSLOGLTD,3150,SKSLOGLTD,shahi-shipping-ltd
HBESD,3818,HBESD,hb-estate-developers-ltd
PFC,1026,PFC,power-finance-corporation-ltd
SURAJ,2788,SURAJ,suraj-products-ltd
GARWAMAR,2404,GARWAMAR,garware-marine-industries-ltd
ZENIFIB,2688,ZENIFIB,zenith-fibres-ltd
ADHBHUTIN,4205,ADHBHUTIN,adhbhut-infrastructure-ltd
OSIAJEE,52911,OSIAJEE,osiajee-texfab-ltd
14620216,456044,14620216,rajeshwari-cans-ltd
HDFCVALUE,1038199,HDFCVALUE,hdfc-nifty50-value-20-etf
SPCAPIT,3303,SPCAPIT,s-p-capital-financing-ltd
SONAL,4145,SONAL,sonal-mercantile-ltd
BALAXI,1795,BALAXI,balaxi-pharmaceuticals-ltd
KRIDHANINF,1882,KRIDHANINF,kridhan-infra-ltd
MFSINTRCRP,2662,MFSINTRCRP,mfs-intercorp-ltd
HINDOILEXP,555,HINDOILEXP,hindustan-oil-exploration-company-ltd
VASCONEQ,1471,VASCONEQ,vascon-engineers-ltd
VINYOFL,3321,VINYOFL,vinyoflex-ltd
POSITRON,2508424,POSITRON,positron-energy-ltd
ALSL,3975,ALSL,alacrity-securities-ltd
NEWJAISA,1710028,NEWJAISA,newjaisa-technologies-ltd
APPLEIND,2025,APPLEIND,utique-enterprises-ltd
UMA,1251831,UMA,uma-converter-ltd
DIGITIDE,3135582,DIGITIDE,digitide-solutions-ltd
SUDARCOLOR,270,SUDARCOLOR,sudarshan-colorants-india-ltd
BSHSL,87723,BSHSL,bombay-super-hybrid-seeds-ltd
ANJANI,3507,ANJANI,anjani-synthetics-ltd
TIMESCAN,772150,TIMESCAN,timescan-logistics-india-ltd
PREMIERENE,2571009,PREMIERENE,premier-energies-ltd
VENTIVE,2866111,VENTIVE,ventive-hospitality-ltd
ITI,649,ITI,iti-ltd
RUDRAKSH,2453,RUDRAKSH,alexander-stamps-and-coin-ltd
PHOENXINTL,3140,PHOENXINTL,phoenix-international-ltd
CGRAPHICS,2168882,CGRAPHICS,creative-graphics-solutions-india-ltd
HINDUNILVR,560,HINDUNILVR,hindustan-unilever-ltd
STDSHOE,2939,STDSHOE,standard-shoe-sole-and-mould-india-ltd
TUNITEX,3576,TUNITEX,tuni-textile-mills-ltd
541445,94309,541445,waa-solar-ltd
542145,117680,542145,roni-households-ltd
11625718,2009417,11625718,rudra-gas-enterprise-ltd
523874,2989,523874,east-india-drums-and-barrels-manufacturing-ltd
PYRAMID,82938,PYRAMID,pyramid-technoplast-ltd
11251294,3267503,11251294,bhavik-enterprises-ltd
ENEXT50,3524536,ENEXT50,edelweiss-nifty-next-50-etf
CORALFINAC,3621,CORALFINAC,coral-india-finance-and-housing-ltd
13521210,2233884,13521210,storage-technologies-automation-ltd
GANGABATH,3122483,GANGABATH,ganga-bath-fittings-ltd
JJFINCOR,2915,JJFINCOR,jj-finance-corporation-ltd
DHANFAB,2856,DHANFAB,dhanlaxmi-fabrics-ltd
LORDSHOTL,3250,LORDSHOTL,lords-ishwar-hotels-ltd
KHFM,140647,KHFM,khfm-hospitality-facility-management-services-ltd
SADHAV,2059696,SADHAV,sadhav-shipping-ltd
KAYA,1761,KAYA,kaya-ltd
542459,130024,542459,kranti-industries-ltd
ARCHIES,97,ARCHIES,archies-ltd
JAICORPLTD,657,JAICORPLTD,jai-corp-ltd
USAL,3567,USAL,upsurge-investment-finance-ltd
ZENITHEXPO,1542,ZENITHEXPO,zenith-exports-ltd
JENBURPH,3074,JENBURPH,jenburkt-pharmaceuticals-ltd
POLYCHMP,3091,POLYCHMP,polymechplast-machines-ltd
ATALREAL,307946,ATALREAL,atal-realtech-ltd
HOMESFY,1259638,HOMESFY,homesfy-realty-ltd
INDIANVSH,2109,INDIANVSH,indianivesh-ltd
OASISEC,2589,OASISEC,oasis-securities-ltd
OLAELEC,2484734,OLAELEC,ola-electric-mobility-ltd
STRIDERS,3436724,STRIDERS,striders-impex-ltd
IOC,639,IOC,indian-oil-corporation-ltd
BALURTRANS,2835,BALURTRANS,balurghat-technologies-ltd
MGSL,3264362,MGSL,matrix-geo-solutions-ltd
GKWLIMITED,462,GKWLIMITED,gkw-ltd
RATNAMANI,1114,RATNAMANI,ratnamani-metals-tubes-ltd
KABRADG,3014,KABRADG,kabra-drugs-ltd
SURYAAMBA,3897,SURYAAMBA,suryaamba-spinning-mills-ltd
BALAJIPHOS,3001205,BALAJIPHOS,balaji-phosphates-ltd
GMMPFAUDLR,2213,GMMPFAUDLR,gmm-pfaudler-ltd
OMEAG,2818,OMEAG,omega-ag-seeds-punjab-ltd
16491132,3302592,16491132,game-changers-texfab-ltd
SUGALDAM,2481,SUGALDAM,sugal-damani-share-brokers-ltd
CONART,2894,CONART,conart-engineers-ltd
HEADSUP,52913,HEADSUP,heads-up-ventures-ltd
KATARIA,2429155,KATARIA,kataria-industries-ltd
SAHYADRI,3872,SAHYADRI,sahyadri-industries-ltd
RGIL,61514,RGIL,rotographics-india-ltd
NIITMTS,1603230,NIITMTS,niit-learning-systems-ltd
DSSL,348,DSSL,dynacons-systems-solutions-ltd
PVRINOX,1087,PVRINOX,pvr-inox-ltd
PTCIL,4156,PTCIL,ptc-industries-ltd
SUNTECH,3147462,SUNTECH,suntech-infra-solutions-ltd
ALGOQUANT,2244,ALGOQUANT,algoquant-fintech-ltd
RAMAVISION,2935,RAMAVISION,rama-vision-ltd
BEEKAY,4165,BEEKAY,beekay-steel-industries-ltd
NAVIGANT,4299,NAVIGANT,navigant-corporate-advisors-ltd
BMWVENTLTD,3268385,BMWVENTLTD,bmw-ventures-ltd
AARTIIND,14,AARTIIND,aarti-industries-ltd
JAGSONFI,3357,JAGSONFI,jagsonpal-services-ltd
DIGISPICE,1276,DIGISPICE,digispice-technologies-ltd
SEL,1632918,SEL,sungarner-energies-ltd
ONEPOINT,87756,ONEPOINT,one-point-one-solutions-ltd
SBICARD,188792,SBICARD,sbi-cards-and-payment-services-ltd
TEGA,743298,TEGA,tega-industries-ltd
CIL,4104,CIL,citizen-infoline-ltd
NOIDATOLL,952,NOIDATOLL,noida-toll-bridge-company-ltd
FINKURVE,2378,FINKURVE,finkurve-financial-services-ltd
OMINFRAL,971,OMINFRAL,om-infra-ltd
PANCHSHEEL,1000,PANCHSHEEL,panchsheel-organics-ltd
KIDUJA,2352,KIDUJA,kiduja-india-ltd
UNIROYAL,2866,UNIROYAL,uniroyal-industries-ltd
16691725,800718,16691725,safa-systems-technologies-ltd
CTE,294,CTE,cambridge-technology-enterprises-ltd
NAVA,917,NAVA,nava-ltd
BEEYU,3858,BEEYU,beeyu-overseas-ltd
VISHAL,4072,VISHAL,vishal-fabrics-ltd
JYOTI,2162,JYOTI,jyoti-ltd
TASTY,82529,TASTY,tasty-dairy-specialities-ltd
DCMNVL,152657,DCMNVL,dcm-nouvelle-ltd
NAMAN,2160196,NAMAN,naman-in-store-india-ltd
MFSL,845,MFSL,max-financial-services-ltd
SETUINFRA,1063,SETUINFRA,setubandhan-infrastructure-ltd
IDEAFORGE,1506759,IDEAFORGE,ideaforge-technology-ltd
DECCANTRAN,2629535,DECCANTRAN,deccan-transcon-leasing-ltd
15131301,2968483,15131301,solarium-green-energy-ltd
JTAPARIA,4054,JTAPARIA,annvrridhhi-ventures-ltd
CONCORD,4149,CONCORD,concord-drugs-ltd
ELEGANT,82223,ELEGANT,elegant-floriculture-agrotech-i-ltd
APIS,2270,APIS,apis-india-ltd
DALBHARAT,120412,DALBHARAT,dalmia-bharat-ltd
MMTC,869,MMTC,mmtc-ltd
EVERESTO,3083,EVERESTO,everest-organics-ltd
LLOYDS,1057569,LLOYDS,lloyds-luxuries-ltd
VITAL,1096252,VITAL,vital-chemtech-ltd
17090211,3344371,17090211,helloji-holidays-ltd
BBOX,39,BBOX,black-box-ltd
APCOTEXIND,89,APCOTEXIND,apcotex-industries-ltd
ABCOTS,770889,ABCOTS,ab-cotspin-india-ltd
17440007,3083640,17440007,kenrik-industries-ltd
MUKTAARTS,892,MUKTAARTS,mukta-arts-ltd
APOLLOFI,2578,APOLLOFI,apollo-finvest-india-ltd
MONGIPA,3272,MONGIPA,moongipa-capital-finance-ltd
USK,1399198,USK,udayshivakumar-infra-ltd
MEDICAPS,2922,MEDICAPS,medicaps-ltd
ICICIPRULI,4714,ICICIPRULI,icici-prudential-life-insurance-company-ltd
OLYMPTX,2848,OLYMPTX,olympia-industries-ltd
TEEAI,3007,TEEAI,teesta-agro-industries-ltd
ID,82476,ID,iconik-sports-and-events-ltd
ENFUSE,2141289,ENFUSE,enfuse-solutions-ltd
POLSON,2329,POLSON,polson-ltd
SPECTSTM,1492534,SPECTSTM,spectrum-talent-management-ltd
13193304,3321512,13193304,workmates-core2cloud-solution-ltd
MAINFRA,3616,MAINFRA,maruti-infrastructure-ltd
DABUR,303,DABUR,dabur-india-ltd
HYUNDAI,2710663,HYUNDAI,hyundai-motor-india-ltd
GFLLIMITED,512,GFLLIMITED,gfl-ltd
CURRENT,3226638,CURRENT,current-infraprojects-ltd
BNRSEC,2909,BNRSEC,b-n-rathi-securities-ltd
RAJKOTINV,4293,RAJKOTINV,rajkot-investment-trust-ltd
TAINWALCHM,1344,TAINWALCHM,tainwala-chemicals-plastics-india-ltd
MANSIFIN,2509,MANSIFIN,mansi-finance-chennai-ltd
AUROLAB,3288,AUROLAB,auro-laboratories-ltd
LEHAR,3869,LEHAR,lehar-footwears-ltd
IGIL,2845097,IGIL,international-gemological-institute-ltd
PILANIINVS,1039,PILANIINVS,pilani-investment-and-industries-corporation-ltd
ADARSHPL,3181,ADARSHPL,adarsh-plant-protect-ltd
RESPONSINF,4035,RESPONSINF,response-informatics-ltd
LUMAXIND,802,LUMAXIND,lumax-industries-ltd
COMPEAU,3450,COMPEAU,competent-automobiles-co-ltd
LAKPRE,778,LAKPRE,lakshmi-precision-screws-ltd
NATIONSTD,83402,NATIONSTD,national-standard-india-ltd
14620208,141323,14620208,gkp-printing-packaging-ltd
LASA,71295,LASA,lasa-supergenerics-ltd
MEGATHERM,1927391,MEGATHERM,megatherm-induction-ltd
KAPASHI,2572,KAPASHI,sera-investments-finance-india-ltd
IFMIMPX,2903,IFMIMPX,nms-global-ltd
NCC,918,NCC,ncc-ltd
CAPTRUST,2456,CAPTRUST,capital-trust-ltd
BASANTGL,3068,BASANTGL,basant-agro-tech-india-ltd
ARISTO,1301687,ARISTO,aristo-bio-tech-and-lifescience-ltd
KELLTONTEC,1982,KELLTONTEC,kellton-tech-solutions-ltd
TATIAGLOB,2867,TATIAGLOB,tatia-global-vennture-ltd
ABHICAP,3780,ABHICAP,abhinav-capital-services-ltd
PEIL,3896,PEIL,premier-energy-and-infrastructure-ltd
CMSINFO,755507,CMSINFO,cms-info-systems-ltd
SILINV,1240,SILINV,sil-investments-ltd
CELLPOINT,1496268,CELLPOINT,cell-point-india-ltd
ARYACAPM,4092,ARYACAPM,aryaman-capital-markets-ltd
SERVOTECH,87778,SERVOTECH,servotech-renewable-power-system-ltd
541702,100680,541702,ashnisha-industries-ltd
NEPTUNE,3111987,NEPTUNE,neptune-petrochemicals-ltd
15620067,3388489,15620067,narmadesh-brass-industries-ltd
APTECHT,95,APTECHT,aptech-ltd
MINDTECK,2757,MINDTECK,mindteck-india-ltd
GARGFUR,3360,GARGFUR,garg-furnace-ltd
MOL,635675,MOL,meghmani-organics-ltd
DEVINE,3632,DEVINE,devine-impex-ltd
13240264,3342103,13240264,purple-wave-infocom-ltd
17160496,3353497,17160496,neptune-logitek-ltd
TNIDETF,848557,TNIDETF,tata-nifty-india-digital-exchange-traded-fund
BAIDFIN,2499,BAIDFIN,baid-finserv-ltd
DSFCL,3429604,DSFCL,dcm-shriram-fine-chemicals-ltd
EMAMIREAL,373,EMAMIREAL,emami-realty-ltd
SAKUMA,1169,SAKUMA,sakuma-exports-ltd
VIPIND,1488,VIPIND,vip-industries-ltd
SYNCOMF,3028,SYNCOMF,syncom-formulation-india-ltd
11040288,1770395,11040288,vrundavan-plantation-ltd
PATSPINLTD,1012,PATSPINLTD,patspin-india-ltd
DBREALTY,309,DBREALTY,valor-estate-ltd
PGFOILQ,3190,PGFOILQ,p-g-foils-ltd
TECHERA,2663457,TECHERA,techera-engineering-india-ltd
12060144,2700682,12060144,shiv-texchem-ltd
11290696,3354106,11290696,pajson-agro-india-ltd
VRLLOG,1688,VRLLOG,vrl-logistics-ltd
ASTAR,3714,ASTAR,asian-star-company-ltd
VGL,15,VGL,varvee-global-ltd
BIBCL,3067,BIBCL,bharat-immunological-biologicals-corporation-ltd
BHARAT,4403,BHARAT,bharat-bhushan-finance-commodity-brokers-ltd
542176,119247,542176,aryan-shares-stock-brokers-ltd
AGNI,962485,AGNI,agni-green-power-ltd
SBL,4052,SBL,shivamshree-businesses-ltd
MAL,1700413,MAL,mangalam-alloys-ltd
10540066,3152007,10540066,supertech-ev-ltd
SHRICON,2380,SHRICON,shricon-industries-ltd
INDIFRA,1845604,INDIFRA,indifra-ltd
SPCL,2361949,SPCL,shivalic-power-control-ltd
DHANSA,2389160,DHANSA,dhansa-labs-ltd
IIFL,598,IIFL,iifl-finance-ltd
NAHARCAP,903,NAHARCAP,nahar-capital-financial-services-ltd
NIDHGRN,2533,NIDHGRN,nidhi-granites-ltd
VJLAXMIE,2900,VJLAXMIE,veejay-lakshmi-engineering-works-ltd
KKALPANAIND,3128,KKALPANAIND,kkalpana-lndustries-india-ltd
SHREEGANES,4284,SHREEGANES,shree-ganesh-bio-tech-india-ltd
SANOFICONR,2638456,SANOFICONR,sanofi-consumer-healthcare-india-ltd
MOBILISE,3432202,MOBILISE,mobilise-app-lab-ltd
GPPL,487,GPPL,gujarat-pipavav-port-ltd
SALORAINTL,1171,SALORAINTL,salora-international-ltd
AXIS,83020,AXIS,k-r-rail-engineering-ltd
17160456,2562901,17160456,rapid-multimodal-logistics-ltd
KANPRPLA,2336,KANPRPLA,kanpur-plastipack-ltd
GLANCE,3494,GLANCE,glance-finance-ltd
HONDAPOWER,570,HONDAPOWER,honda-india-power-products-ltd
ESTER,394,ESTER,ester-industries-ltd
LOTUSCHO,2950,LOTUSCHO,lotus-chocolate-company-ltd
SILGO,111086,SILGO,silgo-retail-ltd
VETO,1714,VETO,veto-switchgears-cables-ltd
SACHEMT,3722,SACHEMT,sacheta-metals-ltd
GUJRAFFIA,2981,GUJRAFFIA,gujarat-raffia-industries-ltd
BIOPOL,3407868,BIOPOL,biopol-chemicals-ltd
FACT,405,FACT,the-fertilisers-and-chemicals-travancore-ltd
VISAGAR,3445,VISAGAR,visagar-financial-services-ltd
ROYALARC,2983156,ROYALARC,royal-arc-electrodes-ltd
SSDUNC,2199,SSDUNC,duncan-engineering-ltd
ALFAVIO,3476,ALFAVIO,alfavision-overseas-india-ltd
RAGHUTOB,3619,RAGHUTOB,rtcl-ltd
ATMASTCO,2039498,ATMASTCO,atmastco-ltd
AJAXENGG,2972769,AJAXENGG,ajax-engineering-ltd
BRIDGESE,3292,BRIDGESE,bridge-securities-ltd
AARTISURF,244418,AARTISURF,aarti-surfactants-ltd
QUICKHEAL,1958,QUICKHEAL,quick-heal-technologies-ltd
KAMAHOLD,3851,KAMAHOLD,kama-holdings-ltd
LIQUIDETF,382144,LIQUIDETF,dsp-nifty-1d-rate-liquid-etf
AGUL,1425460,AGUL,a-g-universal-ltd
AMJLAND,1017,AMJLAND,amj-land-holdings-ltd
MHSGRMS,3196,MHSGRMS,mahasagar-travels-ltd
CEINSYS,4096,CEINSYS,ceinsys-tech-ltd
11290611,929173,11290611,goel-food-products-ltd
MASKINVEST,87829,MASKINVEST,mask-investments-ltd
ACC,22,ACC,acc-ltd
VANTAGE,3256,VANTAGE,anupam-finserv-ltd
NEELAM,2759891,NEELAM,neelam-linens-and-garments-india-ltd
NATCOPHARM,908,NATCOPHARM,natco-pharma-ltd
VGUARD,1476,VGUARD,v-guard-industries-ltd
RASIELEC,3511,RASIELEC,rasi-electrodes-ltd
UNITEDPOLY,87839,UNITEDPOLY,united-polyfab-gujarat-ltd
SONAMAC,2102498,SONAMAC,sona-machinery-ltd
13240247,3195210,13240247,takyon-networks-ltd
SVARTCORP,2551,SVARTCORP,swasti-vinayaka-art-heritage-corporation-ltd
RATHIBAR,3879,RATHIBAR,rathi-bars-ltd
SALZERELEC,1797,SALZERELEC,salzer-electronics-ltd
HPCOTTON,2131,HPCOTTON,h-p-cotton-textiles-mills-ltd
PLAZACABLE,1719121,PLAZACABLE,plaza-wires-ltd
SEAMECLTD,1198,SEAMECLTD,seamec-ltd
KINGSINFR,3285,KINGSINFR,kings-infra-ventures-ltd
JAYATMA,4155,JAYATMA,jayatma-enterprises-ltd
CELLECOR,1681352,CELLECOR,cellecor-gadgets-ltd
GAJANAND,2618335,GAJANAND,gajanand-international-ltd
UTLINDS,2085,UTLINDS,utl-industries-ltd
GANGAFORGE,98471,GANGAFORGE,ganga-forging-ltd
QUICKTOUCH,1433292,QUICKTOUCH,quicktouch-technologies-ltd
NTCIND,3184,NTCIND,ntc-industries-ltd
MONOPHARMA,1645085,MONOPHARMA,mono-pharmacare-ltd
CNIRESLTD,2515,CNIRESLTD,tomorrow-technologies-global-innovations-ltd
13521165,1615359,13521165,bondada-engineering-ltd
BONLON,237140,BONLON,bonlon-industries-ltd
KRT,3203669,KRT,knowledge-realty-trust
RELINFRA,1129,RELINFRA,reliance-infrastructure-ltd
CHEMTECH,4008,CHEMTECH,chemtech-industrial-valves-ltd
RELIANCE,1127,RELIANCE,reliance-industries-ltd
MIVENMACH,2879,MIVENMACH,miven-machine-tools-ltd
NITIRAJ,87790,NITIRAJ,nitiraj-engineers-ltd
OMFURN,87863,OMFURN,omfurn-india-ltd
16150007,148004,16150007,anand-rayons-ltd
13521176,1787963,13521176,arrowhead-seperation-engineering-ltd
JUBLPHARMA,700,JUBLPHARMA,jubilant-pharmova-ltd
MERCANTILE,4144,MERCANTILE,mercantile-ventures-ltd
TRIUMPH,82577,TRIUMPH,triumph-international-finance-india-ltd
DHANBANK,326,DHANBANK,dhanlaxmi-bank-ltd
BERVINL,3554,BERVINL,bervin-investment-leasing-ltd
AKG,108995,AKG,akg-exim-ltd
SPENCERS,125678,SPENCERS,spencers-retail-ltd
GURUNANAK,3267504,GURUNANAK,gurunanak-agriculture-india-ltd
ACETEC,3441358,ACETEC,acetech-e-commerce-ltd
JWL,245,JWL,jupiter-wagons-ltd
SIEMENS,1237,SIEMENS,siemens-ltd
COCHMAL,2366,COCHMAL,cochin-malabar-estates-industries-ltd
INTLCOMBQ,2246,INTLCOMBQ,international-combustion-india-ltd
KENVI,82482,KENVI,kenvi-jewels-ltd
RODIUM,3707,RODIUM,rodium-realty-ltd
TATACONSUM,1359,TATACONSUM,tata-consumer-products-ltd
14620225,760084,14620225,clara-industries-ltd
STELLANT,3093,STELLANT,stellant-securities-india-ltd
KMFBLDR,3628,KMFBLDR,kmf-builders-developers-ltd
UTIAMC,305194,UTIAMC,uti-asset-management-company-ltd
DUCON,352,DUCON,ducon-infratechnologies-ltd
WHIRLPOOL,1521,WHIRLPOOL,whirlpool-of-india-ltd
COMPUPN,2339,COMPUPN,computer-point-ltd
LAKSHYA,2711839,LAKSHYA,lakshya-powertech-ltd
IDENTICAL,2855807,IDENTICAL,identical-brains-studios-ltd
GATEWAY,852172,GATEWAY,gateway-distriparks-ltd
17270032,3516456,17270032,autofurnish-ltd
AGROPHOS,57464,AGROPHOS,agro-phos-india-ltd
VASA,87879,VASA,vasa-retail-and-overseas-ltd
ARE&M,68,ARE&M,amara-raja-energy-mobility-ltd
MADHAV,810,MADHAV,madhav-marbles-granites-ltd
AMRUTANJAN,74,AMRUTANJAN,amrutanjan-health-care-ltd
MARALOVER,838,MARALOVER,maral-overseas-ltd
QUINTEGRA,1088,QUINTEGRA,quintegra-solutions-ltd
SHIVATEX,1223,SHIVATEX,shiva-texyarn-ltd
NETLINK,2388,NETLINK,netlink-solutions-india-ltd
SOUTHMG,2635,SOUTHMG,southern-magnesium-chemicals-ltd
14094099,2923597,14094099,rikhav-securities-ltd
RHL,1441642,RHL,robust-hotels-ltd
VALLABHSQ,2624,VALLABHSQ,vallabh-steels-ltd
SILVOAK,3648,SILVOAK,silver-oak-india-ltd
LAHL,4745,LAHL,ladam-affordable-housing-ltd
KRITINUT,3903,KRITINUT,kriti-nutrients-ltd
RETRO,82260,RETRO,retro-green-revolution-ltd
VXLINSTR,2764,VXLINSTR,vxl-instruments-ltd
DJSSS,4512,DJSSS,djs-stock-shares-ltd
CHEMCRUX,61529,CHEMCRUX,chemcrux-enterprises-ltd
REXPIPES,608073,REXPIPES,rex-pipes-and-cables-industries-ltd
POLYSIL,2009418,POLYSIL,polysil-irrigation-systems-ltd
ZSARACOM,2516,ZSARACOM,saraswati-commercial-india-ltd
7SEAS,4394,7SEAS,7seas-entertainment-ltd
DCI,176648,DCI,dc-infotech-and-communication-ltd
HARRMALAYA,522,HARRMALAYA,harrisons-malayalam-ltd
NETWORK18,932,NETWORK18,network18-media-investments-ltd
GULPOLY,1567,GULPOLY,gulshan-polyols-ltd
INLANPR,3390,INLANPR,inland-printers-ltd
SHAREINDIA,71326,SHAREINDIA,share-india-securities-ltd
HPAL,752901,HPAL,hp-adhesives-ltd
DRONE,1530830,DRONE,drone-destination-ltd
RCCL,4087,RCCL,rajasthan-cylinders-containers-ltd
VISHWARAJ,166857,VISHWARAJ,vishwaraj-sugar-industries-ltd
15070580,1563599,15070580,khazanchi-jewellers-ltd
SUNFLAG,1314,SUNFLAG,sunflag-iron-steel-company-ltd
BAZEL,82672,BAZEL,bazel-international-ltd
EPIGRAL,634820,EPIGRAL,epigral-ltd
DUCOL,1281423,DUCOL,ducol-organics-colours-ltd
SHREERAMA,1227,SHREERAMA,shree-rama-multi-tech-ltd
SUMMITSEC,1308,SUMMITSEC,summit-securities-ltd
12140098,2678744,12140098,nexxus-petro-industries-ltd
ADIRASA,3634,ADIRASA,genpharmasec-ltd
NFL,936,NFL,national-fertilizers-ltd
OAL,2033,OAL,oriental-aromatics-ltd
VIKASPROP,3610,VIKASPROP,vikas-proppant-granite-ltd
ICICIB22,382125,ICICIB22,icici-prudential-bharat-22-etf
HDFCGROWTH,1035268,HDFCGROWTH,hdfc-nifty-growth-sectors-15-etf
LEADFIN,3536,LEADFIN,lead-financial-services-ltd
VIJAYPD,3273756,VIJAYPD,vijaypd-ceutical-ltd
MTNL,888,MTNL,mahanagar-telephone-nigam-ltd
PRITHVISOF,1076,PRITHVISOF,prithvi-exchange-india-ltd
MEDIAONE,4534,MEDIAONE,mediaone-global-entertainment-ltd
BSE,52884,BSE,bse-ltd
GANGESSECU,61538,GANGESSECU,ganges-securities-ltd
543375,690521,543375,promax-power-ltd
15211073,2853306,15211073,nacdac-infrastructure-ltd
NDGL,71304,NDGL,naga-dhunseri-group-ltd
APLAB,90,APLAB,aplab-ltd
SUNTV,1318,SUNTV,sun-tv-network-ltd
UNITINT,3721,UNITINT,unitech-international-ltd
BGJL,61532,BGJL,guru-krupa-gems-and-jewellery-ltd
PRIMIND,2806,PRIMIND,prime-industries-ltd
SPIC,1275,SPIC,southern-petrochemicals-industries-corporation-ltd
SHEKHAWATI,1279,SHEKHAWATI,shekhawati-industries-ltd
KRYPTONQ,2955,KRYPTONQ,krypton-industries-ltd
3BBLACKBIO,3781,3BBLACKBIO,3b-blackbio-dx-ltd
10700032,3247269,10700032,nilachal-carbo-metalicks-ltd
SICAGEN,1235,SICAGEN,sicagen-india-ltd
TIINDIA,67548,TIINDIA,tube-investments-of-india-ltd
SACHEEROME,3127454,SACHEEROME,sacheerome-ltd
GODAVARI,3310,GODAVARI,godavari-drugs-ltd
HAWAENG,4203,HAWAENG,hawa-engineers-ltd
540936,83429,540936,gautam-gems-ltd
PRLIND,2258960,PRLIND,premier-roadlines-ltd
VASWANI,1472,VASWANI,vaswani-industries-ltd
MYSORPETRO,2298,MYSORPETRO,mysore-petro-chemicals-ltd
DURLAX,2347589,DURLAX,durlax-top-surface-ltd
SMARTFIN,4292,SMARTFIN,smart-finsec-ltd
13160045,1468533,13160045,hemant-surgical-industries-ltd
COLPAL,276,COLPAL,colgate-palmolive-india-ltd
SHERVANI,3099,SHERVANI,shervani-industrial-syndicate-ltd
CROWN,87851,CROWN,crown-lifters-ltd
16530407,3043645,16530407,aten-papers-foam-ltd
11625772,3272995,11625772,valplast-technologies-ltd
DEVYANI,616664,DEVYANI,devyani-international-ltd
17090206,3220745,17090206,lgt-business-connextions-ltd
WIREFABR,2338,WIREFABR,wires-and-fabriks-s-a-ltd
SAHARAHOUS,2460,SAHARAHOUS,sahara-housingfina-corporation-ltd
15070573,943494,15070573,veerkrupa-jewellers-ltd
ANDHRAPAP,641,ANDHRAPAP,andhra-paper-ltd
TCIFINANCE,1370,TCIFINANCE,tci-finance-ltd
INFOBEAN,87792,INFOBEAN,infobeans-technologies-ltd
SYSTANGO,1382500,SYSTANGO,systango-technologies-ltd
SKRABUL,3607,SKRABUL,shukra-bullions-ltd
SHRADHA,87759,SHRADHA,shradha-realty-ltd
RAMINFO,3429,RAMINFO,ram-info-ltd
MIDWESTLTD,3291682,MIDWESTLTD,midwest-ltd
SAMBHAAV,1174,SAMBHAAV,sambhaav-media-ltd
BCPL,113089,BCPL,bcpl-railway-infrastructure-ltd
KOLTEPATIL,755,KOLTEPATIL,kolte-patil-developers-ltd
15210841,710817,15210841,suyog-gurbaxani-funicular-ropeways-ltd
TREJHARA,121730,TREJHARA,trejhara-solutions-ltd
15100189,2897926,15100189,parmeshwar-metal-ltd
FORTISMLR,2968,FORTISMLR,fortis-malar-hospitals-ltd
EXIMROUTES,3358155,EXIMROUTES,exim-routes-ltd
ZODJRDMKJ,1547,ZODJRDMKJ,zodiac-jrd-mkj-ltd
RAMSONS,3425,RAMSONS,ramsons-projects-ltd
SOLEX,87785,SOLEX,solex-energy-ltd
RKFORGE,1140,RKFORGE,ramkrishna-forgings-ltd
OSWALSUG,2069,OSWALSUG,indian-sucrose-ltd
BRIGADE,219,BRIGADE,brigade-enterprises-ltd
SOLIDSTON,2658,SOLIDSTON,solid-stone-company-ltd
WINSOL,2242834,WINSOL,winsol-engineers-ltd
SELMC,1201,SELMC,sel-manufacturing-company-ltd
SINNAR,2411,SINNAR,sinnar-bidi-udyog-ltd
RADIANTCMS,1255350,RADIANTCMS,radiant-cash-management-services-ltd
MAXESTATES,1771763,MAXESTATES,max-estates-ltd
COALINDIA,275,COALINDIA,coal-india-ltd
JPPOWER,695,JPPOWER,jaiprakash-power-ventures-ltd
NATCAPSUQ,3065,NATCAPSUQ,natural-capsules-ltd
MOHITPPR,3273,MOHITPPR,mohit-paper-mills-ltd
MADRASFERT,812,MADRASFERT,madras-fertilizers-ltd
TOWASOK,3692,TOWASOK,shraddha-prime-projects-ltd
AGSTRA,790910,AGSTRA,ags-transact-technologies-ltd
13521157,1520711,13521157,alphalogic-industries-ltd
PVP,1086,PVP,pvp-ventures-ltd
1STCUS,2428,1STCUS,first-custodian-fund-india-ltd
OPTIFIN,3519,OPTIFIN,optimus-finance-ltd
TORNTPOWER,1410,TORNTPOWER,torrent-power-ltd
543934,1542447,543934,machhar-industries-ltd
RAJESHEXPO,1094,RAJESHEXPO,rajesh-exports-ltd
TRIVENSHET,2121,TRIVENSHET,triveni-glass-ltd
PCS,2744,PCS,pcs-technology-ltd
NGIND,3418,NGIND,n-g-industries-ltd
11251247,1677302,11251247,quest-flow-controls-ltd
SSWRL,2634,SSWRL,shree-steel-wire-ropes-ltd
SAHAJSOLAR,2414040,SAHAJSOLAR,sahaj-solar-ltd
KTIL,774,KTIL,kesar-terminals-infrastructure-ltd
17440003,2324989,17440003,magenta-lifecare-ltd
ICL,4116,ICL,indo-cotspin-ltd
JUSTDIAL,704,JUSTDIAL,just-dial-ltd
KAKATCEM,710,KAKATCEM,kakatiya-cement-sugar-industries-ltd
AJCON,2488,AJCON,ajcon-global-services-ltd
ANNAINFRA,3394,ANNAINFRA,anna-infrastructures-ltd
16550753,2978667,16550753,shanmuga-hospital-ltd
DHANROTO,2863,DHANROTO,dhanalaxmi-roto-spinners-ltd
EKAMLEA,3353,EKAMLEA,ekam-leasing-finance-company-ltd
KAYNES,1124672,KAYNES,kaynes-technology-india-ltd
ELLEN,3147464,ELLEN,ellenbarrie-industrial-gases-ltd
KARMAENG,719,KARMAENG,karma-energy-ltd
ADVIKLA,3669,ADVIKLA,mps-pharma-ltd
ASHIKA,4396,ASHIKA,ashika-credit-capital-ltd
SUNDROP,125,SUNDROP,sundrop-brands-ltd
DIRL,87738,DIRL,dhanuka-infra-realty-ltd
AFFORDABLE,94314,AFFORDABLE,affordable-robotic-automation-ltd
MATRIMONY,60598,MATRIMONY,matrimony-com-ltd
PENTAGON,1506001,PENTAGON,pentagon-rubber-ltd
13193333,3385843,13193333,defrail-technologies-ltd
BALAJITELE,151,BALAJITELE,balaji-telefilms-ltd
PALCO,4188,PALCO,palco-metals-ltd
15070576,1376800,15070576,amanaya-ventures-ltd
11290631,1392447,11290631,prospect-consumer-products-ltd
NYSSACORP,2181,NYSSACORP,nyssa-corporation-ltd
RUBYTEL,4097,RUBYTEL,panabyte-technologies-ltd
YASHRAJC,3249,YASHRAJC,yashraj-containeurs-ltd
APUNKA,4283,APUNKA,panorama-studios-international-ltd
TNSTLTU,4448,TNSTLTU,tamil-nadu-steel-tubes-ltd
10780045,3153042,10780045,marc-loire-fashions-ltd
IFL,82340,IFL,ifl-enterprises-ltd
IKIO,1485423,IKIO,ikio-technologies-ltd
POWERGRID,1057,POWERGRID,power-grid-corporation-of-india-ltd
RPPINFRA,1150,RPPINFRA,rpp-infra-projects-ltd
540332,83320,540332,tanvi-foods-india-ltd
TSC,3185621,TSC,tsc-india-ltd
COCHINM,2621,COCHINM,cochin-minerals-rutile-ltd
JFLLIFE,1005462,JFLLIFE,jfl-life-sciences-ltd
540404,83508,540404,prime-fresh-ltd
BMETRICS,676912,BMETRICS,bombay-metrics-supply-chain-ltd
BLUECOAST,207,BLUECOAST,blue-coast-hotels-ltd
ZEEMEDIA,1539,ZEEMEDIA,zee-media-corporation-ltd
ALBERTDAVD,2999,ALBERTDAVD,albert-david-ltd
KONSTELEC,1912621,KONSTELEC,konstelec-engineers-ltd
ROSSTECH,2839785,ROSSTECH,rossell-techsys-ltd
VIVIMEDLAB,1495,VIVIMEDLAB,vivimed-labs-ltd
ATL,1611704,ATL,allcargo-terminals-ltd
KALLAM,3282,KALLAM,kallam-textiles-ltd
SHIVACEM,3813,SHIVACEM,shiva-cement-ltd
NIRAJISPAT,87844,NIRAJISPAT,niraj-ispat-industries-ltd
ASAHIINDIA,107,ASAHIINDIA,asahi-india-glass-ltd
RPIL,3127,RPIL,hampton-sky-realty-ltd
AVROIND,100679,AVROIND,avro-india-ltd
NUVOCO,622855,NUVOCO,nuvoco-vistas-corporation-ltd
ABSLLIQUID,1397282,ABSLLIQUID,aditya-birla-sun-life-crisil-liquid-overnight-etf
540204,83462,540204,eiko-lifesciences-ltd
HARIGOV,3752,HARIGOV,popees-baby-care-india-ltd
INDBNK,2948,INDBNK,ind-bank-housing-ltd
DIVISLAB,336,DIVISLAB,divi-s-laboratories-ltd
KPEL,4341,KPEL,k-p-energy-ltd
PAR,142662,PAR,par-drugs-chemicals-ltd
REXPRO,2934616,REXPRO,rexpro-enterprises-ltd
DUTRON,2770,DUTRON,dutron-polymers-ltd
KRISHCA,1462195,KRISHCA,krishca-strapping-solutions-ltd
MAWANASUG,844,MAWANASUG,mawana-sugars-ltd
KARTKIN,4407,KARTKIN,kartik-investments-trust-ltd
FELIX,87797,FELIX,felix-industries-ltd
PRAKASH,1062,PRAKASH,prakash-industries-ltd
ANJANIFOODS,2435,ANJANIFOODS,anjani-foods-ltd
GHUSHINE,4372,GHUSHINE,ghushine-fintrrade-ocean-ltd
14095613,2101521,14095613,pune-e-stock-broking-ltd
17230002,2340944,17230002,gem-enviro-management-ltd
KSE,770,KSE,kse-ltd
IL&FSTRANS,601,IL&FSTRANS,il-fs-transportation-networks-ltd
SHIVALIK,4195,SHIVALIK,shivalik-rasayan-ltd
GLOBUSSPR,468,GLOBUSSPR,globus-spirits-ltd
TCMLMTD,3004,TCMLMTD,tcm-ltd
PURSHOTTAM,4079,PURSHOTTAM,purshottam-investofin-ltd
BEDMUTHA,174,BEDMUTHA,bedmutha-industries-ltd
VICTMILL,2142,VICTMILL,victoria-mills-ltd
RTSPOWR,3503,RTSPOWR,rts-power-corporation-ltd
MAHASTEEL,2648,MAHASTEEL,mahamaya-steel-industries-ltd
17180119,2632762,17180119,sodhani-academy-of-fintech-enablers-ltd
SOLIMAC,2886,SOLIMAC,solitaire-machine-tools-ltd
AFEL,4037,AFEL,a-f-enterprises-ltd
SDREAMS,2643520,SDREAMS,s-d-retail-ltd
PRAENG,1060,PRAENG,prajay-engineers-syndicate-ltd
APOLLOPIPE,3689,APOLLOPIPE,apollo-pipes-ltd
17080258,790311,17080258,alkosign-ltd
SJVN,1250,SJVN,sjvn-ltd
DELAPLEX,1924504,DELAPLEX,delaplex-ltd
DVL,342,DVL,dhunseri-ventures-ltd
16030605,2339642,16030605,united-cotfab-ltd
FORCAS,2523811,FORCAS,forcas-studio-ltd
SBGLP,258450,SBGLP,suratwwala-business-group-ltd
SENCO,1525832,SENCO,senco-gold-ltd
MOSCHIP,3841,MOSCHIP,moschip-technologies-ltd
HDFCQUAL,1038198,HDFCQUAL,hdfc-nifty100-quality-30-etf
16692005,3342105,16692005,exato-technologies-ltd
13192986,1046674,13192986,containe-technologies-ltd
SPCON,3445234,SPCON,srinibas-pradhan-constructions-ltd
JAIBALAJI,656,JAIBALAJI,jai-balaji-industries-ltd
RUBRAME,61507,RUBRAME,centuple-global-ltd
ANURAS,445360,ANURAS,anupam-rasayan-india-ltd
MOQUALITY,1007421,MOQUALITY,motilal-oswal-s-p-bse-quality-etf
GICRE,63527,GICRE,general-insurance-corporation-of-india
16110028,1834813,16110028,shanti-spintex-ltd
MANVIJAY,4150,MANVIJAY,wardwizard-innovations-mobility-ltd
S&SPOWER,82525,S&SPOWER,s-s-power-switchgear-ltd
EMKAYTOOLS,87768,EMKAYTOOLS,emkay-taps-and-cutting-tools-ltd
14580111,2900640,14580111,indobell-insulations-ltd
890231,3394391,890231,anirit-ventures-ltd-partly-paidup
TIRUSTA,3046,TIRUSTA,tirupati-starch-chemicals-ltd
DISHTV,335,DISHTV,dish-tv-india-ltd
SHARDFI,2706,SHARDFI,eco-hotels-and-resorts-ltd
17154857,1280466,17154857,logica-infoway-ltd
11251276,3007191,11251276,naps-global-india-ltd
BENGALASM,3895,BENGALASM,bengal-assam-company-ltd
SHHARICH,3017,SHHARICH,shree-hari-chemicals-export-ltd
UNJHAFOR,3690,UNJHAFOR,unjha-formulations-ltd
SIDDHESWARI,82604,SIDDHESWARI,siddheswari-garments-ltd
TEMBO,103646,TEMBO,tembo-global-industries-ltd
BCG,1722,BCG,brightcom-group-ltd
VIDLI,4330,VIDLI,vikram-kamats-hospitality-ltd
KESARPE,3005,KESARPE,kesar-petroproducts-ltd
SYNGENE,1771,SYNGENE,syngene-international-ltd
AEPL,141322,AEPL,artemis-electricals-and-projects-ltd
DENTALKART,1475128,DENTALKART,vasa-denticity-ltd
ABLBL,3148199,ABLBL,aditya-birla-lifestyle-brands-ltd
INDIACEM,607,INDIACEM,india-cements-ltd
WINNY,2355697,WINNY,winny-immigration-education-services-ltd
JAGRAN,654,JAGRAN,jagran-prakashan-ltd
CPL,4000,CPL,captain-polyplast-ltd
CAMPUS,877863,CAMPUS,campus-activewear-ltd
HLVLTD,571,HLVLTD,hlv-ltd
KOTHARIPRO,761,KOTHARIPRO,kothari-products-ltd
KKVAPOW,87830,KKVAPOW,kkv-agro-powers-ltd
SILLYMONKS,87880,SILLYMONKS,silly-monks-entertainment-ltd
542592,133758,542592,humming-bird-education-ltd
12541731,1368274,12541731,patron-exim-ltd
SIPL,3204,SIPL,shelter-infra-projects-ltd
HARIAAPL,4029,HARIAAPL,haria-apparels-ltd
B2BSOFT,3525,B2BSOFT,b2b-software-technologies-ltd
TNTELE,1406,TNTELE,tamilnadu-telecommunications-ltd
UNIAUTO,4249,UNIAUTO,universal-autofoundry-ltd
GODFRYPHLP,475,GODFRYPHLP,godfrey-phillips-india-ltd
BNALTD,2362,BNALTD,b-a-ltd
GLITTEKG,2642,GLITTEKG,glittek-granites-ltd
GUJCRAFT,3230,GUJCRAFT,gujarat-craft-industries-ltd
SINTERCOM,82125,SINTERCOM,sintercom-india-ltd
17037,97112,17037,kcd-industries-india-ltd
BALAJEE,2609233,BALAJEE,shree-tirupati-balajee-agro-trading-company-ltd
SANRHEA,82991,SANRHEA,sanrhea-technical-textiles-ltd
ZENITHHE,3366,ZENITHHE,zenith-healthcare-ltd
GANESHCP,3264360,GANESHCP,ganesh-consumer-products-ltd
INANISEC,3661,INANISEC,inani-securities-ltd
TOTAL,87886,TOTAL,total-transport-systems-ltd
AATMAJ,1504303,AATMAJ,aatmaj-healthcare-ltd
COCHINSHIP,57095,COCHINSHIP,cochin-shipyard-ltd
ANMOL,129318,ANMOL,anmol-india-ltd
TIMKEN,1399,TIMKEN,timken-india-ltd
TTML,1423,TTML,tata-teleservices-maharashtra-ltd
VIVOBIOT,2458,VIVOBIOT,vivo-bio-tech-ltd
JDORGOCHEM,3049,JDORGOCHEM,jaysynth-orgochem-ltd
SADHNA,83119,SADHNA,crystal-business-system-ltd
ISGEC,3892,ISGEC,isgec-heavy-engineering-ltd
SAIFL,1845605,SAIFL,sameera-agro-and-infra-ltd
ABHIINFRA,4307,ABHIINFRA,abhishek-infraventures-ltd
OILIETF,2423854,OILIETF,icici-prudential-nifty-oil-gas-etf
MADHAVBAUG,814730,MADHAVBAUG,vaidya-sane-ayurved-laboratories-ltd
ESSARSHPNG,391,ESSARSHPNG,essar-shipping-ltd
15040065,3405350,15040065,kanishk-aluminium-india-ltd
HPIL,180851,HPIL,hindprakash-industries-ltd
CHAVDA,1674694,CHAVDA,chavda-infra-ltd
HAVELLS,525,HAVELLS,havells-india-ltd
CENTURYPLY,252,CENTURYPLY,century-plyboards-india-ltd
SOVERDIA,2980,SOVERDIA,sovereign-diamonds-ltd
SSLFINANCE,3349,SSLFINANCE,koiya-international-ltd
11120241,3265322,11120241,solvex-edibles-ltd
RAJASPETRO,2310,RAJASPETRO,rajasthan-petro-synthetics-ltd
SOMDUTTFIN,2466,SOMDUTTFIN,crescentis-capital-ltd
VAGHANI,3664,VAGHANI,emrock-corporation-ltd
KRSNAA,620545,KRSNAA,krsnaa-diagnostics-ltd
541444,94305,541444,palm-jewels-ltd
DHANUKA,327,DHANUKA,dhanuka-agritech-ltd
RAILTEL,424520,RAILTEL,railtel-corporation-of-india-ltd
SARTELE,1770397,SARTELE,sar-televenture-ltd
GROWWLOVOL,3145450,GROWWLOVOL,groww-nifty-500-low-volatility-50-etf
DATASOFT,3134,DATASOFT,artificial-electronics-intelligent-material-ltd
CONTICON,3592,CONTICON,continental-controls-ltd
541771,103648,541771,amin-tannery-ltd
SBIETFQLTY,382135,SBIETFQLTY,sbi-etf-quality
538451,4047,538451,worth-investment-and-trading-company-ltd
DIAMINESQ,2034,DIAMINESQ,diamines-chemicals-ltd
ADMANUM,2444,ADMANUM,ad-manum-finance-ltd
PARAMATRIX,2571011,PARAMATRIX,paramatrix-technologies-ltd
SWANCORP,1338,SWANCORP,swan-corp-ltd
543914,1516440,543914,swati-projects-ltd
ADISOFT,3489919,ADISOFT,adisoft-technologies-ltd
EPSOMPRO,3475,EPSOMPRO,epsom-properties-ltd
SOTAC,1412794,SOTAC,sotac-pharmaceuticals-ltd
KINGFA,577,KINGFA,kingfa-science-technology-india-ltd
VCU,3989,VCU,vcu-data-management-ltd
RCL,4335,RCL,radhagobind-commercial-ltd
13510415,3367525,13510415,apollo-techno-industries-ltd
14094980,140624,14094980,energy-infrastructure-trust
ATAM,299367,ATAM,atam-valves-ltd
COASTCORP,2111,COASTCORP,coastal-corporation-ltd
IFGLEXPOR,71289,IFGLEXPOR,ifgl-refractories-ltd
MODIS,939989,MODIS,modis-navnirman-ltd
SAGILITY,2757688,SAGILITY,sagility-ltd
PENINLAND,1021,PENINLAND,peninsula-land-ltd
TYROON,3225,TYROON,tyroon-tea-company-ltd
REMIEDEL,2604,REMIEDEL,remi-edelstahl-tubulars-ltd
JARO,3267081,JARO,jaro-institute-of-technology-management-and-research-ltd
PARNAXLAB,2264,PARNAXLAB,parnax-lab-ltd
RPSGVENT,125680,RPSGVENT,rpsg-ventures-ltd
TARC,376564,TARC,tarc-ltd
ARIHANTSUP,2275,ARIHANTSUP,arihant-superstructures-ltd
KCK,940241,KCK,kck-industries-ltd
ACL,80,ACL,andhra-cements-ltd
CEREBRAINT,255,CEREBRAINT,cerebra-integrated-technologies-ltd
LANDMARC,3808,LANDMARC,landmarc-leisure-corporation-ltd
FORCEMOT,2028,FORCEMOT,force-motors-ltd
AMBER,73518,AMBER,amber-enterprises-india-ltd
PARTYCRUS,430586,PARTYCRUS,party-cruisers-ltd
15990146,3283428,15990146,mittal-sections-ltd
FMCGADD,3521614,FMCGADD,dsp-nifty-fmcg-etf
RKDL,1139,RKDL,ravi-kumar-distilleries-ltd
ALFATRAN,2782,ALFATRAN,alfa-transformers-ltd
ROOPAIND,3439,ROOPAIND,roopa-industries-ltd
SAPPL,4110,SAPPL,shree-ajit-pulp-paper-ltd
RUCHIRA,1156,RUCHIRA,ruchira-papers-ltd
JAYAGROGN,661,JAYAGROGN,jayant-agro-organics-ltd
16691906,2597186,16691906,mach-travel-solutions-ltd
ORIENT,82889,ORIENT,orient-tradelink-ltd
ABGHEAVY,2839,ABGHEAVY,starlog-enterprises-ltd
OSELDEVICE,2632760,OSELDEVICE,osel-devices-ltd
BENGALTEA,3805,BENGALTEA,bengal-tea-and-fabrics-ltd
AMBANIORGO,98705,AMBANIORGO,ambani-orgochem-ltd
EXPLEOSOL,1280,EXPLEOSOL,expleo-solutions-ltd
15070030,4404,15070030,rajnish-retail-ltd
ASTRON,65396,ASTRON,astron-paper-board-mill-ltd
12541709,1014017,12541709,dipna-pharmachem-ltd
ALKYLAMINE,58,ALKYLAMINE,alkyl-amines-chemicals-ltd
ENERGYDEV,379,ENERGYDEV,energy-development-company-ltd
DECOMIC,3509,DECOMIC,deco-mica-ltd
VINEETLAB,551600,VINEETLAB,vineet-laboratories-ltd
PRATHAM,2114462,PRATHAM,pratham-epc-projects-ltd
GSS,503,GSS,gss-infotech-ltd
KANSHST,2632,KANSHST,kanishk-steel-industries-ltd
PUSHPANJALI,82178,PUSHPANJALI,trescon-ltd
KARNIKA,1719122,KARNIKA,karnika-industries-ltd
VAL30IETF,2739378,VAL30IETF,icici-prudential-nifty200-value-30-etf
GANECOS,1563,GANECOS,ganesha-ecosphere-ltd
ASHALOG,2470256,ASHALOG,ashapura-logistics-ltd
VIDHIING,1986,VIDHIING,vidhi-specialty-food-ingredients-ltd
NAYSAA,4082,NAYSAA,meghna-infracon-infrastructure-ltd
EFORCE,1839018,EFORCE,electro-force-india-ltd
JUNIPER,2049000,JUNIPER,juniper-hotels-ltd
MAGADSUGAR,61541,MAGADSUGAR,magadh-sugar-energy-ltd
AERON,2571008,AERON,aeron-composite-ltd
QVCEL,2560192,QVCEL,qvc-exports-ltd
16140009,3381455,16140009,yajur-fibres-ltd
VALUE,3468808,VALUE,mirae-asset-nifty-500-value-50-etf
GSFC,499,GSFC,gujarat-state-fertilizer-chemicals-ltd
NAGREEKEXP,902,NAGREEKEXP,nagreeka-exports-ltd
TRANSPEK,2297,TRANSPEK,transpek-industry-ltd
ISFT,645,ISFT,intrasoft-technologies-ltd
GTL,504,GTL,gtl-ltd
PANELEC,2763,PANELEC,pan-electronics-india-ltd
ADROITINFO,1783,ADROITINFO,adroit-infotech-ltd
AJANTSOY,2798,AJANTSOY,ajanta-soya-ltd
CENTRUM,2094,CENTRUM,centrum-capital-ltd
12541738,1610328,12541738,shelter-pharma-ltd
ELGNZ,2964701,ELGNZ,eleganz-interiors-ltd
SBILIFE,60957,SBILIFE,sbi-life-insurance-company-ltd
ZODIAC,87823,ZODIAC,zodiac-energy-ltd
MODWOOL,2152,MODWOOL,modella-woollens-ltd
539991,82333,539991,confidence-futuristic-energetech-ltd
ALLETEC,1190657,ALLETEC,all-e-technologies-ltd
TIPSMUSIC,1401,TIPSMUSIC,tips-music-ltd
MOVALUE,1007420,MOVALUE,motilal-oswal-s-p-bse-enhanced-value-etf
VDEAL,2574617,VDEAL,vdeal-system-ltd
ADVPETR-B,2308,ADVPETR-B,advance-petrochemicals-ltd
SIGIND,1238,SIGIND,signet-industries-ltd
TBI,2306832,TBI,tbi-corn-ltd
FRASER,4168,FRASER,fraser-company-ltd
13130038,142088,13130038,evans-electric-ltd
MAFANG,505928,MAFANG,mirae-asset-nyse-fang-etf
FOODSIN,2326,FOODSIN,foods-inns-ltd
7191,1422940,7191,j-a-finance-ltd
QUALITY30,3186333,QUALITY30,kotak-nifty200-quality-30-etf
EVERTEX,2669,EVERTEX,newtrac-foods-beverages-ltd
SIGMA,307950,SIGMA,sigma-solve-ltd
13193123,2315238,13193123,sattrix-information-security-ltd
EMMESSA,3081,EMMESSA,emmessar-biotech-nutrition-ltd
JSL,696,JSL,jindal-stainless-ltd
HEMANG,3488,HEMANG,hemang-resources-ltd
IEML,2258957,IEML,indian-emulsifiers-ltd
NIHARINF,3460,NIHARINF,nihar-info-global-ltd
RFSL,4278,RFSL,richfield-financial-services-ltd
ASIANTNE,2823,ASIANTNE,asian-tea-exports-ltd
PTC,1081,PTC,ptc-india-ltd
AMBALALSA,2023,AMBALALSA,ambalal-sarabhai-enterprises-ltd
HBPOR,3817,HBPOR,hb-portfolio-ltd
13521121,803416,13521121,maruti-interior-products-ltd
NAM,4040,NAM,nam-securities-ltd
ADL,309350,ADL,archidply-decor-ltd
522091,83348,522091,united-van-der-horst-ltd
SAVY,3182200,SAVY,savy-infra-and-logistics-ltd
MAHAPEXLTD,2941,MAHAPEXLTD,maha-rashtra-apex-corporation-ltd
ARSHIYA,103,ARSHIYA,arshiya-ltd
NETWORK,2956,NETWORK,swiss-military-consumer-goods-ltd
RAJINDLTD,2470253,RAJINDLTD,rajputana-industries-ltd
ARMOUR,3391065,ARMOUR,armour-security-india-ltd
WELLESLEY,3766,WELLESLEY,espire-hospitality-ltd
MEIL,3222182,MEIL,mangal-electrical-industries-ltd
INCREDIBLE,4038,INCREDIBLE,incredible-industries-ltd
ICDSLTD,82662,ICDSLTD,icds-ltd
ASHOKAMET,83454,ASHOKAMET,ashoka-metcast-ltd
AHLADA,109298,AHLADA,ahlada-engineers-ltd
ABSLPSE,2296257,ABSLPSE,aditya-birla-sun-life-nifty-pse-etf
BGPL,3927,BGPL,string-metaverse-ltd
GITARENEW,4161,GITARENEW,gita-renewable-energy-ltd
MRPL,885,MRPL,mangalore-refinery-and-petrochemicals-ltd
ORTEL,1578,ORTEL,ortel-communications-ltd
BODALCHEM,211,BODALCHEM,bodal-chemicals-ltd
MIEL,2452574,MIEL,manglam-infra-engineering-ltd
BCONCEPTS,87751,BCONCEPTS,brand-concepts-ltd
AZAD,1840438,AZAD,azad-engineering-ltd
MADHURFOOD,2802,MADHURFOOD,madhur-industries-ltd
IWP,83289,IWP,the-indian-wood-products-company-ltd
17170016,876020,17170016,fone4-communications-india-ltd
KHANDSE,739,KHANDSE,khandwala-securities-ltd
UYFINCORP,3352,UYFINCORP,u-y-fincorp-ltd
HIPOLIN,3407,HIPOLIN,hipolin-ltd
TAALTECH,4734,TAALTECH,taal-tech-ltd
543341,651293,543341,sharpline-broadcast-ltd
ATLPP,3363299,ATLPP,allcargo-terminals-ltd-partly-paidup
ORIENTELEC,94299,ORIENTELEC,orient-electric-ltd
BIKAJI,1110875,BIKAJI,bikaji-foods-international-ltd
MAXVOLT,2976535,MAXVOLT,maxvolt-energy-industries-ltd
INNOVTEC,2982,INNOVTEC,innovative-tech-pack-ltd
SCANPRO,3699,SCANPRO,scan-projects-ltd
UNISHIRE,4014,UNISHIRE,unishire-urban-infra-ltd
HINDTINWRK,3309,HINDTINWRK,hindustan-tin-works-ltd
ALUFLUOR,3060,ALUFLUOR,alufluoride-ltd
BORANA,3101965,BORANA,borana-weaves-ltd
542019,111410,542019,shubham-polyspin-ltd
ELGIRUBCO,372,ELGIRUBCO,elgi-rubber-company-ltd
PORWAL,3881,PORWAL,porwal-auto-components-ltd
17155763,3228803,17155763,nis-management-ltd
ZENITHSTL,1540,ZENITHSTL,zenith-steel-pipes-industries-ltd
ESPRIT,2463082,ESPRIT,esprit-stones-ltd
BGWTATO,2189,BGWTATO,bhagwati-autocast-ltd
NEO,87721,NEO,neopolitan-pizza-and-foods-ltd
ARENTERP,3174,ARENTERP,rajdarshan-industries-ltd
ARUNASUGAR,83315,ARUNASUGAR,aruna-hotels-ltd
SANCO,87822,SANCO,sanco-industries-ltd
14520058,2237038,14520058,dolphin-kitchen-utencils-and-appliances-ltd
ISHANCH,3463,ISHANCH,ishan-dyes-and-chemicals-ltd
INA,1052267,INA,insolation-energy-ltd
SVARNIM,82188,SVARNIM,svarnim-trade-udyog-ltd
15110516,2896659,15110516,davin-sons-retail-ltd
PRESOFI,4464,PRESOFI,ace-engitech-ltd
SIDDHA,3331,SIDDHA,siddha-ventures-ltd
SBIVALETF,3524538,SBIVALETF,sbi-nifty200-value-30-etf
PMCFIN,3920,PMCFIN,pmc-fincorp-ltd
SHIVAMILLS,82918,SHIVAMILLS,shiva-mills-ltd
CSURGSU,3565,CSURGSU,centenial-surgical-suture-ltd
KACHCHH,3693,KACHCHH,kachchh-minerals-ltd
BANARBEADS,158,BANARBEADS,banaras-beads-ltd
11290610,1005461,11290610,naturo-indiabull-ltd
KONTOR,1714980,KONTOR,kontor-space-ltd
OSWALSEEDS,97140,OSWALSEEDS,shreeoswal-seeds-and-chemicals-ltd
VBL,4813,VBL,varun-beverages-ltd
ISHAN,1032265,ISHAN,ishan-international-ltd
DELTACORP,320,DELTACORP,delta-corp-ltd
BOMBCYC,2106,BOMBCYC,bombay-cycle-motor-agency-ltd
ODYCORP,3761,ODYCORP,odyssey-corporation-ltd
543976,1678457,543976,shradha-ai-technologies-ltd
SITINET,1248,SITINET,siti-networks-ltd
UTTAMSUGAR,1459,UTTAMSUGAR,uttam-sugar-mills-ltd
YAMUNA,83167,YAMUNA,the-yamuna-syndicate-ltd
CLIOINFO,3403,CLIOINFO,clio-infotech-ltd
BGRENERGY,182,BGRENERGY,bgr-energy-systems-ltd
MUNJALSHOW,894,MUNJALSHOW,munjal-showa-ltd
HIMFIBP,2665,HIMFIBP,rudra-ecovation-ltd
ALLDIGI,60,ALLDIGI,alldigi-tech-ltd
MARUTISE,3546,MARUTISE,maruti-global-industries-ltd
MMLF,3974,MMLF,money-masters-leasing-finance-ltd
544191,2346351,544191,purple-finance-ltd
SANDUMA,2200,SANDUMA,sandur-manganese-iron-ores-ltd
ESTCSTSTEL,2832,ESTCSTSTEL,eastcoast-steel-ltd
12140093,725991,12140093,omnipotent-industries-ltd
CANFINHOME,234,CANFINHOME,can-fin-homes-ltd
MASTERTR,2512,MASTERTR,master-trust-ltd
CHANDNI,2904,CHANDNI,candour-techtex-ltd
17156598,3267080,17156598,systematic-industries-ltd
DAVANGERE,450808,DAVANGERE,davangere-sugar-company-ltd
JUBLFOOD,701,JUBLFOOD,jubilant-foodworks-ltd
DIAMANT,2370,DIAMANT,diamant-infrastructure-ltd
MAGNUM,814,MAGNUM,magnum-ventures-ltd
MASTEK,843,MASTEK,mastek-ltd
WSI,1529,WSI,w-s-industries-india-ltd
BCLIND,3016,BCLIND,bcl-industries-ltd
LADDERUP,3351,LADDERUP,ladderup-finance-ltd
STANPACK,3427,STANPACK,stanpacks-india-ltd
MUL,4218,MUL,mauria-udyog-ltd
13193199,3238431,13193199,austere-systems-ltd
COMPINFO,277,COMPINFO,compuage-infocom-ltd
STLSTRINF,2612,STLSTRINF,steel-strips-infrastructures-ltd
ABFRL,1029,ABFRL,aditya-birla-fashion-and-retail-ltd
RADHEY,4359,RADHEY,le-lavoir-ltd
LTFOODS,302,LTFOODS,lt-foods-ltd
WESTLEIRES,4039,WESTLEIRES,west-leisure-resorts-ltd
17041163,1416032,17041163,exhicon-events-media-solutions-ltd
QUEST,3972,QUEST,ampvolts-ltd
GTLINFRA,505,GTLINFRA,gtl-infrastructure-ltd
JSLINDL,2163,JSLINDL,jsl-industries-ltd
RANASUG,1108,RANASUG,rana-sugars-ltd
WEBELSOLAR,1511,WEBELSOLAR,websol-energy-systems-ltd
STARCEMENT,61534,STARCEMENT,star-cement-ltd
PICCADIL,3305,PICCADIL,piccadily-agro-industries-ltd
SREECHEM,82216,SREECHEM,sreechem-resins-ltd
NCL,82537,NCL,ncl-research-and-financial-services-ltd
541083,87763,541083,inflame-appliances-ltd
PRSMJOHNSN,1074,PRSMJOHNSN,prism-johnson-ltd
KIRIINDUS,743,KIRIINDUS,kiri-industries-ltd
KOTARISUG,759,KOTARISUG,kothari-sugars-chemicals-ltd
KREBSBIO,3036,KREBSBIO,krebs-biochemicals-industries-ltd
GYANDEV,3266,GYANDEV,gyan-developers-builders-ltd
UMAEXPORTS,854705,UMAEXPORTS,uma-exports-ltd
13521200,2030390,13521200,jasch-gauging-technologies-ltd
DHAMPURSUG,325,DHAMPURSUG,dhampur-sugar-mills-ltd
TOHELPH,3735,TOHELPH,jojo-ltd
SALSTEEL,1172,SALSTEEL,sal-steel-ltd
15110483,1055951,15110483,reetech-international-ltd
KANDAGIRI,716,KANDAGIRI,kandagiri-spinning-mills-ltd
MONNETPRO,3864,MONNETPRO,mpdl-ltd
FORBESGOK,2130,FORBESGOK,forbes-company-ltd
16070369,1495024,16070369,bizotic-commercial-ltd
TITANSEC,3244,TITANSEC,titan-securities-ltd
LEADING,82673,LEADING,leading-leasing-finance-and-investment-company-ltd
MODERNMAL,83421,MODERNMAL,modern-malleables-ltd
EMMIL,2250298,EMMIL,energy-mission-machineries-india-ltd
VMM,2839786,VMM,vishal-mega-mart-ltd
NDASEC,2461,NDASEC,nda-securities-ltd
BEML,176,BEML,beml-ltd
MPHASIS,881,MPHASIS,mphasis-ltd
FRONTSP,2889,FRONTSP,frontier-springs-ltd
TCIIND,3806,TCIIND,tci-industries-ltd
JYOTIGLOBL,3194517,JYOTIGLOBL,jyoti-global-plast-ltd
KHOOBSURAT,3973,KHOOBSURAT,khoobsurat-ltd
UFO,1705,UFO,ufo-moviez-india-ltd
BHARATWIRE,1979,BHARATWIRE,bharat-wire-ropes-ltd
SUNGOLD,3582,SUNGOLD,sungold-capital-ltd
VISTAPH,4538,VISTAPH,vista-pharmaceuticals-ltd
SAIL,1165,SAIL,steel-authority-of-india-sail-ltd
13192458,2776459,13192458,mangal-compusolution-ltd
SHIVA,4318,SHIVA,shivansh-finserve-ltd
IITL,599,IITL,industrial-investment-trust-ltd
INTCAPM,3545,INTCAPM,integra-capital-ltd
13521205,2133789,13521205,kp-green-engineering-ltd
ATHCON,4177,ATHCON,athena-constructions-ltd
ELCIDIN,4417,ELCIDIN,elcid-investments-ltd
HALEOSLABS,82281,HALEOSLABS,haleos-labs-ltd
KAYTEX,3193647,KAYTEX,kaytex-fabrics-ltd
PRITI,97141,PRITI,priti-international-ltd
RETAIL,2384768,RETAIL,jhs-svendgaard-retail-ventures-ltd
ZMILGFIN,2418,ZMILGFIN,milgrey-finance-investments-ltd
NIFTYQLITY,1007415,NIFTYQLITY,aditya-birla-sun-life-nifty-200-quality-30-etf
COMPUSOFT,278,COMPUSOFT,compucom-software-ltd
RHFL,71312,RHFL,reliance-home-finance-ltd
NKIND,2005,NKIND,n-k-industries-ltd
BRIGHTBROS,3186,BRIGHTBROS,bright-brothers-ltd
MIENT,52894,MIENT,colorchips-new-media-ltd
AKARTOOL,3362,AKARTOOL,akar-auto-industries-ltd
541353,94312,541353,innovators-facade-systems-ltd
AVANA,3385842,AVANA,avana-electrosystems-ltd
BUILDPRO,3389400,BUILDPRO,shankara-buildpro-ltd
RELISH,3059,RELISH,shukra-pharmaceuticals-ltd
RNBDENIMS,4031,RNBDENIMS,r-b-denims-ltd
11200005,4735,11200005,zeal-aqua-ltd
GROWWPSE,3427342,GROWWPSE,groww-nifty-pse-etf
ALPHAGEO,64,ALPHAGEO,alphageo-india-ltd
DIVOPPBEES,1618,DIVOPPBEES,nippon-india-etf-nifty-dividend-opportunities-50
15070575,1233077,15070575,pngs-gargi-fashion-jewellery-ltd
CMNL,1279910,CMNL,chaman-metallics-ltd
13160102,2233883,13160102,amkay-products-ltd
QUANTBUILD,4070,QUANTBUILD,cemantic-infra-tech-ltd
STEELCITY,57465,STEELCITY,steel-city-securities-ltd
531537,83401,531537,mizzen-ventures-ltd
AMDIND,72,AMDIND,amd-industries-ltd
INLCM,2194,INLCM,indian-link-chain-manufacturer-ltd
RUBFILA,2078,RUBFILA,rubfila-international-ltd
13160089,658067,13160089,prevest-denpro-ltd
NSIL,958,NSIL,nalwa-sons-investments-ltd
UBL,1437,UBL,united-breweries-ltd
INSPIRISYS,36,INSPIRISYS,inspirisys-solutions-ltd
ATLANTAA,126,ATLANTAA,atlantaa-ltd
RATHIST,2198,RATHIST,rathi-steel-power-ltd
AILIMITED,543882,AILIMITED,abhishek-integrations-ltd
ACI,1121044,ACI,archean-chemical-industries-ltd
SPSINT,3277,SPSINT,vk-global-industries-ltd
GHCL,453,GHCL,ghcl-ltd
HINDALUMI,3755,HINDALUMI,hind-aluminium-industries-ltd
KLL,1862855,KLL,kaushalya-logistics-ltd
AGIOPAPER,2729,AGIOPAPER,agio-paper-industries-ltd
PANTH,4194,PANTH,panth-infinity-ltd
POEL,4207,POEL,pocl-enterprises-ltd
CHANDRIMA,82140,CHANDRIMA,chandrima-mercantiles-ltd
KEEPLEARN,82936,KEEPLEARN,dsj-keep-learning-ltd
14620211,172833,14620211,anuroop-packaging-ltd
LKPMERFIN,2347,LKPMERFIN,gyftr-ltd
DUGAR,82448,DUGAR,axentra-corp-ltd
VISACHROME,1491,VISACHROME,visa-chrome-ltd
HERANBA,428722,HERANBA,heranba-industries-ltd
SHANTIGEAR,1213,SHANTIGEAR,shanthi-gears-ltd
RENUKA,1131,RENUKA,shree-renuka-sugars-ltd
GENUSPAPER,1564,GENUSPAPER,genus-paper-boards-ltd
MANGALAM,829,MANGALAM,mangalam-drugs-and-organics-ltd
SUMERUIND,3334,SUMERUIND,sumeru-industries-ltd
CELLO,1767397,CELLO,cello-world-ltd
13193035,1535086,13193035,ahasolar-technologies-ltd
KSR,3344024,KSR,ksr-footwear-ltd
EUREKAFORB,850674,EUREKAFORB,eureka-forbes-ltd
WILLAMAGOR,1522,WILLAMAGOR,williamson-magor-company-ltd
PICCADSUG,2319,PICCADSUG,piccadily-sugar-and-allied-industries-ltd
MADHUSE,2416,MADHUSE,msl-global-ltd
CENPORT,3414,CENPORT,arunjyoti-bio-ventures-ltd
BASILIC,1650517,BASILIC,basilic-fly-studio-ltd
SHREYANIND,1229,SHREYANIND,shreyans-industries-ltd
FEDFINA,1785397,FEDFINA,fedbank-financial-services-ltd
VISAMAN,2369959,VISAMAN,visaman-global-sales-ltd
CINELINE,266,CINELINE,cineline-india-ltd
MITTAL,87854,MITTAL,mittal-life-style-ltd
NMDC,949,NMDC,nmdc-ltd
SKYLMILAR,2234,SKYLMILAR,skyline-millars-ltd
EDUCOMP,359,EDUCOMP,educomp-solutions-ltd
VBCFERROQ,2601,VBCFERROQ,chrome-silicon-ltd
AJWAFUN,3170,AJWAFUN,ajwa-fun-world-resorts-ltd
BLAL,1437398,BLAL,beml-land-assets-ltd
DONEAR,340,DONEAR,donear-industries-ltd
SWARAJAUTO,4253,SWARAJAUTO,sal-automotive-ltd
13193110,1920590,13193110,euphoria-infotech-india-ltd
SCILAL,2154480,SCILAL,shipping-corporation-of-india-land-and-assets-ltd
MOPSE,3129284,MOPSE,motilal-oswal-nifty-pse-etf
CYBERMEDIA,299,CYBERMEDIA,cyber-media-india-ltd
SHARIABEES,1595,SHARIABEES,nippon-india-etf-nifty-50-shariah-bees
SMLT,61527,SMLT,sarthak-metals-ltd
PURVFLEXI,2059695,PURVFLEXI,purv-flexipack-ltd
LPDC,799,LPDC,landmark-property-development-company-ltd
RAMANEWS,1102,RAMANEWS,shree-rama-newsprint-ltd
RKEC,87765,RKEC,rkec-projects-ltd
PODDARMENT,3042,PODDARMENT,poddar-pigments-ltd
GRAVITY,3765,GRAVITY,gravity-india-ltd
13192927,833196,13192927,ekennis-software-service-ltd
SIGNPOST,2045214,SIGNPOST,signpost-india-ltd
ENSER,2147687,ENSER,enser-communications-ltd
SADBHAV,1162,SADBHAV,sadbhav-engineering-ltd
BOMOXY-B1,4434,BOMOXY-B1,bombay-oxygen-investments-ltd
IBRIGST,2193,IBRIGST,azad-india-mobility-ltd
AKI,111411,AKI,aki-india-ltd
RTNPOWER,579,RTNPOWER,rattanindia-power-ltd
BAJAJELEC,146,BAJAJELEC,bajaj-electricals-ltd
542579,133757,542579,ashapuri-gold-ornament-ltd
SGBNOV26,2450179,SGBNOV26,2-50-goldbonds2026sr-iii
531334,83385,531334,vikalp-securities-ltd
AXISVALUE,3036305,AXISVALUE,axis-nifty500-value-50-etf
SHARDACROP,1214,SHARDACROP,sharda-cropchem-ltd
BRADYM,2238,BRADYM,brady-morris-engg-co-ltd
LAGNAM,107796,LAGNAM,lagnam-spintex-ltd
GODAVARIB,2729499,GODAVARIB,godavari-biorefineries-ltd
541228,87802,541228,taylormade-renewables-ltd
HVAX,2678745,HVAX,hvax-technologies-ltd
ARIS,2938268,ARIS,arisinfra-solutions-ltd
544435,3153045,544435,adcounty-media-india-ltd
INVENTURE,637,INVENTURE,inventure-growth-securities-ltd
KPIGREEN,125099,KPIGREEN,kpi-green-energy-ltd
JAINREC,3267507,JAINREC,jain-resource-recycling-ltd
DCMSRIND,2940,DCMSRIND,dcm-shriram-industries-ltd
ATCENERGY,3036051,ATCENERGY,atc-energies-system-ltd
NTPC,959,NTPC,ntpc-ltd
SRHHYPOLTD,1285,SRHHYPOLTD,sree-rayalaseema-hi-strength-hypo-ltd
CHDCHEM,4358,CHDCHEM,chd-chemicals-ltd
540080,83434,540080,dhatre-udyog-ltd
RAJPACK,3257,RAJPACK,raj-packaging-industries-ltd
13193301,3343380,13193301,logiciel-solutions-ltd
17160391,1055953,17160391,cargotrans-maritime-ltd
SULA,1190656,SULA,sula-vineyards-ltd
ACCELYA,23,ACCELYA,accelya-solutions-india-ltd
JAIPURKURT,57466,JAIPURKURT,nandani-creation-ltd
GROWWMETAL,3372030,GROWWMETAL,groww-nifty-metal-etf
BTML,309351,BTML,bodhi-tree-multimedia-ltd
KANSAFB,3497,KANSAFB,spright-agro-ltd
BMBMUMG,3580,BMBMUMG,bmb-music-magnetics-ltd
NUTRICIRCLE,3286,NUTRICIRCLE,nutricircle-ltd
DARSHANORNA,4376,DARSHANORNA,darshan-orna-ltd
WOMANCART,1749264,WOMANCART,womancart-ltd
ARTEFACT,3538,ARTEFACT,artefact-projects-ltd
13521173,1712189,13521173,sunita-tools-ltd
KKJEWELS,2918582,KKJEWELS,kabra-jewels-ltd
KANANIIND,715,KANANIIND,kanani-industries-ltd
BHARTIHEXA,2170198,BHARTIHEXA,bharti-hexacom-ltd
NORBTEAEXP,954,NORBTEAEXP,norben-tea-exports-ltd
BHANDARI,2598,BHANDARI,bhandari-hosiery-exports-ltd
OSWALOR,3456,OSWALOR,oswal-overseas-ltd
STANDRDBAT,2169,STANDRDBAT,standard-batteries-ltd
SYBLY,3603,SYBLY,sybly-industries-ltd
13193187,3038208,13193187,identixweb-ltd
LAURLOR,3308,LAURLOR,kimia-biosciences-ltd
SUMEDHA,3325,SUMEDHA,sumedha-fiscal-services-ltd
MRF,883,MRF,mrf-ltd
SHVFL,3763,SHVFL,shreevatsaa-finance-leasing-ltd
RMC,61525,RMC,rmc-switchgears-ltd
MANGIND,4021,MANGIND,mangalam-industrial-finance-ltd
APS,1886371,APS,australian-premium-solar-india-ltd
QUESTLAB,2265440,QUESTLAB,quest-laboratories-ltd
CHLLTD,3888,CHLLTD,chl-ltd
TAVERNIER,3490,TAVERNIER,eforu-entertainment-ltd
ENVIRO,2621513,ENVIRO,envirotech-systems-ltd
MUTHOOTFIN,897,MUTHOOTFIN,muthoot-finance-ltd
CONTPTR,2931,CONTPTR,continental-petroleums-ltd
ISTLTD,2369,ISTLTD,ist-ltd
PRABHA,3033538,PRABHA,prabha-energy-ltd
THAKRAL,2385,THAKRAL,thakral-services-india-ltd
MODIPON,2153,MODIPON,modipon-ltd
ONESOURCE,2948098,ONESOURCE,onesource-specialty-pharma-ltd
12541924,3461703,12541924,speciality-medicines-ltd
VHLTD,1478,VHLTD,viceroy-hotels-ltd
PROSTARM,3110329,PROSTARM,prostarm-info-systems-ltd
CREATIVEYE,289,CREATIVEYE,creative-eye-ltd
MALUPAPER,823,MALUPAPER,malu-paper-mills-ltd
WINSOMBR,3137,WINSOMBR,winsome-breweries-ltd
JAGANLAM,3377,JAGANLAM,jagan-lamps-ltd
PACIFICIND,2951,PACIFICIND,pacific-industries-ltd
PRATIK,3143,PRATIK,pratik-panels-ltd
KATWAUD,3436,KATWAUD,shri-keshav-cements-infra-ltd
BEWLTD,643279,BEWLTD,bew-engineering-ltd
RVNL,139596,RVNL,rail-vikas-nigam-ltd
KLKELEC,2746,KLKELEC,edvenswa-enterprises-ltd
HAZOOR,3850,HAZOOR,hazoor-multi-projects-ltd
LANDSMILL,403,LANDSMILL,landsmill-green-ltd
VMS,3911,VMS,vms-industries-ltd
ROXY,4313,ROXY,supha-pharmachem-ltd
TRANSFIN,3229,TRANSFIN,last-mile-enterprises-ltd
JAIHINDS,2692,JAIHINDS,jaihind-industries-ltd
REGAAL,3214019,REGAAL,regaal-resources-ltd
NURECA,424519,NURECA,nureca-ltd
YOGISUNG,2891,YOGISUNG,yogi-infra-projects-ltd
DDIL,4311,DDIL,deep-health-ai-india-ltd
BLS,4751,BLS,bls-international-services-ltd
AMFORGEIND,2608,AMFORGEIND,amforge-industries-ltd
NRAIL,2733,NRAIL,n-r-agarwal-industries-ltd
RAMGOPOLY,82613,RAMGOPOLY,ramgopal-polytex-ltd
VIRAT,3344,VIRAT,virat-industries-ltd
ASMS,165,ASMS,avio-smart-market-stack-ltd
INDIANB,609,INDIANB,indian-bank
SYTIXSE,4470,SYTIXSE,systematix-securities-ltd
LATTEYS,97145,LATTEYS,latteys-industries-ltd
SAURASHCEM,2116,SAURASHCEM,saurashtra-cements-ltd
AARON,107257,AARON,aaron-industries-ltd
ASTEC,121,ASTEC,astec-lifesciences-ltd
PRIYADYES,3045,PRIYADYES,priya-ltd
PEERABASAN,2451,PEERABASAN,shristi-infrastructure-development-corporation-ltd
YURANUS,3997,YURANUS,yuranus-infrastructure-ltd
PREMCO,3312,PREMCO,premco-global-ltd
JYOTISTRUC,707,JYOTISTRUC,jyoti-structures-ltd
RESTILE,2725,RESTILE,restile-ceramics-ltd
DEEPINDS,476084,DEEPINDS,deep-industries-ltd
ABHAPOWER,2805063,ABHAPOWER,abha-power-and-steel-ltd
GOPALA,3182,GOPALA,hcp-plastene-bulkpack-ltd
DCMSHRIRAM,313,DCMSHRIRAM,dcm-shriram-ltd
BSELINFRA,223,BSELINFRA,bsel-algo-ltd
ORISSAMINE,990,ORISSAMINE,the-orissa-minerals-development-company-ltd
AWL,755501,AWL,awl-agri-business-ltd
NIRMAN,1395859,NIRMAN,nirman-agri-genetics-ltd
14610180,3271027,14610180,ameenji-rubber-ltd
SNOWMAN,1260,SNOWMAN,snowman-logistics-ltd
ABMKNO,3480,ABMKNO,abm-knowledgeware-ltd
DRCSYSTEMS,444778,DRCSYSTEMS,drc-systems-india-ltd
14620248,1665480,14620248,kahan-packaging-ltd
16090117,1803547,16090117,deepak-chemtex-ltd
APCL,2789,APCL,anjani-portland-cement-ltd
FERVENTSYN,3918,FERVENTSYN,fervent-synergies-ltd
SATIPOLY,2422532,SATIPOLY,sati-poly-plast-ltd
VGINFOTECH,3092797,VGINFOTECH,virtual-galaxy-infotech-ltd
11290633,1486747,11290633,sonalis-consumer-products-ltd
EMULTIMQ,2716866,EMULTIMQ,edelweiss-nifty500-multicap-momentum-quality-50-etf
VINTAGES,3454,VINTAGES,vintage-securities-ltd
CHEMPLASTS,623875,CHEMPLASTS,chemplast-sanmar-ltd
BOSS,2586586,BOSS,boss-packaging-solutions-ltd
BISIL,3660,BISIL,karnawati-innovation-ltd
544308,2882794,544308,hilltone-software-gases-ltd
SARTHAKGL,3440,SARTHAKGL,sarthak-global-ltd
SUBAHOTELS,3273761,SUBAHOTELS,suba-hotels-ltd
DYNAMATECH,351,DYNAMATECH,dynamatic-technologies-ltd
MANINFRA,834,MANINFRA,man-infraconstruction-ltd
PCJEWELLER,1014,PCJEWELLER,pc-jeweller-ltd
DPEL,2979,DPEL,divine-power-energy-ltd
KIRLOSELEC,2057,KIRLOSELEC,envair-electrodyne-ltd
KINETRU,3529,KINETRU,kinetic-trust-ltd
METAL,2671248,METAL,mirae-asset-nifty-metal-etf
503641,83491,503641,zodiac-ventures-ltd
LACTOSE,3006,LACTOSE,lactose-india-ltd
VIKASLIFE,143569,VIKASLIFE,vikas-lifecare-ltd
BAJAJHIND,148,BAJAJHIND,bajaj-hindusthan-sugar-ltd
AWFIS,2278178,AWFIS,awfis-space-solutions-ltd
MMRUBBR-B,2397,MMRUBBR-B,m-m-rubber-company-ltd
DECPO,3758,DECPO,deccan-polypacks-ltd
VSTL,2018968,VSTL,vibhor-steel-tubes-ltd
XCHANGING,1532,XCHANGING,xchanging-solutions-ltd
EMERALD,4129,EMERALD,emerald-finance-ltd
EUROBOND,746928,EUROBOND,euro-panel-products-ltd
WOL3D,2653117,WOL3D,wol-3d-india-ltd
NHCFOODS,2785,NHCFOODS,nhc-foods-ltd
OJASASSET,4073,OJASASSET,toyam-sports-ltd
JKPAPER,686,JKPAPER,jk-paper-ltd
PWASML,3584,PWASML,prakash-woollen-synthetic-mills-ltd
NIDAN,708065,NIDAN,nidan-laboratories-and-healthcare-ltd
KEYCORP,2353,KEYCORP,key-corp-ltd
PVVINFRA,3987,PVVINFRA,pvv-infra-ltd
ECLERX,356,ECLERX,eclerx-services-ltd
GODREJAGRO,62812,GODREJAGRO,godrej-agrovet-ltd
REPL,98472,REPL,rudrabhishek-enterprises-ltd
RAMAPPR-B,2074,RAMAPPR-B,raama-paper-mills-ltd
PCCL,2365670,PCCL,petro-carbon-and-chemicals-ltd
KALANA,2656552,KALANA,kalana-ispat-ltd
VEEKAYEM,986558,VEEKAYEM,veekayem-fashion-and-apparels-ltd
11290670,3263742,11290670,dsm-fresh-foods-ltd
FSL,428,FSL,firstsource-solutions-ltd
PANCARBON,999,PANCARBON,panasonic-carbon-india-co-ltd
SIMPLXPAP,3891,SIMPLXPAP,simplex-papers-ltd
JINDALPOLY,675,JINDALPOLY,jindal-poly-films-ltd
ROLCOEN,2249,ROLCOEN,rolcon-engineering-company-ltd
HANSUGAR,4514,HANSUGAR,shree-hanuman-sugar-industries-ltd
16070373,1770399,16070373,mish-designs-ltd
RAJOOENG,2899,RAJOOENG,rajoo-engineers-ltd
FLORATX,3375,FLORATX,anirit-ventures-ltd
ALICON,56,ALICON,alicon-castalloy-ltd
CENTEXT,249,CENTEXT,century-extrusions-ltd
CEETAIN,2679,CEETAIN,ceeta-industries-ltd
KGPETRO,3640,KGPETRO,kg-petrochem-ltd
RICHIRICH,2799,RICHIRICH,kisaan-parivar-industries-ltd
CAPRO,2318,CAPRO,caprolactam-chemicals-ltd
FONEBOX,1924503,FONEBOX,fonebox-retail-ltd
MUKANDLTD,891,MUKANDLTD,mukand-ltd
MODCL,4350,MODCL,modern-engineering-projects-ltd
OSWALAGRO,2068,OSWALAGRO,oswal-agro-mills-ltd
SELLWIN,4126,SELLWIN,sellwin-traders-ltd
PUROHITCON,4154,PUROHITCON,purohit-construction-ltd
SYSTMTXC,3149,SYSTMTXC,systematix-corporate-services-ltd
ORIENTPPR,988,ORIENTPPR,orient-paper-industries-ltd
SEPC,1233,SEPC,sepc-ltd
XELPMOC,126482,XELPMOC,xelpmoc-design-and-tech-ltd
ADDIND,2341,ADDIND,addi-industries-ltd
OCTAL,4132,OCTAL,octal-credit-capital-ltd
PML,4181,PML,paul-merchants-ltd
AUTORIDERS,82934,AUTORIDERS,autoriders-international-ltd
HNGSNGBEES,1597,HNGSNGBEES,nippon-india-etf-hang-seng-bees
HMAAGRO,1495023,HMAAGRO,hma-agro-industries-ltd
LYPSAGEMS,806,LYPSAGEMS,lypsa-gems-jewellery-ltd
AVONMORE,2469,AVONMORE,avonmore-capital-management-services-ltd
PASHUPATI,87818,PASHUPATI,pashupati-cotspin-ltd
GOPAIST,3737,GOPAIST,castora-agri-commodities-ltd
SRTL,3431066,SRTL,shree-ram-twistex-ltd
THEINVEST,3238,THEINVEST,the-investment-trust-of-india-ltd
DCAL,64761,DCAL,dishman-carbogen-amcis-ltd
MCL,87810,MCL,madhav-copper-ltd
TRUST,2163920,TRUST,trust-fintech-ltd
ASIANHOTNR,116,ASIANHOTNR,asian-hotels-north-ltd
EIDPARRY,361,EIDPARRY,eid-parry-india-ltd
DOLATALGO,2225,DOLATALGO,dolat-algotech-ltd
IECEDU,3711,IECEDU,iec-education-ltd
UMIYA,4357,UMIYA,umiya-tubes-ltd
HGM,573,HGM,handson-global-management-hgm-ltd
FRACTAL,3418433,FRACTAL,fractal-analytics-ltd
VIRTUALS,3468,VIRTUALS,kati-patang-lifestyle-ltd
TRIJAL,3655,TRIJAL,abate-as-industries-ltd
JKAGRI,3983,JKAGRI,jk-agri-genetics-ltd
JUNCTION,4215,JUNCTION,garment-mantra-lifestyle-ltd
TFSL,4282,TFSL,typhoon-financial-services-ltd
HILINFRA,3196801,HILINFRA,highway-infrastructure-ltd
GROMO,82627,GROMO,prismx-global-ventures-ltd
13193342,3347434,13193342,methodhub-software-ltd
518053,83329,518053,sri-chakra-cement-ltd
TRACXN,758704,TRACXN,tracxn-technologies-ltd
JSWHL,698,JSWHL,jsw-holdings-ltd
ZPPOLYSA,2917,ZPPOLYSA,cropster-agro-ltd
12060150,848359,12060150,bhatia-colour-chem-ltd
USASEEDS,978434,USASEEDS,upsurge-seeds-of-agriculture-ltd
METALIETF,2504970,METALIETF,icici-prudential-nifty-metal-etf
EXCELINDUS,402,EXCELINDUS,excel-industries-ltd
INDOWIND,619,INDOWIND,indowind-energy-ltd
JACKSON,4043,JACKSON,jackson-investments-ltd
ASHFL,4164,ASHFL,star-housing-finance-ltd
INDINFO,2391,INDINFO,indian-infotech-software-ltd
APEX,59329,APEX,apex-frozen-foods-ltd
ITADD,1516025,ITADD,dsp-nifty-it-etf
TECILCHEM,82353,TECILCHEM,tecil-chemicals-hydro-power-ltd
SGBJUN27,2450158,SGBJUN27,2-50-goldbonds2027sr-i
GGENG,61535,GGENG,g-g-engineering-ltd
APLAPOLLO,91,APLAPOLLO,apl-apollo-tubes-ltd
IT,496671,IT,kotak-nifty-it-etf
NESCO,929,NESCO,nesco-ltd
SEYAIND,3015,SEYAIND,seya-industries-ltd
CENLUB,2898,CENLUB,cenlub-industries-ltd
HARAFIN,4467,HARAFIN,haryana-financial-corporation
TECH,701608,TECH,aditya-birla-sun-life-nifty-it-etf
MARCO,1700412,MARCO,marco-cables-conductors-ltd
JINDCAP,3323,JINDCAP,jindal-capital-ltd
OCTAWARE,82804,OCTAWARE,octaware-technologies-ltd
AUSOMENT,133,AUSOMENT,ausom-enterprise-ltd
DALMIASUG,306,DALMIASUG,dalmia-bharat-sugar-and-industries-ltd
RTNINDIA,578,RTNINDIA,rattanindia-enterprises-ltd
LUHARUKA,2523,LUHARUKA,dhansafal-finserve-ltd
RAMAPULP,2128,RAMAPULP,nath-industries-ltd
SBFL,2851,SBFL,shree-bhavya-fabrics-ltd
SHIGAN,837732,SHIGAN,shigan-quantum-technologies-ltd
SPTRSHI,2800,SPTRSHI,saptarishi-agro-industries-ltd
526883,83439,526883,shikhar-consultants-ltd
AUROIMPEX,1448440,AUROIMPEX,auro-impex-chemicals-ltd
TRUALT,3271024,TRUALT,trualt-bioenergy-ltd
LUXIND,1796,LUXIND,lux-industries-ltd
TRITON,2942,TRITON,homre-ltd
CHEMFAB,87857,CHEMFAB,chemfab-alkalis-ltd
DIVIDEND,3369131,DIVIDEND,mirae-asset-bse-500-dividend-leaders-50-etf
BALPHARMA,156,BALPHARMA,bal-pharma-ltd
TTFL,71327,TTFL,trident-texofab-ltd
RHETAN,1005463,RHETAN,rhetan-tmt-ltd
SHREEOSFM,1827287,SHREEOSFM,shree-osfm-e-mobility-ltd
BI,3208,BI,bilcare-ltd
ENIL,381,ENIL,entertainment-network-india-ltd
OTCO,2923,OTCO,otco-international-ltd
KAYPOWR,3295,KAYPOWR,kay-power-and-paper-ltd
WATERBASE,2965,WATERBASE,waterbase-ltd
ALMONDZ,61,ALMONDZ,almondz-global-securities-ltd
SARDAPLY,2728,SARDAPLY,duroply-industries-ltd
ESABINDIA,386,ESABINDIA,esab-india-ltd
PADAMCO,3568,PADAMCO,padam-cotton-yarns-ltd
ELEMARB,3179,ELEMARB,elegant-marbles-grani-industries-ltd
VALIANT,3194,VALIANT,valiant-communications-ltd
ITBETA,1993771,ITBETA,uti-nifty-it-etf
11330367,3271023,11330367,gujarat-peanut-and-agri-products-ltd
HEROMOTOCO,540,HEROMOTOCO,hero-motocorp-ltd
VMSTMT,3257365,VMSTMT,vms-tmt-ltd
CRANEINFRA,4099,CRANEINFRA,crane-infrastructure-ltd
SONAMLTD,97143,SONAMLTD,sonam-ltd
RASANDIK,2890,RASANDIK,rasandik-engineering-industries-ltd
MISHTANN,4319,MISHTANN,mishtann-foods-ltd
16691209,3264365,16691209,nsb-bpo-solutions-ltd
NSLNISP,1368720,NSLNISP,nmdc-steel-ltd
17080272,3212713,17080272,icodex-publishing-solutions-ltd
LIBAS,87814,LIBAS,libas-consumer-products-ltd
AXISTECETF,496674,AXISTECETF,axis-nifty-it-etf
544662,3368191,544662,simandhar-impex-ltd
MARATHON,2137,MARATHON,marathon-nextgen-realty-ltd
MIRCH,2219,MIRCH,harshil-agrotech-ltd
BITS,3180,BITS,bits-ltd
ITBEES,382137,ITBEES,nippon-india-etf-nifty-it
PALASHSECU,61539,PALASHSECU,palash-securities-ltd
ITIETF,382130,ITIETF,icici-prudential-nifty-it-etf
10780028,1051630,10780028,mafia-trends-ltd
VAMA,2542,VAMA,vama-industries-ltd
NPRFIN,3260,NPRFIN,npr-finance-ltd
CIFL,3413,CIFL,capital-india-finance-ltd
IRCON,109297,IRCON,ircon-international-ltd
PUNITCO,2531,PUNITCO,eyantra-ventures-ltd
540266,83557,540266,globe-multi-ventures-ltd
RADIOWALLA,2165249,RADIOWALLA,radiowalla-network-ltd
USHAKIRA,2457,USHAKIRA,ushakiran-finance-ltd
AFFLE,154217,AFFLE,affle-3i-ltd
MILTON,87826,MILTON,milton-industries-ltd
16491124,3243968,16491124,vashishtha-luxury-fashion-ltd
SUPREMEINF,1325,SUPREMEINF,supreme-infrastructure-india-ltd
MKPL,87766,MKPL,m-k-proteins-ltd
12130124,1964485,12130124,gabriel-pet-straps-ltd
ALANKIT,1750,ALANKIT,alankit-ltd
CONTI,87719,CONTI,continental-seeds-and-chemicals-ltd
JETKINGQ,2741,JETKINGQ,jetking-infotrain-ltd
ITETF,1756817,ITETF,mirae-asset-nifty-it-etf
GSAUTO,2605,GSAUTO,g-s-auto-international-ltd
OSIAHYPER,139794,OSIAHYPER,osia-hyper-retail-ltd
MAANALU,809,MAANALU,maan-aluminium-ltd
CEENIKEXPO,3467,CEENIKEXPO,ceenik-exports-india-ltd
CHLOGIST,3754,CHLOGIST,chartered-logistics-ltd
11290627,1144856,11290627,ambo-agritec-ltd
ZAGGLE,1690561,ZAGGLE,zaggle-prepaid-ocean-services-ltd
SUNDARAM,1310,SUNDARAM,sundaram-multi-pap-ltd
13090108,166002,13090108,misquita-engineering-ltd
OPTIVALUE,3238432,OPTIVALUE,optivalue-tek-consulting-ltd
PAKKA,2730,PAKKA,pakka-ltd
SAIANAND,82933,SAIANAND,saianand-commercial-ltd
14095676,2923598,14095676,landmark-global-learning-ltd
DHARMAJ,1157336,DHARMAJ,dharmaj-crop-guard-ltd
HDFCNIFIT,1109035,HDFCNIFIT,hdfc-nifty-it-etf
THIRDFIN,3654,THIRDFIN,uvs-hospitality-and-services-ltd
12190082,1849099,12190082,aik-pipes-and-polymers-ltd
VISIONCO,4730,VISIONCO,vision-corporation-ltd
WEWIN,87796,WEWIN,we-win-ltd
541338,94308,541338,u-h-zaveri-ltd
SBIETFIT,382132,SBIETFIT,sbi-etf-it
15070585,2114463,15070585,koura-fine-diamond-jewelry-ltd
TRANSFREIT,2606,TRANSFREIT,trans-freight-containers-ltd
RUCHISTRIP,2616,RUCHISTRIP,imec-services-ltd
PERFEPA,3132,PERFEPA,perfectpac-ltd
LUMAXTECH,803,LUMAXTECH,lumax-auto-technologies-ltd
HINDCOPPER,551,HINDCOPPER,hindustan-copper-ltd
VALIANTLAB,1710027,VALIANTLAB,valiant-laboratories-ltd
SRGINFOTEC,1284,SRGINFOTEC,pan-india-corporation-ltd
BERYLSE,3630,BERYLSE,beryl-securities-ltd
APOORVA,4308,APOORVA,apoorva-leasing-finance-investment-co-ltd
VSTTILLERS,1503,VSTTILLERS,vst-tillers-tractors-ltd
MITSHI,2976,MITSHI,mitshi-india-ltd
AKSHAR,94311,AKSHAR,akshar-spintex-ltd
CANBK,232,CANBK,canara-bank
13160040,555689,13160040,adeshwar-meditex-ltd
KPITTECH,141324,KPITTECH,kpit-technologies-ltd
SWIGGY,2755533,SWIGGY,swiggy-ltd
16691974,3342104,16691974,ravelcare-ltd
KANSAINER,718,KANSAINER,kansai-nerolac-paints-ltd
HCG,1978,HCG,healthcare-global-enterprises-ltd
RNFI,2446673,RNFI,rnfi-services-ltd
BACPHAR,3035,BACPHAR,bacil-pharma-ltd
GLOBUSCON,3090,GLOBUSCON,globus-power-generation-ltd
MONNETIN,3784,MONNETIN,monind-ltd
GATECH,3678,GATECH,gacm-technologies-ltd
SCANDENT,2739,SCANDENT,family-care-hospitals-ltd
ESFL,1504302,ESFL,essen-speciality-films-ltd
GILLETTE,456,GILLETTE,gillette-india-ltd
PCCOSMA,3003,PCCOSMA,pee-cee-cosma-sope-ltd
KRITI,767,KRITI,kriti-industries-india-ltd
SPICELEC,2745,SPICELEC,spel-semiconductor-ltd
519506,83581,519506,ncc-blue-water-products-ltd
SGBJUN30,2450161,SGBJUN30,2-50-goldbonds2030sr-i
RADIXIND,4729,RADIXIND,radix-industries-india-ltd
GROWWRAIL,2977319,GROWWRAIL,groww-nifty-india-railways-psu-etf
MANILAM,3432675,MANILAM,manilam-industries-india-ltd
TCS,1372,TCS,tata-consultancy-services-ltd
TELESYS,82455,TELESYS,groarc-industries-india-ltd
AXISCADES,141,AXISCADES,axiscades-technologies-ltd
VANICOM,61512,VANICOM,vani-commercials-ltd
16691944,3309032,16691944,safecure-services-ltd
SGBFEB27,2450143,SGBFEB27,2-50-goldbonds2027sr-vi
BHARATRAS,186,BHARATRAS,bharat-rasayan-ltd
JSWSTEEL,699,JSWSTEEL,jsw-steel-ltd
GUJCONT,2637,GUJCONT,gujarat-containers-ltd
KANCOTEA,4400,KANCOTEA,kanco-tea-industries-ltd
JEYYAM,2586585,JEYYAM,jeyyam-global-foods-ltd
DCG,2185064,DCG,dcg-cables-wires-ltd
16692009,3417697,16692009,pan-hr-solution-ltd
LATENTVIEW,717540,LATENTVIEW,latent-view-analytics-ltd
MANAV,87774,MANAV,manav-infra-projects-ltd
SPARCSYS,3564,SPARCSYS,sparc-electrex-ltd
USGTECH,3837,USGTECH,usg-tech-solutions-ltd
TAPIFRUIT,1034922,TAPIFRUIT,tapi-fruit-processing-ltd
11290692,3517340,11290692,m-r-maniveni-foods-ltd
EASEMYTRIP,440808,EASEMYTRIP,easy-trip-planners-ltd
RSTL,61516,RSTL,riddhi-steel-and-tube-ltd
SILKY,3154500,SILKY,silky-overseas-ltd
SVARAJ,82753,SVARAJ,svaraj-trading-agencies-ltd
17350002,2350519,17350002,dindigul-farm-products-ltd
COMMOIETF,1247675,COMMOIETF,icici-prudential-nifty-commodities-etf
CUBEXTUB,296,CUBEXTUB,cubex-tubings-ltd
AAKASH,87833,AAKASH,aakash-exploration-services-ltd
GOPAL,2104571,GOPAL,gopal-snacks-ltd
SECURKLOUD,11,SECURKLOUD,securekloud-technologies-ltd
TMPV,1362,TMPV,tata-motors-passenger-vehicles-ltd
GOLDENPROP,4290,GOLDENPROP,garbi-finvest-ltd
ATVPROJ,2026,ATVPROJ,atv-projects-india-ltd
DENEERS,1461490,DENEERS,de-neers-tools-ltd
ASIAPAK,3419,ASIAPAK,asia-pack-ltd
REFRACTORY,2242833,REFRACTORY,refractory-shapes-ltd
PFIZER,1027,PFIZER,pfizer-ltd
STUDIOLSD,3220073,STUDIOLSD,studio-lsd-ltd
PASUFIN,2502,PASUFIN,pasupati-fincap-ltd
KEERTHI,2787,KEERTHI,keerthi-industries-ltd
540066,83332,540066,ams-polymers-ltd
SEATV,3906,SEATV,sea-tv-network-ltd
SUZLONFIBR,2686,SUZLONFIBR,kush-industries-ltd
PHOTOQUP,3164,PHOTOQUP,photoquip-india-ltd
CESC,256,CESC,cesc-ltd
UNIVPHOTO,186585,UNIVPHOTO,universus-photo-imagings-ltd
MILESTONE,3553,MILESTONE,milestone-global-ltd
RREALTY,3246,RREALTY,real-eco-energy-ltd
INDOTHAI,618,INDOTHAI,indo-thai-securities-ltd
JOYREALTY,2376,JOYREALTY,avishkar-infra-realty-ltd
KCPSUGIND,726,KCPSUGIND,kcp-sugar-industries-corporation-ltd
LAXMIINDIA,3193015,LAXMIINDIA,laxmi-india-finance-ltd
SOLARWORLD,3267079,SOLARWORLD,solarworld-energy-solutions-ltd
SADBHIN,1778,SADBHIN,sadbhav-infrastructure-project-ltd
BRITANNIA,220,BRITANNIA,britannia-industries-ltd
DILIGENT,4542,DILIGENT,diligent-industries-ltd
EFACTOR,1712498,EFACTOR,e-factor-experiences-ltd
AURIGROW,97146,AURIGROW,auri-grow-india-ltd
TATAELXSI,1358,TATAELXSI,tata-elxsi-ltd
TREEHOUSE,1411,TREEHOUSE,tree-house-education-accessories-ltd
ADITYA,2639,ADITYA,aditya-ispat-ltd
SYMBIOX,4241,SYMBIOX,symbiox-investment-trading-co-ltd
BOSTON,82802,BOSTON,boston-commerce-ltd
KALPATARU,3147465,KALPATARU,kalpataru-ltd
ASIANTILES,118,ASIANTILES,asian-granito-india-ltd
SHREEPAC,3237,SHREEPAC,shree-pacetronix-ltd
BRNL,60292,BRNL,bharat-road-network-ltd
SUPRBPA,3782,SUPRBPA,gujjubhai-industries-ltd
RAJMET,110557,RAJMET,rajnandini-metal-ltd
KDL,1484161,KDL,kore-digital-ltd
DHTL,1954284,DHTL,docmode-health-technologies-ltd
SALONA,1170,SALONA,salona-cotspin-ltd
CINERAD,3336,CINERAD,gtt-data-solutions-ltd
SARDAEN,1184,SARDAEN,sarda-energy-minerals-ltd
ATHENAGLO,2768,ATHENAGLO,athena-global-technologies-ltd
ANSALBU,2908,ANSALBU,ansal-buildwell-ltd
CRAYONS,1466182,CRAYONS,crayons-advertising-ltd
AMBAAUTO,3491972,AMBAAUTO,amba-auto-sales-and-services-ltd
RADHIKAJWE,61517,RADHIKAJWE,radhika-jeweltech-ltd
POOJA,72452,POOJA,poojawestern-metaliks-ltd
FCSSOFT,409,FCSSOFT,fcs-software-solutions-ltd
MAPMYINDIA,750563,MAPMYINDIA,c-e-info-systems-ltd
UNIMOVR,2595,UNIMOVR,manbro-industries-ltd
ARFIN,4197,ARFIN,arfin-india-ltd
524534,83383,524534,bhaskar-agrochemicals-ltd
16550809,3373994,16550809,modern-diagnostic-research-centre-ltd
PARKERAC,3058,PARKERAC,parker-agrochem-exports-ltd
GMRP&UI,854535,GMRP&UI,gmr-power-and-urban-infra-ltd
ACESOFT,3613,ACESOFT,ace-software-exports-ltd
AXISGOLD,1603,AXISGOLD,axis-gold-exchange-traded-fund
ANKITMETAL,84,ANKITMETAL,ankit-metal-power-ltd
CRESSAN,2569,CRESSAN,cressanda-railway-solutions-ltd
OSWAYRN,2716,OSWAYRN,oswal-yarns-ltd
PRAKASHSTL,1064,PRAKASHSTL,prakash-steelage-ltd
NATIONALUM,911,NATIONALUM,national-aluminium-company-ltd
LKPSEC,52910,LKPSEC,lkp-securities-ltd
11570151,875302,11570151,shashwat-furnishing-solutions-ltd
BILVYAPAR,195,BILVYAPAR,bil-vyapar-ltd
PARSHWANA,2437,PARSHWANA,parshwanath-corporation-ltd
RRIL,3543,RRIL,rril-ltd
15040066,3256742,15040066,sampat-aluminium-ltd
INDOCRED,3214,INDOCRED,indo-credit-capital-ltd
542155,118444,542155,diksha-greens-ltd
SUNTECHNO,3687,SUNTECHNO,biogen-pharmachem-industries-ltd
MEERA,61531,MEERA,meera-industries-ltd
RAINBOWF,3670,RAINBOWF,rainbow-foundations-ltd
CAPPIPES,4112,CAPPIPES,captain-pipes-ltd
ANDHRSUGAR,81,ANDHRSUGAR,andhra-sugars-ltd
TARAPUR,1353,TARAPUR,tarapur-transformers-ltd
DIGIDRIVE,1577285,DIGIDRIVE,digidrive-distributors-ltd
GLOBE,97166,GLOBE,globe-enterprises-india-ltd
ARCFIN,71315,ARCFIN,arc-finance-ltd
HAVISHA,83567,HAVISHA,sri-havisha-hospitality-and-infrastructure-ltd
CRIZAC,3156545,CRIZAC,crizac-ltd
KAMOPAINTS,1321607,KAMOPAINTS,kamdhenu-ventures-ltd
SURAJEST,1825585,SURAJEST,suraj-estate-developers-ltd
INANI,3470,INANI,inani-marbles-industries-ltd
NALINLEA,3502,NALINLEA,nalin-lease-finance-ltd
HCLTECH,531,HCLTECH,hcl-technologies-ltd
RAJSREESUG,1098,RAJSREESUG,rajshree-sugars-chemicals-ltd
GUJALKALI,510,GUJALKALI,gujarat-alkalies-chemicals-ltd
GANONTR,2580,GANONTR,ganon-products-ltd
VRAJ,2367957,VRAJ,vraj-iron-steel-ltd
RAPIDIN,2101,RAPIDIN,rapid-investments-ltd
OMKARPH,3801,OMKARPH,omkar-pharmachem-ltd
SREERAYALK,2334,SREERAYALK,tgv-sraac-ltd
890217,3172910,890217,aplab-ltd-partly-paidup
BHARATAGRI,3719,BHARATAGRI,bharat-agri-fert-realty-ltd
INDOUS,97106,INDOUS,indo-us-bio-tech-ltd
ALUWIND,2166012,ALUWIND,aluwind-infra-tech-ltd
ORIENTTECH,2520415,ORIENTTECH,orient-technologies-ltd
FELDVR,427,FELDVR,future-retail-limited-dvr
MYSTIC,82385,MYSTIC,mystic-electronics-ltd
CITADEL,2124,CITADEL,citadel-realty-developers-ltd
SILVERO,2544,SILVERO,silver-oak-commercials-ltd
WELCURE,3066,WELCURE,welcure-drugs-pharmaceuticals-ltd
12542040,3506941,12542040,goldline-pharmaceutical-ltd
GUJTLRM,4723,GUJTLRM,gujarat-toolroom-ltd
YORKEXP,3367,YORKEXP,york-exports-ltd
DITCO,4269,DITCO,decorous-investment-trading-co-ltd
IOSYSTEM,2973,IOSYSTEM,trans-india-house-impex-ltd
SURYVANSPG,2676,SURYVANSPG,suryavanshi-spinning-mills-ltd
AISHWARYA,3885,AISHWARYA,telogica-ltd
GTPL,54901,GTPL,gtpl-hathway-ltd
SANGANI,1587029,SANGANI,sangani-hospitals-ltd
GUJAPOLLO,511,GUJAPOLLO,gujarat-apollo-industries-ltd
INTERDIGI,3783,INTERDIGI,interworld-digital-ltd
ARISE,3444,ARISE,arihants-securities-ltd
COMFINTE,3504,COMFINTE,comfort-intech-ltd
PIONRINV,2342,PIONRINV,pioneer-investcorp-ltd
KHATJUNKER,2165,KHATJUNKER,indokem-ltd
PRECISION,941098,PRECISION,precision-metaliks-ltd
VPRPL,1636180,VPRPL,vishnu-prakash-r-punglia-ltd
TUNWAL,2429154,TUNWAL,tunwal-e-motors-ltd
UNIDT,2875,UNIDT,united-drilling-tools-ltd
PCPROD,4236,PCPROD,samsrita-labs-ltd
ALPEXSOLAR,1992193,ALPEXSOLAR,alpex-solar-ltd
RBS,2191549,RBS,ramdevbaba-solvent-ltd
SGBFEB28IX,2450144,SGBFEB28IX,2-50-goldbonds2028sr-ix
GOLDBND,3360918,GOLDBND,bandhan-gold-etf
GOKULAGRO,1981,GOKULAGRO,gokul-agro-resources-ltd
SETFGOLD,1594,SETFGOLD,sbi-gold-exchange-traded-scheme-growth-option
JMGCORP,2969,JMGCORP,jmg-corporation-ltd
ASTRAZEN,124,ASTRAZEN,astrazeneca-pharma-india-ltd
SDBL,1197,SDBL,som-distilleries-breweries-ltd
VAKRANGEE,1464,VAKRANGEE,vakrangee-ltd
IRCTC,167028,IRCTC,indian-railway-catering-tourism-corporation-ltd
A2ZINFRA,12,A2ZINFRA,a2z-infra-engineering-ltd
17150090,2799243,17150090,rajesh-power-services-ltd
GOLDIETF,1601,GOLDIETF,icici-prudential-gold-etf
MEHIF,2446,MEHIF,mehta-integrated-finance-ltd
SGBJAN30IX,2450152,SGBJAN30IX,2-50-goldbonds2030sr-ix
IVZINGOLD,1598,IVZINGOLD,invesco-india-gold-exchange-traded-fund-open-ended
BLBLIMITED,203,BLBLIMITED,blb-ltd
IPOWER,2573,IPOWER,i-power-solutions-india-ltd
BYKE,1385,BYKE,the-byke-hospitality-ltd
INDIAMART,149049,INDIAMART,indiamart-intermesh-ltd
GGBL,2401651,GGBL,ganesh-green-bharat-ltd
AARADHYA,3200491,AARADHYA,aaradhya-disposal-industries-ltd
AJOONI,87875,AJOONI,ajooni-biotech-ltd
PROFX,3148898,PROFX,pro-fx-tech-ltd
13521208,2213859,13521208,faalcon-concepts-ltd
TTL,1422,TTL,t-t-ltd
890229,3371006,890229,annvrridhhi-ventures-ltd-partly-paidup
SKILVEN,4136,SKILVEN,skyline-ventures-india-ltd
TIPSFILMS,1073740,TIPSFILMS,tips-films-ltd
WIMPLAST,3163,WIMPLAST,wim-plast-ltd
MPCOSEMB,2248,MPCOSEMB,mipco-seamless-rings-gujarat-ltd
VILINBIO,1499472,VILINBIO,vilin-bio-med-ltd
TUMUSEL,2172,TUMUSEL,modulex-construction-technologies-ltd
VEGETABLE,4193,VEGETABLE,wardwizard-foods-and-beverages-ltd
MICEL,861,MICEL,mic-electronics-ltd
GOLD1,1585,GOLD1,kotak-gold-exchange-traded-fund
SUMICHEM,182906,SUMICHEM,sumitomo-chemical-india-ltd
TUTICORALK,2299,TUTICORALK,tuticorin-alkali-chemicals-fertilizers-ltd
17160495,3272996,17160495,sunsky-logistics-ltd
URBAN,1493811,URBAN,urban-enviro-waste-management-ltd
SIKKO,87783,SIKKO,sikko-industries-ltd
GIRIRAJ,87772,GIRIRAJ,giriraj-civil-developers-ltd
WALPAR,572525,WALPAR,walpar-nutritions-ltd
SGBSEP31II,2450192,SGBSEP31II,2-50-goldbonds2031sr-ii
DELTIC,2900639,DELTIC,delta-autocorp-ltd
DELPHIFX,1512,DELPHIFX,delphi-world-money-ltd
BLUEPEBBLE,2161998,BLUEPEBBLE,blue-pebble-ltd
SRAMSET,3560,SRAMSET,shriram-asset-management-company-ltd
DEEPAKNTR,318,DEEPAKNTR,deepak-nitrite-ltd
IMFA,602,IMFA,indian-metals-ferro-alloys-ltd
SGBOCT27,2450186,SGBOCT27,2-50-goldbonds2027sr-v
RALLIS,1101,RALLIS,rallis-india-ltd
EMUDHRA,897537,EMUDHRA,emudhra-ltd
17310004,3264366,17310004,justo-realfintech-ltd
PNGJL,2618334,PNGJL,p-n-gadgil-jewellers-ltd
VERTOZ,87868,VERTOZ,vertoz-ltd
IGC,4280,IGC,igc-industries-ltd
13521120,803415,13521120,quality-ro-industries-ltd
17156929,1376801,17156929,resgen-ltd
SATKARTAR,2911824,SATKARTAR,sat-kartar-life-ltd
MAYURFL,4468,MAYURFL,mayur-floorings-ltd
SURANI,127122,SURANI,surani-steel-tubes-ltd
PARAMOUNT,2684572,PARAMOUNT,paramount-dye-tec-ltd
17160470,2934614,17160470,gb-logistics-commerce-ltd
CHITRTX,2871,CHITRTX,mkp-mobility-ltd
UNITED,82432,UNITED,united-leasing-industries-ltd
SATIA,4213,SATIA,satia-industries-ltd
BIHARSPONG,2030,BIHARSPONG,bihar-sponge-iron-ltd
SAKHTISUG,1166,SAKHTISUG,sakthi-sugars-ltd
MBPARIKH,3223,MBPARIKH,kalind-ltd
EASTSILK,353,EASTSILK,eastern-silk-industries-ltd
GRCABLE,2786,GRCABLE,clenon-enterprises-ltd
COMFINCAP,3955,COMFINCAP,comfort-fincap-ltd
KRITIKA,111085,KRITIKA,kritika-wires-ltd
16620706,916113,16620706,silver-pearl-hospitality-luxury-spaces-ltd
SGBJU29III,2450153,SGBJU29III,2-5-goldbonds2029sr-iii
EEPL,3137748,EEPL,eppeltone-engineers-ltd
KMSUGAR,751,KMSUGAR,km-sugar-mills-ltd
RAMMA,4725,RAMMA,ramasigns-industries-ltd
13192706,160167,13192706,alphalogic-techsys-ltd
HEERAISP,3231,HEERAISP,heera-ispat-ltd
MAHACORP,2224,MAHACORP,maharashtra-corporation-ltd
GOLDADD,1435230,GOLDADD,dsp-gold-etf
VASINFRA,3627,VASINFRA,vas-infrastructure-ltd
SGBMAY28,2450170,SGBMAY28,2-50-goldbonds2028sr-ii
MAITREYA,1763540,MAITREYA,maitreya-medicare-ltd
APRAMEYA,2455915,APRAMEYA,aprameya-engineering-ltd
GARNET,3185,GARNET,garnet-construction-ltd
BAJAJ-AUTO,144,BAJAJ-AUTO,bajaj-auto-ltd
TECHNVISN,2104,TECHNVISN,technvision-ventures-ltd
TRIGYN,1416,TRIGYN,trigyn-technologies-ltd
AVANCE,2537,AVANCE,avance-technologies-ltd
541890,107795,541890,space-incubatrics-technologies-ltd
FALCONTECH,2347590,FALCONTECH,falcon-technoprojects-india-ltd
EXCELSOFT,3329126,EXCELSOFT,excelsoft-technologies-ltd
NIKHILAD,3104,NIKHILAD,nikhil-adhesives-ltd
UEL,1442,UEL,ujaas-energy-ltd
ZBINTXPP,2914,ZBINTXPP,binayak-tex-processors-ltd
GLOBALCA,3298,GLOBALCA,global-capital-markets-ltd
KSHITIJPOL,110947,KSHITIJPOL,kshitij-polyline-ltd
HDFCGOLD,1600,HDFCGOLD,hdfc-gold-etf
SGBJUN31I,2450162,SGBJUN31I,2-50-goldbonds2031sr-i
GTNIND,506,GTNIND,gtn-industries-ltd
SIICL,4223,SIICL,hckk-ventures-ltd
LIKHAMI,82987,LIKHAMI,likhami-consulting-ltd
GREENPOWER,495,GREENPOWER,orient-green-power-company-ltd
GOLDCASE,2107893,GOLDCASE,zerodha-gold-etf
SCHAND,53537,SCHAND,s-chand-company-ltd
JUBLINGREA,450809,JUBLINGREA,jubilant-ingrevia-ltd
SGBAUG27,2450129,SGBAUG27,2-50-goldbonds2027sr-iii
RSYSTEMS,1153,RSYSTEMS,r-systems-international-ltd
COARO,2836,COARO,coastal-roadways-ltd
SIMBHALS,1985,SIMBHALS,simbhaoli-sugars-ltd
SAYAJIIND,71329,SAYAJIIND,sayaji-industries-ltd
STRATMONT,82968,STRATMONT,stratmont-industries-ltd
PIONEEREMB,1042,PIONEEREMB,pioneer-embroideries-ltd
LTTS,4708,LTTS,l-t-technology-services-ltd
ORIANA,1574263,ORIANA,oriana-power-ltd
GPIL,486,GPIL,godawari-power-ispat-ltd
HEG,535,HEG,heg-ltd
16550455,179187,16550455,gian-life-care-ltd
JINDRILL,679,JINDRILL,jindal-drilling-industries-ltd
QGOLDHALF,1590,QGOLDHALF,quantum-gold-exchange-traded-fund-open-ended
BANSISONS,82261,BANSISONS,novyra-pharmachem-ltd
SGBAUG28V,2450130,SGBAUG28V,2-50-goldbonds2028sr-v
ABBOTINDIA,18,ABBOTINDIA,abbott-india-ltd
HINDBIO,3776,HINDBIO,hindustan-bio-sciences-ltd
SINDU,82821,SINDU,ghv-infra-projects-ltd
RASSIREF,2120,RASSIREF,raasi-refractories-ltd
ITTL,87718,ITTL,innovative-tyres-tubes-ltd
GOLD360,3029118,GOLD360,360-one-gold-etf
ASHIMASYN,112,ASHIMASYN,ashima-ltd
GOLDBEES,1582,GOLDBEES,nippon-india-etf-gold-bees
OSWALGREEN,196,OSWALGREEN,oswal-green-tech-ltd
SIRCA,97137,SIRCA,sirca-paints-india-ltd
PANYAMCEM,2070,PANYAMCEM,panyam-cements-mineral-industries-ltd
SGBDC27VII,2450134,SGBDC27VII,2-50-goldbonds2027sr-vii
MARSONS,2773,MARSONS,marsons-ltd
SABOOSOD,3338,SABOOSOD,saboo-sodium-chloro-ltd
NDL,921,NDL,nandan-denim-ltd
SGBMAR28X,2450165,SGBMAR28X,2-50-goldbonds2028sr-x
SILINFRA,3977,SILINFRA,julien-agro-infratech-ltd
TITAANIUM,4741,TITAANIUM,titaanium-ten-enterprises-ltd
NTPCGREEN,2789016,NTPCGREEN,ntpc-green-energy-ltd
TIRUMALCHM,1402,TIRUMALCHM,thirumalai-chemicals-ltd
MASPTOP50,649294,MASPTOP50,mirae-asset-s-p-500-top-50-etf
TATAGOLD,1923162,TATAGOLD,tata-gold-exchange-traded-fund
531262,83318,531262,equilateral-enterprises-ltd
HINDALCO,549,HINDALCO,hindalco-industries-ltd
PKTEA,1022,PKTEA,the-peria-karamalai-tea-produce-company-ltd
NILAINFRA,1727,NILAINFRA,nila-infrastructures-ltd
INFY,630,INFY,infosys-ltd
SGBJUL28IV,2450156,SGBJUL28IV,2-50-goldbonds2028sr-iv
FEL,426,FEL,future-enterprises-ltd
LGHL,192995,LGHL,laxmi-goldorna-house-ltd
SGBMAR31IV,2450167,SGBMAR31IV,2-50-goldbonds2031sr-iv
AMCL,3208124,AMCL,anb-metal-cast-ltd
CPSEETF,1616,CPSEETF,goldman-sachs-cpse-etf-growth-option
AXITA,123538,AXITA,axita-cotton-ltd
SGBAUG29V,2450131,SGBAUG29V,2-50-goldbonds2029sr-v
542146,117681,542146,shree-krishna-infrastructure-ltd
SOUTHWEST,87832,SOUTHWEST,south-west-pinnacle-exploration-ltd
DCCL,3101964,DCCL,dar-credit-capital-ltd
GUJAUTO,2243,GUJAUTO,him-teknoforge-ltd
HINDCON,87747,HINDCON,hindcon-chemicals-ltd
VIKRAMSOLR,3220744,VIKRAMSOLR,vikram-solar-ltd
HIMIN,3216,HIMIN,himalaya-food-international-ltd
GANGAPA,3703,GANGAPA,ganga-papers-india-ltd
DEVIT,87749,DEVIT,dev-information-technology-ltd
13521152,1277217,13521152,rex-sealing-packing-industries-ltd
RCOM,1118,RCOM,reliance-communications-ltd
541703,100682,541703,raconteur-global-resources-ltd
SGBMAY29I,2450171,SGBMAY29I,2-5-goldbonds2029sr-i
SGBMR29XII,2450172,SGBMR29XII,2-50-goldbonds2029sr-xii
TULSYAN,1427,TULSYAN,tulsyan-nec-ltd
FUTURSEC,2918,FUTURSEC,futuristic-securities-ltd
SHARPINV,4034,SHARPINV,sharp-investments-ltd
15070592,3087792,15070592,manoj-jewellers-ltd
MOIL,872,MOIL,moil-ltd
542025,111811,542025,sun-retail-ltd
FILATFASH,3768,FILATFASH,filatex-fashions-ltd
SOMATEX,1265,SOMATEX,soma-textiles-industries-ltd
STCORP,2681,STCORP,s-t-corporation-ltd
14620261,3117401,14620261,3b-films-ltd
ELITECON,4305,ELITECON,elitecon-international-ltd
MOGOLD,3204156,MOGOLD,motilal-oswal-gold-etf
GMDCLTD,471,GMDCLTD,gujarat-mineral-development-corporation-ltd
LTM,4596,LTM,ltm-ltd
VINRKLB,3095,VINRKLB,rekvina-laboratories-ltd
MOS,1412796,MOS,mos-utility-ltd
SGBOCT26,2450185,SGBOCT26,2-50-goldbonds2026sr-ii
SGBJAN29IX,2450150,SGBJAN29IX,2-50-goldbonds2029sr-ix
TPHQ,459,TPHQ,teamo-productions-hq-ltd
PEETISEC,3558,PEETISEC,peeti-securities-ltd
YAAP,3435295,YAAP,yaap-digital-ltd
RUDRA,4225,RUDRA,rudra-global-infra-products-ltd
INNOVISION,3448663,INNOVISION,innovision-ltd
SOMAPPR,2732,SOMAPPR,ks-smart-technologies-ltd
SOCL,3367526,SOCL,sundrex-oil-company-ltd
JAYNECOIND,663,JAYNECOIND,jayaswal-neco-industries-ltd
MVGJL,1698174,MVGJL,manoj-vaibhav-gems-n-jewellers-ltd
PFOCUS,1028,PFOCUS,prime-focus-ltd
ALLCARGO,59,ALLCARGO,allcargo-logistics-ltd
RATNABHUMI,82398,RATNABHUMI,ratnabhumi-developers-ltd
LICMFGOLD,1610,LICMFGOLD,lic-mf-gold-exchange-traded-fund
SUNSHINE,3798,SUNSHINE,johnson-pharmacare-ltd
GOLDBETA,1583,GOLDBETA,uti-gold-exchange-traded-fund-open-ended
HSBCGOLD,3468658,HSBCGOLD,hsbc-gold-etf
IRFC,402503,IRFC,indian-railway-finance-corporation-ltd
PGHH,1032,PGHH,procter-gamble-hygiene-healthcare-ltd
AONEGOLD,3254499,AONEGOLD,angel-one-gold-etf
ORICONENT,1752,ORICONENT,oricon-enterprises-ltd
SSEGL,2468466,SSEGL,sathlokhar-synergys-e-c-global-ltd
CMICABLES,2756,CMICABLES,cmi-ltd
BSLGOLDETF,1608,BSLGOLDETF,aditya-birla-sun-life-gold-etf-growth
DEVX,3247270,DEVX,dev-accelerator-ltd
541299,97118,541299,dr-lalchandani-labs-ltd
PUSHPA,3153043,PUSHPA,pushpa-jewellers-ltd
NOVAPUB,3380,NOVAPUB,encode-packaging-india-ltd
JHS,672,JHS,jhs-svendgaard-laboratories-ltd
TATAPOWER,1364,TATAPOWER,tata-power-company-ltd
SGBJUL27,2450155,SGBJUL27,2-50-goldbonds2027sr-ii
TARMAT,1354,TARMAT,tarmat-ltd
UNIONGOLD,2998182,UNIONGOLD,union-gold-etf
NDMETAL,2518,NDMETAL,n-d-metal-industries-ltd
SGBSEP27,2450189,SGBSEP27,2-50-goldbonds2027sr-iv
GOLDETF,1363427,GOLDETF,mirae-asset-gold-etf
URJA,3236,URJA,urja-global-ltd
VR,2104572,VR,v-r-infraspace-ltd
TWCGOLDETF,3381979,TWCGOLDETF,the-wealth-company-gold-etf
COROENGG,283,COROENGG,coromandel-engineering-company-ltd
SILVERBETA,1439613,SILVERBETA,uti-silver-exchange-traded-fund
SGBD29VIII,2450133,SGBD29VIII,2-50-goldbonds2029sr-viii
HDFCSILVER,1007418,HDFCSILVER,hdfc-silver-etf
SGBDE30III,2450135,SGBDE30III,2-50-goldbonds2030sr-iii
SGBAPR28I,2450127,SGBAPR28I,2-50-goldbonds2028sr-i
SWADEIN,4718,SWADEIN,swadeshi-industries-leasing-ltd
VENMAX,3443,VENMAX,venmax-drugs-pharmaceuticals-ltd
BESTAGRO,4331,BESTAGRO,best-agrolife-ltd
PULSRIN,4447,PULSRIN,pulsar-international-ltd
GRAPHISAD,1805031,GRAPHISAD,graphisads-ltd
REMSONSIND,1130,REMSONSIND,remsons-industries-ltd
HAPPSTMNDS,288827,HAPPSTMNDS,happiest-minds-technologies-ltd
FMEC,4310,FMEC,f-mec-international-financial-services-ltd
ZENSARTECH,1544,ZENSARTECH,zensar-technologies-ltd
15200392,3483310,15200392,mehul-telecom-ltd
SHASHIJIT,61518,SHASHIJIT,shashijit-infraprojects-ltd
TARAI,2803,TARAI,tarai-foods-ltd
VENLONPOLY,2996,VENLONPOLY,venlon-enterprises-ltd
FFPL,2652,FFPL,foundry-fuel-products-ltd
SGBJUL29IV,2450157,SGBJUL29IV,2-50-goldbonds2029sr-iv
PRESSTONIC,1825586,PRESSTONIC,presstonic-engineering-ltd
SGBSEP29VI,2450191,SGBSEP29VI,2-5-goldbonds2029sr-vi
4THGEN,3838,4THGEN,fourth-generation-information-systems-ltd
MNIL,4351,MNIL,mega-nirman-industries-ltd
RANDER,3510,RANDER,rander-corporation-ltd
SGBJUN28,2450159,SGBJUN28,2-5-goldbonds2028sr-iii
FLAIR,1796109,FLAIR,flair-writing-industries-ltd
SAWABUSI,3730,SAWABUSI,sawaca-enterprises-ltd
VEDL,1289,VEDL,vedanta-ltd
UNITEDTE,2860,UNITEDTE,united-textiles-ltd
CHOICEGOLD,3323910,CHOICEGOLD,choice-gold-etf
RPOWER,1149,RPOWER,reliance-power-ltd
TCFCFINQ,3809,TCFCFINQ,tcfc-finance-ltd
MAHKTECH,755416,MAHKTECH,mirae-asset-hang-seng-tech-etf
511441,83369,511441,gujarat-credit-corporation-ltd
541144,87809,541144,active-clothing-co-ltd
AHLEAST,42,AHLEAST,asian-hotels-east-ltd
GRAPHITE,489,GRAPHITE,graphite-india-ltd
CSBBANK,174482,CSBBANK,csb-bank-ltd
DREAMFOLKS,1010015,DREAMFOLKS,dreamfolks-services-ltd
INFOLLION,1474241,INFOLLION,infollion-research-services-ltd
NOVAAGRI,1915993,NOVAAGRI,nova-agritech-ltd
ORVENPR,3717,ORVENPR,oriental-rail-infrastructure-ltd
ITL,2888,ITL,itl-industries-ltd
RNPL,3196802,RNPL,renol-polychem-ltd
MEHAI,82383,MEHAI,mehai-technology-ltd
FCONSUMER,408,FCONSUMER,future-consumer-ltd
GROWWSLVR,3112776,GROWWSLVR,groww-silver-etf
NYLOFIL,3142,NYLOFIL,bhudevi-infra-projects-ltd
SGBJ28VIII,2450147,SGBJ28VIII,2-50-goldbonds2028sr-viii
TATSILV,1923163,TATSILV,tata-silver-exchange-traded-fund
SILVERBND,3360919,SILVERBND,bandhan-silver-etf
SHREEKRPOL,2684,SHREEKRPOL,k-lifestyle-industries-ltd
SARDAPPR,2731,SARDAPPR,tahmar-enterprises-ltd
DNAMEDIA,82988,DNAMEDIA,diligent-media-corporation-ltd
GROWWGOLD,2710486,GROWWGOLD,groww-gold-etf
NAGREEKCAP,901,NAGREEKCAP,nagreeka-capital-infrastructure-ltd
AVPINFRA,2125636,AVPINFRA,avp-infracon-ltd
542012,111083,542012,a-1-ltd
12541686,849098,12541686,evoq-remedies-ltd
11625650,1277216,11625650,svs-ventures-ltd
SILVERAG,1486072,SILVERAG,mirae-asset-silver-etf
SGBNV29VII,2450180,SGBNV29VII,2-5-goldbonds2029sr-vii
GVPTECHPP,3210741,GVPTECHPP,gvp-infotech-ltd-partly-paidup
511246,83521,511246,bombay-talkies-ltd
SBISILVER,2382276,SBISILVER,sbi-silver-etf
SANBLUE,2865,SANBLUE,sanblue-corporation-ltd
BSOFT,763,BSOFT,birlasoft-ltd
REDEXPR,2963,REDEXPR,yash-innoventures-ltd
MAYASHEEL,3138572,MAYASHEEL,mayasheel-ventures-ltd
POLYTEX,2586,POLYTEX,polytex-india-ltd
OKPLA,3129,OKPLA,ok-play-india-ltd
SILVERBEES,789524,SILVERBEES,nippon-india-silver-etf
TOBUENT,3449,TOBUENT,eraaya-lifespaces-ltd
SGBJAN29X,2450151,SGBJAN29X,2-50-goldbonds2029sr-x
GATECHDVR,350057,GATECHDVR,gacm-technologies-ltd-dvr
SGBDEC26,2450141,SGBDEC26,2-50-goldbonds2026sr-iv
WIPRO,1526,WIPRO,wipro-ltd
SGBAUG30,2450132,SGBAUG30,2-50-goldbonds2030sr-ii
OIL,965,OIL,oil-india-ltd
SGBOCT27VI,2450187,SGBOCT27VI,2-50-goldbonds2027sr-vi
ASHOKALCO,3050,ASHOKALCO,aeonx-digital-technology-ltd
13160101,2125634,13160101,royal-sense-ltd
KEYFINSERV,734,KEYFINSERV,keynote-financial-services-ltd
SGBSEP28VI,2450190,SGBSEP28VI,2-50-goldbonds2028sr-vi
EGOLD,1787891,EGOLD,edelweiss-gold-etf
HINDZINC,561,HINDZINC,hindustan-zinc-ltd
SYSCHEM,3485,SYSCHEM,syschem-india-ltd
SGBJUN29II,2450160,SGBJUN29II,2-5-goldbonds2029sr-ii
17156959,3431589,17156959,yashhtej-industries-india-ltd
RIR,2740,RIR,rir-power-electronics-ltd
AXISILVER,1027327,AXISILVER,axis-silver-etf
TITANBIO,3072,TITANBIO,titan-biotech-ltd
SILVER,789523,SILVER,aditya-birla-sun-life-silver-etf
MEDICO,82387,MEDICO,medico-remedies-ltd
SILVER360,3058001,SILVER360,360-one-silver-etf
UPROTECH,52908,UPROTECH,unipro-technologies-ltd
542524,132457,542524,ambassador-intra-holdings-ltd
13521281,3275141,13521281,chiraharit-ltd
530805,82741,530805,onesource-industries-and-ventures-ltd
SILVERADD,1007417,SILVERADD,dsp-silver-etf
REGENTRP,2600,REGENTRP,regent-enterprises-ltd
ESILVER,1806205,ESILVER,edelweiss-silver-etf
SILVER1,1146858,SILVER1,kotak-silver-etf
CEDAAR,3153044,CEDAAR,cedaar-textile-ltd
SGBDE31III,2450136,SGBDE31III,2-50-goldbonds2031sr-iii
SILVERCASE,3044230,SILVERCASE,zerodha-silver-etf
SHINDL,83287,SHINDL,sharat-industries-ltd
INDUSTOWER,629,INDUSTOWER,indus-towers-ltd
RAAJMEDI,3032,RAAJMEDI,raaj-medisafe-india-ltd
SAVINFOCO,2755,SAVINFOCO,magnus-steel-and-infra-ltd
WAAREEENER,2723026,WAAREEENER,waaree-energies-ltd
SGBFEB29XI,2450145,SGBFEB29XI,2-50-goldbonds2029sr-xi
MERCTRD,4444,MERCTRD,mercury-trade-links-ltd
SGBOC28VII,2450181,SGBOC28VII,2-50-goldbonds2028sr-vii
531572,83423,531572,ranjit-securities-ltd
JAYESH,3299118,JAYESH,jayesh-logistics-ltd
PVSL,2123982,PVSL,popular-vehicles-and-services-ltd
ANNAPURNA,1037929,ANNAPURNA,annapurna-swadisht-ltd
ARCIIL,3225901,ARCIIL,arc-insulation-insulators-ltd
MODAIRY,2804,MODAIRY,modern-dairies-ltd
UNIVAFOODS,572,UNIVAFOODS,univa-foods-ltd
JYOTHYLAB,706,JYOTHYLAB,jyothy-labs-ltd
SGBN28VIII,349826,SGBN28VIII,2-5-goldbonds2028sr-viii
TRU,82539,TRU,trucap-finance-ltd
GSLSU,1388648,GSLSU,global-surfaces-ltd
890210,2922113,890210,ace-software-exports-ltd-partly-paidup
SILVERIETF,779601,SILVERIETF,icici-prudential-silver-etf
BANARISUG,159,BANARISUG,bannari-amman-sugars-ltd
SATECH,2463081,SATECH,s-a-tech-software-india-ltd
KCLINFRA,3696,KCLINFRA,kcl-infra-projects-ltd
PATIDAR,61506,PATIDAR,patidar-buildcon-ltd
PANJON,82653,PANJON,panjon-ltd
KEMISTAR,3481,KEMISTAR,kemistar-corporation-ltd
503635,83364,503635,shree-salasar-investment-ltd
FILTRON,3491,FILTRON,filtron-engineers-ltd
SWASTIK,1057568,SWASTIK,swastik-pipe-ltd
BANG,161,BANG,bang-overseas-ltd
FRUTION,4064,FRUTION,fruition-venture-ltd
MEDPLUS,752902,MEDPLUS,medplus-health-services-ltd
SHIVAMAUTO,1222,SHIVAMAUTO,shivam-autotech-ltd
MEGAFLEX,1024528,MEGAFLEX,mega-flex-plastics-ltd
SETCO,2206,SETCO,setco-automotive-ltd
SGBFEB32IV,2450146,SGBFEB32IV,2-50-goldbonds2032sr-iv
RBMINFRA,1259637,RBMINFRA,rbm-infracon-ltd
VJTFEDU,2386,VJTFEDU,vjtf-eduservices-ltd
TILPP,3485028,TILPP,til-ltd-partly-paidup
MOSILVER,3221482,MOSILVER,motilal-oswal-silver-etf
BBNPPGOLD,1827103,BBNPPGOLD,baroda-bnp-paribas-gold-etf
JAYCH,2286,JAYCH,jayshree-chemicals-ltd
AONESILVER,3445556,AONESILVER,angel-one-silver-etf
VINTRON,2762,VINTRON,reganto-enterprises-ltd
MVKAGRO,2083516,MVKAGRO,mvk-agro-food-product-ltd
DYNAMICP,3387,DYNAMICP,dynamic-portfolio-management-services-ltd
543256,408721,543256,rita-finance-and-leasing-ltd
MONOT,2220,MONOT,monotype-india-ltd
540738,83531,540738,shreeji-translogistics-ltd
SWARNSAR,3125,SWARNSAR,swarnsarita-jewels-india-ltd
BFLDEV,4333,BFLDEV,bfl-asset-finvest-ltd
SGL,1209,SGL,stl-global-ltd
ADVIK,4353,ADVIK,advik-capital-ltd
17041017,149706,17041017,city-pulse-multiventures-ltd
PROFINC,2465,PROFINC,pro-fin-capital-services-ltd
SGBJAN27,2450149,SGBJAN27,2-50-goldbonds2027sr-v
PATANJALI,1157,PATANJALI,patanjali-foods-ltd
MCLEODRUSS,852,MCLEODRUSS,mcleod-russel-india-ltd
RAMKY,1106,RAMKY,ramky-infrastructure-ltd
ELIN,1257485,ELIN,elin-electronics-ltd
RAFL,4138,RAFL,raghuvansh-agrofarms-ltd
MAPRO,82824,MAPRO,mapro-industries-ltd
VIJAYTX,3269,VIJAYTX,vijay-textiles-ltd
BAYERCROP,169,BAYERCROP,bayer-cropscience-ltd
VIKASECO,1482,VIKASECO,vikas-ecotech-ltd
LESHAIND,3914,LESHAIND,lesha-industries-ltd
HDIL,534,HDIL,housing-development-infrastructure-ltd
LAKHNNATNL,2166,LAKHNNATNL,panasonic-energy-india-company-ltd
BULL,4744,BULL,east-west-freight-carriers-ltd
ARUNAYA,3082955,ARUNAYA,arunaya-organics-ltd
DBCORP,308,DBCORP,db-corp-ltd
MONEYBOXX,4046,MONEYBOXX,moneyboxx-finance-ltd
15070577,1400802,15070577,dev-labtech-venture-ltd
GAYAHWS,94306,GAYAHWS,gayatri-highways-ltd
BIRDYS,2197590,BIRDYS,grill-splendour-services-ltd
GSPCROP,3455660,GSPCROP,gsp-crop-science-ltd
MSCTC,2646,MSCTC,mardia-samyoung-capillary-tubes-company-ltd
SEQUELE,2870,SEQUELE,bharat-global-developers-ltd
VLEGOV,1618698,VLEGOV,vl-e-governance-it-solutions-ltd
13192981,995073,13192981,olatech-solutions-ltd
VERITAAS,2261479,VERITAAS,veritaas-advertising-ltd
SIGNATURE,1696785,SIGNATURE,signatureglobal-india-ltd
CURIS,3315036,CURIS,curis-lifesciences-ltd
ISFL,3209,ISFL,isf-ltd
PIIND,1038,PIIND,pi-industries-ltd
ASHIS,2625,ASHIS,ashiana-ispat-ltd
TATASTEEL,1366,TATASTEEL,tata-steel-ltd
CHEMOPH,2282,CHEMOPH,starsource-multitrade-ltd
INSPIRE,1708110,INSPIRE,inspire-films-ltd
NEPHROCARE,2385298,NEPHROCARE,nephro-care-india-ltd
GUJGASLTD,515,GUJGASLTD,gujarat-energy-ltd
MARINETRAN,1811370,MARINETRAN,marinetrans-india-ltd
ESSENTIA,636,ESSENTIA,integra-essentia-ltd
HITKITGLO,3826,HITKITGLO,hit-kit-global-solutions-ltd
UNIQUEO,3441,UNIQUEO,unique-organics-ltd
INSECTICID,635,INSECTICID,insecticides-india-ltd
SCML,1719923,SCML,sharp-chucks-and-machines-ltd
SANWARIA,1183,SANWARIA,sanwaria-consumer-ltd
BAGADIA,3281,BAGADIA,fundviser-capital-india-ltd
MUNOTHI,2450,MUNOTHI,munoth-communication-ltd
POLYMAC,4013,POLYMAC,polymac-thermoformers-ltd
HBSL,527,HBSL,hb-stockholdings-ltd
SALASAR,56821,SALASAR,salasar-techno-engineering-ltd
VKAL,4349,VKAL,vantage-knowledge-academy-ltd
PERSISTENT,1023,PERSISTENT,persistent-systems-ltd
JAYBHCR,2100,JAYBHCR,jayabharat-credit-ltd
MEFCOMCAP,3487,MEFCOMCAP,mefcom-capital-markets-ltd
GSTL,902774,GSTL,globesecure-technologies-ltd
ASTRAL,122,ASTRAL,astral-ltd
BAGFILMS,143,BAGFILMS,bag-films-media-ltd
CGVAK,3600,CGVAK,cg-vak-software-exports-ltd
KANDARP,1043363,KANDARP,kandarp-digi-smart-bpo-ltd
JAMESWARREN,4061,JAMESWARREN,james-warren-tea-ltd
ANSALHSG,86,ANSALHSG,ansal-housing-ltd
DPSCLTD,341,DPSCLTD,india-power-corporation-ltd
BOHRAIND,87755,BOHRAIND,bohra-industries-ltd
14095022,180357,14095022,assam-entrade-ltd
16691794,1374440,16691794,itcons-e-solutions-ltd
ANSINDUS,3573,ANSINDUS,ans-industries-ltd
SPECTRA,2656,SPECTRA,spectra-industries-ltd
SUPREMEIND,1324,SUPREMEIND,supreme-industries-ltd
16030604,2263135,16030604,piotex-industries-ltd
SGBMAR30X,2450166,SGBMAR30X,2-50-goldbonds2030sr-x
CONNPLEX,3209814,CONNPLEX,connplex-cinemas-ltd
ABAN,16,ABAN,aban-offshore-ltd
SKIL,1252,SKIL,skil-infrastructure-ltd
PROZONER,1078,PROZONER,prozone-realty-ltd
14620246,1374439,14620246,svj-enterprises-ltd
SHAH,432,SHAH,shah-metacorp-ltd
ADVENZYMES,4635,ADVENZYMES,advanced-enzyme-technologies-ltd
VIRTUALG,3942,VIRTUALG,virtual-global-education-ltd
JINDALSTEL,677,JINDALSTEL,jindal-steel-ltd
11290652,2165247,11290652,jay-kailash-namkeen-ltd
AAYUSH,4304,AAYUSH,aayush-wellness-ltd
RAJKSYN,2666,RAJKSYN,rajkamal-synthetics-ltd
MAKS,1042459,MAKS,maks-energy-solutions-india-ltd
UNITEDTEA,1451,UNITEDTEA,the-united-nilgiri-tea-estates-company-ltd
DEVKI,3384,DEVKI,agarwal-fortune-india-ltd
GVKPIL,519,GVKPIL,gvk-power-infrastructure-ltd
HINDADH,2710,HINDADH,hindustan-adhesives-ltd
SI,82467,SI,si-capital-financial-services-ltd
LEXUS,87761,LEXUS,lexus-granito-india-ltd
514260,83494,514260,surbhi-industries-ltd
17180081,464419,17180081,kuberan-global-edu-solutions-ltd
KAPILRAJ,4336,KAPILRAJ,kapil-raj-finance-ltd
JSHL,4098,JSHL,jla-infraville-shoppers-ltd
OMEGA,83152,OMEGA,omega-interactive-technologies-ltd
SUDAI,2258,SUDAI,sudal-industries-ltd
530295,83298,530295,shree-rajiv-lochan-oil-extraction-ltd
17090193,2586587,17090193,travels-rentals-ltd
MSRINDIA,2375,MSRINDIA,msr-india-ltd
UPL,1455,UPL,upl-ltd
AMITINT,3539,AMITINT,amit-international-ltd
GVFILM,2934,GVFILM,g-v-films-ltd
TCC,2521,TCC,tcc-concept-ltd
AVANTIFEED,138,AVANTIFEED,avanti-feeds-ltd
NOL,953,NOL,national-oxygen-ltd
HIRAUTO,4473,HIRAUTO,hira-automobiles-ltd
CHANDRAP,3307,CHANDRAP,chandra-prabhu-international-ltd
INDRANIB,3135,INDRANIB,indrayani-biotech-ltd
PRASGLOFIN,3684,PRASGLOFIN,silicon-valley-infotech-ltd
OXFORDIN,2708,OXFORDIN,oxford-industries-ltd
SKPMIL,2080,SKPMIL,shree-krishna-paper-mills-industries-ltd
ORIENTALTL,982,ORIENTALTL,oriental-trimex-ltd
SYLPH,61504,SYLPH,sylph-industries-ltd
GTEIT,3795,GTEIT,g-tech-info-training-ltd
RDBRIL,3907,RDBRIL,rdb-infrastructure-and-power-ltd
PRAMARA,1662079,PRAMARA,pramara-promotions-ltd
SRGSFL,3991,SRGSFL,srg-fingrow-finance-ltd
MINID,4520,MINID,mini-diamonds-india-ltd
ROCKPP,3346413,ROCKPP,rockingdeals-circular-economy-ltd-partly-paidup
RAJTV,1099,RAJTV,raj-television-network-ltd
STEP2COR,3608,STEP2COR,step-two-corporation-ltd
JETKNIT,87840,JETKNIT,jet-knitwears-ltd
UNISON,4075,UNISON,unison-metals-ltd
INDRAIND,4202,INDRAIND,bluegod-entertainment-ltd
RAMASTEEL,1767,RAMASTEEL,rama-steel-tubes-ltd
VARDHMAN,3585,VARDHMAN,vardhman-concrete-ltd
13192900,759659,13192900,wherrelz-it-solutions-ltd
13193031,1530831,13193031,acceleratebs-india-ltd
10780051,3433888,10780051,kiaasa-retail-ltd
TAKE,1346,TAKE,take-solutions-ltd
RAUNAQEPC,4025,RAUNAQEPC,raunaq-international-ltd
IBINFO,4726,IBINFO,ib-infotech-enterprises-ltd
DOLPHIN,339,DOLPHIN,dolphin-offshore-enterprises-india-ltd
INNOCORP,3743,INNOCORP,innocorp-ltd
REGTRUS,2468,REGTRUS,befound-movement-ltd
STYLEBAAZA,2586584,STYLEBAAZA,baazar-style-retail-ltd
PQIF,71325,PQIF,polo-queen-industrial-and-fintech-ltd
AQYLON,1161,AQYLON,aqylon-nexus-ltd
SUNRAJDI,2945,SUNRAJDI,sunraj-diamond-exports-ltd
13210018,1478424,13210018,comrade-appliances-ltd
13192830,450810,13192830,niks-technology-ltd
ONGC,974,ONGC,oil-and-natural-gas-corporation-ltd
KCEIL,1850807,KCEIL,kay-cee-energy-infra-ltd
ADDICTIVE,1886372,ADDICTIVE,addictive-learning-technology-ltd
11290681,3154499,11290681,vandan-foods-ltd
FLEXITUFF,420,FLEXITUFF,flexituff-ventures-international-ltd
GRMOVER,3588,GRMOVER,grm-overseas-ltd
GDTRAGN,2175,GDTRAGN,rrp-semiconductor-ltd
SAGARPROD,3787,SAGARPROD,epuja-spiritech-ltd
SCTL,4302,SCTL,suncare-traders-ltd
DFL,4206,DFL,decillion-finance-ltd
SAMPRE,3361,SAMPRE,sampre-nutritions-ltd
TGL,2186418,TGL,teerth-gopicon-ltd
RRSECUR,3422,RRSECUR,rr-securities-ltd
RAJVIR,1100,RAJVIR,rajvir-industries-ltd
GAYATRIBI,3041,GAYATRIBI,gayatri-bioorganics-ltd
KUBERJI,4272,KUBERJI,kuber-udyog-ltd
MUKATPIPE,82955,MUKATPIPE,mukat-pipes-ltd
SUDITIND,2849,SUDITIND,suditi-industries-ltd
BPTEX,2711,BPTEX,blue-pearl-agriventures-ltd
DIL,94316,DIL,debock-industries-ltd
TIRFOAM,4381,TIRFOAM,tirupati-foam-ltd
TRANSWIND,87811,TRANSWIND,transwind-infrastructures-ltd
NAGAFERT,4611,NAGAFERT,nagarjuna-fertilizers-and-chemicals-ltd
SPRAYKING,82966,SPRAYKING,sprayking-ltd
KACL,3694,KACL,kaiser-corporation-ltd
10780054,3521104,10780054,rajnandini-fashion-india-ltd
GUJCMDS,4717,GUJCMDS,zr2-bioenergy-ltd
VERTEXPLUS,1382499,VERTEXPLUS,vertexplus-technologies-ltd
PPSL,2484737,PPSL,picturepost-studios-ltd
HASTIFIN,3566,HASTIFIN,hasti-finance-ltd
542332,127121,542332,hi-klass-trading-investment-ltd
BRANDREAL,3496,BRANDREAL,tradewell-holdings-ltd
TICL,1351,TICL,twamev-construction-and-infrastructure-ltd
NFPSAMPOOR,3403089,NFPSAMPOOR,nfp-sampoorna-foods-ltd
LEMERITE,875301,LEMERITE,le-merite-exports-ltd
MUNCAPM,2440,MUNCAPM,munoth-capital-market-ltd
MEHSECU,2504,MEHSECU,mehta-securities-ltd
10760039,3246535,10760039,jay-ambe-supermarkets-ltd
TECHLABS,1840439,TECHLABS,trident-techlabs-ltd
ENKEIWHEL,3912,ENKEIWHEL,enkei-wheels-india-ltd
APT,82516,APT,apt-packaging-ltd
MHLXMIRU,2714,MHLXMIRU,mahalaxmi-rubtech-ltd
ANSALAPI,85,ANSALAPI,ansal-properties-infrastructure-ltd
GOLDKART,167177,GOLDKART,goldkart-jewels-ltd
LGBFORGE,788,LGBFORGE,lgb-forge-ltd
ENBETRD,2579,ENBETRD,enbee-trade-finance-ltd
GRANDMA,2179,GRANDMA,grandma-trading-agencies-ltd
SHRMFGC,2159,SHRMFGC,shree-manufacturing-company-ltd
JETINFRA,4109,JETINFRA,jet-solar-ltd
14060423,176159,14060423,colab-platforms-ltd
EUROASIA,3426,EUROASIA,rrp-defense-ltd
INDICAP,3866,INDICAP,inditrade-capital-ltd
GICL,87878,GICL,globe-international-carriers-ltd
PSITINFRA,4607,PSITINFRA,ps-it-infrastructure-services-ltd
GOGIACAP,3637,GOGIACAP,gogia-capital-growth-ltd
GUJCOTEX,2703,GUJCOTEX,gujarat-cotex-ltd
SRPL,87730,SRPL,shree-ram-proteins-ltd
NATIONAL,82367,NATIONAL,national-plywood-industries-ltd
ETT,4016,ETT,laddu-gopal-online-services-ltd
PARSVNATH,1009,PARSVNATH,parsvnath-developers-ltd
MEP,1692,MEP,mep-infrastructure-developers-ltd
SECL,160850,SECL,salasar-exteriors-and-contour-ltd
OZONEWORLD,4243,OZONEWORLD,vasudhagama-enterprises-ltd
